episode,step,px,py,died
50,0,2,8,0
50,1,2,7,0
50,2,2,7,0
50,3,1,7,0
50,4,1,7,0
50,5,1,6,0
50,6,1,5,0
50,7,1,5,0
50,8,2,5,0
50,9,2,5,0
50,10,2,5,0
50,11,2,5,0
50,12,2,5,0
50,13,2,5,0
50,14,2,5,0
50,15,2,4,0
50,16,2,4,0
50,17,2,4,0
50,18,2,4,0
50,19,2,4,0
50,20,2,4,0
50,21,2,3,1
100,0,5,12,0
100,1,5,12,0
100,2,5,12,0
100,3,5,12,0
100,4,5,12,0
100,5,5,12,0
100,6,5,12,0
100,7,5,12,0
100,8,4,12,0
100,9,4,12,0
100,10,4,13,0
100,11,4,13,0
100,12,4,14,0
100,13,4,14,0
100,14,4,14,0
100,15,4,14,0
100,16,4,14,0
100,17,4,14,0
100,18,4,13,0
100,19,4,12,0
100,20,4,12,0
100,21,3,12,0
100,22,3,12,0
100,23,3,12,0
100,24,3,12,0
100,25,3,12,1
150,0,3,13,0
150,1,3,13,0
150,2,3,13,0
150,3,3,13,0
150,4,3,13,0
150,5,3,13,0
150,6,3,13,0
150,7,3,13,0
150,8,3,13,0
150,9,3,13,0
150,10,3,13,0
150,11,3,13,0
150,12,3,13,0
150,13,3,13,0
150,14,4,13,0
150,15,4,13,0
150,16,4,13,0
150,17,5,13,0
150,18,5,13,0
150,19,6,13,0
150,20,6,13,0
150,21,6,13,0
150,22,6,13,0
150,23,7,13,0
150,24,8,13,0
150,25,8,13,0
150,26,8,13,1
200,0,9,3,0
200,1,9,3,0
200,2,9,3,0
200,3,9,4,0
200,4,9,4,0
200,5,9,4,0
200,6,9,4,0
200,7,9,3,0
200,8,9,3,0
200,9,9,3,0
200,10,8,3,0
200,11,8,3,0
200,12,8,3,0
200,13,8,3,0
200,14,9,3,0
200,15,9,3,0
200,16,9,2,0
200,17,9,2,0
200,18,9,1,0
200,19,9,1,0
200,20,9,1,0
200,21,9,1,0
200,22,9,1,0
200,23,9,1,0
250,0,15,7,0
250,1,15,7,0
250,2,15,7,0
250,3,15,6,0
250,4,15,5,0
250,5,15,5,0
250,6,15,5,0
250,7,15,5,0
250,8,15,5,0
250,9,16,5,0
250,10,16,5,0
250,11,16,5,0
250,12,16,5,0
250,13,16,4,0
250,14,16,4,0
250,15,16,3,0
250,16,16,3,1
300,0,7,13,0
300,1,7,13,0
300,2,7,14,0
300,3,7,14,0
300,4,6,14,0
300,5,6,14,0
300,6,6,14,0
300,7,6,14,0
300,8,6,14,0
300,9,6,13,0
300,10,6,13,0
300,11,6,13,0
300,12,6,12,0
300,13,6,12,0
300,14,6,12,0
300,15,6,12,0
300,16,6,12,0
300,17,6,11,1
350,0,10,6,0
350,1,10,6,0
350,2,10,6,0
350,3,10,5,0
350,4,10,4,0
350,5,10,4,0
350,6,10,4,0
350,7,11,4,0
350,8,11,4,0
350,9,11,5,0
350,10,11,5,0
350,11,11,5,0
350,12,11,5,0
350,13,12,5,0
350,14,13,5,0
350,15,13,5,0
350,16,13,5,0
350,17,13,5,0
350,18,13,5,0
350,19,13,4,1
400,0,12,7,0
400,1,12,7,0
400,2,12,7,0
400,3,12,7,0
400,4,12,7,0
400,5,12,7,0
400,6,12,6,0
400,7,12,6,0
400,8,13,6,0
400,9,13,6,0
400,10,13,6,0
400,11,14,6,0
400,12,14,6,0
400,13,14,6,0
400,14,14,6,0
400,15,14,7,0
400,16,14,7,0
400,17,14,7,0
400,18,14,7,0
400,19,14,7,0
400,20,14,6,0
400,21,14,6,0
400,22,14,6,0
400,23,14,6,0
400,24,14,6,0
400,25,14,6,1
450,0,8,12,0
450,1,8,11,0
450,2,8,10,0
450,3,8,10,0
450,4,8,10,0
450,5,8,9,0
450,6,8,9,0
450,7,8,8,0
450,8,8,8,0
450,9,8,8,0
450,10,8,7,1
500,0,5,14,0
500,1,5,14,0
500,2,5,14,0
500,3,5,14,0
500,4,5,14,0
500,5,5,14,0
500,6,5,13,0
500,7,5,13,0
500,8,5,13,0
500,9,4,13,0
500,10,3,13,0
500,11,3,13,0
500,12,3,13,0
500,13,3,13,1
550,0,1,16,0
550,1,1,16,0
550,2,2,16,0
550,3,2,16,0
550,4,3,16,0
550,5,3,16,0
550,6,3,16,0
550,7,3,16,0
550,8,3,16,0
550,9,3,16,0
550,10,3,16,0
550,11,3,16,0
550,12,3,16,0
550,13,3,16,0
550,14,3,16,0
550,15,3,16,0
550,16,4,16,0
550,17,4,16,0
550,18,4,16,0
550,19,4,16,0
550,20,4,17,0
550,21,4,17,0
550,22,4,17,0
550,23,4,17,0
550,24,4,17,0
550,25,4,17,0
550,26,3,17,0
550,27,3,17,0
550,28,2,17,0
550,29,2,17,0
550,30,2,16,0
550,31,2,16,0
550,32,2,16,0
550,33,2,15,0
550,34,2,15,0
550,35,2,15,0
550,36,2,15,1
600,0,18,3,0
600,1,18,3,0
600,2,18,3,0
600,3,18,2,0
600,4,18,2,0
600,5,18,2,1
650,0,17,11,0
650,1,17,11,0
700,0,13,9,0
700,1,14,9,0
700,2,15,9,0
700,3,15,9,0
700,4,15,9,0
700,5,15,9,0
700,6,15,9,1
750,0,15,2,0
750,1,15,2,0
750,2,15,2,0
750,3,15,2,0
750,4,15,2,0
750,5,15,2,0
750,6,15,2,0
750,7,15,1,0
750,8,15,1,0
750,9,15,1,0
750,10,15,1,0
750,11,15,1,0
750,12,15,1,0
750,13,15,2,0
750,14,15,2,0
750,15,16,2,0
750,16,16,2,0
750,17,16,2,0
750,18,16,2,0
750,19,16,2,0
750,20,16,1,0
750,21,16,1,0
750,22,16,1,0
750,23,17,1,0
750,24,17,1,0
750,25,17,1,1
800,0,7,11,0
800,1,7,11,0
800,2,7,11,0
800,3,7,11,0
800,4,7,12,0
800,5,7,12,0
800,6,7,12,0
800,7,7,12,0
800,8,7,12,0
800,9,7,12,0
800,10,8,12,0
800,11,8,12,0
800,12,8,12,0
800,13,7,12,0
800,14,7,12,0
800,15,7,12,0
800,16,6,12,0
800,17,6,12,0
800,18,6,13,0
800,19,6,14,0
800,20,6,14,0
800,21,6,14,0
800,22,6,14,0
800,23,5,14,0
800,24,5,14,0
800,25,5,14,0
800,26,5,14,0
800,27,5,14,0
800,28,5,15,0
800,29,5,15,0
800,30,5,16,0
800,31,5,16,0
800,32,5,16,0
800,33,4,16,0
800,34,4,16,0
800,35,4,16,0
800,36,4,16,0
800,37,4,16,0
800,38,4,16,0
800,39,4,16,1
850,0,7,16,0
850,1,7,16,0
850,2,7,16,0
850,3,7,16,0
850,4,7,16,0
850,5,7,16,0
850,6,7,16,0
850,7,7,16,0
850,8,7,16,0
850,9,7,16,0
850,10,7,16,0
850,11,7,16,0
850,12,7,16,0
850,13,7,16,0
850,14,7,16,0
850,15,7,16,0
850,16,7,16,0
850,17,7,16,0
850,18,7,17,0
850,19,7,17,0
850,20,7,17,0
850,21,8,17,0
850,22,8,17,0
850,23,8,18,0
850,24,8,18,0
850,25,9,18,0
850,26,10,18,0
850,27,10,18,0
850,28,11,18,0
850,29,11,18,0
850,30,11,18,0
850,31,11,18,0
850,32,11,18,0
850,33,11,18,0
850,34,11,18,1
900,0,10,2,0
900,1,10,2,0
900,2,10,2,0
900,3,10,2,0
900,4,10,2,0
900,5,10,2,0
900,6,10,3,0
900,7,10,3,0
900,8,10,3,0
900,9,10,3,0
900,10,11,3,0
900,11,12,3,0
900,12,13,3,0
900,13,13,3,0
900,14,13,3,0
900,15,13,3,0
900,16,13,3,0
900,17,13,3,0
900,18,13,3,0
900,19,14,3,0
900,20,14,3,0
900,21,14,3,0
900,22,14,3,0
900,23,14,3,0
900,24,14,3,0
900,25,14,3,0
900,26,14,3,0
900,27,14,3,0
900,28,14,3,0
900,29,14,3,1
950,0,9,6,0
950,1,9,6,0
950,2,9,6,0
950,3,8,6,0
950,4,7,6,0
950,5,6,6,0
950,6,5,6,0
950,7,4,6,0
950,8,3,6,0
950,9,3,6,0
950,10,3,6,0
950,11,3,6,0
950,12,3,6,0
950,13,3,6,0
950,14,3,6,0
950,15,3,7,0
950,16,3,7,1
1000,0,10,13,0
1000,1,10,14,0
1000,2,10,14,0
1000,3,10,14,0
1000,4,11,14,0
1000,5,11,14,0
1000,6,11,14,0
1000,7,11,13,0
1000,8,11,13,0
1000,9,11,12,0
1000,10,11,12,0
1000,11,11,12,0
1000,12,11,12,0
1000,13,11,12,0
1000,14,10,12,0
1000,15,10,12,0
1000,16,10,12,0
1000,17,9,12,0
1000,18,8,12,0
1000,19,7,12,0
1000,20,6,12,0
1000,21,6,12,0
1000,22,6,12,0
1000,23,6,12,0
1000,24,7,12,0
1000,25,7,12,0
1000,26,7,12,0
1000,27,7,12,0
1000,28,7,12,0
1000,29,8,12,0
1000,30,8,12,0
1000,31,8,11,0
1000,32,8,10,0
1000,33,8,10,0
1000,34,8,10,0
1000,35,8,9,0
1000,36,8,8,1
1050,0,14,14,0
1050,1,14,14,0
1050,2,14,14,0
1050,3,14,14,0
1050,4,14,14,0
1050,5,14,14,0
1050,6,14,14,0
1050,7,13,14,0
1050,8,12,14,0
1050,9,12,14,0
1050,10,12,15,0
1050,11,12,16,0
1050,12,12,16,0
1050,13,12,16,0
1050,14,12,16,0
1050,15,12,16,0
1050,16,12,16,0
1050,17,12,16,0
1050,18,11,16,0
1050,19,10,16,0
1050,20,10,16,0
1050,21,10,16,0
1050,22,10,16,0
1050,23,10,16,0
1050,24,10,16,0
1050,25,10,16,0
1050,26,9,16,0
1050,27,9,16,0
1050,28,9,16,0
1050,29,9,16,0
1050,30,9,16,0
1050,31,9,16,0
1050,32,9,16,1
1100,0,5,8,0
1100,1,6,8,0
1100,2,6,8,0
1100,3,6,8,0
1100,4,6,8,0
1100,5,6,8,0
1100,6,6,8,0
1100,7,6,8,0
1100,8,6,8,0
1100,9,6,8,0
1100,10,6,8,0
1100,11,6,8,1
1150,0,1,10,0
1150,1,1,10,0
1150,2,1,10,0
1150,3,1,10,0
1150,4,1,10,0
1150,5,1,10,0
1150,6,1,10,0
1150,7,1,10,1
1200,0,8,18,0
1200,1,8,18,0
1200,2,8,18,0
1200,3,8,18,0
1200,4,8,18,1
1250,0,6,6,0
1250,1,6,6,0
1250,2,6,6,0
1250,3,6,6,0
1250,4,6,6,0
1250,5,5,6,0
1250,6,5,6,0
1250,7,5,5,0
1250,8,5,5,0
1250,9,5,5,0
1250,10,5,6,0
1250,11,5,6,0
1250,12,5,6,0
1250,13,5,7,0
1250,14,5,7,0
1250,15,5,7,0
1250,16,5,7,1
1300,0,1,6,0
1300,1,1,6,0
1300,2,1,6,0
1300,3,1,6,0
1300,4,1,6,0
1300,5,1,6,0
1300,6,2,6,0
1300,7,2,6,0
1300,8,2,6,0
1300,9,2,6,0
1300,10,2,6,0
1300,11,2,6,0
1300,12,2,7,0
1300,13,2,7,0
1300,14,3,7,0
1300,15,4,7,0
1300,16,4,7,0
1350,0,14,14,0
1350,1,14,14,0
1350,2,14,14,0
1350,3,15,14,0
1350,4,15,14,0
1350,5,15,14,0
1350,6,15,15,0
1350,7,15,16,0
1350,8,15,16,0
1350,9,15,16,0
1350,10,15,16,0
1350,11,15,16,0
1350,12,15,16,0
1350,13,15,16,0
1350,14,15,16,0
1350,15,15,16,0
1350,16,15,16,0
1350,17,15,16,0
1350,18,15,15,0
1350,19,15,15,0
1350,20,15,15,0
1350,21,15,15,0
1350,22,16,15,0
1350,23,16,15,0
1350,24,17,15,0
1350,25,17,15,0
1350,26,17,15,0
1350,27,17,15,0
1350,28,17,15,0
1350,29,17,15,0
1350,30,18,15,0
1350,31,18,15,0
1350,32,18,15,0
1350,33,18,15,0
1350,34,18,15,0
1350,35,18,15,0
1350,36,18,15,0
1350,37,18,15,0
1350,38,18,16,0
1350,39,18,17,0
1350,40,18,18,0
1350,41,18,18,0
1350,42,18,18,0
1350,43,18,18,0
1350,44,18,18,1
1400,0,13,7,0
1400,1,14,7,0
1400,2,14,7,0
1400,3,14,7,0
1400,4,14,7,1
1450,0,15,7,0
1450,1,15,7,0
1500,0,11,13,0
1500,1,11,13,0
1500,2,11,14,0
1500,3,11,14,0
1500,4,11,14,0
1500,5,11,14,0
1500,6,11,15,1
1550,0,6,11,0
1550,1,6,11,0
1550,2,6,10,0
1550,3,6,9,0
1550,4,6,9,0
1550,5,5,9,0
1550,6,4,9,0
1550,7,4,9,0
1550,8,3,9,0
1550,9,2,9,0
1550,10,2,9,0
1550,11,2,10,0
1550,12,2,11,0
1550,13,2,11,1
1600,0,2,7,0
1600,1,2,7,0
1600,2,2,7,0
1600,3,2,7,0
1600,4,3,7,0
1600,5,3,7,0
1600,6,3,7,0
1600,7,3,7,0
1600,8,3,7,0
1600,9,3,7,0
1600,10,3,7,0
1600,11,3,7,0
1600,12,3,7,1
1650,0,3,4,0
1650,1,3,4,0
1650,2,3,5,0
1650,3,3,5,0
1650,4,3,5,0
1650,5,3,5,0
1650,6,3,5,0
1650,7,2,5,0
1650,8,1,5,0
1650,9,1,5,0
1650,10,1,5,0
1650,11,1,5,0
1650,12,1,6,0
1650,13,1,7,1
1700,0,2,8,0
1700,1,2,8,0
1700,2,2,8,0
1700,3,1,8,0
1700,4,1,8,0
1700,5,1,8,0
1700,6,1,8,0
1700,7,1,9,0
1700,8,1,9,0
1700,9,1,9,0
1700,10,1,9,0
1700,11,1,9,0
1700,12,1,9,0
1750,0,16,14,0
1750,1,16,14,0
1750,2,16,14,0
1750,3,16,14,0
1750,4,16,14,0
1750,5,16,14,0
1750,6,16,14,0
1750,7,16,13,0
1750,8,16,13,0
1750,9,16,13,0
1750,10,16,13,0
1750,11,16,14,0
1750,12,16,14,0
1750,13,16,14,0
1750,14,16,14,0
1750,15,16,14,0
1750,16,16,14,0
1750,17,16,14,0
1750,18,16,14,0
1750,19,16,14,0
1750,20,16,14,0
1750,21,16,14,0
1750,22,16,14,0
1750,23,16,14,0
1750,24,16,14,0
1750,25,16,14,0
1750,26,16,14,0
1750,27,16,14,0
1750,28,16,14,0
1750,29,16,14,0
1750,30,16,14,0
1750,31,16,14,0
1750,32,16,15,0
1750,33,16,15,0
1750,34,17,15,0
1750,35,18,15,0
1750,36,18,15,0
1750,37,18,15,0
1750,38,18,15,0
1750,39,18,16,0
1750,40,18,17,0
1750,41,18,17,0
1750,42,18,17,0
1750,43,18,17,0
1750,44,18,17,0
1750,45,18,17,0
1750,46,18,17,0
1750,47,18,17,0
1750,48,18,17,1
1800,0,18,8,0
1800,1,18,8,0
1800,2,18,8,0
1800,3,18,8,0
1800,4,18,8,0
1800,5,18,8,0
1800,6,18,8,0
1800,7,18,7,0
1800,8,18,7,0
1800,9,18,6,0
1800,10,18,6,0
1800,11,18,6,0
1800,12,18,6,0
1800,13,18,6,0
1800,14,18,6,0
1800,15,18,6,0
1800,16,18,6,0
1800,17,18,5,0
1800,18,18,4,0
1800,19,18,4,0
1800,20,17,4,0
1800,21,16,4,0
1800,22,16,4,0
1800,23,16,5,0
1800,24,16,5,0
1800,25,16,5,0
1800,26,16,5,0
1800,27,16,5,0
1800,28,16,5,0
1800,29,16,5,0
1800,30,16,5,0
1800,31,16,5,1
1850,0,7,14,0
1850,1,7,13,0
1850,2,7,13,0
1850,3,7,13,0
1850,4,7,12,0
1850,5,7,12,0
1850,6,7,12,0
1850,7,7,12,0
1850,8,7,12,0
1850,9,7,13,0
1850,10,7,13,0
1850,11,7,13,0
1850,12,7,13,0
1850,13,7,14,0
1850,14,7,14,0
1850,15,7,14,0
1850,16,8,14,0
1850,17,8,14,0
1850,18,8,14,1
1900,0,1,5,0
1900,1,1,5,0
1900,2,1,5,0
1900,3,1,5,0
1900,4,1,5,0
1900,5,1,5,0
1900,6,1,5,0
1900,7,1,5,0
1900,8,1,4,0
1900,9,1,3,0
1900,10,1,2,0
1900,11,1,2,1
1950,0,11,13,0
1950,1,11,13,0
1950,2,11,14,0
1950,3,11,14,0
1950,4,11,14,0
1950,5,11,14,0
1950,6,11,14,0
1950,7,11,14,0
1950,8,11,14,0
1950,9,10,14,0
1950,10,9,14,0
1950,11,8,14,0
1950,12,8,14,0
1950,13,8,14,0
1950,14,9,14,0
1950,15,10,14,0
1950,16,11,14,0
1950,17,11,14,0
1950,18,11,13,0
1950,19,11,12,0
1950,20,11,12,0
1950,21,11,12,1
2000,0,6,18,0
2000,1,6,18,0
2000,2,6,18,0
2000,3,6,18,0
2000,4,6,18,0
2000,5,6,18,0
2000,6,6,18,0
2000,7,6,18,0
2000,8,5,18,1
2050,0,12,4,0
2050,1,11,4,0
2050,2,10,4,0
2050,3,10,4,0
2050,4,10,4,0
2050,5,10,4,0
2050,6,10,4,0
2050,7,10,4,0
2050,8,10,4,0
2050,9,10,4,0
2050,10,10,4,0
2050,11,10,4,0
2050,12,10,3,0
2050,13,10,3,0
2050,14,11,3,0
2050,15,11,3,0
2050,16,12,3,1
2100,0,11,1,0
2100,1,11,1,0
2100,2,12,1,0
2100,3,12,1,0
2100,4,12,1,0
2100,5,12,1,0
2100,6,12,2,0
2100,7,12,2,0
2100,8,12,2,0
2100,9,12,2,0
2100,10,12,1,0
2100,11,12,1,0
2100,12,12,1,0
2100,13,11,1,0
2100,14,10,1,0
2100,15,10,1,0
2100,16,10,1,0
2100,17,10,1,0
2100,18,10,1,0
2100,19,10,1,0
2100,20,10,2,0
2100,21,10,3,0
2100,22,10,3,0
2100,23,10,3,0
2100,24,10,3,0
2100,25,10,3,0
2100,26,11,3,1
2150,0,13,9,0
2150,1,13,9,0
2150,2,13,9,0
2150,3,13,9,0
2150,4,14,9,0
2150,5,15,9,0
2150,6,15,9,0
2150,7,15,10,0
2150,8,15,11,0
2150,9,15,12,0
2150,10,15,13,1
2200,0,17,10,0
2200,1,17,10,0
2200,2,18,10,0
2200,3,18,10,0
2200,4,18,10,0
2200,5,18,10,0
2200,6,18,10,0
2200,7,18,10,0
2200,8,18,10,0
2200,9,18,10,0
2200,10,18,10,0
2200,11,17,10,0
2200,12,17,10,0
2200,13,17,10,0
2200,14,17,10,0
2200,15,17,10,0
2200,16,17,10,0
2200,17,17,10,0
2200,18,17,10,0
2200,19,18,10,0
2200,20,18,10,0
2200,21,18,10,0
2200,22,18,10,0
2200,23,18,10,0
2200,24,18,10,0
2200,25,18,10,1
2250,0,5,11,0
2250,1,5,11,0
2250,2,5,11,0
2250,3,5,11,0
2250,4,5,11,0
2250,5,5,10,0
2250,6,5,10,0
2250,7,5,10,0
2250,8,5,9,0
2250,9,5,8,0
2250,10,5,8,0
2250,11,4,8,0
2250,12,3,8,0
2250,13,3,8,0
2250,14,2,8,0
2250,15,2,8,0
2250,16,2,8,0
2250,17,1,8,0
2250,18,1,8,0
2250,19,1,8,0
2250,20,1,8,0
2250,21,1,8,0
2250,22,1,8,0
2250,23,1,8,1
2300,0,15,17,0
2300,1,15,17,0
2300,2,15,17,0
2300,3,15,18,0
2300,4,15,18,0
2300,5,15,18,0
2300,6,15,18,0
2300,7,15,18,0
2300,8,15,18,0
2300,9,15,18,0
2300,10,15,18,0
2300,11,16,18,0
2300,12,17,18,0
2300,13,17,18,0
2300,14,17,18,0
2300,15,17,18,0
2300,16,17,18,0
2300,17,17,18,0
2300,18,16,18,0
2300,19,16,18,0
2300,20,16,17,0
2300,21,16,17,0
2300,22,16,16,0
2300,23,16,16,0
2300,24,17,16,0
2300,25,17,16,0
2300,26,17,16,0
2300,27,17,16,0
2300,28,17,17,0
2300,29,17,17,0
2300,30,17,17,0
2300,31,17,17,0
2300,32,17,17,0
2300,33,17,17,1
2350,0,1,16,0
2350,1,1,16,0
2350,2,1,16,0
2350,3,1,16,0
2350,4,1,16,0
2350,5,2,16,0
2350,6,2,16,0
2350,7,2,17,0
2350,8,2,18,0
2350,9,2,18,0
2350,10,3,18,0
2350,11,3,18,0
2350,12,3,18,0
2350,13,3,18,0
2350,14,4,18,0
2350,15,4,18,0
2350,16,4,18,0
2350,17,4,18,0
2350,18,4,18,0
2350,19,5,18,0
2350,20,5,18,0
2350,21,5,18,0
2350,22,5,18,0
2350,23,5,18,0
2350,24,5,18,0
2350,25,5,18,0
2350,26,5,18,0
2350,27,5,18,0
2350,28,5,18,0
2350,29,5,18,0
2350,30,5,18,0
2350,31,5,18,0
2350,32,6,18,0
2350,33,7,18,0
2350,34,7,18,0
2350,35,7,18,0
2350,36,7,18,0
2350,37,7,18,0
2350,38,7,17,0
2350,39,7,17,0
2350,40,8,17,0
2350,41,9,17,0
2350,42,9,17,0
2350,43,9,16,1
2400,0,18,18,0
2400,1,18,18,0
2400,2,18,18,0
2400,3,18,18,0
2400,4,18,18,0
2400,5,18,18,0
2400,6,18,18,0
2400,7,18,18,0
2400,8,18,18,0
2400,9,18,18,0
2400,10,18,18,0
2400,11,18,18,0
2400,12,18,18,0
2400,13,18,18,0
2400,14,18,18,0
2400,15,18,18,0
2400,16,18,18,0
2400,17,18,18,0
2400,18,18,18,0
2400,19,18,18,0
2400,20,18,18,0
2400,21,18,18,0
2400,22,18,18,0
2400,23,18,18,0
2400,24,18,18,0
2400,25,18,18,0
2400,26,18,18,0
2400,27,17,18,0
2400,28,16,18,0
2400,29,16,18,0
2400,30,16,18,0
2400,31,17,18,0
2400,32,17,18,0
2400,33,17,18,0
2400,34,17,18,0
2400,35,17,18,0
2400,36,17,18,0
2400,37,16,18,0
2400,38,15,18,0
2400,39,15,18,0
2400,40,15,18,0
2400,41,15,18,0
2400,42,15,18,0
2400,43,15,18,0
2400,44,15,18,0
2400,45,15,18,1
2450,0,7,12,0
2450,1,7,12,0
2450,2,7,12,0
2450,3,7,12,0
2450,4,7,12,0
2500,0,17,11,0
2500,1,17,11,0
2500,2,18,11,0
2500,3,18,11,0
2500,4,18,12,0
2500,5,18,12,0
2500,6,17,12,0
2500,7,17,12,0
2550,0,3,3,0
2550,1,3,3,0
2550,2,3,3,0
2550,3,3,3,0
2550,4,3,3,0
2550,5,3,3,0
2550,6,3,3,0
2550,7,3,3,0
2550,8,3,3,0
2550,9,3,3,0
2550,10,3,2,0
2550,11,3,1,0
2550,12,3,1,0
2550,13,3,1,0
2550,14,3,1,0
2550,15,3,1,0
2550,16,2,1,0
2550,17,1,1,0
2550,18,1,1,0
2550,19,1,1,1
2600,0,15,6,0
2600,1,15,6,0
2600,2,15,6,0
2600,3,15,6,0
2600,4,15,6,0
2600,5,15,6,0
2600,6,15,6,1
2650,0,3,5,0
2650,1,3,5,0
2650,2,3,5,0
2650,3,3,5,0
2650,4,3,5,0
2650,5,3,5,0
2650,6,3,6,0
2650,7,3,6,0
2650,8,4,6,0
2650,9,4,6,0
2650,10,4,7,0
2650,11,4,7,0
2650,12,4,7,0
2650,13,4,7,0
2650,14,3,7,0
2650,15,2,7,0
2650,16,2,7,0
2650,17,2,7,0
2650,18,2,7,0
2650,19,2,7,1
2700,0,1,3,0
2700,1,1,3,0
2700,2,1,3,0
2700,3,1,2,0
2700,4,1,1,0
2700,5,1,1,0
2700,6,1,1,0
2700,7,1,1,0
2700,8,1,1,0
2700,9,1,1,0
2700,10,1,2,0
2700,11,1,2,0
2700,12,1,2,0
2700,13,1,2,0
2700,14,1,2,0
2700,15,1,2,0
2700,16,1,2,0
2700,17,1,2,0
2700,18,1,2,0
2700,19,1,2,0
2700,20,1,2,0
2700,21,1,2,0
2700,22,1,2,0
2700,23,2,2,0
2700,24,2,2,0
2700,25,2,2,0
2700,26,2,2,0
2700,27,2,1,0
2700,28,2,1,0
2700,29,2,1,0
2700,30,2,1,0
2700,31,2,1,0
2700,32,2,1,1
2750,0,13,16,0
2750,1,13,17,0
2750,2,13,17,0
2750,3,13,17,0
2750,4,13,17,0
2750,5,13,17,0
2750,6,13,16,0
2750,7,13,15,0
2750,8,13,15,0
2750,9,13,15,0
2750,10,13,15,0
2750,11,13,15,0
2750,12,13,15,0
2750,13,13,15,0
2750,14,13,15,0
2750,15,13,15,0
2750,16,13,16,0
2750,17,13,16,0
2750,18,13,16,0
2750,19,13,16,0
2750,20,13,16,0
2750,21,13,16,1
2800,0,1,2,0
2800,1,1,2,0
2800,2,1,2,0
2800,3,1,2,0
2800,4,1,2,0
2800,5,1,2,0
2800,6,1,2,0
2800,7,1,2,0
2800,8,1,2,0
2800,9,1,1,0
2800,10,1,1,0
2800,11,1,1,0
2800,12,1,1,0
2800,13,1,1,0
2800,14,1,1,0
2800,15,1,1,0
2800,16,1,1,0
2800,17,1,1,0
2800,18,1,1,0
2800,19,1,1,0
2800,20,1,1,0
2800,21,1,1,0
2800,22,1,1,0
2800,23,1,1,0
2800,24,1,1,0
2800,25,1,2,0
2800,26,1,2,0
2800,27,1,3,0
2800,28,1,4,0
2800,29,1,4,0
2800,30,1,4,0
2800,31,1,4,0
2800,32,1,4,0
2800,33,1,4,0
2800,34,1,5,1
2850,0,9,1,0
2850,1,9,1,0
2850,2,9,1,0
2850,3,9,1,0
2850,4,9,1,0
2850,5,9,1,0
2850,6,9,1,0
2850,7,9,1,0
2850,8,9,1,0
2850,9,9,1,0
2850,10,9,1,0
2850,11,8,1,0
2850,12,8,1,0
2850,13,8,1,0
2850,14,8,1,0
2850,15,9,1,0
2850,16,10,1,0
2850,17,10,1,0
2850,18,10,1,0
2850,19,10,1,0
2850,20,10,1,0
2850,21,11,1,0
2850,22,11,1,0
2850,23,11,1,0
2850,24,11,1,0
2850,25,11,1,0
2850,26,11,1,0
2850,27,11,2,0
2850,28,11,2,0
2850,29,11,2,0
2850,30,11,2,0
2850,31,11,2,0
2850,32,11,2,0
2850,33,11,2,1
2900,0,8,4,0
2900,1,8,4,0
2900,2,8,4,0
2900,3,8,4,0
2900,4,8,5,0
2900,5,8,5,0
2900,6,8,5,0
2900,7,8,5,0
2900,8,8,5,0
2900,9,9,5,0
2900,10,9,5,0
2900,11,10,5,0
2900,12,10,5,0
2900,13,10,5,0
2900,14,10,5,0
2900,15,10,4,0
2900,16,10,4,0
2900,17,10,4,0
2900,18,10,5,0
2900,19,10,5,0
2900,20,10,5,0
2900,21,10,5,0
2900,22,10,4,0
2900,23,10,3,0
2900,24,10,3,0
2900,25,9,3,0
2900,26,9,3,0
2900,27,9,4,0
2900,28,9,4,0
2900,29,9,4,0
2900,30,9,4,0
2900,31,9,4,0
2900,32,9,4,1
2950,0,18,7,0
2950,1,18,7,0
2950,2,18,7,0
2950,3,18,7,0
2950,4,18,7,0
2950,5,18,7,0
2950,6,17,7,0
2950,7,16,7,0
2950,8,16,7,1
3000,0,1,11,0
3000,1,1,11,0
3000,2,1,11,0
3000,3,1,11,0
3000,4,1,12,1
3050,0,16,4,0
3050,1,16,4,0
3050,2,16,4,0
3050,3,16,4,0
3050,4,16,4,0
3050,5,16,4,0
3050,6,16,4,0
3050,7,16,4,0
3050,8,16,4,0
3050,9,16,4,0
3050,10,16,5,0
3050,11,16,6,0
3050,12,16,6,0
3050,13,16,6,0
3050,14,16,6,0
3050,15,16,6,0
3100,0,1,12,0
3100,1,1,12,0
3100,2,1,12,0
3100,3,1,12,0
3100,4,1,12,0
3100,5,1,12,0
3100,6,1,12,1
3150,0,16,14,0
3150,1,16,14,0
3150,2,16,14,0
3150,3,16,15,0
3150,4,16,15,0
3150,5,16,16,0
3150,6,16,16,0
3150,7,16,16,0
3150,8,16,16,0
3150,9,16,16,0
3150,10,16,16,0
3150,11,17,16,0
3150,12,18,16,0
3150,13,18,16,0
3150,14,18,16,0
3150,15,18,17,0
3150,16,18,18,0
3150,17,18,18,0
3150,18,18,18,0
3150,19,18,18,0
3150,20,18,18,0
3150,21,18,18,0
3150,22,18,18,0
3150,23,18,17,0
3150,24,18,17,0
3150,25,17,17,0
3150,26,17,17,0
3150,27,17,17,0
3150,28,16,17,1
3200,0,5,9,0
3200,1,5,10,0
3200,2,5,10,0
3200,3,6,10,0
3200,4,6,10,0
3200,5,6,10,0
3200,6,6,9,0
3200,7,6,9,0
3200,8,6,9,0
3200,9,6,9,0
3200,10,6,9,0
3200,11,7,9,0
3200,12,8,9,1
3250,0,3,7,0
3250,1,3,7,0
3250,2,4,7,0
3250,3,4,7,0
3250,4,4,7,0
3250,5,4,6,0
3250,6,4,6,0
3250,7,4,6,0
3250,8,4,6,0
3250,9,4,6,0
3250,10,4,6,0
3250,11,4,6,0
3250,12,4,6,0
3250,13,4,6,0
3250,14,4,6,0
3250,15,4,6,0
3250,16,4,6,0
3250,17,4,6,1
3300,0,1,5,0
3300,1,1,5,0
3300,2,2,5,0
3300,3,2,5,0
3300,4,2,5,0
3300,5,2,5,0
3300,6,2,5,0
3300,7,2,5,0
3300,8,2,5,0
3300,9,2,6,0
3300,10,2,6,0
3300,11,2,6,0
3300,12,2,6,0
3300,13,2,6,0
3300,14,1,6,0
3300,15,1,6,0
3300,16,1,6,0
3300,17,1,6,0
3300,18,1,6,0
3300,19,1,6,0
3300,20,1,6,0
3300,21,1,6,1
3350,0,4,8,0
3350,1,4,8,0
3350,2,4,8,0
3350,3,5,8,0
3350,4,6,8,0
3350,5,7,8,0
3350,6,8,8,0
3350,7,8,8,0
3350,8,8,8,0
3350,9,8,8,0
3350,10,8,8,0
3350,11,8,7,0
3350,12,8,7,0
3350,13,9,7,0
3350,14,9,7,0
3350,15,9,7,0
3350,16,9,7,1
3400,0,12,3,0
3400,1,13,3,0
3400,2,13,3,0
3400,3,13,3,0
3400,4,13,3,0
3400,5,13,4,0
3400,6,13,5,0
3400,7,13,5,0
3400,8,13,5,0
3400,9,13,5,0
3400,10,13,5,1
3450,0,15,5,0
3450,1,15,5,0
3450,2,14,5,0
3450,3,14,5,0
3450,4,14,5,1
3500,0,13,11,0
3500,1,13,11,0
3500,2,13,11,0
3500,3,13,11,0
3500,4,13,11,0
3500,5,13,11,0
3500,6,13,11,1
3550,0,6,8,0
3550,1,5,8,0
3550,2,4,8,0
3550,3,4,8,0
3550,4,4,9,0
3550,5,4,10,0
3550,6,4,10,0
3550,7,4,10,0
3550,8,4,9,0
3550,9,4,9,0
3550,10,4,9,0
3550,11,4,9,0
3550,12,4,8,1
3600,0,14,18,0
3600,1,14,18,0
3600,2,15,18,0
3600,3,15,18,0
3600,4,15,18,0
3600,5,15,18,0
3600,6,15,18,0
3600,7,15,18,0
3600,8,15,17,0
3600,9,15,17,0
3600,10,15,17,0
3600,11,15,17,0
3600,12,15,17,0
3600,13,16,17,0
3600,14,17,17,0
3600,15,17,17,0
3600,16,17,17,0
3600,17,17,17,1
3650,0,14,3,0
3650,1,14,3,0
3650,2,14,3,0
3650,3,14,3,0
3650,4,14,3,0
3650,5,14,4,0
3650,6,14,5,0
3650,7,14,5,0
3650,8,14,5,0
3650,9,15,5,0
3650,10,15,5,0
3650,11,15,5,0
3650,12,15,6,0
3650,13,15,6,0
3650,14,15,6,0
3650,15,15,6,0
3650,16,15,6,0
3650,17,15,6,0
3650,18,16,6,0
3650,19,17,6,0
3650,20,17,6,1
3700,0,10,1,0
3700,1,10,1,0
3700,2,10,1,0
3700,3,10,2,0
3700,4,10,2,0
3700,5,10,3,0
3700,6,10,3,0
3700,7,11,3,0
3700,8,11,3,0
3700,9,11,3,0
3700,10,12,3,0
3700,11,12,3,0
3700,12,12,2,0
3700,13,12,2,0
3700,14,11,2,0
3700,15,11,2,0
3700,16,11,2,0
3700,17,11,3,0
3700,18,11,4,0
3700,19,11,4,0
3700,20,11,4,0
3700,21,11,5,0
3700,22,11,5,0
3700,23,11,5,0
3700,24,10,5,0
3700,25,10,5,1
3750,0,17,9,0
3750,1,17,9,0
3750,2,17,9,0
3750,3,17,9,0
3750,4,17,9,0
3800,0,13,1,0
3800,1,12,1,0
3800,2,12,1,0
3800,3,12,1,0
3800,4,12,1,0
3800,5,12,1,0
3800,6,12,1,0
3800,7,12,1,0
3800,8,12,1,0
3800,9,12,1,0
3800,10,12,1,0
3800,11,12,1,0
3800,12,12,1,0
3800,13,12,1,0
3800,14,12,1,0
3800,15,12,1,0
3800,16,12,1,0
3800,17,12,1,0
3800,18,12,1,0
3800,19,12,1,0
3800,20,13,1,0
3800,21,14,1,0
3800,22,15,1,0
3800,23,15,1,0
3800,24,15,1,0
3800,25,15,1,0
3800,26,15,1,0
3800,27,15,1,0
3800,28,15,1,0
3800,29,15,1,0
3800,30,15,1,0
3800,31,15,1,0
3800,32,15,1,0
3800,33,15,1,1
3850,0,7,12,0
3850,1,7,12,0
3850,2,7,12,0
3850,3,7,12,0
3850,4,7,12,0
3850,5,7,12,0
3850,6,7,12,0
3850,7,8,12,0
3850,8,8,12,0
3850,9,8,13,0
3850,10,8,13,0
3850,11,8,13,0
3850,12,8,13,0
3850,13,8,13,0
3850,14,8,13,1
3900,0,8,11,0
3900,1,8,11,0
3900,2,8,11,0
3900,3,8,11,0
3900,4,8,11,0
3900,5,8,11,0
3900,6,9,11,0
3900,7,10,11,0
3900,8,10,11,0
3900,9,10,11,0
3900,10,11,11,0
3900,11,12,11,0
3900,12,12,11,0
3900,13,12,11,0
3900,14,12,11,0
3900,15,12,11,0
3900,16,12,11,1
3950,0,15,14,0
3950,1,15,14,0
3950,2,16,14,0
3950,3,16,14,0
3950,4,16,14,0
3950,5,16,14,0
3950,6,16,15,0
3950,7,16,15,0
3950,8,16,16,0
3950,9,16,17,0
3950,10,16,17,0
3950,11,16,17,0
3950,12,16,17,0
3950,13,17,17,0
3950,14,18,17,0
3950,15,18,17,0
3950,16,18,17,0
3950,17,18,17,0
3950,18,18,17,0
3950,19,18,17,0
3950,20,18,17,0
3950,21,18,17,0
3950,22,18,17,0
3950,23,18,17,0
3950,24,18,17,0
3950,25,18,17,0
3950,26,18,17,0
3950,27,18,17,0
3950,28,18,17,0
3950,29,18,17,0
3950,30,17,17,0
3950,31,17,17,0
3950,32,17,17,0
3950,33,17,17,1
4000,0,4,9,0
4000,1,4,9,0
4000,2,4,9,0
4000,3,4,9,0
4000,4,4,10,0
4000,5,4,10,0
4000,6,4,10,0
4000,7,4,10,0
4000,8,4,10,0
4000,9,4,11,0
4000,10,4,11,0
4000,11,4,12,1
4050,0,16,4,0
4050,1,16,4,0
4050,2,16,4,0
4050,3,16,5,0
4050,4,16,6,0
4050,5,16,6,0
4050,6,16,6,0
4050,7,16,6,0
4050,8,16,6,0
4050,9,16,6,0
4050,10,16,6,0
4050,11,16,6,0
4050,12,16,6,0
4050,13,16,6,0
4050,14,16,6,0
4050,15,16,6,0
4050,16,16,7,0
4050,17,16,7,0
4050,18,16,7,0
4050,19,16,7,0
4050,20,16,7,1
4100,0,12,7,0
4100,1,12,7,0
4100,2,12,7,0
4100,3,11,7,0
4100,4,10,7,0
4100,5,10,7,0
4100,6,10,7,0
4100,7,10,7,0
4100,8,9,7,0
4100,9,9,7,0
4100,10,8,7,0
4100,11,8,7,0
4100,12,8,7,0
4100,13,8,7,0
4100,14,8,7,0
4100,15,8,7,0
4100,16,8,7,1
4150,0,6,18,0
4150,1,6,18,0
4150,2,6,18,0
4150,3,6,17,0
4150,4,6,17,0
4150,5,6,16,0
4150,6,6,15,0
4150,7,6,15,0
4150,8,6,15,0
4150,9,6,15,0
4150,10,6,15,0
4150,11,6,15,1
4200,0,4,10,0
4200,1,4,10,0
4200,2,4,10,0
4200,3,4,10,0
4200,4,4,10,0
4200,5,4,10,0
4200,6,4,10,0
4200,7,4,10,0
4200,8,4,10,0
4200,9,4,10,0
4200,10,4,10,0
4200,11,4,10,0
4200,12,4,10,0
4200,13,4,10,0
4200,14,4,10,0
4200,15,4,10,0
4200,16,4,9,0
4200,17,4,9,0
4200,18,4,9,0
4200,19,4,9,0
4200,20,4,9,0
4200,21,4,9,1
4250,0,8,3,0
4250,1,8,3,0
4250,2,8,3,0
4250,3,8,3,0
4250,4,8,4,0
4250,5,8,4,1
4300,0,11,4,0
4300,1,11,4,0
4300,2,11,4,0
4300,3,11,4,0
4300,4,11,4,0
4300,5,11,5,0
4300,6,11,5,0
4300,7,12,5,0
4300,8,13,5,0
4300,9,13,5,0
4300,10,13,5,0
4300,11,13,5,0
4300,12,12,5,0
4300,13,11,5,0
4300,14,11,5,0
4300,15,10,5,0
4300,16,10,5,0
4300,17,10,5,0
4300,18,10,4,0
4300,19,10,4,0
4300,20,11,4,0
4300,21,12,4,0
4300,22,12,4,0
4300,23,12,4,0
4300,24,12,4,0
4300,25,12,4,0
4300,26,12,4,0
4300,27,12,4,0
4300,28,13,4,0
4300,29,13,4,1
4350,0,16,7,0
4350,1,16,7,0
4350,2,16,7,0
4350,3,17,7,0
4350,4,18,7,0
4350,5,18,7,0
4350,6,18,7,0
4350,7,18,7,0
4350,8,18,6,0
4350,9,18,5,0
4350,10,18,4,0
4350,11,18,3,0
4350,12,18,3,0
4350,13,17,3,0
4350,14,17,3,0
4350,15,17,3,0
4350,16,17,3,1
4400,0,1,16,0
4400,1,1,16,0
4400,2,1,16,0
4400,3,1,16,0
4400,4,1,16,0
4400,5,1,15,0
4400,6,1,15,0
4400,7,2,15,0
4400,8,3,15,0
4400,9,4,15,0
4400,10,4,15,0
4400,11,4,15,0
4400,12,5,15,0
4400,13,5,15,0
4400,14,5,15,0
4400,15,5,15,0
4400,16,5,15,0
4400,17,5,15,0
4400,18,5,15,0
4400,19,5,15,0
4400,20,5,15,0
4400,21,5,15,0
4400,22,5,15,0
4400,23,5,15,1
4450,0,11,12,0
4450,1,12,12,0
4450,2,13,12,0
4450,3,14,12,0
4450,4,14,12,0
4450,5,14,12,0
4450,6,14,12,0
4450,7,15,12,0
4450,8,15,12,0
4450,9,15,11,0
4450,10,15,11,0
4450,11,15,11,0
4450,12,15,11,0
4450,13,14,11,0
4450,14,14,11,0
4450,15,14,11,0
4450,16,14,11,0
4450,17,14,11,0
4450,18,14,10,0
4450,19,14,9,0
4450,20,14,8,0
4450,21,14,8,0
4450,22,14,8,0
4450,23,14,7,0
4450,24,14,7,0
4450,25,14,7,0
4450,26,14,7,0
4450,27,13,7,0
4450,28,13,7,1
4500,0,17,16,0
4500,1,17,16,0
4500,2,17,16,0
4500,3,17,16,0
4500,4,17,16,0
4500,5,17,16,0
4500,6,18,16,0
4500,7,18,16,0
4500,8,18,16,0
4500,9,18,15,0
4500,10,18,15,0
4500,11,18,15,0
4500,12,18,15,0
4500,13,18,15,0
4500,14,18,15,0
4500,15,18,15,0
4500,16,18,14,1
4550,0,4,15,0
4550,1,4,16,0
4550,2,4,16,0
4550,3,4,16,0
4550,4,4,17,0
4550,5,4,17,0
4550,6,4,17,0
4550,7,4,17,0
4550,8,4,17,0
4550,9,4,17,0
4550,10,4,17,0
4550,11,5,17,0
4550,12,5,17,0
4550,13,5,17,0
4550,14,5,17,0
4550,15,5,17,0
4550,16,6,17,1
4600,0,11,5,0
4600,1,11,6,0
4600,2,11,7,0
4600,3,11,7,0
4600,4,11,8,0
4600,5,11,9,0
4600,6,11,10,0
4600,7,11,10,0
4600,8,11,10,0
4600,9,11,10,0
4600,10,11,10,0
4600,11,11,10,1
4650,0,5,8,0
4650,1,6,8,0
4650,2,7,8,0
4650,3,8,8,0
4650,4,9,8,0
4650,5,10,8,0
4650,6,10,8,0
4650,7,10,8,0
4650,8,10,8,0
4650,9,10,8,0
4650,10,10,9,0
4650,11,10,10,0
4650,12,10,10,0
4650,13,10,11,0
4650,14,10,12,0
4650,15,10,12,0
4650,16,10,12,0
4650,17,10,12,0
4650,18,10,13,0
4650,19,10,13,0
4650,20,10,14,0
4650,21,10,14,0
4650,22,10,14,0
4650,23,10,14,0
4650,24,10,13,1
4700,0,13,11,0
4700,1,13,11,0
4700,2,13,11,0
4700,3,13,11,0
4700,4,13,11,0
4700,5,13,11,0
4700,6,13,11,0
4700,7,13,11,0
4700,8,13,11,0
4700,9,13,12,0
4700,10,13,12,0
4700,11,13,12,0
4700,12,13,12,0
4700,13,13,12,0
4700,14,13,12,0
4700,15,13,12,0
4700,16,13,12,0
4700,17,13,12,0
4700,18,13,12,0
4700,19,12,12,0
4700,20,12,12,1
4750,0,1,12,0
4750,1,1,13,0
4750,2,1,14,0
4750,3,1,14,0
4750,4,2,14,0
4750,5,2,14,0
4750,6,2,14,0
4750,7,2,14,0
4750,8,2,14,0
4750,9,2,14,0
4750,10,3,14,0
4750,11,3,14,0
4750,12,3,14,0
4750,13,2,14,0
4750,14,2,14,0
4750,15,2,15,0
4750,16,2,15,0
4750,17,2,15,0
4750,18,2,15,0
4750,19,3,15,1
4800,0,12,12,0
4800,1,12,12,0
4800,2,12,12,0
4800,3,12,12,0
4800,4,12,12,0
4800,5,12,12,0
4800,6,12,12,0
4800,7,13,12,0
4800,8,13,12,0
4800,9,13,12,0
4800,10,13,12,0
4800,11,13,12,0
4800,12,13,12,0
4800,13,13,12,0
4800,14,13,12,0
4800,15,13,12,1
4850,0,6,7,0
4850,1,6,7,0
4850,2,5,7,0
4850,3,4,7,0
4850,4,4,7,0
4850,5,4,8,0
4850,6,4,8,0
4850,7,4,8,0
4850,8,5,8,0
4850,9,5,8,0
4850,10,5,8,0
4850,11,5,7,0
4850,12,5,7,0
4850,13,5,7,0
4850,14,5,7,0
4850,15,4,7,0
4850,16,4,7,0
4850,17,4,7,0
4850,18,5,7,0
4850,19,5,7,0
4850,20,5,7,0
4850,21,4,7,0
4850,22,4,7,0
4850,23,4,7,0
4850,24,4,7,0
4850,25,4,6,0
4850,26,4,5,0
4850,27,4,4,0
4850,28,4,4,0
4850,29,3,4,0
4850,30,3,4,0
4850,31,3,3,0
4850,32,3,3,0
4850,33,3,3,0
4850,34,3,3,0
4850,35,3,3,0
4850,36,3,3,0
4850,37,3,3,0
4850,38,3,3,0
4850,39,3,3,0
4850,40,3,3,0
4850,41,3,2,0
4850,42,3,2,0
4850,43,3,2,0
4850,44,3,1,0
4850,45,3,1,0
4850,46,3,1,0
4850,47,3,1,0
4850,48,3,1,0
4850,49,3,1,1
4900,0,5,11,0
4900,1,5,11,0
4900,2,6,11,0
4900,3,6,11,0
4900,4,6,11,0
4900,5,6,11,0
4900,6,6,11,0
4900,7,6,11,0
4900,8,6,11,0
4900,9,6,11,0
4900,10,6,11,0
4900,11,6,11,0
4900,12,6,11,1
4950,0,4,6,0
4950,1,4,6,0
4950,2,4,6,0
4950,3,4,6,0
4950,4,5,6,0
4950,5,5,6,0
4950,6,5,6,0
4950,7,5,6,0
4950,8,5,6,0
4950,9,5,5,0
4950,10,5,5,0
4950,11,5,5,0
4950,12,5,5,0
4950,13,5,5,0
4950,14,5,5,0
4950,15,5,5,1
5000,0,15,13,0
5000,1,15,14,0
5000,2,15,14,0
5000,3,15,14,0
5000,4,15,14,0
5000,5,15,14,0
5000,6,16,14,0
5000,7,17,14,0
5000,8,17,14,0
5000,9,17,14,0
5000,10,17,14,0
5000,11,18,14,0
5000,12,18,14,0
5000,13,18,14,0
5000,14,18,15,0
5000,15,18,15,0
5000,16,18,15,0
5000,17,18,15,0
5000,18,18,15,0
5000,19,18,15,0
5000,20,18,15,0
5000,21,18,15,0
5000,22,18,15,0
5000,23,18,15,0
5000,24,18,15,1
5050,0,10,16,0
5050,1,10,16,0
5050,2,10,16,0
5050,3,10,16,0
5050,4,10,16,0
5050,5,10,16,0
5050,6,11,16,0
5050,7,12,16,0
5050,8,12,16,0
5050,9,12,16,0
5050,10,12,16,0
5050,11,12,16,0
5050,12,13,16,0
5050,13,13,16,0
5050,14,13,16,0
5050,15,13,16,0
5050,16,13,16,0
5050,17,13,16,0
5050,18,13,16,1
5100,0,3,2,0
5100,1,3,3,0
5100,2,3,4,0
5100,3,3,4,0
5100,4,3,4,0
5100,5,4,4,0
5100,6,4,4,0
5100,7,4,4,0
5100,8,4,4,0
5100,9,4,4,0
5100,10,4,4,0
5100,11,4,4,0
5100,12,4,5,0
5100,13,4,5,0
5100,14,4,5,0
5100,15,4,5,0
5100,16,4,5,0
5100,17,4,5,0
5100,18,4,5,1
5150,0,2,9,0
5150,1,2,9,0
5150,2,2,10,0
5150,3,2,10,0
5150,4,2,10,0
5150,5,2,11,0
5150,6,2,11,0
5150,7,2,11,0
5150,8,2,11,0
5150,9,2,11,0
5150,10,2,10,0
5150,11,2,10,0
5150,12,2,10,0
5150,13,2,10,0
5150,14,2,9,0
5150,15,2,8,0
5150,16,2,7,0
5150,17,2,6,0
5150,18,2,6,0
5150,19,3,6,0
5150,20,4,6,0
5150,21,4,6,1
5200,0,3,16,0
5200,1,3,16,0
5200,2,3,16,0
5200,3,3,15,0
5200,4,3,15,0
5200,5,3,15,0
5200,6,3,15,0
5200,7,3,15,0
5200,8,2,15,0
5200,9,2,15,0
5200,10,2,16,0
5200,11,2,16,0
5200,12,1,16,0
5200,13,1,16,0
5200,14,1,16,0
5200,15,1,16,0
5200,16,1,16,0
5200,17,1,16,0
5200,18,1,16,1
5250,0,1,16,0
5250,1,1,16,0
5250,2,1,15,0
5250,3,1,15,0
5250,4,1,15,0
5250,5,1,15,0
5250,6,2,15,0
5250,7,3,15,0
5250,8,3,15,0
5250,9,3,15,0
5250,10,4,15,0
5250,11,4,15,0
5250,12,4,15,0
5250,13,4,16,0
5250,14,4,16,0
5250,15,4,16,0
5250,16,4,16,0
5250,17,4,16,0
5250,18,4,16,0
5250,19,3,16,0
5250,20,3,16,0
5250,21,3,16,0
5250,22,3,16,0
5250,23,3,15,0
5250,24,3,15,0
5250,25,3,15,0
5250,26,4,15,0
5250,27,4,15,0
5250,28,4,15,0
5250,29,4,15,0
5250,30,4,15,0
5250,31,4,15,0
5250,32,4,15,0
5250,33,4,15,0
5250,34,4,15,1
5300,0,14,15,0
5300,1,13,15,0
5300,2,13,15,0
5300,3,13,15,0
5300,4,13,15,0
5300,5,13,15,0
5300,6,13,15,0
5300,7,13,15,0
5300,8,13,15,0
5300,9,14,15,0
5300,10,14,15,0
5300,11,14,15,0
5300,12,14,15,0
5300,13,14,15,0
5300,14,14,16,0
5300,15,14,16,0
5300,16,14,16,0
5300,17,14,16,0
5300,18,15,16,0
5300,19,15,16,0
5300,20,15,16,0
5300,21,16,16,0
5300,22,16,16,0
5300,23,16,15,0
5300,24,16,15,0
5300,25,16,15,0
5300,26,16,15,0
5300,27,16,15,0
5300,28,16,15,0
5300,29,16,15,0
5300,30,16,15,0
5300,31,16,14,0
5300,32,16,14,0
5300,33,16,13,0
5300,34,16,13,0
5300,35,16,13,0
5300,36,16,14,0
5300,37,16,14,0
5300,38,16,14,0
5300,39,16,14,0
5300,40,16,14,0
5300,41,16,14,0
5300,42,16,14,1
5350,0,10,12,0
5350,1,10,12,0
5350,2,10,12,0
5350,3,10,12,0
5350,4,10,12,0
5350,5,10,12,0
5350,6,10,12,0
5350,7,10,12,0
5350,8,10,12,0
5350,9,10,12,0
5350,10,10,12,1
5400,0,15,13,0
5400,1,15,13,0
5400,2,16,13,0
5400,3,16,13,0
5400,4,16,13,0
5400,5,15,13,0
5400,6,15,13,0
5400,7,14,13,0
5400,8,14,13,0
5400,9,14,12,0
5400,10,14,12,0
5400,11,14,12,0
5400,12,14,12,0
5400,13,14,12,0
5400,14,13,12,0
5400,15,12,12,0
5400,16,12,12,0
5400,17,12,12,0
5400,18,12,12,0
5400,19,12,12,0
5400,20,12,12,0
5400,21,12,12,0
5400,22,12,12,0
5400,23,12,12,0
5400,24,12,12,0
5400,25,12,12,0
5400,26,12,12,0
5400,27,12,12,1
5450,0,13,9,0
5450,1,13,9,0
5450,2,13,9,0
5450,3,13,9,0
5450,4,13,9,0
5450,5,13,9,0
5450,6,13,9,0
5450,7,12,9,1
5500,0,2,15,0
5500,1,2,15,0
5500,2,2,15,0
5500,3,3,15,0
5500,4,3,15,0
5500,5,3,14,0
5500,6,3,13,0
5500,7,3,12,0
5500,8,3,11,0
5500,9,3,11,0
5500,10,3,11,0
5500,11,3,11,0
5500,12,4,11,0
5500,13,4,11,0
5500,14,4,11,0
5500,15,4,11,0
5500,16,4,12,0
5500,17,4,12,0
5500,18,4,12,1
5550,0,8,5,0
5550,1,8,5,0
5550,2,8,5,0
5550,3,8,5,0
5550,4,8,6,0
5550,5,8,6,0
5550,6,9,6,0
5550,7,9,6,0
5550,8,9,6,0
5550,9,9,6,0
5550,10,9,6,0
5550,11,9,6,0
5550,12,9,6,0
5550,13,8,6,0
5550,14,8,6,0
5550,15,8,6,0
5550,16,8,6,0
5550,17,8,6,0
5550,18,8,6,0
5550,19,8,7,0
5550,20,8,8,0
5550,21,8,8,0
5550,22,8,8,0
5550,23,8,8,0
5550,24,8,8,0
5550,25,8,8,0
5550,26,8,8,1
5600,0,9,11,0
5600,1,9,12,0
5600,2,9,13,0
5600,3,9,14,0
5600,4,9,15,0
5600,5,9,16,0
5600,6,9,17,0
5600,7,9,18,0
5600,8,9,18,0
5600,9,9,18,0
5600,10,9,18,0
5600,11,9,18,1
5650,0,18,16,0
5650,1,18,16,0
5650,2,18,16,0
5650,3,18,16,0
5650,4,18,16,0
5650,5,18,16,0
5650,6,17,16,0
5650,7,17,16,0
5700,0,8,7,0
5700,1,8,8,0
5700,2,8,8,0
5700,3,8,8,0
5700,4,8,8,0
5700,5,8,7,0
5700,6,8,6,0
5700,7,8,5,0
5700,8,8,5,0
5700,9,8,5,0
5700,10,9,5,0
5700,11,9,5,0
5700,12,9,5,0
5700,13,9,5,0
5700,14,9,5,0
5700,15,9,5,0
5700,16,9,5,0
5700,17,9,5,0
5700,18,9,5,0
5700,19,9,5,0
5700,20,9,5,0
5700,21,9,5,0
5700,22,9,5,1
5750,0,11,8,0
5750,1,11,8,0
5750,2,11,9,0
5750,3,11,9,0
5750,4,11,9,0
5750,5,11,8,0
5750,6,11,7,0
5750,7,11,7,0
5750,8,11,7,1
5800,0,1,12,0
5800,1,1,12,0
5800,2,1,12,0
5800,3,1,12,0
5800,4,1,11,0
5800,5,1,11,0
5800,6,1,11,0
5850,0,8,2,0
5850,1,8,2,0
5850,2,8,2,0
5850,3,8,2,0
5850,4,8,1,0
5850,5,8,1,0
5850,6,8,1,0
5850,7,8,1,0
5850,8,8,1,0
5850,9,8,1,0
5850,10,8,1,1
5900,0,3,17,0
5900,1,3,17,0
5900,2,3,18,0
5900,3,3,18,0
5900,4,3,18,0
5900,5,3,17,0
5900,6,3,17,0
5900,7,3,17,0
5900,8,3,17,0
5900,9,3,17,0
5900,10,3,16,0
5900,11,3,16,0
5900,12,2,16,0
5900,13,2,16,0
5900,14,2,15,0
5900,15,2,15,0
5900,16,3,15,0
5900,17,4,15,0
5900,18,4,15,0
5950,0,5,15,0
5950,1,5,16,0
5950,2,5,16,0
5950,3,5,16,0
5950,4,5,16,0
5950,5,4,16,0
5950,6,3,16,0
5950,7,3,16,0
5950,8,3,16,0
5950,9,3,16,0
5950,10,3,16,0
5950,11,3,16,1
6000,0,17,12,0
6000,1,17,11,0
6000,2,17,11,0
6000,3,18,11,0
6000,4,18,11,0
6000,5,18,10,0
6000,6,18,10,0
6000,7,18,10,0
6000,8,18,10,0
6000,9,17,10,0
6000,10,17,10,0
6000,11,17,11,0
6000,12,17,11,0
6000,13,17,11,0
6000,14,17,12,0
6000,15,17,12,0
6000,16,17,12,0
6000,17,17,12,0
6000,18,17,12,0
6000,19,17,12,1
6050,0,1,6,0
6050,1,1,6,0
6050,2,2,6,0
6050,3,3,6,0
6050,4,3,6,0
6050,5,3,6,0
6050,6,3,6,0
6050,7,3,7,1
6100,0,1,15,0
6100,1,1,15,0
6100,2,1,15,0
6100,3,1,15,0
6100,4,1,15,0
6100,5,1,15,1
6150,0,17,2,0
6150,1,17,2,0
6150,2,17,2,0
6150,3,17,2,0
6150,4,17,2,0
6150,5,17,2,0
6150,6,17,2,0
6150,7,17,2,0
6150,8,17,2,0
6150,9,17,3,0
6150,10,17,3,0
6150,11,16,3,0
6150,12,16,3,1
6200,0,15,12,0
6200,1,16,12,0
6200,2,16,12,0
6200,3,16,11,0
6200,4,16,10,0
6200,5,16,10,0
6200,6,16,10,0
6200,7,16,10,0
6200,8,16,10,0
6200,9,16,10,0
6200,10,16,9,0
6200,11,16,9,0
6200,12,16,9,0
6200,13,15,9,0
6200,14,14,9,0
6200,15,13,9,1
6250,0,11,3,0
6250,1,11,3,0
6250,2,11,3,0
6250,3,11,3,0
6250,4,10,3,0
6250,5,10,3,0
6250,6,10,3,0
6250,7,10,3,0
6250,8,11,3,0
6250,9,11,3,0
6250,10,11,2,0
6250,11,11,2,0
6250,12,11,2,0
6250,13,11,2,0
6250,14,11,2,0
6250,15,11,2,0
6250,16,12,2,0
6250,17,12,2,0
6250,18,12,1,0
6250,19,12,1,0
6250,20,11,1,0
6250,21,10,1,0
6250,22,10,1,0
6250,23,10,2,0
6250,24,10,3,0
6250,25,10,3,0
6300,0,5,12,0
6300,1,5,12,0
6300,2,5,13,0
6300,3,5,13,0
6300,4,5,13,0
6300,5,5,13,0
6300,6,5,13,0
6300,7,6,13,0
6300,8,7,13,0
6300,9,8,13,0
6300,10,9,13,0
6300,11,10,13,0
6300,12,10,13,0
6300,13,10,13,0
6350,0,9,2,0
6350,1,9,3,0
6350,2,9,3,0
6350,3,8,3,0
6350,4,8,3,0
6350,5,8,4,0
6350,6,8,4,0
6350,7,8,4,0
6350,8,8,4,0
6350,9,8,4,0
6350,10,7,4,1
6400,0,1,4,0
6400,1,2,4,0
6400,2,2,4,0
6400,3,2,4,0
6450,0,1,2,0
6450,1,1,2,0
6450,2,1,2,0
6450,3,1,2,0
6450,4,1,2,1
6500,0,8,18,0
6500,1,8,18,0
6500,2,8,17,0
6500,3,8,17,0
6500,4,8,17,0
6500,5,8,17,1
6550,0,10,17,0
6550,1,10,17,0
6550,2,10,16,0
6550,3,10,16,0
6550,4,10,16,0
6550,5,10,16,0
6550,6,10,16,0
6550,7,10,16,0
6550,8,10,16,0
6550,9,10,16,0
6550,10,10,17,0
6550,11,10,18,0
6550,12,10,18,0
6550,13,10,18,0
6550,14,10,18,0
6550,15,10,18,0
6550,16,10,18,0
6550,17,10,18,0
6550,18,10,18,0
6550,19,10,18,0
6550,20,9,18,0
6550,21,8,18,0
6550,22,8,18,0
6550,23,8,17,0
6550,24,8,16,0
6550,25,8,16,0
6550,26,8,16,0
6550,27,8,16,0
6550,28,8,16,0
6550,29,8,16,0
6550,30,9,16,1
6600,0,3,7,0
6600,1,3,7,0
6600,2,4,7,0
6600,3,4,7,0
6600,4,4,7,0
6600,5,4,7,0
6600,6,4,6,0
6600,7,4,6,1
6650,0,5,8,0
6650,1,5,8,0
6650,2,4,8,0
6650,3,4,8,0
6650,4,4,8,0
6650,5,4,8,0
6650,6,4,8,0
6650,7,4,8,0
6650,8,3,8,0
6650,9,3,8,0
6650,10,3,7,0
6650,11,3,7,0
6650,12,2,7,0
6650,13,1,7,0
6650,14,1,7,0
6650,15,1,7,0
6650,16,1,7,0
6650,17,1,6,0
6650,18,1,6,0
6650,19,1,6,0
6650,20,1,6,0
6650,21,1,5,0
6650,22,1,5,0
6650,23,1,5,0
6650,24,1,5,0
6650,25,1,5,0
6650,26,1,5,0
6650,27,1,5,0
6650,28,1,5,0
6650,29,1,5,0
6650,30,1,5,0
6650,31,1,5,0
6650,32,1,5,0
6650,33,1,5,0
6650,34,1,5,0
6650,35,1,4,0
6650,36,1,3,0
6650,37,1,3,0
6650,38,1,2,0
6650,39,1,2,0
6650,40,1,2,0
6650,41,1,3,0
6650,42,1,3,0
6650,43,1,4,0
6650,44,1,5,0
6650,45,1,6,0
6650,46,1,7,0
6650,47,1,7,0
6650,48,1,7,0
6650,49,1,8,0
6650,50,1,9,0
6650,51,1,9,0
6650,52,1,9,0
6650,53,1,9,0
6650,54,1,8,0
6650,55,1,8,0
6650,56,1,8,0
6650,57,1,8,0
6650,58,1,8,0
6650,59,1,7,0
6650,60,1,6,0
6650,61,1,6,0
6650,62,1,6,0
6650,63,1,6,0
6650,64,1,6,0
6650,65,2,6,0
6650,66,2,6,0
6700,0,12,11,0
6700,1,13,11,0
6700,2,13,11,0
6700,3,13,11,0
6700,4,13,10,0
6700,5,13,10,0
6700,6,13,10,0
6700,7,13,10,0
6700,8,13,10,0
6700,9,13,10,0
6700,10,13,11,0
6700,11,13,12,0
6700,12,13,12,0
6700,13,13,13,0
6700,14,13,13,0
6700,15,13,13,0
6700,16,13,13,0
6700,17,13,12,0
6700,18,13,12,0
6700,19,13,12,0
6700,20,13,12,0
6700,21,13,12,0
6700,22,13,12,0
6700,23,13,12,0
6700,24,13,12,0
6750,0,10,3,0
6750,1,10,3,0
6750,2,10,3,0
6750,3,10,2,0
6750,4,10,1,0
6750,5,10,1,0
6750,6,10,1,0
6750,7,10,1,0
6750,8,10,1,0
6750,9,9,1,1
6800,0,9,5,0
6800,1,9,6,0
6800,2,9,6,0
6800,3,9,6,0
6800,4,9,6,0
6800,5,9,6,0
6800,6,9,6,0
6800,7,9,6,0
6800,8,9,6,0
6800,9,9,6,0
6800,10,9,6,0
6800,11,9,6,0
6800,12,9,6,0
6800,13,9,6,0
6800,14,8,6,0
6800,15,8,6,0
6800,16,8,6,0
6800,17,8,5,0
6800,18,8,5,0
6800,19,8,4,0
6800,20,8,3,0
6800,21,8,3,0
6800,22,8,3,0
6800,23,8,3,0
6800,24,8,3,0
6800,25,8,3,0
6800,26,8,3,0
6850,0,10,2,0
6850,1,10,2,0
6850,2,10,2,0
6850,3,10,2,0
6850,4,10,2,0
6850,5,10,2,0
6850,6,10,2,0
6850,7,10,2,0
6850,8,10,2,0
6850,9,10,2,0
6850,10,10,2,0
6850,11,9,2,1
6900,0,15,9,0
6900,1,15,9,0
6900,2,16,9,0
6900,3,16,9,0
6900,4,16,9,0
6900,5,16,10,0
6900,6,16,10,0
6900,7,16,10,0
6900,8,16,9,1
6950,0,12,11,0
6950,1,12,10,0
6950,2,12,9,0
6950,3,12,8,0
6950,4,12,8,0
6950,5,12,8,0
6950,6,12,7,0
6950,7,12,7,0
6950,8,12,7,0
6950,9,12,6,0
6950,10,12,6,0
6950,11,12,6,0
6950,12,12,6,0
6950,13,12,6,0
6950,14,12,6,0
6950,15,12,6,0
6950,16,12,6,0
6950,17,12,6,1
7000,0,14,11,0
7000,1,13,11,0
7000,2,12,11,0
7000,3,12,11,0
7000,4,11,11,0
7000,5,11,11,0
7000,6,11,11,0
7000,7,11,11,0
7000,8,11,12,0
7000,9,11,12,1
7050,0,5,2,0
7050,1,5,2,0
7050,2,5,2,0
7050,3,5,1,0
7050,4,5,1,0
7050,5,5,1,0
7050,6,5,2,0
7050,7,5,3,0
7050,8,5,3,0
7050,9,5,3,0
7050,10,4,3,0
7050,11,4,3,0
7050,12,3,3,0
7050,13,3,3,0
7050,14,3,2,0
7050,15,3,2,0
7050,16,3,2,0
7050,17,2,2,0
7050,18,2,2,0
7050,19,2,3,0
7050,20,2,4,0
7050,21,2,5,0
7050,22,2,5,0
7050,23,3,5,0
7050,24,3,5,0
7100,0,12,11,0
7100,1,12,11,0
7100,2,12,10,0
7100,3,12,10,0
7100,4,12,10,0
7100,5,12,11,0
7100,6,12,12,0
7100,7,12,12,0
7100,8,12,12,0
7100,9,13,12,0
7100,10,14,12,0
7100,11,14,12,1
7150,0,4,15,0
7150,1,5,15,0
7150,2,6,15,0
7150,3,6,15,0
7150,4,6,15,0
7150,5,6,15,0
7150,6,6,15,0
7150,7,6,15,0
7150,8,6,15,0
7150,9,5,15,1
7200,0,14,18,0
7200,1,14,18,0
7200,2,14,18,0
7200,3,14,18,0
7200,4,14,17,0
7200,5,14,17,0
7200,6,14,17,0
7200,7,14,17,0
7200,8,14,17,0
7200,9,14,16,0
7200,10,14,15,0
7200,11,14,15,0
7200,12,14,15,0
7200,13,14,15,0
7200,14,15,15,1
7250,0,8,7,0
7250,1,7,7,0
7250,2,6,7,0
7250,3,5,7,0
7250,4,5,7,0
7250,5,5,7,0
7250,6,5,7,0
7250,7,5,7,0
7250,8,4,7,0
7250,9,4,7,0
7250,10,4,7,0
7250,11,4,7,0
7250,12,4,8,0
7250,13,4,8,0
7250,14,4,8,0
7250,15,4,8,0
7250,16,4,8,0
7250,17,5,8,1
7300,0,12,13,0
7300,1,12,13,0
7300,2,13,13,0
7300,3,14,13,0
7300,4,15,13,0
7300,5,15,13,0
7300,6,15,13,0
7300,7,15,13,0
7300,8,15,13,0
7300,9,15,13,1
7350,0,10,7,0
7350,1,10,7,0
7350,2,10,7,0
7350,3,10,7,0
7350,4,10,7,0
7350,5,10,7,0
7350,6,10,6,0
7350,7,10,6,0
7350,8,10,5,0
7350,9,10,5,0
7350,10,11,5,0
7350,11,11,5,0
7350,12,11,5,0
7350,13,11,5,0
7350,14,11,5,0
7350,15,11,5,0
7350,16,10,5,0
7350,17,10,5,0
7350,18,10,5,1
7400,0,2,13,0
7400,1,1,13,0
7400,2,1,13,0
7400,3,1,13,0
7400,4,1,13,0
7400,5,1,13,0
7400,6,2,13,0
7400,7,2,13,0
7400,8,2,13,0
7400,9,2,13,1
7450,0,16,12,0
7450,1,16,11,0
7450,2,16,11,0
7450,3,16,11,0
7450,4,16,10,0
7450,5,16,10,0
7450,6,16,10,0
7450,7,17,10,0
7450,8,17,10,0
7450,9,18,10,1
7500,0,7,9,0
7500,1,6,9,0
7500,2,6,9,0
7500,3,6,9,0
7500,4,6,9,0
7500,5,6,9,0
7500,6,6,9,0
7500,7,5,9,0
7500,8,5,9,0
7500,9,5,9,0
7500,10,4,9,0
7500,11,4,9,0
7500,12,4,10,0
7500,13,4,10,0
7500,14,4,10,0
7500,15,4,10,0
7550,0,5,10,0
7550,1,5,10,0
7550,2,6,10,0
7550,3,6,10,0
7550,4,6,10,0
7550,5,5,10,0
7550,6,4,10,0
7550,7,4,10,0
7550,8,4,10,0
7600,0,3,7,0
7600,1,3,7,0
7600,2,3,6,0
7600,3,3,6,0
7600,4,4,6,0
7600,5,5,6,0
7600,6,5,6,0
7600,7,5,6,0
7600,8,5,6,0
7600,9,5,6,0
7600,10,5,6,0
7600,11,4,6,0
7600,12,4,6,0
7600,13,4,6,0
7600,14,4,7,0
7600,15,4,7,0
7600,16,4,7,0
7600,17,4,7,0
7600,18,4,7,0
7600,19,4,8,1
7650,0,8,9,0
7650,1,8,9,0
7650,2,8,10,0
7650,3,8,11,0
7650,4,8,12,0
7650,5,8,13,0
7650,6,8,13,0
7650,7,8,13,0
7650,8,8,13,0
7650,9,8,13,0
7650,10,8,13,0
7650,11,8,13,0
7650,12,9,13,0
7650,13,9,13,0
7650,14,10,13,0
7650,15,11,13,0
7650,16,12,13,0
7650,17,13,13,0
7650,18,14,13,0
7650,19,15,13,0
7650,20,15,13,0
7650,21,15,13,0
7650,22,15,13,0
7650,23,15,13,0
7650,24,15,13,0
7650,25,15,12,0
7650,26,15,12,1
7700,0,4,11,0
7700,1,4,11,0
7700,2,4,10,0
7700,3,4,9,0
7700,4,4,9,0
7700,5,4,9,0
7700,6,4,9,0
7700,7,3,9,0
7700,8,2,9,0
7700,9,2,9,0
7700,10,2,10,0
7700,11,2,11,0
7700,12,2,11,0
7700,13,2,11,0
7700,14,2,11,0
7700,15,2,11,0
7700,16,2,12,0
7700,17,2,12,0
7700,18,2,12,0
7700,19,2,12,0
7700,20,2,12,0
7700,21,2,12,0
7700,22,1,12,0
7700,23,1,12,0
7700,24,1,12,0
7700,25,1,12,0
7700,26,1,12,0
7700,27,1,12,0
7700,28,1,12,0
7700,29,1,12,0
7700,30,1,13,0
7700,31,1,13,0
7700,32,2,13,0
7700,33,2,13,0
7700,34,2,13,0
7700,35,2,13,0
7700,36,2,14,0
7700,37,2,14,0
7700,38,2,14,0
7700,39,2,15,0
7700,40,2,16,0
7700,41,2,16,0
7700,42,2,16,0
7700,43,2,17,0
7700,44,2,18,0
7700,45,2,18,0
7700,46,2,18,0
7700,47,2,18,0
7700,48,2,18,0
7700,49,2,18,0
7700,50,1,18,0
7700,51,1,18,0
7700,52,1,18,0
7700,53,1,18,0
7700,54,1,18,0
7700,55,1,18,1
7750,0,7,9,0
7750,1,7,9,0
7750,2,7,9,0
7750,3,7,9,0
7750,4,7,9,0
7750,5,7,9,0
7750,6,8,9,0
7750,7,8,9,0
7750,8,8,9,1
7800,0,2,9,0
7800,1,2,9,0
7800,2,2,8,0
7800,3,2,7,0
7800,4,2,6,0
7800,5,2,5,0
7800,6,2,5,0
7800,7,2,5,0
7800,8,1,5,0
7800,9,1,5,0
7800,10,1,5,0
7800,11,1,5,0
7800,12,1,5,0
7800,13,2,5,0
7800,14,2,5,0
7800,15,2,6,0
7800,16,2,6,0
7800,17,2,6,0
7800,18,2,5,0
7800,19,2,4,0
7800,20,2,4,0
7800,21,2,4,0
7800,22,2,4,0
7800,23,2,4,0
7800,24,2,5,1
7850,0,7,14,0
7850,1,7,14,0
7850,2,7,15,0
7850,3,7,15,0
7850,4,8,15,0
7850,5,9,15,0
7850,6,9,15,0
7850,7,9,15,0
7850,8,9,15,0
7850,9,9,15,0
7900,0,3,14,0
7900,1,3,13,0
7900,2,3,13,0
7900,3,3,13,0
7900,4,3,13,0
7900,5,3,13,0
7900,6,3,13,0
7900,7,3,13,0
7900,8,3,13,0
7900,9,3,13,0
7900,10,3,13,0
7900,11,3,13,0
7900,12,3,13,0
7900,13,3,14,0
7900,14,3,14,0
7900,15,3,14,0
7900,16,3,13,0
7900,17,3,13,0
7900,18,4,13,0
7900,19,4,13,0
7900,20,4,13,0
7900,21,4,13,0
7900,22,4,14,0
7900,23,4,15,0
7900,24,4,15,0
7900,25,4,15,0
7900,26,4,15,0
7900,27,4,15,0
7900,28,4,15,0
7900,29,4,15,0
7900,30,4,15,0
7900,31,4,16,0
7900,32,4,16,0
7900,33,4,16,0
7900,34,4,16,0
7900,35,4,16,0
7900,36,5,16,0
7900,37,6,16,0
7900,38,7,16,0
7900,39,7,16,0
7900,40,7,15,0
7900,41,7,15,1
7950,0,10,17,0
7950,1,10,17,0
7950,2,9,17,0
7950,3,9,17,0
7950,4,9,17,0
7950,5,9,17,0
7950,6,9,17,0
7950,7,9,17,0
7950,8,9,17,0
7950,9,10,17,0
7950,10,11,17,0
7950,11,12,17,0
7950,12,13,17,0
7950,13,13,17,0
7950,14,14,17,0
7950,15,15,17,0
7950,16,15,17,0
7950,17,16,17,0
7950,18,16,17,0
7950,19,16,17,0
7950,20,16,17,0
7950,21,16,17,0
7950,22,16,17,0
7950,23,16,17,0
7950,24,17,17,0
7950,25,18,17,0
7950,26,18,17,0
7950,27,18,17,0
7950,28,18,17,0
7950,29,18,17,0
7950,30,18,17,0
7950,31,18,17,0
7950,32,18,17,0
7950,33,18,17,0
7950,34,18,17,0
7950,35,18,17,0
7950,36,18,17,0
7950,37,18,17,1
8000,0,14,5,0
8000,1,13,5,0
8000,2,12,5,0
8000,3,11,5,0
8000,4,10,5,0
8000,5,10,5,0
8000,6,10,5,0
8000,7,10,5,0
8000,8,10,5,0
8000,9,10,5,0
8000,10,10,5,0
8000,11,10,4,1
8050,0,10,10,0
8050,1,10,9,0
8050,2,10,9,0
8050,3,10,9,0
8050,4,10,9,0
8050,5,10,9,0
8050,6,10,9,0
8050,7,10,9,0
8050,8,10,9,0
8050,9,10,9,0
8050,10,10,9,1
8100,0,12,18,0
8100,1,12,18,0
8100,2,12,18,0
8100,3,12,18,0
8100,4,12,18,0
8100,5,11,18,0
8100,6,11,18,0
8100,7,11,18,0
8100,8,11,18,0
8100,9,11,18,0
8100,10,11,18,0
8100,11,11,18,0
8100,12,11,18,0
8100,13,11,18,1
8150,0,3,15,0
8150,1,3,15,0
8150,2,3,15,0
8150,3,3,15,0
8150,4,3,15,0
8150,5,3,15,0
8150,6,3,15,0
8150,7,3,16,0
8150,8,3,16,0
8150,9,3,16,0
8150,10,2,16,0
8150,11,2,16,0
8150,12,2,16,0
8150,13,2,16,0
8150,14,2,16,0
8150,15,2,17,0
8150,16,2,18,0
8150,17,2,18,0
8150,18,3,18,0
8150,19,3,18,0
8150,20,3,18,0
8150,21,3,18,0
8150,22,3,18,0
8150,23,3,18,0
8150,24,3,18,0
8150,25,3,18,0
8150,26,3,18,0
8150,27,3,18,0
8150,28,3,18,0
8150,29,4,18,1
8200,0,2,3,0
8200,1,2,2,0
8200,2,2,2,0
8200,3,2,2,0
8200,4,2,2,0
8200,5,2,2,0
8200,6,1,2,0
8200,7,1,2,0
8200,8,1,2,0
8200,9,1,2,0
8200,10,1,3,0
8200,11,1,3,0
8200,12,1,3,0
8200,13,1,4,0
8200,14,1,4,0
8200,15,1,4,0
8200,16,1,5,0
8200,17,1,5,0
8200,18,1,5,0
8200,19,1,4,0
8200,20,1,4,0
8200,21,1,4,0
8200,22,1,4,0
8200,23,1,4,0
8200,24,1,4,0
8200,25,1,4,0
8200,26,1,4,0
8200,27,1,4,1
8250,0,3,11,0
8250,1,3,12,0
8250,2,3,12,0
8250,3,3,12,0
8250,4,3,12,0
8250,5,3,12,0
8250,6,3,12,0
8250,7,3,12,0
8250,8,3,12,0
8250,9,3,12,1
8300,0,3,13,0
8300,1,3,14,0
8300,2,3,14,0
8300,3,3,14,0
8300,4,3,14,0
8300,5,3,14,0
8300,6,3,15,0
8300,7,3,15,0
8300,8,3,16,0
8300,9,3,16,0
8300,10,3,16,0
8300,11,2,16,0
8300,12,2,16,0
8300,13,2,16,0
8300,14,2,16,0
8300,15,2,16,0
8300,16,2,16,0
8300,17,2,15,0
8300,18,2,14,0
8300,19,2,14,0
8300,20,2,14,0
8350,0,1,6,0
8350,1,1,6,0
8350,2,1,6,0
8350,3,1,6,0
8350,4,1,6,0
8350,5,1,6,0
8350,6,1,6,0
8350,7,1,5,0
8350,8,1,4,0
8350,9,1,4,0
8350,10,1,4,0
8350,11,1,4,0
8350,12,1,4,0
8350,13,1,4,0
8350,14,1,4,0
8350,15,1,4,0
8350,16,1,4,0
8350,17,1,4,0
8350,18,1,4,0
8350,19,1,4,0
8350,20,1,4,0
8350,21,1,4,0
8350,22,1,4,0
8350,23,1,3,0
8350,24,1,3,0
8350,25,1,3,0
8350,26,1,4,0
8350,27,1,5,0
8350,28,1,5,0
8350,29,1,5,0
8350,30,1,5,0
8350,31,1,5,0
8350,32,1,5,0
8350,33,1,5,0
8350,34,1,5,0
8350,35,1,5,0
8350,36,1,5,1
8400,0,10,3,0
8400,1,9,3,0
8400,2,8,3,0
8400,3,7,3,0
8400,4,6,3,0
8400,5,5,3,0
8400,6,5,3,0
8400,7,5,3,0
8400,8,4,3,0
8400,9,4,3,0
8400,10,4,3,0
8400,11,4,3,0
8400,12,4,3,0
8400,13,4,3,1
8450,0,12,13,0
8450,1,12,13,0
8450,2,13,13,0
8450,3,14,13,0
8450,4,15,13,0
8450,5,16,13,0
8450,6,17,13,0
8450,7,18,13,0
8450,8,18,13,0
8450,9,18,13,0
8450,10,18,13,0
8450,11,18,13,0
8450,12,18,13,0
8450,13,18,13,0
8450,14,18,13,0
8450,15,18,13,0
8450,16,18,13,0
8450,17,18,13,0
8450,18,18,12,0
8450,19,18,12,0
8450,20,18,12,0
8450,21,18,12,0
8450,22,18,12,0
8450,23,18,12,0
8450,24,18,12,0
8450,25,18,12,0
8450,26,18,12,0
8450,27,18,12,0
8450,28,18,13,0
8450,29,18,13,0
8450,30,18,13,0
8450,31,18,13,0
8450,32,18,13,0
8450,33,18,13,0
8450,34,18,14,0
8450,35,18,15,0
8450,36,18,15,0
8450,37,18,15,0
8450,38,18,15,0
8450,39,18,15,0
8450,40,18,15,0
8450,41,18,14,1
8500,0,3,13,0
8500,1,3,13,0
8500,2,3,13,0
8500,3,3,13,0
8500,4,3,13,0
8500,5,2,13,0
8500,6,2,13,1
8550,0,4,10,0
8550,1,4,10,0
8550,2,5,10,0
8550,3,5,10,0
8550,4,5,11,0
8550,5,5,11,0
8550,6,5,12,0
8550,7,5,12,0
8550,8,5,13,1
8600,0,13,12,0
8600,1,13,12,0
8600,2,13,12,0
8600,3,13,13,0
8600,4,13,14,0
8600,5,13,14,0
8650,0,10,15,0
8650,1,10,15,0
8650,2,10,15,0
8650,3,10,15,0
8650,4,10,15,0
8650,5,10,14,0
8650,6,10,13,0
8650,7,10,12,0
8650,8,10,11,0
8650,9,10,10,0
8650,10,10,9,0
8650,11,10,9,0
8650,12,10,8,0
8650,13,10,7,0
8650,14,10,7,0
8650,15,10,6,0
8650,16,10,5,0
8650,17,10,5,0
8650,18,11,5,0
8650,19,12,5,0
8650,20,12,5,0
8650,21,12,4,0
8650,22,12,4,0
8650,23,12,3,0
8650,24,12,2,0
8650,25,12,2,0
8650,26,12,2,0
8650,27,12,2,0
8650,28,12,2,0
8650,29,12,2,0
8650,30,12,2,0
8650,31,12,2,1
8700,0,14,18,0
8700,1,14,18,0
8700,2,14,17,0
8700,3,14,16,0
8700,4,14,16,0
8700,5,14,16,0
8700,6,14,15,0
8700,7,14,14,0
8700,8,14,14,0
8700,9,14,14,0
8750,0,1,5,0
8750,1,1,5,0
8750,2,1,6,0
8750,3,1,6,0
8750,4,1,6,0
8750,5,1,6,0
8750,6,1,6,0
8750,7,2,6,0
8750,8,2,6,0
8750,9,2,7,0
8750,10,2,7,0
8750,11,2,7,0
8750,12,2,6,0
8750,13,2,6,0
8750,14,2,6,0
8750,15,3,6,0
8750,16,4,6,0
8750,17,4,6,0
8750,18,4,7,0
8750,19,4,8,0
8750,20,4,9,0
8750,21,4,9,0
8750,22,4,9,0
8750,23,4,9,0
8750,24,4,9,0
8750,25,4,9,0
8750,26,4,9,0
8750,27,4,9,1
8800,0,17,7,0
8800,1,17,7,0
8800,2,17,7,0
8800,3,17,7,0
8800,4,17,7,0
8800,5,17,7,0
8800,6,17,7,0
8800,7,17,7,0
8800,8,17,7,0
8800,9,17,7,0
8800,10,17,7,0
8800,11,18,7,0
8800,12,18,7,0
8800,13,18,7,0
8800,14,18,7,0
8800,15,18,7,0
8800,16,18,7,0
8800,17,18,7,0
8800,18,18,8,0
8800,19,18,9,0
8800,20,18,9,0
8850,0,2,9,0
8850,1,2,9,0
8850,2,2,9,0
8850,3,2,9,0
8850,4,2,9,0
8850,5,2,8,0
8850,6,2,8,0
8850,7,2,7,0
8850,8,2,7,0
8850,9,2,7,0
8850,10,2,7,0
8850,11,2,6,0
8850,12,2,6,0
8850,13,2,6,0
8850,14,2,6,0
8850,15,1,6,0
8850,16,1,6,0
8850,17,1,6,0
8850,18,1,6,0
8850,19,1,6,0
8850,20,1,6,0
8850,21,1,5,0
8850,22,1,4,0
8850,23,1,4,0
8850,24,2,4,0
8850,25,2,4,0
8850,26,2,4,0
8850,27,3,4,0
8850,28,4,4,0
8850,29,5,4,0
8850,30,6,4,0
8850,31,6,4,0
8850,32,6,4,0
8850,33,6,4,0
8850,34,6,3,0
8850,35,6,3,0
8850,36,6,3,0
8850,37,6,3,0
8850,38,6,3,0
8850,39,6,2,1
8900,0,9,11,0
8900,1,9,11,0
8900,2,9,10,0
8900,3,9,9,0
8900,4,9,8,0
8900,5,9,7,0
8900,6,9,6,0
8900,7,9,6,0
8900,8,9,5,0
8900,9,9,5,0
8900,10,10,5,0
8900,11,10,5,0
8900,12,10,5,0
8900,13,10,5,0
8900,14,10,5,0
8900,15,10,6,0
8900,16,10,6,0
8900,17,10,6,0
8900,18,10,6,0
8900,19,10,6,0
8900,20,10,6,1
8950,0,7,12,0
8950,1,7,12,0
8950,2,7,12,0
8950,3,7,12,0
8950,4,7,12,0
8950,5,7,12,0
8950,6,7,12,0
8950,7,7,12,0
8950,8,7,12,0
8950,9,7,12,0
9000,0,3,17,0
9000,1,3,17,0
9000,2,3,17,0
9000,3,3,17,0
9000,4,3,17,0
9000,5,3,17,0
9000,6,3,17,0
9000,7,3,17,0
9000,8,4,17,0
9000,9,4,17,0
9000,10,5,17,0
9000,11,5,17,0
9000,12,5,17,0
9000,13,6,17,0
9000,14,7,17,0
9000,15,8,17,0
9000,16,9,17,0
9000,17,9,17,0
9000,18,9,17,0
9000,19,10,17,0
9000,20,11,17,0
9000,21,12,17,0
9000,22,12,17,0
9000,23,12,16,0
9000,24,12,16,0
9000,25,12,16,0
9000,26,12,15,0
9000,27,12,14,0
9000,28,12,13,0
9000,29,12,12,0
9000,30,12,12,0
9000,31,12,12,0
9000,32,12,11,0
9000,33,12,10,0
9000,34,12,9,0
9000,35,12,8,0
9000,36,12,8,0
9000,37,12,8,0
9000,38,12,7,0
9000,39,12,6,0
9000,40,12,5,0
9000,41,12,5,0
9000,42,12,5,0
9000,43,12,5,0
9000,44,11,5,0
9000,45,11,5,0
9000,46,11,4,0
9000,47,11,3,0
9000,48,11,3,1
9050,0,9,7,0
9050,1,9,7,0
9050,2,9,6,0
9050,3,9,6,0
9050,4,9,6,0
9050,5,8,6,0
9050,6,8,6,0
9050,7,8,5,0
9050,8,8,5,1
9100,0,5,14,0
9100,1,5,14,0
9100,2,5,14,0
9100,3,5,14,0
9100,4,5,14,0
9100,5,5,14,0
9100,6,6,14,0
9100,7,7,14,0
9100,8,7,14,0
9100,9,7,14,0
9100,10,7,14,0
9150,0,6,15,0
9150,1,6,15,0
9150,2,6,14,0
9150,3,6,14,0
9150,4,6,13,0
9150,5,6,12,0
9150,6,6,12,0
9150,7,6,12,0
9150,8,6,12,0
9150,9,6,12,0
9150,10,6,12,0
9150,11,6,12,0
9150,12,6,11,0
9150,13,6,11,0
9150,14,6,11,0
9150,15,6,11,0
9150,16,6,11,0
9150,17,6,11,0
9150,18,6,11,0
9150,19,6,11,0
9150,20,5,11,0
9150,21,5,11,0
9150,22,5,11,0
9150,23,5,11,0
9150,24,4,11,1
9200,0,4,10,0
9200,1,4,10,0
9200,2,4,10,0
9200,3,5,10,0
9200,4,5,10,0
9200,5,5,10,0
9200,6,5,10,1
9250,0,17,5,0
9250,1,17,5,0
9250,2,17,5,0
9250,3,16,5,0
9250,4,16,5,0
9250,5,16,4,0
9250,6,16,4,0
9250,7,15,4,0
9250,8,15,4,0
9250,9,15,4,0
9250,10,15,3,0
9250,11,15,2,0
9250,12,15,1,0
9250,13,15,1,0
9250,14,15,1,0
9250,15,15,1,0
9250,16,15,1,0
9250,17,15,1,0
9250,18,15,1,1
9300,0,9,11,0
9300,1,9,11,0
9300,2,9,11,0
9300,3,9,11,0
9300,4,9,11,0
9300,5,9,11,0
9300,6,9,11,0
9300,7,9,12,0
9300,8,9,12,0
9300,9,9,12,1
9350,0,3,7,0
9350,1,2,7,0
9350,2,2,7,0
9350,3,2,7,0
9350,4,2,8,0
9350,5,2,9,0
9350,6,2,10,0
9350,7,2,10,0
9350,8,2,10,0
9350,9,2,11,0
9350,10,2,11,0
9350,11,2,11,0
9350,12,2,11,0
9350,13,2,12,0
9350,14,2,12,0
9350,15,1,12,0
9350,16,1,12,0
9350,17,1,12,0
9350,18,1,13,0
9350,19,1,13,0
9350,20,1,13,0
9350,21,1,13,1
9400,0,9,13,0
9400,1,9,13,0
9400,2,10,13,0
9400,3,10,13,0
9400,4,10,13,0
9400,5,10,13,0
9400,6,10,13,0
9400,7,10,13,0
9400,8,10,13,0
9400,9,10,13,0
9400,10,10,13,1
9450,0,3,9,0
9450,1,3,9,0
9450,2,3,9,0
9450,3,3,9,0
9450,4,3,9,0
9450,5,3,9,0
9450,6,3,9,0
9450,7,3,10,0
9450,8,3,10,0
9450,9,3,10,0
9450,10,3,9,0
9450,11,3,9,0
9450,12,3,9,0
9450,13,3,9,0
9450,14,2,9,0
9450,15,2,9,0
9450,16,2,9,0
9450,17,3,9,0
9450,18,4,9,0
9450,19,4,9,0
9450,20,4,9,0
9450,21,4,9,0
9450,22,4,9,0
9450,23,4,9,1
9500,0,9,15,0
9500,1,9,15,0
9500,2,8,15,0
9500,3,8,15,0
9500,4,8,14,0
9500,5,8,13,0
9500,6,8,13,0
9500,7,7,13,0
9500,8,7,13,0
9500,9,6,13,0
9500,10,5,13,0
9500,11,5,13,0
9500,12,5,13,0
9500,13,5,13,0
9500,14,5,13,0
9500,15,5,13,0
9500,16,5,12,0
9500,17,5,11,0
9500,18,5,11,0
9500,19,6,11,0
9500,20,7,11,0
9500,21,8,11,0
9500,22,9,11,0
9500,23,10,11,0
9500,24,10,11,0
9500,25,10,11,0
9500,26,10,11,0
9500,27,10,11,0
9500,28,10,11,0
9500,29,10,11,0
9500,30,10,11,1
9550,0,17,5,0
9550,1,17,6,0
9550,2,17,7,0
9550,3,17,7,0
9550,4,17,7,0
9550,5,17,7,0
9550,6,17,6,0
9550,7,17,6,0
9550,8,17,5,0
9550,9,17,5,0
9550,10,17,5,0
9550,11,17,5,0
9550,12,17,5,0
9550,13,17,5,0
9550,14,18,5,0
9550,15,18,5,0
9550,16,18,6,0
9550,17,18,6,0
9550,18,17,6,0
9550,19,17,6,0
9550,20,17,7,0
9550,21,17,7,0
9550,22,17,7,0
9550,23,17,7,0
9550,24,17,7,0
9550,25,17,7,0
9550,26,17,7,0
9550,27,17,7,1
9600,0,8,17,0
9600,1,8,16,0
9600,2,8,15,0
9600,3,8,15,0
9600,4,8,15,0
9600,5,8,14,0
9600,6,8,14,0
9650,0,18,2,0
9650,1,18,2,0
9650,2,18,2,0
9650,3,18,2,0
9650,4,17,2,0
9650,5,17,2,0
9650,6,17,2,0
9650,7,17,2,0
9650,8,17,3,0
9650,9,17,4,0
9650,10,17,5,0
9650,11,17,6,0
9650,12,17,7,0
9650,13,17,7,0
9650,14,17,7,0
9650,15,17,7,0
9650,16,17,7,0
9650,17,18,7,0
9650,18,18,7,0
9650,19,18,6,0
9650,20,18,6,0
9650,21,18,6,0
9650,22,18,6,0
9650,23,18,6,0
9650,24,18,6,0
9650,25,17,6,0
9650,26,17,6,0
9650,27,17,7,0
9650,28,17,7,0
9650,29,17,7,0
9650,30,17,8,0
9650,31,17,8,0
9650,32,17,8,0
9650,33,17,8,1
9700,0,11,18,0
9700,1,11,18,0
9700,2,11,17,0
9700,3,11,16,0
9700,4,11,16,0
9700,5,11,16,0
9700,6,11,15,0
9700,7,11,15,0
9700,8,11,15,0
9700,9,11,15,0
9700,10,11,15,0
9700,11,11,15,0
9700,12,10,15,0
9700,13,10,15,0
9700,14,10,15,0
9700,15,9,15,0
9700,16,9,15,0
9700,17,8,15,0
9700,18,7,15,0
9700,19,7,15,0
9700,20,7,15,0
9700,21,7,14,0
9700,22,7,13,0
9700,23,7,13,0
9700,24,7,13,0
9700,25,7,12,0
9700,26,7,12,0
9700,27,7,11,0
9700,28,7,11,0
9700,29,7,11,0
9700,30,7,10,0
9700,31,7,10,0
9700,32,7,10,0
9700,33,7,11,1
9750,0,14,2,0
9750,1,14,2,0
9750,2,14,2,0
9750,3,14,2,0
9750,4,14,2,0
9750,5,14,3,0
9750,6,14,4,0
9750,7,14,4,0
9750,8,14,5,0
9750,9,14,5,0
9750,10,14,5,0
9750,11,14,5,0
9750,12,14,5,0
9750,13,15,5,0
9750,14,15,5,0
9750,15,15,5,0
9750,16,15,5,0
9750,17,15,5,0
9750,18,15,5,0
9800,0,3,12,0
9800,1,3,11,0
9800,2,3,10,0
9800,3,3,10,0
9800,4,3,10,0
9800,5,3,10,0
9800,6,4,10,0
9800,7,5,10,0
9800,8,6,10,0
9800,9,7,10,0
9800,10,8,10,0
9800,11,8,10,0
9800,12,8,10,0
9800,13,8,10,0
9800,14,8,10,0
9800,15,8,9,0
9800,16,8,8,0
9800,17,8,7,0
9800,18,8,6,1
9850,0,16,16,0
9850,1,16,16,0
9850,2,16,16,0
9850,3,16,16,0
9850,4,16,16,0
9850,5,16,17,0
9850,6,16,18,0
9850,7,16,18,0
9850,8,16,18,0
9850,9,16,18,0
9850,10,16,18,0
9850,11,16,18,1
9900,0,18,1,0
9900,1,17,1,0
9900,2,17,1,0
9900,3,17,1,0
9900,4,17,1,0
9900,5,17,1,0
9900,6,17,1,0
9900,7,17,1,0
9900,8,17,1,0
9900,9,16,1,0
9900,10,15,1,0
9900,11,15,1,0
9900,12,15,1,0
9900,13,15,1,0
9900,14,15,1,0
9950,0,14,12,0
9950,1,14,12,0
9950,2,13,12,0
9950,3,13,12,0
9950,4,13,12,0
9950,5,14,12,0
9950,6,15,12,0
9950,7,15,12,0
9950,8,15,12,0
9950,9,16,12,0
9950,10,16,12,0
9950,11,16,12,0
9950,12,16,12,0
9950,13,17,12,0
9950,14,18,12,0
9950,15,18,12,0
9950,16,18,12,0
9950,17,18,12,0
9950,18,18,12,0
9950,19,18,12,0
9950,20,18,12,0
9950,21,18,12,0
9950,22,18,12,0
9950,23,17,12,0
9950,24,17,12,0
9950,25,17,12,0
9950,26,16,12,0
9950,27,16,12,0
9950,28,16,11,0
9950,29,16,11,1
10000,0,3,9,0
10000,1,3,9,0
10000,2,3,9,0
10000,3,4,9,0
10000,4,5,9,0
10000,5,5,9,0
10000,6,5,9,0
10000,7,6,9,0
10000,8,6,9,0
10000,9,6,8,1
10050,0,9,2,0
10050,1,9,2,0
10050,2,9,3,0
10050,3,9,3,0
10050,4,9,3,0
10050,5,9,3,0
10050,6,9,3,0
10050,7,9,3,0
10100,0,6,15,0
10100,1,6,15,0
10100,2,6,15,0
10100,3,6,15,0
10100,4,6,15,0
10100,5,6,14,0
10100,6,6,13,0
10100,7,6,13,0
10100,8,6,13,0
10100,9,6,13,0
10100,10,6,13,0
10100,11,5,13,0
10100,12,4,13,0
10100,13,4,13,0
10100,14,4,13,0
10100,15,4,13,0
10100,16,4,13,0
10100,17,4,13,0
10100,18,4,13,0
10100,19,4,14,0
10100,20,4,14,0
10100,21,3,14,0
10100,22,3,14,0
10100,23,2,14,0
10100,24,2,14,0
10100,25,2,14,0
10100,26,3,14,0
10100,27,4,14,0
10100,28,4,14,0
10100,29,4,14,0
10100,30,4,14,0
10100,31,4,13,0
10100,32,4,13,1
10150,0,18,17,0
10150,1,17,17,0
10150,2,16,17,0
10150,3,15,17,0
10150,4,14,17,0
10150,5,14,17,0
10150,6,14,17,0
10150,7,14,17,0
10150,8,14,16,0
10150,9,14,16,0
10150,10,14,15,0
10150,11,14,14,0
10150,12,14,13,0
10150,13,14,12,0
10150,14,14,12,0
10150,15,14,12,0
10150,16,14,12,0
10150,17,14,12,0
10150,18,14,12,0
10150,19,14,12,0
10200,0,11,10,0
10200,1,11,9,0
10200,2,11,9,0
10200,3,11,9,0
10200,4,12,9,0
10200,5,12,9,0
10200,6,12,8,0
10200,7,12,7,0
10200,8,12,7,0
10200,9,13,7,0
10200,10,13,7,0
10200,11,13,7,0
10200,12,13,6,0
10200,13,13,6,0
10200,14,13,6,0
10200,15,13,6,0
10200,16,13,6,0
10200,17,13,6,0
10200,18,13,6,0
10200,19,12,6,0
10200,20,12,6,1
10250,0,17,9,0
10250,1,17,8,0
10250,2,17,8,0
10250,3,17,8,0
10250,4,17,8,0
10250,5,17,8,0
10250,6,18,8,0
10250,7,18,8,0
10250,8,18,8,0
10250,9,18,8,0
10250,10,18,8,0
10250,11,18,8,0
10250,12,18,8,1
10300,0,2,4,0
10300,1,2,4,0
10300,2,2,4,0
10300,3,2,4,0
10300,4,2,4,1
10350,0,12,2,0
10350,1,12,2,0
10350,2,12,2,0
10350,3,11,2,0
10350,4,11,2,0
10350,5,11,3,0
10350,6,11,4,0
10350,7,11,4,0
10350,8,11,4,0
10400,0,7,13,0
10400,1,8,13,0
10400,2,8,13,0
10400,3,9,13,0
10400,4,10,13,0
10400,5,10,13,0
10400,6,10,13,0
10400,7,10,13,0
10400,8,10,13,1
10450,0,9,2,0
10450,1,9,2,0
10450,2,9,2,0
10450,3,8,2,0
10450,4,8,2,0
10450,5,8,3,0
10450,6,8,4,0
10450,7,8,4,0
10450,8,8,4,0
10450,9,8,4,0
10450,10,8,4,0
10450,11,8,4,0
10450,12,8,4,0
10500,0,4,18,0
10500,1,4,18,0
10500,2,5,18,0
10500,3,6,18,0
10500,4,6,18,0
10500,5,6,17,0
10500,6,6,17,0
10500,7,6,17,0
10500,8,6,17,0
10500,9,7,17,0
10500,10,8,17,0
10500,11,9,17,0
10500,12,9,17,0
10500,13,9,17,0
10500,14,9,17,0
10500,15,9,17,0
10500,16,9,18,0
10500,17,9,18,0
10500,18,9,18,0
10500,19,9,18,0
10500,20,9,18,0
10500,21,9,18,0
10500,22,9,18,0
10500,23,9,18,1
10550,0,13,16,0
10550,1,13,16,0
10550,2,13,16,0
10550,3,12,16,0
10550,4,11,16,0
10550,5,11,16,0
10550,6,11,16,0
10550,7,11,16,0
10550,8,11,16,0
10550,9,11,16,0
10550,10,11,16,0
10550,11,11,16,0
10550,12,11,16,0
10600,0,18,15,0
10600,1,18,15,0
10600,2,18,15,0
10600,3,18,15,0
10600,4,18,15,0
10600,5,18,15,0
10600,6,18,15,0
10600,7,18,15,0
10600,8,18,15,0
10600,9,18,15,0
10600,10,18,15,0
10600,11,18,15,0
10600,12,18,15,0
10600,13,18,15,0
10600,14,18,15,0
10600,15,18,15,0
10600,16,18,14,0
10600,17,18,13,0
10600,18,18,13,0
10600,19,18,13,0
10600,20,18,13,0
10600,21,18,13,0
10600,22,18,12,0
10600,23,18,12,0
10600,24,17,12,0
10600,25,17,12,0
10600,26,17,12,0
10600,27,17,12,0
10600,28,17,12,0
10600,29,17,12,0
10600,30,17,11,0
10600,31,17,10,0
10600,32,17,9,0
10600,33,17,9,0
10600,34,17,9,0
10600,35,17,9,0
10600,36,17,9,0
10600,37,17,9,0
10600,38,17,9,0
10600,39,17,10,1
10650,0,1,18,0
10650,1,1,18,0
10650,2,1,18,0
10650,3,1,18,0
10650,4,1,18,0
10650,5,1,18,0
10650,6,1,18,0
10650,7,1,18,0
10650,8,1,18,0
10650,9,1,18,0
10650,10,1,18,0
10650,11,2,18,0
10650,12,2,18,0
10650,13,2,18,0
10650,14,2,18,0
10650,15,2,18,0
10650,16,1,18,0
10650,17,1,18,0
10650,18,1,18,0
10650,19,1,18,0
10650,20,1,18,0
10650,21,1,18,0
10650,22,1,18,0
10650,23,1,18,0
10650,24,2,18,0
10650,25,3,18,0
10650,26,3,18,0
10650,27,3,18,0
10650,28,3,18,0
10650,29,3,17,0
10650,30,3,16,1
10700,0,14,14,0
10700,1,14,14,0
10700,2,14,14,0
10700,3,14,14,0
10700,4,14,14,0
10700,5,14,14,0
10700,6,14,14,0
10700,7,13,14,0
10700,8,12,14,0
10700,9,12,14,0
10700,10,12,14,0
10700,11,12,14,0
10700,12,13,14,0
10700,13,14,14,0
10700,14,15,14,0
10700,15,15,14,0
10700,16,16,14,0
10700,17,17,14,0
10700,18,18,14,0
10700,19,18,14,0
10700,20,18,13,0
10700,21,18,12,0
10700,22,18,12,0
10700,23,18,12,0
10700,24,18,12,0
10700,25,18,12,0
10700,26,17,12,0
10700,27,17,12,0
10700,28,17,11,0
10700,29,17,11,0
10700,30,17,11,0
10700,31,17,11,0
10700,32,16,11,0
10700,33,16,11,0
10700,34,16,11,0
10700,35,16,11,0
10700,36,16,11,0
10700,37,15,11,0
10700,38,15,11,0
10700,39,15,11,1
10750,0,16,10,0
10750,1,16,10,0
10750,2,16,10,0
10750,3,16,9,0
10750,4,16,9,0
10750,5,16,9,0
10750,6,16,9,0
10750,7,16,8,1
10800,0,6,1,0
10800,1,6,1,0
10800,2,6,1,0
10800,3,6,1,0
10800,4,6,1,0
10800,5,6,1,0
10800,6,6,1,0
10800,7,6,1,0
10800,8,5,1,0
10800,9,5,1,0
10800,10,5,1,0
10800,11,5,1,0
10800,12,4,1,0
10800,13,4,1,0
10800,14,4,1,0
10800,15,4,1,0
10800,16,4,1,0
10800,17,4,1,0
10800,18,4,2,0
10800,19,4,2,0
10800,20,4,2,0
10800,21,4,2,0
10800,22,4,2,0
10800,23,4,2,0
10800,24,4,2,1
10850,0,12,16,0
10850,1,12,16,0
10850,2,12,15,0
10850,3,12,15,0
10850,4,12,15,0
10850,5,12,15,0
10850,6,12,15,0
10850,7,13,15,0
10850,8,13,15,0
10850,9,13,14,0
10850,10,13,13,0
10850,11,13,13,0
10850,12,14,13,0
10850,13,14,13,0
10850,14,14,12,0
10850,15,14,12,0
10850,16,14,12,0
10850,17,14,13,0
10850,18,14,14,0
10850,19,14,14,0
10850,20,14,14,0
10900,0,1,3,0
10900,1,1,3,0
10900,2,1,3,0
10900,3,1,3,0
10900,4,1,3,0
10900,5,1,4,0
10900,6,1,4,0
10900,7,1,4,0
10900,8,1,4,0
10900,9,1,4,0
10900,10,1,4,0
10900,11,1,4,0
10900,12,1,4,0
10900,13,1,4,0
10900,14,1,4,1
10950,0,4,18,0
10950,1,3,18,0
10950,2,3,18,0
10950,3,3,18,0
10950,4,3,18,0
10950,5,3,17,0
10950,6,3,16,0
10950,7,3,16,1
11000,0,12,11,0
11000,1,12,11,0
11000,2,12,11,0
11000,3,12,11,0
11000,4,12,11,0
11000,5,12,12,0
11000,6,12,12,0
11000,7,12,13,0
11000,8,12,13,0
11000,9,12,13,0
11000,10,12,13,0
11000,11,12,13,0
11000,12,12,13,0
11000,13,12,13,1
11050,0,2,6,0
11050,1,2,6,0
11050,2,2,6,0
11050,3,2,6,0
11050,4,2,6,0
11050,5,2,6,0
11050,6,2,6,1
11100,0,2,7,0
11100,1,2,7,0
11100,2,2,7,0
11100,3,2,7,0
11100,4,2,7,0
11100,5,2,7,0
11100,6,2,7,0
11100,7,2,7,0
11100,8,2,6,0
11100,9,2,6,0
11100,10,2,5,0
11100,11,2,4,0
11100,12,2,4,0
11100,13,2,4,0
11100,14,2,4,0
11100,15,2,4,0
11100,16,2,4,0
11100,17,2,4,0
11100,18,2,4,0
11100,19,2,4,1
11150,0,16,4,0
11150,1,16,4,0
11150,2,16,5,0
11150,3,16,6,0
11150,4,16,6,0
11150,5,16,6,0
11150,6,16,6,0
11150,7,15,6,0
11150,8,15,6,0
11150,9,15,6,0
11150,10,15,6,0
11150,11,14,6,0
11150,12,13,6,0
11150,13,13,6,0
11150,14,12,6,0
11150,15,12,6,0
11150,16,12,5,0
11150,17,12,5,0
11150,18,12,5,0
11150,19,11,5,1
11200,0,5,6,0
11200,1,6,6,0
11200,2,6,6,0
11200,3,6,5,0
11200,4,6,4,0
11200,5,6,4,0
11200,6,6,4,0
11200,7,6,4,0
11200,8,6,4,0
11200,9,6,4,0
11200,10,6,3,0
11200,11,6,3,0
11200,12,6,3,0
11200,13,7,3,0
11200,14,8,3,0
11200,15,8,3,0
11200,16,8,3,0
11200,17,8,3,0
11200,18,8,3,0
11200,19,8,3,0
11200,20,8,3,0
11200,21,8,3,1
11250,0,13,10,0
11250,1,13,10,0
11250,2,13,10,0
11250,3,13,9,0
11250,4,13,9,0
11250,5,13,9,0
11250,6,13,9,0
11250,7,13,9,0
11250,8,13,9,0
11250,9,13,9,0
11300,0,18,9,0
11300,1,18,9,0
11300,2,17,9,0
11300,3,16,9,0
11300,4,15,9,0
11300,5,15,9,0
11300,6,14,9,0
11300,7,14,9,0
11300,8,14,9,0
11300,9,14,9,0
11300,10,14,9,0
11300,11,14,9,1
11350,0,4,2,0
11350,1,4,2,0
11350,2,4,2,0
11350,3,4,2,0
11350,4,4,2,0
11350,5,4,1,0
11350,6,4,1,0
11350,7,4,1,0
11350,8,3,1,0
11350,9,2,1,0
11350,10,1,1,0
11350,11,1,1,0
11350,12,1,1,0
11350,13,1,1,0
11350,14,1,2,0
11350,15,1,2,0
11350,16,1,2,0
11350,17,1,2,0
11350,18,1,2,0
11350,19,1,2,0
11350,20,1,3,0
11350,21,1,4,0
11350,22,1,4,0
11350,23,1,5,0
11350,24,1,6,0
11350,25,1,6,0
11350,26,1,6,0
11400,0,1,14,0
11400,1,1,14,0
11400,2,2,14,0
11400,3,3,14,0
11400,4,3,14,0
11400,5,3,13,0
11400,6,3,13,0
11400,7,3,13,0
11400,8,3,13,0
11400,9,3,13,0
11400,10,3,12,1
11450,0,7,17,0
11450,1,7,16,0
11450,2,7,16,0
11450,3,8,16,0
11450,4,8,16,0
11450,5,9,16,0
11450,6,10,16,0
11450,7,11,16,0
11450,8,12,16,0
11450,9,13,16,0
11450,10,14,16,0
11450,11,14,16,0
11450,12,14,16,0
11450,13,14,16,0
11450,14,14,16,0
11450,15,14,16,0
11450,16,13,16,0
11450,17,12,16,0
11450,18,12,16,0
11450,19,11,16,0
11450,20,11,16,0
11450,21,10,16,0
11450,22,10,16,0
11450,23,10,16,0
11450,24,9,16,0
11450,25,8,16,0
11450,26,7,16,0
11450,27,7,16,0
11450,28,7,16,0
11450,29,7,16,0
11450,30,7,16,0
11450,31,6,16,0
11450,32,5,16,0
11450,33,5,16,0
11450,34,4,16,0
11450,35,4,16,0
11450,36,4,17,0
11450,37,4,18,0
11450,38,4,18,0
11450,39,4,18,1
11500,0,15,15,0
11500,1,15,15,0
11500,2,15,15,0
11500,3,15,15,0
11500,4,14,15,0
11500,5,14,15,0
11500,6,14,15,0
11500,7,14,15,0
11500,8,14,14,0
11500,9,14,13,0
11500,10,14,13,0
11500,11,14,13,0
11500,12,14,13,0
11500,13,14,13,0
11500,14,14,12,1
11550,0,12,18,0
11550,1,12,18,0
11550,2,12,18,0
11550,3,12,18,0
11550,4,12,18,0
11550,5,12,18,0
11550,6,12,18,0
11550,7,12,18,0
11550,8,12,18,0
11550,9,12,17,0
11550,10,12,17,0
11550,11,12,16,0
11550,12,12,15,0
11550,13,12,14,0
11550,14,12,14,0
11550,15,12,14,0
11550,16,12,14,0
11550,17,12,14,0
11550,18,12,14,1
11600,0,5,11,0
11600,1,5,11,0
11600,2,5,11,0
11600,3,5,11,0
11600,4,5,10,0
11600,5,5,10,0
11600,6,5,10,0
11600,7,5,10,0
11600,8,5,10,0
11600,9,5,10,0
11600,10,5,11,1
11650,0,8,2,0
11650,1,8,2,0
11650,2,7,2,0
11650,3,7,2,0
11650,4,7,2,0
11650,5,8,2,0
11650,6,9,2,0
11650,7,10,2,0
11650,8,11,2,0
11650,9,11,2,0
11650,10,11,2,0
11650,11,11,2,0
11650,12,11,2,0
11650,13,11,2,0
11650,14,11,2,0
11650,15,11,2,0
11650,16,11,2,0
11650,17,10,2,0
11650,18,10,2,0
11650,19,10,2,0
11650,20,10,2,1
11700,0,4,10,0
11700,1,4,10,0
11700,2,4,10,0
11700,3,4,10,0
11700,4,4,10,0
11700,5,4,10,0
11700,6,4,10,0
11700,7,4,10,1
11750,0,16,10,0
11750,1,16,10,0
11750,2,16,10,0
11750,3,17,10,0
11750,4,17,10,0
11750,5,17,10,0
11750,6,18,10,0
11750,7,18,10,0
11750,8,18,10,0
11750,9,18,10,0
11750,10,18,10,0
11750,11,18,10,0
11750,12,17,10,0
11750,13,17,10,0
11750,14,17,10,0
11750,15,17,10,0
11750,16,17,10,0
11750,17,17,10,0
11750,18,18,10,0
11750,19,18,10,0
11750,20,18,10,0
11750,21,18,10,0
11750,22,18,10,0
11750,23,18,10,0
11750,24,18,10,0
11750,25,18,11,0
11750,26,18,12,0
11750,27,18,12,0
11800,0,12,13,0
11800,1,12,13,0
11800,2,11,13,0
11800,3,11,13,0
11800,4,11,13,0
11850,0,17,11,0
11850,1,17,11,0
11850,2,17,11,0
11850,3,17,11,0
11850,4,17,11,0
11850,5,17,11,0
11850,6,17,11,0
11850,7,17,11,0
11850,8,16,11,0
11850,9,16,11,0
11850,10,16,12,0
11850,11,16,13,0
11850,12,16,13,0
11850,13,17,13,0
11850,14,17,13,0
11850,15,17,13,0
11850,16,17,13,0
11850,17,17,13,0
11850,18,17,13,0
11850,19,17,13,0
11850,20,17,14,0
11850,21,17,14,0
11850,22,17,14,0
11850,23,17,14,0
11850,24,17,14,1
11900,0,6,12,0
11900,1,6,12,0
11900,2,6,12,0
11900,3,6,12,0
11900,4,6,11,0
11900,5,6,11,0
11900,6,7,11,0
11900,7,7,11,0
11900,8,7,11,0
11900,9,7,11,0
11900,10,7,11,0
11900,11,7,11,0
11900,12,7,10,1
11950,0,4,6,0
11950,1,4,6,0
11950,2,4,5,0
11950,3,4,5,0
11950,4,4,5,0
11950,5,4,5,0
11950,6,4,5,0
11950,7,4,5,0
11950,8,5,5,0
11950,9,5,5,0
11950,10,5,5,0
11950,11,5,5,0
11950,12,5,4,0
11950,13,5,4,0
11950,14,5,3,0
11950,15,5,3,0
11950,16,5,3,0
11950,17,5,4,0
11950,18,5,4,0
11950,19,6,4,0
11950,20,6,4,0
11950,21,6,4,0
11950,22,7,4,0
11950,23,8,4,0
11950,24,9,4,0
11950,25,10,4,0
11950,26,11,4,0
11950,27,12,4,0
11950,28,13,4,0
11950,29,14,4,0
11950,30,14,4,0
11950,31,14,4,0
11950,32,14,4,0
11950,33,14,4,0
11950,34,13,4,0
11950,35,13,4,0
11950,36,13,5,1
12000,0,7,7,0
12000,1,7,7,0
12000,2,7,7,0
12000,3,7,8,0
12000,4,7,9,0
12000,5,7,9,0
12000,6,7,9,0
12000,7,7,9,0
12000,8,7,9,0
12000,9,7,9,0
12000,10,7,8,0
12000,11,7,8,0
12000,12,7,8,0
12000,13,7,8,0
12000,14,7,7,0
12000,15,7,6,0
12000,16,7,6,0
12000,17,6,6,0
12000,18,6,6,0
12000,19,6,7,0
12000,20,6,7,0
12000,21,6,7,0
12000,22,6,7,0
12000,23,7,7,0
12000,24,8,7,0
12000,25,9,7,0
12000,26,9,7,1
12050,0,15,17,0
12050,1,15,17,0
12050,2,15,17,0
12050,3,14,17,0
12050,4,14,17,0
12050,5,14,17,0
12050,6,14,16,0
12050,7,14,15,0
12050,8,14,15,0
12050,9,14,15,0
12050,10,14,15,0
12050,11,14,15,0
12050,12,14,15,0
12050,13,14,15,0
12050,14,14,15,1
12100,0,5,12,0
12100,1,5,11,0
12100,2,5,10,0
12100,3,5,10,0
12100,4,5,10,0
12100,5,6,10,0
12100,6,6,10,0
12100,7,6,10,0
12100,8,6,10,1
12150,0,17,11,0
12150,1,17,11,0
12150,2,17,11,0
12150,3,17,11,0
12150,4,17,11,0
12150,5,17,11,0
12150,6,17,11,0
12150,7,17,11,0
12150,8,17,10,0
12150,9,17,9,0
12150,10,17,8,0
12150,11,17,7,0
12150,12,17,7,0
12150,13,17,7,0
12150,14,17,7,0
12150,15,17,7,0
12150,16,17,8,0
12150,17,17,9,0
12150,18,17,10,0
12150,19,17,11,0
12150,20,17,11,0
12150,21,17,11,0
12150,22,17,11,0
12150,23,16,11,0
12150,24,16,11,0
12150,25,16,11,1
12200,0,3,15,0
12200,1,3,15,0
12200,2,3,15,0
12200,3,3,15,0
12200,4,3,15,0
12200,5,3,15,0
12200,6,3,15,0
12200,7,3,15,1
12250,0,6,16,0
12250,1,6,15,0
12250,2,6,15,0
12250,3,6,15,0
12250,4,6,15,0
12250,5,7,15,0
12250,6,7,15,0
12250,7,7,15,0
12250,8,7,15,1
12300,0,16,7,0
12300,1,16,7,0
12300,2,15,7,0
12300,3,15,7,0
12300,4,15,7,0
12300,5,15,7,0
12300,6,15,7,0
12300,7,16,7,0
12300,8,16,7,0
12300,9,16,7,0
12300,10,16,7,0
12300,11,17,7,0
12300,12,17,7,0
12300,13,17,7,0
12300,14,17,7,0
12300,15,18,7,0
12300,16,18,7,0
12300,17,18,7,0
12300,18,18,7,0
12300,19,18,7,0
12300,20,17,7,0
12300,21,17,7,0
12300,22,17,7,0
12300,23,17,7,0
12300,24,17,7,1
12350,0,7,1,0
12350,1,7,1,0
12350,2,7,1,0
12350,3,7,1,0
12350,4,7,2,0
12350,5,7,2,0
12350,6,7,2,0
12350,7,7,2,0
12350,8,7,2,0
12350,9,7,2,0
12350,10,7,2,0
12350,11,7,2,0
12350,12,7,1,0
12350,13,7,1,0
12350,14,7,1,0
12350,15,7,1,0
12350,16,7,1,0
12350,17,7,1,1
12400,0,15,2,0
12400,1,15,3,0
12400,2,15,3,0
12400,3,15,3,0
12400,4,15,3,0
12400,5,15,3,0
12400,6,15,3,0
12400,7,16,3,0
12400,8,16,3,0
12400,9,16,3,0
12400,10,16,3,0
12400,11,16,3,0
12400,12,16,4,0
12400,13,16,4,0
12400,14,16,4,0
12400,15,16,4,1
12450,0,5,8,0
12450,1,5,8,0
12450,2,5,8,0
12450,3,6,8,0
12450,4,7,8,0
12450,5,8,8,0
12450,6,8,8,0
12450,7,8,8,0
12450,8,8,8,0
12450,9,8,8,0
12450,10,8,8,0
12450,11,8,8,0
12450,12,8,7,0
12450,13,8,6,0
12450,14,8,5,0
12450,15,8,4,0
12450,16,8,3,0
12450,17,8,2,0
12450,18,8,2,0
12450,19,8,2,0
12450,20,8,2,0
12450,21,8,2,0
12450,22,7,2,1
12500,0,2,7,0
12500,1,2,7,0
12500,2,2,7,0
12500,3,1,7,0
12500,4,1,7,0
12500,5,1,7,0
12500,6,1,7,0
12500,7,1,7,0
12500,8,1,7,0
12500,9,1,8,0
12500,10,1,9,0
12500,11,1,9,0
12500,12,1,9,0
12500,13,1,9,0
12500,14,1,9,0
12500,15,1,9,0
12500,16,1,9,0
12500,17,1,9,0
12500,18,1,9,0
12500,19,1,9,0
12500,20,1,9,0
12500,21,1,9,0
12500,22,1,9,0
12500,23,1,9,0
12500,24,1,9,0
12500,25,1,9,0
12500,26,1,9,1
12550,0,10,1,0
12550,1,10,1,0
12550,2,11,1,0
12550,3,12,1,0
12550,4,13,1,0
12550,5,14,1,0
12550,6,15,1,0
12550,7,15,1,0
12550,8,15,1,0
12600,0,13,9,0
12600,1,13,9,0
12600,2,13,9,0
12600,3,12,9,0
12600,4,11,9,0
12600,5,11,9,0
12600,6,11,9,0
12600,7,11,9,0
12600,8,11,9,0
12600,9,11,8,1
12650,0,2,3,0
12650,1,2,3,0
12650,2,2,3,0
12650,3,2,3,0
12650,4,2,2,0
12650,5,2,1,0
12650,6,2,1,0
12650,7,2,1,0
12650,8,2,1,0
12650,9,2,1,0
12650,10,2,1,0
12650,11,1,1,0
12650,12,1,1,0
12650,13,1,2,0
12650,14,1,3,0
12650,15,1,3,0
12650,16,1,3,0
12650,17,2,3,0
12650,18,2,3,0
12650,19,2,2,1
12700,0,5,4,0
12700,1,5,4,0
12700,2,5,4,0
12700,3,5,4,0
12700,4,5,4,0
12700,5,5,4,0
12700,6,5,4,0
12700,7,5,5,0
12700,8,5,5,0
12700,9,5,5,0
12700,10,5,6,1
12750,0,2,18,0
12750,1,2,17,0
12750,2,2,17,0
12750,3,3,17,0
12750,4,4,17,0
12750,5,4,17,0
12750,6,4,17,0
12750,7,4,17,0
12750,8,4,17,0
12750,9,4,17,0
12750,10,4,17,0
12750,11,4,17,0
12750,12,4,17,0
12750,13,4,18,0
12750,14,4,18,0
12750,15,5,18,0
12750,16,5,18,0
12750,17,5,18,0
12750,18,5,18,0
12750,19,6,18,0
12750,20,6,18,0
12750,21,6,18,0
12750,22,6,18,1
12800,0,18,14,0
12800,1,18,13,0
12800,2,18,13,0
12800,3,17,13,0
12800,4,16,13,0
12800,5,15,13,0
12800,6,14,13,0
12800,7,14,13,0
12800,8,14,12,0
12800,9,14,12,0
12800,10,14,12,0
12800,11,14,12,0
12800,12,14,12,1
12850,0,11,1,0
12850,1,11,1,0
12850,2,11,1,0
12850,3,11,2,0
12850,4,11,3,0
12850,5,11,4,0
12850,6,11,4,0
12850,7,11,4,0
12850,8,11,4,0
12850,9,11,3,0
12850,10,11,3,0
12850,11,11,3,0
12850,12,11,3,0
12850,13,11,3,0
12900,0,9,2,0
12900,1,9,2,0
12900,2,9,2,0
12900,3,9,1,0
12900,4,9,1,0
12900,5,9,1,0
12900,6,9,1,0
12900,7,8,1,0
12900,8,8,1,0
12900,9,8,1,0
12900,10,7,1,0
12900,11,6,1,0
12900,12,6,1,0
12900,13,6,1,0
12900,14,6,2,0
12900,15,6,3,0
12900,16,6,3,0
12900,17,6,3,0
12900,18,6,3,0
12900,19,6,3,0
12900,20,6,3,0
12900,21,7,3,0
12900,22,7,3,0
12900,23,7,3,0
12900,24,7,3,0
12900,25,7,3,0
12900,26,8,3,0
12900,27,8,3,0
12900,28,8,3,0
12900,29,8,3,0
12900,30,7,3,0
12900,31,7,3,0
12900,32,7,3,0
12900,33,7,3,0
12900,34,8,3,1
12950,0,17,8,0
12950,1,17,9,0
12950,2,17,10,0
12950,3,17,11,0
12950,4,17,11,0
12950,5,17,11,0
12950,6,17,12,0
12950,7,17,12,0
12950,8,17,12,0
12950,9,17,12,0
12950,10,16,12,0
12950,11,16,12,0
12950,12,15,12,0
12950,13,15,12,0
12950,14,15,12,0
12950,15,15,12,0
12950,16,15,13,0
12950,17,15,13,0
12950,18,16,13,0
12950,19,16,13,0
12950,20,16,12,0
12950,21,16,12,0
12950,22,16,12,0
12950,23,16,12,0
13000,0,6,8,0
13000,1,6,8,0
13000,2,6,8,0
13000,3,6,7,0
13000,4,6,6,0
13000,5,6,5,0
13000,6,6,4,0
13000,7,6,4,0
13000,8,6,4,0
13050,0,16,14,0
13050,1,16,14,0
13050,2,16,14,0
13050,3,16,14,0
13050,4,16,14,0
13050,5,16,14,0
13050,6,17,14,0
13050,7,18,14,0
13050,8,18,14,0
13050,9,18,14,0
13050,10,18,14,1
13100,0,6,3,0
13100,1,6,2,0
13100,2,6,1,0
13100,3,6,1,0
13100,4,6,1,0
13100,5,6,2,0
13100,6,6,2,0
13100,7,7,2,0
13100,8,7,2,0
13150,0,4,17,0
13150,1,5,17,0
13150,2,6,17,0
13150,3,6,17,0
13150,4,6,17,0
13150,5,6,17,0
13150,6,6,17,1
13200,0,15,4,0
13200,1,15,4,0
13200,2,15,4,0
13200,3,15,4,0
13200,4,15,5,0
13200,5,15,6,0
13200,6,15,6,0
13200,7,15,6,0
13200,8,15,7,0
13200,9,15,8,0
13200,10,15,8,0
13200,11,15,8,0
13250,0,7,6,0
13250,1,7,6,0
13250,2,7,6,0
13250,3,7,6,0
13250,4,7,6,0
13250,5,7,6,0
13250,6,7,6,0
13250,7,7,5,0
13250,8,7,5,0
13250,9,7,5,0
13250,10,7,5,0
13250,11,7,5,0
13250,12,7,6,0
13250,13,7,6,0
13250,14,8,6,0
13250,15,8,6,0
13250,16,8,6,0
13250,17,8,6,0
13250,18,8,6,0
13250,19,8,6,0
13250,20,7,6,0
13250,21,7,6,1
13300,0,7,1,0
13300,1,6,1,0
13300,2,6,1,0
13300,3,6,2,0
13300,4,6,2,0
13300,5,6,2,0
13300,6,6,2,0
13300,7,5,2,0
13300,8,5,2,0
13300,9,5,2,0
13300,10,5,2,0
13300,11,5,2,0
13300,12,5,2,0
13300,13,5,2,0
13300,14,5,2,0
13300,15,5,1,0
13300,16,5,1,0
13300,17,5,1,0
13300,18,5,1,0
13300,19,5,1,1
13350,0,4,6,0
13350,1,4,6,0
13350,2,4,7,0
13350,3,4,8,0
13350,4,4,9,0
13350,5,4,10,0
13350,6,4,11,0
13350,7,4,12,0
13350,8,4,13,0
13350,9,4,13,0
13350,10,4,13,0
13350,11,4,12,0
13350,12,4,11,0
13350,13,4,11,0
13350,14,4,11,0
13350,15,4,11,0
13350,16,4,11,1
13400,0,2,13,0
13400,1,2,13,0
13400,2,2,13,0
13400,3,2,13,0
13400,4,2,14,0
13400,5,2,14,0
13400,6,3,14,0
13400,7,4,14,0
13400,8,4,14,0
13400,9,4,14,0
13400,10,4,13,0
13400,11,4,12,0
13400,12,4,11,0
13400,13,4,11,0
13400,14,4,11,0
13400,15,3,11,0
13400,16,2,11,0
13400,17,2,11,0
13400,18,2,10,1
13450,0,3,15,0
13450,1,3,15,0
13450,2,3,15,0
13450,3,4,15,0
13450,4,5,15,0
13450,5,5,15,0
13450,6,5,15,0
13450,7,5,16,0
13450,8,5,16,0
13450,9,5,16,0
13450,10,5,16,0
13450,11,6,16,0
13450,12,6,16,0
13450,13,6,16,0
13450,14,7,16,1
13500,0,15,10,0
13500,1,15,10,0
13500,2,15,9,0
13500,3,15,8,0
13500,4,15,7,0
13500,5,15,6,0
13500,6,15,6,0
13500,7,15,6,0
13500,8,15,6,0
13500,9,14,6,0
13500,10,13,6,0
13500,11,12,6,0
13500,12,11,6,0
13500,13,11,6,0
13500,14,11,6,0
13500,15,10,6,0
13500,16,10,6,0
13500,17,9,6,0
13500,18,9,6,0
13500,19,9,6,0
13500,20,9,6,0
13500,21,9,7,0
13500,22,9,7,0
13500,23,8,7,0
13500,24,7,7,0
13500,25,7,7,0
13500,26,7,7,1
13550,0,14,15,0
13550,1,14,15,0
13550,2,14,15,0
13550,3,14,14,0
13550,4,14,13,0
13550,5,14,13,0
13550,6,14,13,0
13550,7,14,13,0
13600,0,11,7,0
13600,1,11,7,0
13600,2,10,7,0
13600,3,9,7,0
13600,4,8,7,0
13600,5,8,7,0
13600,6,8,7,0
13600,7,8,7,0
13600,8,8,8,0
13600,9,8,8,0
13600,10,8,8,0
13600,11,8,8,0
13600,12,8,8,0
13600,13,8,8,1
13650,0,4,10,0
13650,1,4,10,0
13650,2,5,10,0
13650,3,6,10,0
13650,4,7,10,0
13650,5,7,10,0
13650,6,7,10,0
13650,7,7,10,0
13650,8,8,10,0
13650,9,8,10,0
13650,10,8,10,0
13650,11,8,10,1
13700,0,14,3,0
13700,1,14,3,0
13700,2,13,3,0
13700,3,12,3,0
13700,4,12,3,0
13700,5,12,4,0
13700,6,12,4,0
13700,7,12,4,0
13700,8,12,4,0
13700,9,12,4,1
13750,0,6,18,0
13750,1,6,17,0
13750,2,6,16,0
13750,3,6,15,0
13750,4,6,15,0
13750,5,6,15,0
13750,6,6,15,0
13800,0,5,17,0
13800,1,6,17,0
13800,2,7,17,0
13800,3,8,17,0
13800,4,8,17,0
13800,5,8,17,0
13800,6,8,17,0
13800,7,8,17,0
13800,8,8,17,0
13800,9,8,17,0
13800,10,8,17,0
13800,11,8,18,0
13800,12,8,18,0
13800,13,8,18,0
13800,14,8,18,0
13800,15,8,18,0
13800,16,8,18,0
13800,17,8,18,0
13800,18,8,18,0
13800,19,8,18,0
13800,20,8,18,0
13800,21,8,17,0
13800,22,8,17,0
13800,23,8,17,0
13800,24,8,17,0
13800,25,8,17,0
13800,26,9,17,0
13800,27,9,17,0
13800,28,9,17,0
13800,29,9,17,0
13800,30,9,18,0
13800,31,9,18,0
13800,32,9,18,0
13800,33,9,18,0
13800,34,8,18,0
13800,35,8,18,0
13800,36,8,18,1
13850,0,12,14,0
13850,1,12,14,0
13850,2,12,14,0
13850,3,11,14,0
13850,4,10,14,0
13850,5,9,14,0
13850,6,8,14,0
13850,7,7,14,0
13850,8,7,14,0
13850,9,7,14,0
13850,10,6,14,0
13850,11,6,14,0
13850,12,6,15,0
13850,13,6,15,0
13900,0,16,5,0
13900,1,16,5,0
13900,2,16,5,0
13900,3,16,5,0
13900,4,16,5,0
13900,5,16,5,0
13900,6,16,5,0
13900,7,17,5,0
13900,8,18,5,0
13900,9,18,5,0
13900,10,18,4,0
13900,11,18,4,0
13900,12,18,4,0
13900,13,18,3,0
13900,14,18,3,0
13900,15,17,3,0
13900,16,16,3,0
13900,17,16,3,1
13950,0,5,2,0
13950,1,5,2,0
13950,2,5,3,0
13950,3,5,4,0
13950,4,5,5,0
13950,5,5,6,0
13950,6,5,6,0
13950,7,5,6,0
13950,8,5,6,0
13950,9,5,6,0
13950,10,5,7,0
13950,11,5,8,0
13950,12,5,8,0
13950,13,5,9,0
13950,14,5,9,0
13950,15,4,9,0
13950,16,4,9,0
13950,17,4,9,0
13950,18,3,9,0
13950,19,2,9,0
13950,20,2,9,0
13950,21,2,9,0
13950,22,2,9,0
13950,23,2,9,0
13950,24,2,9,0
13950,25,2,9,0
13950,26,2,9,0
13950,27,1,9,0
13950,28,1,9,0
13950,29,1,9,1
14000,0,13,13,0
14000,1,13,12,0
14000,2,13,11,0
14000,3,13,11,0
14000,4,13,11,0
14000,5,13,11,0
14000,6,13,12,0
14000,7,13,13,0
14000,8,13,14,0
14000,9,13,15,0
14000,10,13,16,0
14000,11,13,17,0
14000,12,13,18,0
14000,13,13,18,0
14000,14,13,18,0
14000,15,14,18,0
14000,16,14,18,0
14000,17,14,18,0
14000,18,14,18,0
14000,19,14,18,0
14000,20,14,18,0
14000,21,14,18,0
14000,22,15,18,0
14000,23,16,18,0
14000,24,16,18,0
14000,25,17,18,0
14000,26,17,18,0
14000,27,17,18,0
14000,28,18,18,0
14000,29,18,18,0
14000,30,18,18,0
14000,31,18,18,0
14000,32,18,18,0
14000,33,18,18,0
14000,34,18,18,0
14000,35,18,18,0
14000,36,18,18,0
14000,37,18,18,0
14000,38,18,18,1
14050,0,16,15,0
14050,1,16,15,0
14050,2,16,15,0
14050,3,16,15,0
14050,4,16,15,0
14050,5,16,15,1
14100,0,14,8,0
14100,1,14,8,0
14100,2,14,8,0
14100,3,14,8,0
14100,4,14,8,0
14100,5,14,9,0
14100,6,14,9,0
14100,7,14,9,0
14100,8,14,8,0
14100,9,14,8,0
14100,10,14,8,0
14100,11,14,8,0
14100,12,14,7,0
14100,13,14,7,0
14100,14,14,7,0
14100,15,14,8,0
14100,16,14,8,0
14100,17,14,8,0
14100,18,14,7,0
14100,19,14,7,0
14100,20,13,7,0
14100,21,12,7,0
14100,22,12,7,0
14150,0,11,2,0
14150,1,11,2,0
14150,2,11,2,0
14200,0,15,8,0
14200,1,15,8,0
14200,2,15,8,0
14200,3,15,8,0
14200,4,15,8,0
14200,5,15,8,0
14200,6,15,8,0
14200,7,15,8,0
14200,8,15,8,0
14200,9,15,7,0
14200,10,15,6,0
14200,11,15,5,0
14200,12,15,4,0
14200,13,15,3,0
14200,14,15,2,0
14200,15,15,1,0
14200,16,15,1,0
14200,17,15,1,0
14200,18,15,1,0
14250,0,15,14,0
14250,1,14,14,0
14250,2,13,14,0
14250,3,12,14,0
14250,4,12,14,0
14250,5,12,13,0
14250,6,12,13,0
14250,7,12,13,0
14250,8,12,13,0
14250,9,12,13,0
14250,10,12,13,0
14250,11,12,13,0
14250,12,12,13,0
14250,13,12,13,1
14300,0,11,6,0
14300,1,11,6,0
14300,2,11,6,0
14300,3,11,6,0
14300,4,11,6,0
14300,5,11,6,0
14300,6,11,5,0
14300,7,11,5,0
14300,8,12,5,0
14300,9,12,5,0
14300,10,12,6,0
14300,11,12,7,0
14300,12,12,8,0
14300,13,12,9,0
14300,14,12,10,0
14300,15,12,10,0
14300,16,12,10,0
14300,17,12,10,0
14300,18,12,10,1
14350,0,3,18,0
14350,1,4,18,0
14350,2,4,18,0
14350,3,4,18,0
14350,4,4,18,0
14350,5,4,18,0
14350,6,4,18,0
14350,7,4,18,0
14350,8,4,18,0
14350,9,4,18,0
14350,10,4,18,1
14400,0,17,5,0
14400,1,17,5,0
14400,2,17,5,0
14400,3,17,5,0
14400,4,17,4,0
14400,5,17,4,0
14400,6,17,4,0
14400,7,17,3,0
14400,8,17,3,0
14400,9,18,3,0
14400,10,18,3,0
14400,11,18,3,0
14400,12,18,3,0
14400,13,18,3,0
14400,14,18,3,0
14400,15,18,3,0
14400,16,18,3,0
14400,17,18,3,0
14400,18,18,3,0
14400,19,18,4,0
14400,20,18,5,0
14400,21,18,5,0
14400,22,18,6,0
14400,23,18,7,0
14400,24,18,7,0
14400,25,18,7,0
14400,26,18,8,0
14400,27,18,8,0
14400,28,18,8,0
14400,29,18,8,0
14400,30,18,9,0
14400,31,18,9,0
14400,32,18,9,0
14400,33,18,9,0
14400,34,18,10,0
14400,35,18,11,0
14400,36,18,11,0
14400,37,18,12,0
14400,38,18,12,0
14400,39,18,13,0
14400,40,18,13,0
14400,41,18,13,0
14400,42,18,13,0
14450,0,3,7,0
14450,1,3,7,0
14450,2,3,7,0
14450,3,3,8,0
14450,4,3,8,0
14450,5,4,8,0
14450,6,4,8,0
14450,7,4,8,0
14450,8,4,8,0
14450,9,4,8,0
14450,10,4,9,0
14450,11,4,9,0
14450,12,4,10,0
14450,13,4,10,0
14450,14,4,10,0
14450,15,4,9,0
14450,16,4,9,0
14450,17,5,9,0
14450,18,5,9,0
14500,0,17,15,0
14500,1,17,15,0
14500,2,17,14,0
14500,3,17,14,0
14500,4,17,14,0
14500,5,17,14,0
14500,6,17,15,0
14500,7,17,16,0
14500,8,17,17,0
14500,9,17,17,0
14500,10,17,18,0
14500,11,17,18,0
14500,12,17,18,0
14500,13,18,18,0
14500,14,18,18,0
14500,15,18,18,0
14500,16,18,18,0
14500,17,18,18,0
14500,18,18,18,0
14500,19,18,18,0
14500,20,18,18,0
14500,21,18,18,0
14500,22,18,18,0
14500,23,17,18,0
14500,24,17,18,0
14500,25,17,18,0
14500,26,17,18,0
14500,27,17,18,0
14500,28,17,18,0
14500,29,17,17,0
14500,30,17,17,0
14500,31,17,17,0
14500,32,17,18,0
14500,33,17,18,0
14500,34,17,18,0
14500,35,17,18,0
14500,36,17,18,0
14500,37,17,18,0
14500,38,17,18,1
14550,0,16,6,0
14550,1,16,6,0
14550,2,16,6,0
14550,3,16,5,0
14550,4,16,5,0
14600,0,6,16,0
14600,1,6,16,0
14600,2,6,16,0
14600,3,6,16,0
14600,4,6,16,0
14600,5,5,16,0
14600,6,5,16,0
14600,7,4,16,0
14600,8,4,16,0
14600,9,4,16,0
14600,10,3,16,0
14600,11,3,16,0
14600,12,3,16,0
14600,13,4,16,0
14600,14,5,16,0
14600,15,5,16,0
14600,16,5,16,0
14600,17,5,16,0
14600,18,4,16,0
14600,19,4,16,0
14600,20,4,16,0
14600,21,4,16,0
14600,22,4,16,0
14600,23,4,16,0
14600,24,3,16,0
14600,25,3,16,0
14600,26,2,16,0
14600,27,2,16,0
14600,28,2,16,0
14600,29,1,16,0
14600,30,1,16,0
14600,31,1,17,0
14600,32,1,17,0
14600,33,2,17,0
14600,34,2,17,0
14600,35,2,17,0
14600,36,2,17,0
14600,37,2,17,0
14600,38,2,16,0
14600,39,2,16,0
14600,40,2,16,0
14600,41,2,16,0
14600,42,2,16,0
14600,43,2,15,1
14650,0,17,11,0
14650,1,17,11,0
14650,2,17,11,0
14650,3,17,12,0
14650,4,17,13,0
14650,5,17,14,0
14650,6,17,14,0
14650,7,17,14,0
14650,8,17,15,0
14650,9,17,15,0
14650,10,17,15,0
14650,11,17,16,0
14650,12,17,16,0
14650,13,16,16,0
14650,14,16,16,0
14700,0,4,18,0
14700,1,4,18,0
14700,2,4,18,0
14700,3,4,17,0
14700,4,4,16,0
14700,5,4,15,0
14700,6,4,14,0
14700,7,4,13,0
14700,8,4,13,0
14700,9,4,13,0
14700,10,4,13,0
14700,11,4,13,0
14700,12,3,13,0
14700,13,3,13,0
14700,14,3,13,0
14700,15,3,13,0
14700,16,4,13,0
14700,17,4,13,0
14700,18,4,13,0
14700,19,5,13,0
14700,20,6,13,0
14700,21,6,13,0
14700,22,6,13,0
14700,23,6,13,0
14700,24,6,12,0
14700,25,6,12,0
14750,0,1,2,0
14750,1,1,2,0
14750,2,1,2,0
14750,3,1,2,0
14750,4,2,2,0
14750,5,3,2,0
14750,6,4,2,0
14750,7,4,2,0
14750,8,5,2,0
14750,9,5,2,0
14750,10,6,2,0
14750,11,7,2,0
14750,12,8,2,0
14750,13,8,2,0
14750,14,8,2,0
14750,15,8,2,0
14750,16,8,2,0
14750,17,8,2,0
14750,18,8,3,0
14750,19,8,3,0
14750,20,8,3,0
14750,21,8,3,0
14750,22,8,4,0
14750,23,8,4,0
14750,24,8,4,0
14750,25,8,4,0
14750,26,8,3,0
14750,27,8,2,0
14750,28,8,2,0
14750,29,7,2,0
14750,30,7,2,0
14750,31,7,1,0
14750,32,7,1,0
14750,33,7,1,0
14750,34,7,1,0
14750,35,7,1,0
14750,36,7,1,0
14800,0,9,5,0
14800,1,9,5,0
14800,2,9,6,0
14800,3,9,7,0
14800,4,9,7,0
14800,5,9,7,0
14800,6,9,7,0
14800,7,9,7,0
14800,8,9,8,0
14800,9,9,8,0
14800,10,9,8,0
14800,11,9,9,0
14800,12,9,10,0
14800,13,9,11,0
14800,14,9,11,0
14800,15,10,11,0
14800,16,10,11,0
14850,0,2,8,0
14850,1,2,8,0
14850,2,2,8,0
14850,3,2,8,0
14900,0,13,7,0
14900,1,13,6,0
14900,2,13,6,0
14900,3,12,6,0
14900,4,11,6,0
14900,5,10,6,0
14900,6,9,6,0
14900,7,8,6,0
14900,8,8,6,0
14900,9,8,6,0
14900,10,8,6,0
14900,11,8,6,0
14900,12,8,5,0
14900,13,8,5,0
14900,14,9,5,1
14950,0,7,12,0
14950,1,7,12,0
14950,2,7,12,0
14950,3,7,13,0
14950,4,7,14,0
14950,5,7,14,0
14950,6,7,14,0
14950,7,7,15,0
14950,8,7,16,0
14950,9,7,17,0
14950,10,7,17,0
14950,11,7,18,0
14950,12,7,18,0
14950,13,8,18,0
14950,14,9,18,0
14950,15,10,18,0
14950,16,11,18,0
14950,17,12,18,0
14950,18,12,18,0
14950,19,12,18,0
14950,20,12,18,0
14950,21,13,18,0
14950,22,13,18,0
14950,23,13,18,0
14950,24,14,18,0
14950,25,15,18,0
14950,26,16,18,0
14950,27,17,18,0
14950,28,17,18,0
14950,29,17,18,0
15000,0,2,6,0
15000,1,1,6,0
15000,2,1,6,0
15000,3,1,6,0
15000,4,1,6,0
15000,5,1,6,0
15000,6,1,6,0
15050,0,18,18,0
15050,1,18,18,0
15050,2,18,18,0
15050,3,18,18,0
15050,4,18,18,0
15050,5,18,18,0
15100,0,3,17,0
15100,1,4,17,0
15100,2,5,17,0
15100,3,5,17,0
15100,4,5,16,0
15100,5,5,16,0
15100,6,5,16,0
15100,7,5,16,0
15100,8,5,16,0
15100,9,5,16,0
15100,10,5,16,0
15100,11,5,16,0
15100,12,5,16,0
15100,13,5,16,0
15100,14,5,16,0
15100,15,5,16,0
15100,16,5,16,0
15100,17,5,16,0
15100,18,5,16,0
15100,19,5,16,0
15100,20,5,16,0
15100,21,5,16,0
15100,22,6,16,0
15100,23,6,16,0
15100,24,6,16,0
15100,25,6,15,0
15100,26,6,14,0
15100,27,6,14,0
15100,28,7,14,0
15100,29,7,14,0
15150,0,2,14,0
15150,1,2,14,0
15150,2,2,14,0
15150,3,2,14,0
15150,4,2,14,0
15150,5,1,14,0
15150,6,1,14,0
15150,7,1,14,0
15150,8,1,13,0
15150,9,1,13,0
15150,10,1,13,1
15200,0,13,14,0
15200,1,13,14,0
15200,2,13,15,0
15200,3,13,15,0
15200,4,13,15,0
15200,5,13,15,0
15200,6,13,15,0
15200,7,13,16,0
15200,8,13,16,0
15200,9,13,16,0
15200,10,13,16,0
15200,11,13,16,1
15250,0,1,2,0
15250,1,1,2,0
15250,2,2,2,0
15250,3,2,2,0
15250,4,2,3,0
15250,5,2,4,0
15250,6,2,5,0
15250,7,2,6,0
15250,8,2,7,0
15250,9,2,7,0
15250,10,2,7,0
15250,11,1,7,0
15250,12,1,7,0
15250,13,1,7,0
15250,14,1,7,0
15250,15,1,7,0
15250,16,1,7,0
15250,17,1,7,0
15250,18,1,7,1
15300,0,9,12,0
15300,1,10,12,0
15300,2,10,12,0
15300,3,10,12,0
15300,4,10,12,0
15300,5,10,12,0
15300,6,10,12,0
15300,7,10,12,0
15300,8,10,11,0
15300,9,10,10,0
15300,10,10,10,0
15300,11,10,10,0
15300,12,10,10,0
15300,13,10,10,0
15300,14,10,10,1
15350,0,6,7,0
15350,1,6,6,0
15350,2,6,6,0
15350,3,7,6,0
15350,4,7,6,0
15350,5,7,6,0
15350,6,7,6,0
15350,7,7,6,0
15350,8,7,6,0
15350,9,8,6,1
15400,0,12,2,0
15400,1,12,2,0
15400,2,12,2,0
15400,3,12,2,0
15400,4,12,2,0
15400,5,12,2,0
15400,6,12,2,0
15400,7,12,2,0
15400,8,11,2,0
15400,9,11,2,0
15400,10,11,3,0
15400,11,11,3,0
15400,12,10,3,0
15400,13,10,3,0
15400,14,10,3,0
15400,15,10,3,0
15400,16,9,3,0
15400,17,9,3,0
15400,18,8,3,0
15400,19,7,3,0
15400,20,7,3,0
15400,21,7,3,0
15400,22,7,3,0
15400,23,7,3,1
15450,0,2,3,0
15450,1,2,3,0
15450,2,2,3,0
15450,3,2,3,0
15450,4,2,3,0
15450,5,2,4,0
15450,6,2,5,0
15450,7,2,5,0
15450,8,2,6,0
15450,9,2,7,0
15450,10,2,7,0
15450,11,2,7,0
15450,12,2,7,0
15450,13,2,7,1
15500,0,4,11,0
15500,1,4,10,0
15500,2,4,9,0
15500,3,4,8,0
15500,4,4,8,0
15500,5,4,8,0
15500,6,4,8,0
15500,7,4,8,0
15550,0,7,8,0
15550,1,7,8,0
15550,2,7,8,0
15550,3,7,8,0
15550,4,7,8,0
15550,5,7,8,0
15550,6,7,8,0
15550,7,7,9,0
15550,8,7,10,0
15550,9,7,11,0
15550,10,7,12,0
15550,11,7,13,0
15550,12,7,13,0
15550,13,8,13,0
15550,14,8,13,0
15550,15,8,13,0
15550,16,8,13,0
15550,17,7,13,1
15600,0,17,2,0
15600,1,17,3,0
15600,2,17,4,0
15600,3,17,5,0
15600,4,17,6,0
15600,5,17,6,0
15600,6,16,6,0
15600,7,16,6,0
15600,8,16,6,0
15600,9,16,6,0
15600,10,16,6,0
15600,11,17,6,0
15600,12,17,6,0
15600,13,17,5,0
15600,14,17,5,0
15600,15,16,5,0
15600,16,16,5,0
15600,17,16,5,0
15600,18,16,5,0
15600,19,16,5,0
15600,20,16,4,0
15600,21,16,3,0
15600,22,16,3,0
15600,23,16,3,0
15600,24,16,3,0
15600,25,16,3,1
15650,0,6,9,0
15650,1,6,9,0
15650,2,6,9,0
15650,3,5,9,0
15650,4,4,9,0
15650,5,4,9,0
15650,6,4,9,0
15650,7,4,9,0
15650,8,4,9,0
15650,9,4,9,0
15650,10,4,9,0
15650,11,5,9,0
15650,12,5,9,0
15700,0,10,14,0
15700,1,10,14,0
15700,2,9,14,0
15700,3,9,14,0
15700,4,9,14,0
15700,5,9,14,0
15700,6,9,15,0
15700,7,9,15,0
15700,8,9,15,0
15700,9,9,15,0
15700,10,9,16,0
15700,11,9,16,0
15700,12,9,16,0
15700,13,9,16,0
15700,14,9,16,0
15700,15,9,15,0
15700,16,9,15,0
15700,17,9,15,1
15750,0,16,13,0
15750,1,15,13,0
15750,2,14,13,0
15750,3,13,13,0
15750,4,12,13,0
15750,5,11,13,0
15750,6,10,13,0
15750,7,10,13,0
15750,8,10,12,0
15750,9,10,11,0
15750,10,10,10,0
15750,11,10,10,0
15750,12,10,10,0
15750,13,10,10,0
15750,14,10,10,0
15750,15,11,10,0
15750,16,11,10,0
15750,17,11,9,0
15750,18,11,9,0
15750,19,12,9,1
15800,0,9,16,0
15800,1,9,16,0
15800,2,10,16,0
15800,3,10,16,0
15800,4,10,16,0
15800,5,10,16,0
15800,6,10,16,0
15800,7,10,16,0
15800,8,10,16,0
15800,9,10,16,0
15800,10,10,16,1
15850,0,16,18,0
15850,1,16,18,0
15850,2,17,18,0
15850,3,18,18,0
15850,4,18,18,0
15850,5,18,18,1
15900,0,10,16,0
15900,1,10,16,0
15900,2,10,16,0
15900,3,10,16,0
15900,4,10,16,0
15900,5,10,16,0
15900,6,10,16,0
15900,7,10,16,0
15900,8,10,16,0
15900,9,10,16,0
15900,10,10,16,0
15900,11,10,16,0
15900,12,11,16,0
15900,13,12,16,0
15900,14,12,16,0
15900,15,12,16,0
15900,16,12,16,0
15900,17,12,16,0
15900,18,12,16,0
15900,19,12,15,0
15900,20,12,14,0
15900,21,12,14,0
15900,22,13,14,0
15900,23,13,14,0
15900,24,13,14,0
15900,25,13,13,0
15900,26,13,12,0
15900,27,13,12,0
15900,28,13,12,0
15900,29,13,11,0
15900,30,13,11,0
15900,31,13,11,0
15900,32,13,11,0
15900,33,12,11,0
15900,34,12,11,1
15950,0,8,18,0
15950,1,7,18,0
15950,2,7,18,0
15950,3,7,18,0
15950,4,7,18,0
15950,5,7,18,0
15950,6,7,18,0
15950,7,7,18,0
15950,8,7,18,0
15950,9,7,17,0
15950,10,7,16,0
15950,11,7,15,0
15950,12,7,14,0
15950,13,7,14,0
15950,14,6,14,0
15950,15,6,14,0
16000,0,11,6,0
16000,1,11,6,0
16000,2,11,6,0
16000,3,11,6,0
16000,4,11,6,0
16000,5,10,6,0
16000,6,9,6,0
16000,7,8,6,0
16000,8,8,6,0
16000,9,8,6,0
16000,10,8,6,0
16000,11,8,6,0
16000,12,8,6,0
16000,13,8,6,0
16000,14,8,6,0
16000,15,8,7,0
16000,16,8,7,0
16000,17,9,7,0
16000,18,10,7,0
16000,19,10,7,0
16050,0,16,8,0
16050,1,16,8,0
16050,2,16,8,0
16050,3,16,8,0
16050,4,16,8,0
16050,5,16,8,0
16050,6,16,8,0
16050,7,16,8,0
16050,8,16,9,0
16050,9,16,10,0
16050,10,16,11,0
16050,11,16,12,0
16050,12,16,13,0
16050,13,16,13,0
16050,14,16,13,0
16050,15,16,14,0
16050,16,16,14,0
16050,17,16,14,0
16100,0,8,17,0
16100,1,8,17,0
16100,2,8,17,0
16100,3,8,17,0
16100,4,8,17,0
16100,5,8,17,0
16100,6,8,16,0
16100,7,8,16,0
16100,8,7,16,0
16100,9,7,16,0
16100,10,7,16,0
16100,11,7,16,0
16100,12,7,15,0
16100,13,7,14,0
16100,14,7,14,1
16150,0,6,5,0
16150,1,6,5,0
16150,2,6,6,0
16150,3,6,6,0
16150,4,5,6,0
16150,5,5,6,0
16150,6,5,6,0
16150,7,5,7,0
16150,8,5,8,0
16150,9,5,8,0
16150,10,4,8,0
16150,11,4,8,0
16150,12,4,8,0
16150,13,4,8,0
16150,14,4,8,0
16150,15,4,8,0
16150,16,4,8,0
16150,17,4,8,0
16150,18,4,9,1
16200,0,18,2,0
16200,1,18,2,0
16200,2,18,2,0
16200,3,18,2,0
16250,0,13,13,0
16250,1,13,13,0
16250,2,13,13,0
16250,3,13,13,0
16250,4,13,13,0
16250,5,13,12,0
16250,6,13,12,0
16250,7,13,12,0
16250,8,13,11,0
16250,9,13,10,0
16250,10,13,9,0
16250,11,13,8,0
16250,12,13,8,0
16250,13,12,8,0
16250,14,11,8,0
16250,15,11,8,0
16250,16,11,8,0
16250,17,10,8,0
16250,18,9,8,0
16250,19,9,8,0
16250,20,9,8,0
16250,21,9,8,0
16250,22,9,8,0
16250,23,8,8,0
16250,24,7,8,0
16250,25,7,8,1
16300,0,16,1,0
16300,1,16,1,0
16300,2,16,1,0
16300,3,16,1,0
16300,4,16,1,0
16300,5,16,1,0
16300,6,17,1,0
16300,7,17,1,0
16300,8,17,1,0
16300,9,17,1,0
16300,10,17,1,0
16300,11,17,1,0
16300,12,17,2,0
16300,13,17,2,0
16300,14,17,2,0
16300,15,17,2,0
16300,16,17,2,0
16300,17,17,2,0
16300,18,17,2,0
16300,19,17,3,1
16350,0,18,18,0
16350,1,18,18,0
16350,2,18,18,0
16350,3,18,18,0
16350,4,18,18,0
16350,5,18,18,0
16350,6,18,18,0
16350,7,18,18,1
16400,0,2,13,0
16400,1,2,13,0
16400,2,2,13,0
16400,3,2,13,0
16400,4,2,13,0
16400,5,2,13,0
16400,6,2,13,0
16400,7,2,13,0
16400,8,2,13,0
16400,9,2,12,0
16400,10,2,12,0
16400,11,2,12,0
16400,12,2,12,1
16450,0,4,2,0
16450,1,5,2,0
16450,2,5,2,0
16450,3,5,2,0
16450,4,5,3,0
16450,5,5,4,0
16450,6,5,4,0
16450,7,5,4,0
16450,8,5,4,0
16450,9,5,4,0
16450,10,5,4,0
16450,11,5,4,0
16450,12,5,5,0
16450,13,5,5,0
16450,14,5,5,0
16450,15,5,6,0
16450,16,5,7,0
16450,17,5,8,0
16450,18,5,8,0
16450,19,5,8,0
16450,20,5,8,0
16450,21,5,8,0
16450,22,5,7,0
16450,23,5,7,0
16450,24,5,7,0
16450,25,5,7,0
16450,26,5,8,0
16450,27,5,9,0
16450,28,5,10,0
16450,29,5,11,0
16450,30,5,12,0
16450,31,5,13,0
16450,32,5,14,0
16450,33,5,15,0
16450,34,5,15,0
16450,35,6,15,0
16450,36,7,15,0
16450,37,7,15,0
16500,0,8,2,0
16500,1,8,2,0
16500,2,8,3,0
16500,3,8,3,0
16500,4,8,3,0
16500,5,8,3,0
16500,6,8,3,0
16500,7,8,3,0
16500,8,8,3,0
16500,9,8,3,1
16550,0,5,7,0
16550,1,5,7,0
16550,2,5,7,0
16550,3,5,8,0
16550,4,5,9,0
16550,5,5,10,0
16550,6,5,11,0
16550,7,5,12,0
16550,8,5,13,0
16550,9,5,13,0
16550,10,5,13,0
16550,11,5,13,0
16550,12,5,13,0
16550,13,5,14,1
16600,0,3,3,0
16600,1,3,3,0
16600,2,3,3,0
16600,3,3,4,0
16600,4,3,5,0
16600,5,3,6,0
16600,6,3,7,0
16600,7,3,8,0
16600,8,3,9,0
16600,9,3,10,0
16600,10,3,10,0
16600,11,4,10,0
16600,12,5,10,0
16600,13,5,10,0
16600,14,5,10,0
16600,15,5,10,0
16600,16,5,11,0
16600,17,5,12,0
16600,18,5,13,0
16600,19,5,13,0
16600,20,6,13,0
16600,21,7,13,0
16600,22,8,13,0
16600,23,9,13,0
16600,24,10,13,0
16600,25,11,13,0
16600,26,11,13,0
16600,27,11,14,0
16600,28,11,14,0
16600,29,12,14,0
16600,30,13,14,0
16600,31,13,14,0
16600,32,13,14,0
16600,33,14,14,0
16600,34,15,14,0
16600,35,15,14,0
16600,36,15,14,0
16600,37,16,14,0
16600,38,16,14,0
16600,39,16,13,0
16600,40,16,13,0
16600,41,16,13,0
16600,42,16,13,0
16600,43,16,14,0
16600,44,16,14,0
16600,45,16,14,0
16600,46,16,14,1
16650,0,13,14,0
16650,1,14,14,0
16650,2,15,14,0
16650,3,15,14,0
16650,4,15,14,0
16650,5,15,14,0
16650,6,16,14,0
16650,7,16,14,0
16650,8,16,14,0
16650,9,16,14,0
16650,10,17,14,0
16650,11,17,14,0
16650,12,17,14,0
16650,13,17,14,0
16700,0,1,14,0
16700,1,1,13,0
16700,2,1,13,0
16700,3,1,13,0
16700,4,1,12,0
16700,5,1,11,0
16700,6,1,10,0
16700,7,1,9,0
16700,8,1,9,0
16700,9,1,9,0
16700,10,1,9,0
16700,11,2,9,0
16700,12,2,9,0
16700,13,2,9,0
16700,14,2,9,0
16700,15,2,9,1
16750,0,14,3,0
16750,1,14,4,0
16750,2,14,4,0
16750,3,14,4,0
16750,4,14,5,0
16750,5,14,6,0
16750,6,14,6,0
16750,7,14,6,0
16750,8,14,6,0
16750,9,14,6,0
16750,10,14,7,0
16750,11,14,8,0
16750,12,14,9,0
16750,13,14,9,1
16800,0,9,17,0
16800,1,9,17,0
16800,2,9,16,0
16800,3,9,15,0
16800,4,9,15,0
16800,5,8,15,0
16800,6,8,15,0
16800,7,8,15,0
16800,8,8,15,0
16800,9,9,15,0
16800,10,9,15,0
16800,11,9,16,0
16800,12,9,16,0
16800,13,9,16,0
16800,14,9,16,0
16800,15,8,16,1
16850,0,16,13,0
16850,1,16,13,0
16850,2,16,13,0
16850,3,16,12,0
16850,4,16,11,0
16850,5,16,11,0
16850,6,16,11,0
16850,7,16,11,0
16850,8,16,11,0
16850,9,16,11,1
16900,0,17,2,0
16900,1,17,3,0
16900,2,17,3,0
16900,3,17,3,0
16900,4,17,3,0
16900,5,17,3,0
16900,6,17,3,0
16900,7,17,2,0
16900,8,17,1,0
16900,9,17,1,0
16900,10,17,1,0
16900,11,17,1,0
16900,12,17,1,0
16900,13,17,1,0
16900,14,17,1,1
16950,0,14,14,0
16950,1,14,14,0
16950,2,15,14,0
16950,3,16,14,0
16950,4,17,14,0
16950,5,17,14,0
16950,6,17,15,0
16950,7,17,16,0
16950,8,17,17,0
16950,9,17,17,0
16950,10,17,17,0
16950,11,17,17,0
16950,12,17,17,0
16950,13,17,17,1
17000,0,12,2,0
17000,1,12,1,0
17000,2,12,1,0
17000,3,13,1,0
17000,4,14,1,0
17000,5,14,1,0
17000,6,14,1,0
17000,7,15,1,0
17000,8,16,1,0
17000,9,16,1,0
17000,10,17,1,0
17000,11,18,1,0
17000,12,18,1,0
17000,13,18,1,0
17000,14,18,1,0
17000,15,18,1,0
17000,16,17,1,0
17000,17,17,1,0
17000,18,17,2,0
17000,19,17,2,0
17000,20,16,2,0
17000,21,15,2,0
17000,22,15,2,0
17000,23,15,2,0
17000,24,15,2,0
17000,25,15,2,0
17000,26,15,2,0
17000,27,15,3,0
17000,28,15,3,0
17000,29,14,3,0
17000,30,14,3,0
17050,0,10,4,0
17050,1,10,4,0
17050,2,10,4,0
17050,3,10,4,0
17050,4,10,4,0
17050,5,10,4,0
17050,6,10,4,0
17050,7,11,4,0
17050,8,12,4,0
17050,9,12,4,0
17050,10,12,4,0
17050,11,12,4,0
17050,12,12,4,1
17100,0,2,9,0
17100,1,2,9,0
17100,2,3,9,0
17100,3,3,9,0
17100,4,4,9,0
17100,5,4,9,0
17100,6,4,9,0
17100,7,4,9,0
17100,8,4,9,0
17100,9,4,9,0
17100,10,4,9,0
17100,11,4,10,0
17100,12,4,11,0
17100,13,4,11,0
17100,14,5,11,0
17100,15,5,11,0
17150,0,5,12,0
17150,1,5,12,0
17150,2,5,12,0
17150,3,6,12,0
17150,4,7,12,0
17150,5,7,12,0
17200,0,12,11,0
17200,1,11,11,0
17200,2,10,11,0
17200,3,9,11,0
17200,4,8,11,0
17200,5,7,11,0
17200,6,6,11,0
17200,7,5,11,0
17200,8,5,11,0
17200,9,5,11,0
17200,10,4,11,0
17200,11,4,11,0
17200,12,4,11,0
17200,13,4,11,1
17250,0,12,9,0
17250,1,12,9,0
17250,2,12,10,0
17250,3,12,11,0
17250,4,12,11,0
17300,0,10,2,0
17300,1,10,2,0
17300,2,10,2,0
17300,3,10,2,0
17300,4,11,2,0
17300,5,12,2,0
17300,6,13,2,0
17300,7,14,2,0
17300,8,15,2,0
17300,9,15,2,0
17300,10,15,2,0
17300,11,15,2,0
17300,12,15,2,0
17300,13,15,2,0
17300,14,15,3,0
17300,15,15,3,0
17300,16,15,3,0
17300,17,15,3,1
17350,0,9,18,0
17350,1,10,18,0
17350,2,10,18,0
17350,3,10,18,0
17350,4,9,18,0
17350,5,8,18,0
17350,6,8,18,0
17350,7,8,18,0
17350,8,8,18,0
17350,9,8,18,0
17350,10,8,18,1
17400,0,2,14,0
17400,1,2,14,0
17400,2,2,14,0
17400,3,2,14,0
17400,4,3,14,0
17400,5,3,14,0
17400,6,3,14,0
17400,7,3,14,0
17400,8,3,13,0
17400,9,3,12,0
17400,10,3,12,0
17400,11,3,11,0
17400,12,3,11,0
17400,13,3,11,0
17400,14,3,11,0
17400,15,3,11,1
17450,0,4,4,0
17450,1,4,4,0
17450,2,4,5,0
17450,3,4,5,0
17500,0,4,10,0
17500,1,4,10,0
17500,2,4,10,0
17500,3,5,10,0
17500,4,6,10,0
17500,5,6,10,0
17500,6,6,10,0
17500,7,6,9,0
17500,8,6,8,0
17500,9,6,7,0
17500,10,6,6,0
17500,11,6,5,0
17500,12,6,4,0
17500,13,6,3,0
17500,14,6,2,0
17500,15,6,2,0
17500,16,6,2,0
17500,17,6,2,0
17500,18,6,1,0
17500,19,6,1,0
17500,20,6,1,0
17500,21,6,1,0
17500,22,6,1,0
17500,23,6,1,0
17500,24,6,1,0
17500,25,6,1,0
17500,26,6,1,0
17500,27,6,1,0
17500,28,6,1,0
17550,0,18,5,0
17550,1,18,5,0
17550,2,18,6,0
17550,3,18,6,0
17550,4,18,7,0
17550,5,18,7,0
17550,6,18,7,0
17550,7,18,7,0
17550,8,18,7,0
17550,9,18,7,0
17550,10,18,7,1
17600,0,9,4,0
17600,1,9,4,0
17600,2,9,3,0
17600,3,9,3,0
17600,4,9,3,0
17600,5,9,3,0
17600,6,9,3,0
17600,7,9,3,0
17600,8,9,3,0
17600,9,9,4,0
17600,10,9,4,0
17600,11,9,4,0
17600,12,9,5,0
17600,13,9,5,0
17650,0,4,8,0
17650,1,4,8,0
17650,2,4,8,0
17650,3,4,8,0
17650,4,4,9,0
17650,5,4,9,0
17650,6,4,9,0
17650,7,4,10,0
17650,8,4,10,0
17650,9,4,10,0
17650,10,4,10,0
17650,11,4,10,0
17650,12,4,10,0
17650,13,5,10,0
17650,14,6,10,0
17650,15,6,10,0
17650,16,6,11,0
17650,17,6,12,0
17650,18,6,13,0
17650,19,6,13,0
17650,20,6,13,0
17650,21,5,13,0
17650,22,4,13,0
17650,23,3,13,0
17650,24,3,13,0
17650,25,3,13,0
17650,26,4,13,0
17650,27,5,13,0
17650,28,5,13,0
17650,29,5,13,0
17650,30,5,13,0
17650,31,5,13,0
17700,0,10,6,0
17700,1,10,6,0
17700,2,9,6,0
17700,3,9,6,0
17700,4,9,7,0
17700,5,9,7,0
17700,6,9,7,0
17700,7,9,7,0
17700,8,9,7,0
17750,0,7,18,0
17750,1,7,18,0
17750,2,7,18,0
17750,3,8,18,0
17750,4,9,18,0
17750,5,10,18,0
17750,6,11,18,0
17750,7,12,18,0
17750,8,12,18,0
17750,9,13,18,0
17750,10,14,18,0
17750,11,15,18,0
17750,12,15,18,0
17750,13,15,18,0
17750,14,15,18,0
17750,15,15,18,0
17750,16,15,18,0
17750,17,15,18,1
17800,0,14,8,0
17800,1,14,8,0
17800,2,14,8,0
17800,3,14,8,0
17800,4,14,9,0
17800,5,14,10,0
17800,6,14,10,0
17800,7,14,10,0
17800,8,14,11,0
17800,9,14,11,0
17800,10,14,11,0
17800,11,14,11,0
17800,12,14,11,0
17850,0,6,12,0
17850,1,5,12,0
17850,2,5,12,0
17850,3,5,13,0
17850,4,5,14,0
17850,5,5,15,0
17850,6,5,15,0
17850,7,6,15,0
17850,8,6,15,0
17900,0,18,2,0
17900,1,18,2,0
17900,2,17,2,0
17900,3,16,2,0
17900,4,15,2,0
17900,5,14,2,0
17900,6,13,2,0
17900,7,12,2,0
17900,8,11,2,0
17900,9,11,2,0
17900,10,10,2,0
17900,11,9,2,0
17900,12,8,2,0
17900,13,8,2,0
17900,14,7,2,0
17900,15,6,2,0
17900,16,6,2,0
17900,17,6,2,0
17900,18,7,2,0
17900,19,7,2,0
17900,20,7,2,0
17900,21,8,2,0
17900,22,9,2,0
17900,23,10,2,0
17900,24,10,2,0
17900,25,10,2,0
17900,26,10,2,0
17900,27,10,2,0
17950,0,15,4,0
17950,1,15,4,0
17950,2,14,4,0
17950,3,14,4,0
17950,4,14,4,0
17950,5,14,4,0
17950,6,14,4,0
17950,7,13,4,0
17950,8,13,4,0
17950,9,13,4,0
17950,10,13,3,0
17950,11,13,3,0
17950,12,13,3,0
17950,13,13,3,0
17950,14,12,3,0
17950,15,11,3,0
17950,16,11,3,0
17950,17,11,3,0
18000,0,2,17,0
18000,1,2,17,0
18000,2,2,17,0
18050,0,18,4,0
18050,1,18,4,0
18050,2,18,4,0
18100,0,17,9,0
18100,1,17,9,0
18100,2,16,9,0
18100,3,16,9,0
18100,4,16,8,0
18100,5,16,7,0
18100,6,16,7,0
18150,0,17,15,0
18150,1,16,15,0
18150,2,15,15,0
18150,3,14,15,0
18150,4,13,15,0
18150,5,12,15,0
18150,6,11,15,0
18150,7,10,15,0
18150,8,10,15,0
18150,9,10,15,0
18150,10,10,14,0
18150,11,10,13,0
18150,12,10,13,0
18150,13,10,13,0
18150,14,10,13,0
18150,15,10,13,0
18150,16,10,13,0
18150,17,10,13,0
18150,18,10,13,1
18200,0,18,5,0
18200,1,18,5,0
18200,2,18,5,0
18200,3,18,5,0
18200,4,17,5,0
18200,5,17,5,0
18200,6,16,5,0
18200,7,15,5,0
18200,8,14,5,0
18200,9,13,5,0
18200,10,12,5,0
18200,11,11,5,0
18200,12,11,5,0
18200,13,11,5,0
18200,14,11,5,0
18200,15,11,5,0
18200,16,11,5,0
18200,17,11,4,0
18200,18,11,3,0
18200,19,11,2,0
18200,20,11,1,0
18200,21,11,1,0
18200,22,11,1,0
18200,23,11,1,0
18200,24,11,1,0
18200,25,11,1,0
18200,26,11,1,0
18250,0,9,13,0
18250,1,9,13,0
18250,2,9,13,0
18250,3,9,13,0
18250,4,8,13,0
18250,5,7,13,0
18250,6,7,13,0
18250,7,7,13,0
18250,8,7,13,0
18250,9,6,13,0
18250,10,5,13,0
18250,11,5,13,0
18250,12,5,13,0
18250,13,5,13,0
18250,14,6,13,0
18250,15,7,13,0
18250,16,7,13,0
18250,17,8,13,0
18250,18,9,13,0
18250,19,10,13,0
18250,20,11,13,0
18250,21,12,13,0
18250,22,13,13,0
18250,23,14,13,0
18250,24,15,13,0
18250,25,16,13,0
18250,26,16,13,0
18250,27,17,13,0
18250,28,18,13,0
18250,29,18,13,0
18250,30,18,13,0
18250,31,18,13,0
18250,32,18,13,0
18250,33,18,13,1
18300,0,13,18,0
18300,1,13,18,0
18300,2,12,18,0
18300,3,11,18,0
18300,4,11,18,0
18300,5,11,17,0
18300,6,11,16,0
18300,7,11,16,0
18350,0,9,17,0
18350,1,9,17,0
18350,2,8,17,0
18350,3,7,17,0
18350,4,6,17,0
18350,5,6,17,0
18350,6,6,17,0
18350,7,6,17,0
18350,8,6,17,0
18350,9,6,17,0
18350,10,6,17,0
18350,11,6,17,0
18350,12,6,17,0
18350,13,6,17,0
18350,14,5,17,0
18350,15,5,17,0
18350,16,4,17,0
18350,17,3,17,0
18350,18,3,17,0
18350,19,3,17,0
18350,20,4,17,0
18350,21,4,17,0
18350,22,4,17,0
18350,23,4,17,0
18350,24,4,16,0
18350,25,4,16,1
18400,0,5,9,0
18400,1,5,9,0
18400,2,5,8,0
18400,3,5,7,0
18400,4,5,6,0
18400,5,5,6,0
18400,6,5,6,0
18400,7,5,6,0
18400,8,5,6,0
18400,9,5,5,0
18400,10,5,5,0
18400,11,5,5,0
18400,12,5,5,0
18400,13,5,5,0
18450,0,8,5,0
18450,1,8,5,0
18450,2,8,5,0
18450,3,8,5,0
18450,4,8,5,0
18450,5,7,5,0
18450,6,7,5,0
18450,7,7,5,0
18450,8,7,5,0
18450,9,7,5,0
18450,10,6,5,0
18450,11,6,5,0
18450,12,6,6,0
18450,13,6,6,0
18450,14,6,6,0
18450,15,6,6,0
18500,0,9,1,0
18500,1,9,1,0
18500,2,9,1,0
18500,3,9,2,0
18500,4,9,2,0
18500,5,9,2,0
18500,6,9,2,0
18500,7,9,2,0
18500,8,9,3,0
18500,9,9,4,0
18500,10,9,4,0
18500,11,9,4,0
18500,12,9,4,0
18500,13,9,5,0
18500,14,9,6,0
18500,15,9,7,0
18500,16,9,8,0
18500,17,9,9,0
18500,18,9,9,0
18500,19,9,10,0
18500,20,9,11,0
18500,21,9,12,0
18500,22,9,12,0
18500,23,9,12,0
18550,0,12,7,0
18550,1,12,7,0
18550,2,12,7,0
18550,3,11,7,0
18550,4,10,7,0
18550,5,9,7,0
18550,6,9,7,0
18550,7,9,8,0
18550,8,9,9,0
18550,9,9,9,0
18550,10,9,9,0
18550,11,9,9,0
18550,12,9,9,0
18550,13,8,9,0
18550,14,7,9,0
18550,15,6,9,0
18550,16,5,9,0
18550,17,4,9,0
18550,18,3,9,0
18550,19,3,9,0
18550,20,2,9,0
18550,21,2,9,0
18550,22,2,9,0
18550,23,1,9,0
18550,24,1,9,0
18550,25,1,9,0
18550,26,1,9,0
18550,27,1,9,0
18550,28,1,9,0
18550,29,1,9,0
18550,30,1,9,0
18550,31,1,9,0
18550,32,1,9,0
18550,33,1,9,0
18550,34,1,9,0
18550,35,1,9,1
18600,0,7,18,0
18600,1,7,18,0
18600,2,7,18,0
18600,3,7,18,0
18600,4,7,18,0
18600,5,7,17,0
18600,6,7,17,0
18600,7,7,17,0
18600,8,7,16,0
18600,9,7,15,0
18600,10,7,14,0
18600,11,7,13,0
18600,12,7,12,0
18600,13,7,12,0
18600,14,7,12,0
18600,15,7,12,0
18600,16,7,12,0
18600,17,8,12,0
18600,18,8,12,0
18600,19,8,13,0
18600,20,8,13,0
18600,21,8,13,0
18600,22,8,14,0
18600,23,8,14,0
18600,24,9,14,0
18600,25,10,14,0
18600,26,11,14,0
18600,27,11,14,0
18600,28,11,14,0
18650,0,7,14,0
18650,1,7,14,0
18650,2,7,14,0
18650,3,7,14,0
18700,0,2,2,0
18700,1,2,2,0
18700,2,2,2,0
18700,3,2,2,0
18700,4,2,2,0
18700,5,2,2,0
18700,6,2,2,0
18700,7,2,3,0
18700,8,2,4,0
18700,9,2,5,0
18700,10,2,5,0
18700,11,2,5,0
18700,12,2,6,0
18700,13,2,6,0
18700,14,3,6,0
18700,15,4,6,0
18700,16,4,6,0
18700,17,4,6,0
18700,18,4,6,0
18700,19,5,6,0
18700,20,5,6,0
18700,21,5,7,0
18700,22,5,8,0
18700,23,5,9,0
18700,24,5,10,0
18700,25,5,11,0
18700,26,5,12,0
18700,27,5,13,0
18700,28,5,13,0
18700,29,5,14,0
18700,30,5,14,0
18700,31,5,14,0
18700,32,5,15,0
18700,33,5,15,0
18700,34,6,15,0
18700,35,6,15,0
18700,36,6,15,0
18700,37,6,15,0
18700,38,6,15,0
18700,39,7,15,0
18700,40,7,15,0
18700,41,7,15,0
18700,42,7,15,0
18700,43,7,15,1
18750,0,12,2,0
18750,1,12,2,0
18750,2,12,2,0
18750,3,12,2,0
18800,0,6,5,0
18800,1,6,5,0
18800,2,6,5,0
18800,3,6,5,0
18800,4,6,5,0
18800,5,7,5,0
18800,6,7,5,0
18800,7,7,5,0
18800,8,7,5,0
18800,9,7,5,0
18850,0,17,17,0
18850,1,18,17,0
18850,2,18,17,0
18850,3,18,16,0
18850,4,18,15,0
18850,5,18,15,0
18850,6,17,15,0
18850,7,16,15,0
18850,8,16,15,0
18850,9,16,15,0
18850,10,16,15,0
18850,11,16,15,0
18900,0,14,5,0
18900,1,14,5,0
18900,2,14,5,0
18900,3,14,5,0
18900,4,14,5,0
18900,5,13,5,0
18900,6,12,5,0
18900,7,11,5,0
18900,8,10,5,0
18900,9,10,5,0
18900,10,10,6,1
18950,0,2,7,0
18950,1,2,7,0
18950,2,2,7,0
18950,3,2,7,0
18950,4,2,8,0
18950,5,2,9,0
18950,6,2,10,0
18950,7,2,11,0
18950,8,2,12,0
18950,9,2,13,0
18950,10,2,14,0
18950,11,2,15,0
18950,12,2,15,0
18950,13,3,15,0
18950,14,3,15,0
19000,0,8,7,0
19000,1,8,7,0
19000,2,8,6,0
19000,3,8,5,0
19000,4,8,4,0
19000,5,8,4,0
19000,6,8,4,0
19000,7,8,4,0
19000,8,8,4,0
19050,0,1,16,0
19050,1,1,16,0
19050,2,1,16,0
19050,3,1,15,0
19050,4,1,14,0
19050,5,1,13,0
19050,6,1,12,0
19050,7,1,11,0
19050,8,1,10,0
19050,9,1,10,0
19050,10,1,10,0
19050,11,1,10,0
19050,12,1,10,0
19050,13,2,10,0
19050,14,2,10,0
19050,15,2,11,0
19050,16,2,11,0
19050,17,2,11,0
19050,18,2,10,0
19050,19,2,9,0
19050,20,2,9,0
19050,21,3,9,0
19050,22,3,9,0
19100,0,11,17,0
19100,1,11,17,0
19100,2,11,17,0
19100,3,11,16,0
19100,4,11,15,0
19100,5,11,14,0
19100,6,11,14,0
19100,7,11,14,0
19100,8,11,14,0
19100,9,11,14,0
19100,10,11,14,0
19100,11,11,14,1
19150,0,4,9,0
19150,1,4,9,0
19150,2,4,9,0
19150,3,5,9,0
19150,4,6,9,0
19150,5,7,9,0
19150,6,8,9,0
19150,7,8,9,0
19150,8,8,9,0
19150,9,8,9,0
19150,10,8,9,0
19150,11,8,9,0
19150,12,9,9,0
19150,13,10,9,0
19150,14,10,9,0
19150,15,10,9,1
19200,0,7,5,0
19200,1,7,5,0
19200,2,7,5,0
19200,3,7,5,0
19200,4,7,5,0
19200,5,7,5,0
19200,6,8,5,0
19200,7,8,5,0
19200,8,8,5,0
19200,9,8,6,1
19250,0,18,17,0
19250,1,18,17,0
19250,2,17,17,0
19250,3,16,17,0
19250,4,16,17,0
19250,5,16,17,0
19250,6,16,16,0
19250,7,16,16,0
19250,8,16,15,0
19250,9,16,14,0
19250,10,16,13,0
19250,11,16,12,0
19250,12,16,12,0
19250,13,16,12,0
19250,14,16,12,0
19250,15,16,12,0
19250,16,16,11,0
19250,17,16,10,0
19250,18,16,9,0
19250,19,16,8,0
19250,20,16,8,0
19250,21,16,8,0
19250,22,16,8,0
19250,23,16,8,0
19250,24,16,8,0
19250,25,16,8,0
19300,0,9,17,0
19300,1,9,17,0
19300,2,9,17,0
19300,3,9,17,0
19300,4,9,16,0
19300,5,9,15,0
19300,6,9,15,0
19350,0,3,11,0
19350,1,3,10,0
19350,2,3,9,0
19350,3,3,8,0
19350,4,3,8,0
19350,5,3,8,0
19350,6,3,7,0
19350,7,3,7,0
19350,8,4,7,0
19350,9,5,7,0
19350,10,5,7,0
19400,0,3,14,0
19400,1,3,14,0
19400,2,3,13,0
19400,3,3,12,0
19400,4,3,12,0
19400,5,3,12,0
19400,6,3,12,0
19400,7,3,11,0
19400,8,3,11,0
19400,9,3,11,0
19400,10,3,12,0
19400,11,3,13,0
19400,12,3,13,0
19400,13,4,13,0
19400,14,4,13,0
19450,0,11,11,0
19450,1,11,11,0
19450,2,11,11,0
19450,3,10,11,0
19450,4,10,11,0
19450,5,10,11,0
19450,6,10,11,0
19450,7,10,11,0
19450,8,10,11,0
19450,9,10,11,0
19450,10,9,11,0
19450,11,8,11,0
19450,12,8,11,0
19450,13,8,12,0
19450,14,8,12,0
19500,0,17,16,0
19500,1,16,16,0
19500,2,15,16,0
19500,3,14,16,0
19500,4,13,16,0
19500,5,12,16,0
19500,6,11,16,0
19500,7,10,16,0
19500,8,10,16,0
19500,9,10,16,0
19500,10,10,15,0
19500,11,10,14,0
19500,12,10,14,0
19500,13,10,13,0
19500,14,10,13,0
19500,15,10,13,0
19500,16,10,14,0
19500,17,10,15,0
19500,18,10,15,0
19500,19,10,15,0
19550,0,12,16,0
19550,1,12,15,0
19550,2,12,14,0
19550,3,12,13,0
19550,4,12,12,0
19550,5,12,12,0
19550,6,12,12,0
19550,7,12,12,0
19550,8,12,12,0
19550,9,12,12,0
19550,10,12,12,0
19550,11,12,12,0
19550,12,12,12,0
19550,13,12,12,0
19550,14,12,12,0
19550,15,12,12,0
19550,16,12,12,0
19550,17,12,12,0
19550,18,12,12,0
19550,19,12,13,0
19550,20,12,14,0
19550,21,12,14,0
19550,22,12,14,0
19550,23,12,15,0
19550,24,12,16,0
19550,25,12,16,0
19550,26,12,17,0
19550,27,12,18,0
19550,28,12,18,0
19550,29,12,18,0
19550,30,12,18,0
19550,31,12,18,1
19600,0,12,8,0
19600,1,12,8,0
19600,2,12,8,0
19600,3,12,8,0
19600,4,12,8,0
19600,5,11,8,1
19650,0,11,5,0
19650,1,11,6,0
19650,2,11,7,0
19650,3,11,7,0
19650,4,12,7,0
19650,5,13,7,0
19650,6,14,7,0
19650,7,14,7,0
19700,0,4,4,0
19700,1,3,4,0
19700,2,3,4,0
19700,3,3,4,0
19700,4,3,5,0
19700,5,3,5,0
19700,6,4,5,0
19700,7,5,5,0
19700,8,5,5,0
19700,9,5,5,0
19700,10,6,5,0
19700,11,7,5,0
19700,12,7,5,0
19700,13,7,5,0
19700,14,7,5,0
19700,15,6,5,1
19750,0,6,14,0
19750,1,6,14,0
19750,2,7,14,0
19750,3,7,14,0
19750,4,7,14,0
19750,5,7,14,0
19750,6,7,14,0
19750,7,8,14,0
19750,8,8,14,0
19800,0,18,15,0
19800,1,18,15,0
19800,2,18,15,0
19850,0,18,8,0
19850,1,18,8,0
19850,2,18,8,0
19850,3,17,8,0
19850,4,16,8,0
19850,5,16,8,0
19850,6,16,8,0
19850,7,15,8,0
19850,8,14,8,0
19850,9,13,8,0
19850,10,12,8,0
19850,11,12,8,0
19850,12,12,9,0
19850,13,12,10,0
19850,14,12,11,0
19850,15,12,12,0
19850,16,12,13,0
19850,17,12,14,0
19850,18,12,14,0
19850,19,12,14,0
19850,20,12,15,0
19850,21,12,16,0
19850,22,12,17,0
19850,23,12,17,0
19850,24,11,17,0
19850,25,10,17,0
19850,26,9,17,0
19850,27,8,17,0
19850,28,7,17,0
19850,29,6,17,0
19850,30,5,17,0
19850,31,4,17,0
19850,32,3,17,0
19850,33,2,17,0
19850,34,2,17,0
19850,35,2,17,0
19850,36,2,17,0
19900,0,10,13,0
19900,1,11,13,0
19900,2,12,13,0
19900,3,12,13,0
19900,4,12,13,0
19900,5,12,13,0
19900,6,13,13,0
19900,7,14,13,0
19900,8,15,13,0
19900,9,15,13,0
19900,10,15,13,0
19900,11,16,13,0
19900,12,17,13,0
19900,13,18,13,0
19900,14,18,13,0
19900,15,18,13,0
19900,16,18,13,0
19950,0,12,10,0
19950,1,12,10,0
19950,2,11,10,0
19950,3,11,10,0
19950,4,10,10,0
19950,5,10,10,0
19950,6,10,9,0
19950,7,10,9,0
19950,8,10,9,0
19950,9,10,9,0
19950,10,10,9,1
20000,0,15,10,0
20000,1,15,10,0
20000,2,15,10,0
20000,3,14,10,0
20000,4,13,10,0
20000,5,12,10,0
20000,6,11,10,0
20000,7,11,10,0
20000,8,10,10,0
20000,9,10,10,0
20000,10,10,9,0
20000,11,10,9,0
20000,12,10,9,0
20000,13,10,8,0
20000,14,10,7,0
20000,15,10,6,0
20000,16,10,5,0
20000,17,10,5,0
20000,18,10,5,0
20050,0,9,16,0
20050,1,9,16,0
20050,2,8,16,0
20050,3,7,16,0
20050,4,6,16,0
20050,5,5,16,0
20050,6,5,16,0
20050,7,5,16,0
20050,8,5,15,0
20050,9,5,15,0
20050,10,5,15,0
20050,11,5,15,0
20050,12,5,14,0
20050,13,5,14,0
20050,14,5,14,0
20050,15,5,14,0
20050,16,5,14,0
20100,0,14,2,0
20100,1,13,2,0
20100,2,12,2,0
20100,3,12,2,0
20100,4,12,2,0
20100,5,12,2,0
20100,6,13,2,0
20100,7,13,2,0
20100,8,13,2,0
20100,9,13,2,0
20100,10,13,2,0
20100,11,13,2,0
20100,12,13,2,0
20100,13,13,2,0
20100,14,13,2,0
20100,15,12,2,0
20100,16,12,2,0
20100,17,12,2,0
20100,18,11,2,0
20100,19,10,2,0
20100,20,9,2,0
20100,21,8,2,0
20100,22,7,2,0
20100,23,7,2,0
20100,24,7,3,0
20100,25,7,3,0
20100,26,8,3,0
20100,27,8,3,0
20100,28,8,3,1
20150,0,9,4,0
20150,1,9,4,0
20150,2,8,4,0
20150,3,7,4,0
20150,4,6,4,0
20150,5,5,4,0
20150,6,4,4,0
20150,7,3,4,0
20150,8,2,4,0
20150,9,2,4,0
20150,10,2,4,0
20150,11,2,4,0
20150,12,3,4,0
20150,13,4,4,0
20150,14,4,4,0
20150,15,5,4,0
20150,16,6,4,0
20150,17,7,4,0
20150,18,8,4,0
20150,19,8,4,0
20150,20,8,4,0
20150,21,8,4,0
20150,22,8,5,1
20200,0,9,12,0
20200,1,9,12,0
20200,2,8,12,0
20200,3,7,12,0
20200,4,7,12,0
20200,5,7,12,0
20200,6,7,12,0
20200,7,7,11,0
20200,8,7,11,0
20250,0,13,14,0
20250,1,13,14,0
20250,2,13,14,0
20250,3,13,13,0
20250,4,13,13,0
20250,5,13,13,0
20250,6,13,13,0
20250,7,12,13,0
20250,8,12,13,0
20250,9,12,13,0
20250,10,12,13,0
20300,0,15,1,0
20300,1,16,1,0
20300,2,16,1,0
20300,3,16,1,0
20300,4,15,1,0
20300,5,15,1,0
20350,0,7,9,0
20350,1,7,10,0
20350,2,7,11,0
20350,3,7,12,0
20350,4,7,13,0
20350,5,7,14,0
20350,6,7,14,0
20350,7,7,14,0
20350,8,7,14,0
20350,9,8,14,0
20350,10,9,14,0
20350,11,9,14,0
20400,0,6,2,0
20400,1,6,2,0
20400,2,6,2,0
20400,3,6,3,0
20400,4,6,4,0
20400,5,6,5,0
20400,6,6,5,0
20400,7,6,6,0
20400,8,6,6,0
20400,9,5,6,0
20400,10,4,6,0
20400,11,3,6,0
20400,12,2,6,0
20400,13,1,6,0
20400,14,1,6,0
20400,15,1,6,0
20400,16,1,6,0
20400,17,1,6,0
20450,0,16,1,0
20450,1,16,1,0
20450,2,16,1,0
20450,3,16,1,0
20450,4,16,1,0
20450,5,16,1,0
20450,6,16,1,0
20450,7,15,1,0
20450,8,15,1,0
20450,9,15,1,0
20450,10,15,1,0
20450,11,15,1,0
20450,12,14,1,0
20450,13,14,1,0
20450,14,14,1,0
20450,15,14,1,0
20450,16,14,1,0
20450,17,14,1,0
20450,18,14,1,0
20450,19,14,1,0
20450,20,14,1,0
20450,21,14,1,0
20450,22,14,1,0
20450,23,14,1,1
20500,0,11,15,0
20500,1,11,15,0
20500,2,11,15,0
20500,3,11,14,0
20500,4,11,13,0
20500,5,11,13,0
20500,6,11,13,0
20500,7,11,12,0
20500,8,11,11,0
20500,9,11,11,0
20500,10,11,10,0
20500,11,11,9,0
20500,12,11,8,0
20500,13,11,7,0
20500,14,11,6,0
20500,15,11,5,0
20500,16,11,4,0
20500,17,11,4,0
20500,18,11,3,0
20500,19,11,3,0
20500,20,11,3,0
20500,21,11,3,0
20500,22,11,3,0
20500,23,11,3,1
20550,0,7,17,0
20550,1,7,16,0
20550,2,7,15,0
20550,3,7,15,0
20550,4,7,15,0
20550,5,7,15,0
20550,6,7,14,0
20550,7,7,13,0
20550,8,7,12,0
20550,9,7,12,0
20550,10,7,12,0
20550,11,7,12,0
20550,12,7,11,0
20550,13,7,10,0
20550,14,7,9,0
20550,15,7,9,0
20550,16,8,9,0
20550,17,8,9,0
20600,0,9,18,0
20600,1,9,18,0
20600,2,10,18,0
20600,3,10,18,0
20650,0,8,2,0
20650,1,8,2,0
20650,2,9,2,0
20650,3,10,2,0
20650,4,11,2,0
20650,5,12,2,0
20650,6,12,2,0
20650,7,12,2,0
20650,8,12,2,0
20650,9,12,2,0
20650,10,12,3,0
20650,11,12,4,0
20650,12,12,5,0
20650,13,12,5,0
20650,14,13,5,0
20650,15,14,5,0
20650,16,15,5,0
20650,17,15,5,0
20650,18,15,6,0
20650,19,15,7,0
20650,20,15,7,0
20700,0,10,12,0
20700,1,10,12,0
20700,2,11,12,0
20700,3,12,12,0
20700,4,13,12,0
20700,5,14,12,0
20700,6,15,12,0
20700,7,15,12,0
20700,8,15,11,0
20700,9,15,11,0
20750,0,10,9,0
20750,1,10,10,0
20750,2,10,11,0
20750,3,10,11,0
20750,4,10,11,0
20750,5,10,11,0
20750,6,10,10,0
20750,7,10,10,0
20750,8,10,9,0
20750,9,10,8,0
20750,10,10,7,0
20750,11,10,6,0
20750,12,10,5,0
20750,13,10,4,0
20750,14,10,3,0
20750,15,10,3,0
20750,16,10,3,0
20800,0,11,15,0
20800,1,11,16,0
20800,2,11,17,0
20800,3,11,17,0
20800,4,12,17,0
20800,5,13,17,0
20800,6,13,17,0
20850,0,11,9,0
20850,1,11,9,0
20850,2,11,9,0
20850,3,12,9,0
20850,4,12,9,0
20850,5,12,9,0
20850,6,13,9,0
20850,7,13,9,0
20850,8,13,9,0
20850,9,13,9,1
20900,0,18,9,0
20900,1,17,9,0
20900,2,17,9,0
20900,3,17,9,0
20900,4,17,9,0
20900,5,17,10,0
20900,6,17,10,0
20900,7,17,10,0
20900,8,17,10,0
20900,9,17,10,0
20900,10,17,10,0
20900,11,17,10,0
20900,12,17,10,0
20900,13,17,11,0
20900,14,17,12,0
20900,15,17,13,0
20900,16,17,14,0
20900,17,17,15,0
20900,18,17,15,0
20900,19,16,15,0
20900,20,16,15,0
20950,0,2,6,0
20950,1,2,6,0
20950,2,2,6,0
20950,3,2,6,0
20950,4,2,6,0
20950,5,2,5,0
20950,6,2,5,0
20950,7,2,5,0
20950,8,2,5,0
20950,9,2,4,0
20950,10,2,4,0
20950,11,2,4,0
20950,12,2,3,0
20950,13,2,3,0
20950,14,2,3,0
20950,15,2,2,0
20950,16,2,1,0
20950,17,2,1,0
20950,18,2,1,0
20950,19,2,2,0
20950,20,2,2,0
20950,21,2,2,0
20950,22,2,2,0
20950,23,2,2,0
20950,24,2,2,0
20950,25,2,2,0
20950,26,2,2,1
21000,0,6,7,0
21000,1,6,7,0
21000,2,6,7,0
21000,3,6,8,0
21000,4,6,8,0
21000,5,6,8,0
21000,6,6,8,0
21000,7,6,8,0
21000,8,6,8,0
21000,9,6,8,1
21050,0,9,9,0
21050,1,9,10,0
21050,2,9,11,0
21050,3,9,11,0
21050,4,9,11,0
21050,5,9,11,0
21050,6,9,11,0
21050,7,9,10,0
21050,8,9,9,0
21050,9,9,9,0
21050,10,9,9,0
21050,11,9,9,0
21050,12,9,9,0
21050,13,9,9,0
21050,14,9,9,0
21100,0,13,12,0
21100,1,13,12,0
21100,2,13,12,0
21100,3,13,12,0
21100,4,13,12,0
21100,5,13,12,0
21100,6,13,12,0
21100,7,13,12,0
21100,8,13,12,0
21100,9,12,12,1
21150,0,16,2,0
21150,1,16,2,0
21150,2,15,2,0
21150,3,14,2,0
21150,4,13,2,0
21150,5,13,2,0
21150,6,13,2,0
21150,7,13,2,0
21150,8,14,2,0
21150,9,15,2,0
21150,10,16,2,0
21150,11,17,2,0
21150,12,18,2,0
21150,13,18,2,0
21150,14,18,2,0
21150,15,18,2,0
21150,16,18,2,1
21200,0,17,17,0
21200,1,17,17,0
21200,2,17,17,0
21200,3,17,16,0
21200,4,17,15,0
21200,5,17,14,0
21200,6,17,13,0
21200,7,17,13,0
21200,8,17,12,0
21200,9,17,11,0
21200,10,17,11,0
21200,11,17,11,0
21200,12,17,11,0
21200,13,17,11,0
21200,14,17,12,0
21200,15,17,13,0
21200,16,17,14,0
21200,17,17,14,0
21200,18,17,15,0
21200,19,17,16,0
21200,20,17,17,0
21200,21,17,18,0
21200,22,17,18,0
21200,23,17,18,0
21200,24,17,18,0
21200,25,17,18,1
21250,0,4,17,0
21250,1,4,17,0
21250,2,4,17,0
21250,3,4,16,0
21250,4,4,16,0
21250,5,4,16,0
21250,6,4,16,0
21250,7,4,16,0
21250,8,4,15,0
21250,9,4,15,0
21250,10,4,15,0
21250,11,4,15,0
21250,12,4,15,0
21300,0,1,9,0
21300,1,1,9,0
21300,2,1,9,0
21300,3,2,9,0
21300,4,2,9,0
21300,5,2,9,0
21300,6,3,9,0
21300,7,4,9,0
21300,8,5,9,0
21300,9,6,9,0
21300,10,7,9,0
21300,11,7,9,0
21300,12,7,9,0
21300,13,7,9,0
21300,14,7,9,0
21350,0,6,15,0
21350,1,6,15,0
21350,2,6,14,0
21350,3,6,13,0
21350,4,6,13,0
21350,5,7,13,0
21350,6,7,13,0
21350,7,7,12,0
21350,8,7,11,0
21350,9,7,11,0
21350,10,7,11,0
21350,11,6,11,0
21350,12,5,11,0
21350,13,5,11,0
21350,14,4,11,0
21350,15,3,11,0
21350,16,2,11,0
21350,17,1,11,0
21350,18,1,11,0
21350,19,1,11,0
21350,20,1,11,0
21350,21,1,11,1
21400,0,1,1,0
21400,1,1,1,0
21400,2,1,1,0
21400,3,1,1,0
21400,4,1,1,0
21400,5,1,1,0
21400,6,1,1,0
21400,7,1,1,0
21400,8,2,1,0
21400,9,3,1,0
21400,10,3,1,0
21400,11,3,1,0
21400,12,3,1,0
21400,13,3,1,0
21400,14,4,1,0
21400,15,5,1,0
21400,16,5,1,0
21400,17,5,1,0
21450,0,6,18,0
21450,1,6,18,0
21450,2,7,18,0
21450,3,8,18,0
21450,4,9,18,0
21450,5,10,18,0
21450,6,11,18,0
21450,7,11,18,0
21450,8,11,17,0
21450,9,11,16,0
21450,10,11,16,0
21450,11,11,16,0
21450,12,12,16,0
21450,13,12,16,0
21450,14,12,16,0
21450,15,13,16,0
21450,16,14,16,0
21450,17,15,16,0
21450,18,16,16,0
21450,19,17,16,0
21450,20,17,16,0
21450,21,17,16,0
21450,22,17,16,0
21450,23,16,16,0
21450,24,16,16,0
21450,25,16,16,0
21450,26,15,16,0
21450,27,15,16,0
21450,28,15,16,0
21450,29,14,16,0
21450,30,14,16,0
21450,31,14,15,0
21450,32,14,15,0
21500,0,3,16,0
21500,1,3,16,0
21500,2,3,16,0
21550,0,4,10,0
21550,1,4,10,0
21600,0,17,6,0
21600,1,17,6,0
21600,2,17,6,0
21600,3,16,6,0
21600,4,15,6,0
21600,5,15,6,0
21600,6,15,6,0
21600,7,15,6,0
21600,8,15,6,0
21600,9,15,6,0
21600,10,15,6,1
21650,0,10,15,0
21650,1,10,15,0
21650,2,10,15,0
21650,3,9,15,0
21650,4,8,15,0
21650,5,8,15,0
21650,6,8,15,0
21650,7,8,15,0
21650,8,8,15,0
21650,9,8,15,0
21650,10,8,15,0
21650,11,8,15,0
21650,12,8,14,0
21650,13,8,14,0
21700,0,15,17,0
21700,1,15,17,0
21700,2,16,17,0
21700,3,16,17,0
21700,4,16,16,0
21700,5,16,15,0
21700,6,16,15,0
21700,7,16,15,0
21700,8,16,16,0
21700,9,16,17,0
21700,10,16,18,0
21700,11,16,18,0
21700,12,16,18,0
21700,13,16,18,0
21700,14,16,18,0
21750,0,4,6,0
21750,1,4,6,0
21750,2,5,6,0
21750,3,6,6,0
21750,4,7,6,0
21750,5,8,6,0
21750,6,8,6,0
21750,7,8,6,0
21750,8,7,6,0
21750,9,6,6,0
21750,10,5,6,0
21750,11,5,6,0
21750,12,5,6,0
21750,13,6,6,0
21750,14,6,6,0
21750,15,6,6,0
21750,16,6,6,0
21750,17,6,6,0
21800,0,17,9,0
21800,1,17,10,0
21800,2,17,10,0
21800,3,17,10,0
21800,4,17,10,0
21800,5,17,10,0
21800,6,17,10,0
21800,7,17,11,0
21800,8,17,12,0
21800,9,17,13,0
21800,10,17,14,0
21800,11,17,15,0
21800,12,17,16,0
21800,13,17,17,0
21800,14,17,18,0
21800,15,17,18,0
21800,16,17,18,0
21850,0,5,12,0
21850,1,5,12,0
21850,2,5,11,0
21850,3,5,11,0
21850,4,5,11,0
21850,5,5,11,0
21850,6,5,11,0
21850,7,5,11,0
21900,0,6,11,0
21900,1,6,11,0
21900,2,6,10,0
21900,3,6,9,0
21900,4,6,8,0
21900,5,6,8,0
21900,6,6,8,0
21900,7,6,8,0
21900,8,7,8,0
21900,9,8,8,0
21900,10,9,8,0
21900,11,10,8,0
21900,12,10,8,0
21900,13,10,8,0
21900,14,10,8,0
21900,15,10,8,0
21900,16,10,8,0
21900,17,10,8,0
21950,0,4,14,0
21950,1,4,14,0
21950,2,4,14,0
21950,3,4,14,0
21950,4,4,14,0
21950,5,4,14,0
21950,6,3,14,0
21950,7,3,14,0
21950,8,3,14,0
21950,9,3,14,0
21950,10,3,14,0
21950,11,3,14,0
21950,12,3,14,0
21950,13,3,14,0
21950,14,3,14,0
21950,15,3,14,0
21950,16,3,14,0
21950,17,3,14,0
21950,18,3,14,1
22000,0,17,14,0
22000,1,17,14,0
22000,2,17,13,0
22000,3,17,12,0
22000,4,17,11,0
22000,5,17,10,0
22000,6,17,9,0
22000,7,17,8,0
22000,8,17,7,0
22000,9,17,6,0
22000,10,17,5,0
22000,11,17,5,0
22000,12,17,5,0
22000,13,17,5,0
22000,14,17,5,0
22000,15,17,6,0
22000,16,17,6,0
22000,17,17,6,0
22000,18,17,6,0
22000,19,17,6,0
22050,0,18,12,0
22050,1,18,12,0
22050,2,17,12,0
22050,3,17,12,0
22050,4,17,12,0
22050,5,17,13,0
22050,6,17,14,0
22050,7,17,15,0
22050,8,17,16,0
22050,9,17,16,0
22050,10,17,16,0
22050,11,17,17,0
22050,12,17,18,0
22050,13,17,18,0
22050,14,17,18,0
22050,15,17,18,0
22050,16,17,18,0
22050,17,17,18,1
22100,0,7,6,0
22100,1,7,6,0
22100,2,7,6,0
22150,0,12,8,0
22150,1,12,8,0
22150,2,12,9,0
22150,3,12,10,0
22150,4,12,10,0
22150,5,12,10,0
22150,6,12,10,0
22200,0,8,16,0
22200,1,8,16,0
22200,2,8,16,0
22200,3,8,15,0
22200,4,8,14,0
22200,5,8,14,0
22200,6,8,14,0
22200,7,8,14,0
22200,8,8,14,0
22200,9,8,14,0
22200,10,8,14,0
22250,0,16,9,0
22250,1,16,9,0
22250,2,15,9,0
22250,3,14,9,0
22250,4,13,9,0
22250,5,12,9,0
22250,6,12,9,0
22250,7,12,9,0
22250,8,12,10,0
22250,9,12,11,0
22250,10,12,12,0
22250,11,12,13,0
22250,12,12,14,0
22250,13,12,15,0
22250,14,12,16,0
22250,15,12,17,0
22250,16,12,18,0
22250,17,12,18,0
22250,18,11,18,0
22250,19,10,18,0
22250,20,10,18,0
22300,0,11,2,0
22300,1,11,2,0
22300,2,11,2,0
22300,3,12,2,0
22300,4,13,2,0
22300,5,13,2,0
22300,6,13,3,0
22300,7,13,4,0
22300,8,13,4,0
22300,9,13,4,0
22300,10,13,4,0
22300,11,13,4,0
22350,0,12,9,0
22350,1,12,8,0
22350,2,12,8,0
22350,3,12,8,0
22350,4,12,8,0
22350,5,12,8,0
22350,6,12,8,0
22350,7,12,8,0
22350,8,12,8,0
22350,9,12,7,0
22350,10,12,6,0
22350,11,12,5,0
22350,12,12,4,0
22350,13,12,3,0
22350,14,12,2,0
22350,15,12,1,0
22350,16,12,1,0
22350,17,12,1,0
22350,18,12,1,0
22400,0,1,1,0
22400,1,1,1,0
22400,2,1,1,0
22400,3,1,1,0
22400,4,1,1,0
22400,5,1,1,0
22400,6,1,2,0
22400,7,1,2,0
22400,8,1,2,0
22400,9,1,2,0
22400,10,1,2,0
22400,11,1,2,0
22400,12,1,3,0
22400,13,1,4,0
22400,14,1,4,0
22400,15,1,4,0
22400,16,1,5,0
22400,17,1,6,0
22400,18,1,7,0
22400,19,1,8,0
22400,20,1,8,0
22400,21,1,8,0
22400,22,1,8,0
22400,23,1,8,0
22450,0,3,14,0
22450,1,3,15,0
22450,2,3,15,0
22450,3,4,15,0
22450,4,5,15,0
22450,5,5,15,0
22450,6,5,15,0
22450,7,5,15,0
22500,0,4,11,0
22500,1,4,11,0
22500,2,4,11,0
22500,3,4,11,0
22500,4,4,11,0
22500,5,5,11,0
22500,6,5,11,0
22500,7,6,11,0
22500,8,6,11,0
22500,9,7,11,0
22500,10,8,11,0
22500,11,9,11,0
22500,12,10,11,0
22500,13,11,11,0
22500,14,12,11,0
22500,15,13,11,0
22500,16,13,11,0
22500,17,13,11,0
22550,0,12,12,0
22550,1,12,12,0
22550,2,12,13,0
22550,3,12,13,0
22550,4,11,13,0
22550,5,10,13,0
22550,6,10,13,0
22550,7,10,13,0
22550,8,10,13,0
22600,0,11,13,0
22600,1,11,13,0
22600,2,10,13,0
22600,3,10,13,0
22600,4,10,12,0
22600,5,10,11,0
22600,6,10,10,0
22600,7,10,9,0
22600,8,10,9,0
22600,9,10,9,0
22600,10,10,9,0
22600,11,10,10,0
22600,12,10,11,0
22600,13,10,12,0
22600,14,10,13,0
22600,15,10,14,0
22600,16,10,14,0
22600,17,10,15,0
22600,18,10,16,0
22600,19,10,17,0
22600,20,10,17,0
22600,21,10,17,0
22650,0,2,13,0
22650,1,2,13,0
22650,2,2,13,0
22650,3,2,13,0
22650,4,2,13,0
22650,5,2,13,0
22650,6,2,13,0
22700,0,1,5,0
22700,1,2,5,0
22700,2,3,5,0
22700,3,4,5,0
22700,4,4,5,0
22700,5,4,5,0
22700,6,4,5,0
22700,7,4,5,0
22750,0,2,13,0
22750,1,2,13,0
22750,2,2,13,0
22750,3,3,13,0
22750,4,4,13,0
22750,5,5,13,0
22750,6,6,13,0
22750,7,6,13,0
22750,8,6,13,0
22750,9,6,13,0
22750,10,6,13,0
22750,11,6,13,1
22800,0,9,15,0
22800,1,9,14,0
22800,2,9,13,0
22800,3,9,12,0
22800,4,9,11,0
22800,5,9,11,0
22800,6,9,11,0
22800,7,9,10,0
22800,8,9,10,0
22800,9,9,10,1
22850,0,15,9,0
22850,1,15,9,0
22850,2,16,9,0
22850,3,16,9,0
22850,4,16,10,0
22850,5,16,10,0
22850,6,16,10,0
22850,7,16,10,0
22900,0,14,6,0
22900,1,14,6,0
22900,2,14,6,0
22900,3,13,6,0
22900,4,12,6,0
22900,5,11,6,0
22900,6,10,6,0
22900,7,9,6,0
22900,8,9,6,0
22900,9,9,6,0
22900,10,8,6,0
22900,11,8,6,0
22900,12,8,6,0
22900,13,9,6,0
22900,14,9,6,0
22900,15,9,6,0
22900,16,9,6,0
22900,17,9,6,0
22900,18,9,6,0
22900,19,9,6,0
22900,20,9,6,0
22950,0,11,3,0
22950,1,11,3,0
22950,2,11,4,0
22950,3,11,5,0
22950,4,11,5,0
22950,5,11,5,0
22950,6,11,5,0
23000,0,3,7,0
23000,1,3,7,0
23000,2,3,8,0
23000,3,3,9,0
23000,4,3,9,0
23000,5,3,9,0
23000,6,3,9,0
23000,7,3,9,0
23000,8,3,9,0
23000,9,3,9,0
23000,10,3,9,0
23000,11,2,9,0
23000,12,1,9,0
23000,13,1,9,0
23000,14,1,9,0
23000,15,1,9,0
23000,16,1,9,0
23000,17,1,9,0
23000,18,1,9,0
23000,19,1,9,0
23000,20,1,9,0
23000,21,1,9,0
23000,22,1,8,0
23000,23,1,7,0
23000,24,1,6,0
23000,25,1,5,0
23000,26,1,4,0
23000,27,1,3,0
23000,28,1,3,0
23000,29,1,3,0
23050,0,14,6,0
23050,1,14,6,0
23050,2,14,6,0
23050,3,14,6,0
23050,4,14,6,0
23100,0,16,16,0
23100,1,16,16,0
23100,2,16,15,0
23100,3,16,15,0
23100,4,16,15,0
23100,5,16,14,0
23100,6,16,14,0
23100,7,16,14,0
23100,8,16,14,0
23100,9,16,13,0
23100,10,16,13,0
23100,11,16,13,0
23100,12,16,14,0
23100,13,16,15,0
23100,14,16,15,0
23100,15,16,15,0
23100,16,16,16,0
23100,17,16,16,0
23100,18,16,16,0
23100,19,16,16,0
23100,20,16,16,0
23150,0,17,6,0
23150,1,17,5,0
23150,2,17,4,0
23150,3,17,3,0
23150,4,17,3,0
23150,5,17,3,0
23150,6,17,3,0
23150,7,16,3,0
23150,8,16,3,0
23150,9,16,3,0
23150,10,15,3,0
23150,11,15,3,0
23200,0,17,12,0
23200,1,17,12,0
23200,2,17,12,0
23200,3,16,12,0
23200,4,15,12,0
23200,5,14,12,0
23200,6,13,12,0
23200,7,12,12,0
23200,8,11,12,0
23200,9,11,12,0
23200,10,11,11,0
23200,11,11,10,0
23200,12,11,10,0
23200,13,11,10,0
23200,14,11,10,0
23200,15,11,10,0
23200,16,11,10,0
23200,17,11,10,0
23200,18,10,10,0
23200,19,9,10,0
23200,20,8,10,0
23200,21,7,10,0
23200,22,7,10,0
23200,23,7,10,0
23200,24,6,10,0
23200,25,6,10,0
23200,26,6,10,0
23200,27,6,10,0
23200,28,6,10,0
23250,0,18,1,0
23250,1,18,1,0
23250,2,17,1,0
23250,3,17,1,0
23250,4,17,2,0
23250,5,17,2,0
23250,6,17,2,0
23250,7,17,3,0
23250,8,17,3,1
23300,0,15,10,0
23300,1,15,10,0
23300,2,14,10,0
23300,3,14,10,0
23300,4,14,10,0
23300,5,13,10,0
23300,6,13,10,0
23300,7,13,10,0
23300,8,13,10,0
23350,0,7,17,0
23350,1,7,17,0
23350,2,7,17,0
23350,3,7,17,0
23350,4,7,17,0
23350,5,7,17,0
23350,6,7,17,0
23350,7,7,17,0
23350,8,7,17,0
23350,9,7,17,0
23350,10,7,17,0
23350,11,7,17,0
23350,12,7,17,0
23350,13,8,17,0
23350,14,9,17,0
23350,15,9,17,0
23350,16,9,18,0
23350,17,9,18,0
23350,18,8,18,0
23350,19,7,18,0
23350,20,6,18,0
23350,21,5,18,0
23350,22,5,18,0
23350,23,5,18,0
23400,0,2,10,0
23400,1,2,10,0
23400,2,2,10,0
23400,3,2,10,0
23400,4,3,10,0
23400,5,4,10,0
23400,6,5,10,0
23400,7,6,10,0
23400,8,7,10,0
23400,9,8,10,0
23400,10,9,10,0
23400,11,10,10,0
23400,12,11,10,0
23400,13,12,10,0
23400,14,13,10,0
23400,15,14,10,0
23400,16,15,10,0
23400,17,16,10,0
23400,18,17,10,0
23400,19,17,10,0
23400,20,17,10,0
23400,21,17,10,0
23400,22,17,10,0
23400,23,17,10,0
23400,24,17,10,0
23450,0,6,12,0
23450,1,6,11,0
23450,2,6,11,0
23450,3,6,11,0
23450,4,7,11,0
23450,5,8,11,0
23450,6,9,11,0
23450,7,9,11,0
23450,8,9,10,0
23450,9,9,9,0
23450,10,9,8,0
23450,11,9,7,0
23450,12,9,6,0
23450,13,9,6,0
23450,14,10,6,0
23450,15,10,6,0
23500,0,11,12,0
23500,1,10,12,0
23500,2,10,12,0
23500,3,10,12,0
23500,4,10,12,0
23500,5,10,12,0
23550,0,2,18,0
23550,1,3,18,0
23550,2,3,18,0
23550,3,3,18,0
23550,4,4,18,0
23550,5,5,18,0
23550,6,6,18,0
23550,7,6,18,0
23550,8,6,18,0
23550,9,7,18,0
23550,10,8,18,0
23550,11,9,18,0
23550,12,10,18,0
23550,13,11,18,0
23550,14,11,18,0
23550,15,11,18,0
23600,0,2,1,0
23600,1,2,1,0
23600,2,2,1,0
23600,3,2,1,0
23600,4,2,1,0
23600,5,2,1,0
23600,6,2,1,0
23600,7,2,1,0
23600,8,2,1,0
23600,9,2,1,0
23600,10,2,1,0
23600,11,2,1,0
23600,12,2,2,0
23600,13,2,2,0
23600,14,2,2,0
23600,15,2,2,0
23600,16,2,1,0
23600,17,2,1,0
23600,18,2,1,0
23600,19,2,1,0
23600,20,2,1,0
23600,21,2,1,0
23600,22,2,1,0
23600,23,2,1,0
23650,0,3,3,0
23650,1,3,3,0
23650,2,4,3,0
23650,3,5,3,0
23650,4,5,3,0
23650,5,5,3,0
23650,6,5,3,0
23650,7,4,3,0
23650,8,3,3,0
23650,9,2,3,0
23650,10,2,3,0
23650,11,2,4,0
23650,12,2,5,0
23650,13,2,5,0
23650,14,2,5,0
23650,15,1,5,0
23650,16,1,5,0
23650,17,1,5,0
23650,18,1,5,0
23650,19,1,5,0
23650,20,1,5,0
23650,21,1,5,0
23650,22,1,5,0
23650,23,1,4,0
23650,24,1,3,0
23650,25,1,2,0
23650,26,1,1,0
23650,27,1,1,0
23650,28,1,1,0
23650,29,1,1,0
23650,30,1,1,0
23700,0,1,12,0
23700,1,1,12,0
23700,2,1,12,0
23700,3,1,13,0
23700,4,1,13,0
23700,5,1,13,0
23750,0,14,15,0
23750,1,13,15,0
23750,2,13,15,0
23750,3,13,15,0
23750,4,12,15,0
23750,5,12,15,0
23750,6,11,15,0
23750,7,10,15,0
23750,8,9,15,0
23750,9,8,15,0
23750,10,8,15,0
23750,11,8,15,0
23750,12,7,15,0
23750,13,6,15,0
23750,14,6,15,0
23750,15,6,15,0
23800,0,17,4,0
23800,1,17,4,0
23800,2,18,4,0
23800,3,18,4,0
23800,4,18,3,0
23800,5,18,2,0
23800,6,18,1,0
23800,7,18,1,0
23800,8,18,1,0
23800,9,18,1,0
23800,10,18,1,0
23800,11,18,1,0
23800,12,18,1,0
23800,13,18,1,0
23800,14,18,1,0
23800,15,17,1,0
23800,16,17,1,0
23800,17,16,1,0
23800,18,15,1,0
23800,19,14,1,0
23800,20,14,1,0
23800,21,14,1,0
23800,22,14,1,0
23800,23,14,1,0
23800,24,14,1,0
23800,25,14,1,0
23800,26,14,1,0
23800,27,14,1,0
23800,28,14,1,1
23850,0,11,4,0
23850,1,11,4,0
23850,2,11,5,0
23850,3,11,6,0
23850,4,11,7,0
23850,5,11,8,0
23850,6,11,8,0
23850,7,11,8,0
23850,8,11,8,0
23850,9,11,8,0
23900,0,13,17,0
23900,1,13,17,0
23900,2,13,16,0
23900,3,13,15,0
23900,4,13,14,0
23900,5,13,14,0
23900,6,12,14,0
23900,7,12,14,0
23900,8,12,14,0
23900,9,12,14,0
23950,0,10,17,0
23950,1,10,17,0
23950,2,10,17,0
23950,3,10,17,0
23950,4,10,17,1
24000,0,17,13,0
24000,1,17,13,0
24000,2,16,13,0
24000,3,15,13,0
24000,4,15,13,0
24000,5,15,13,0
24000,6,15,12,0
24000,7,15,12,0
24000,8,16,12,0
24000,9,16,12,0
24000,10,16,13,0
24000,11,16,14,0
24000,12,16,15,0
24000,13,16,16,0
24000,14,16,16,0
24000,15,15,16,0
24000,16,15,16,0
24050,0,11,3,0
24050,1,11,3,0
24050,2,10,3,0
24050,3,9,3,0
24050,4,9,3,0
24050,5,9,4,0
24050,6,9,5,0
24050,7,9,5,0
24050,8,9,5,0
24050,9,9,5,0
24050,10,9,5,1
24100,0,10,7,0
24100,1,10,7,0
24100,2,10,7,0
24100,3,10,7,0
24100,4,10,7,0
24100,5,10,7,0
24100,6,10,7,0
24100,7,10,7,0
24100,8,10,8,0
24100,9,10,9,0
24100,10,10,9,0
24100,11,10,9,0
24100,12,10,8,0
24100,13,10,8,0
24100,14,10,7,0
24100,15,10,6,0
24100,16,10,5,0
24100,17,10,4,0
24100,18,10,3,0
24100,19,10,2,0
24100,20,10,1,0
24100,21,10,1,0
24100,22,10,1,0
24100,23,10,1,0
24100,24,10,1,1
24150,0,5,14,0
24150,1,6,14,0
24150,2,7,14,0
24150,3,8,14,0
24150,4,9,14,0
24150,5,10,14,0
24150,6,11,14,0
24150,7,12,14,0
24150,8,12,14,0
24150,9,12,14,0
24150,10,12,14,0
24150,11,12,14,0
24150,12,12,14,0
24150,13,12,14,0
24200,0,17,1,0
24200,1,17,1,0
24200,2,16,1,0
24200,3,15,1,0
24200,4,14,1,0
24200,5,13,1,0
24200,6,12,1,0
24200,7,11,1,0
24200,8,10,1,0
24200,9,9,1,0
24200,10,9,1,0
24200,11,9,2,0
24200,12,9,3,0
24200,13,9,3,0
24250,0,10,4,0
24250,1,10,4,0
24250,2,10,4,0
24250,3,10,3,0
24250,4,10,3,0
24250,5,10,3,0
24250,6,10,3,0
24250,7,10,3,0
24300,0,15,8,0
24300,1,15,8,0
24300,2,15,8,0
24300,3,16,8,0
24300,4,17,8,0
24300,5,17,8,0
24300,6,17,9,0
24300,7,17,9,0
24350,0,5,7,0
24350,1,5,8,0
24350,2,5,9,0
24350,3,5,10,0
24350,4,5,11,0
24350,5,5,11,0
24350,6,5,11,0
24350,7,5,11,0
24400,0,4,10,0
24400,1,4,10,0
24400,2,4,10,0
24400,3,4,10,0
24400,4,4,10,0
24400,5,4,10,0
24400,6,4,10,0
24400,7,4,10,0
24450,0,14,17,0
24450,1,14,17,0
24450,2,14,16,0
24450,3,14,15,0
24450,4,14,15,0
24450,5,14,15,0
24450,6,14,15,0
24450,7,14,15,0
24450,8,14,15,0
24500,0,2,15,0
24500,1,2,15,0
24500,2,3,15,0
24500,3,4,15,0
24500,4,5,15,0
24500,5,6,15,0
24500,6,7,15,0
24500,7,8,15,0
24500,8,9,15,0
24500,9,9,15,0
24500,10,10,15,0
24500,11,11,15,0
24500,12,12,15,0
24500,13,13,15,0
24500,14,13,15,0
24500,15,13,16,0
24500,16,13,16,0
24500,17,12,16,0
24500,18,11,16,0
24500,19,11,16,0
24500,20,11,16,0
24550,0,13,1,0
24550,1,13,1,0
24550,2,13,2,0
24550,3,13,3,0
24550,4,13,3,0
24550,5,13,3,0
24550,6,13,3,0
24550,7,13,3,0
24550,8,13,3,0
24550,9,13,3,1
24600,0,5,14,0
24600,1,5,14,0
24600,2,5,14,0
24600,3,5,14,0
24600,4,5,13,0
24600,5,5,12,0
24600,6,5,11,0
24600,7,5,10,0
24600,8,5,10,0
24600,9,5,10,0
24600,10,5,10,0
24600,11,5,10,0
24600,12,5,10,0
24600,13,5,10,0
24600,14,5,10,0
24600,15,5,10,0
24650,0,12,8,0
24650,1,12,7,0
24650,2,12,6,0
24650,3,12,5,0
24650,4,12,5,0
24650,5,12,4,0
24650,6,12,3,0
24650,7,12,2,0
24650,8,12,2,0
24650,9,12,2,0
24650,10,12,1,0
24650,11,12,1,0
24650,12,12,1,0
24650,13,12,1,0
24650,14,12,1,0
24650,15,12,1,1
24700,0,10,4,0
24700,1,10,4,0
24700,2,10,4,0
24700,3,10,4,0
24700,4,10,4,0
24700,5,10,4,0
24700,6,10,5,0
24700,7,10,5,0
24700,8,10,5,0
24750,0,15,5,0
24750,1,15,5,0
24750,2,16,5,0
24750,3,17,5,0
24750,4,17,5,0
24750,5,17,6,0
24750,6,17,6,0
24750,7,17,6,0
24750,8,17,6,0
24750,9,17,6,0
24750,10,17,6,0
24800,0,8,9,0
24800,1,8,9,0
24800,2,9,9,0
24800,3,10,9,0
24800,4,10,9,0
24800,5,10,10,0
24800,6,10,10,0
24850,0,3,10,0
24850,1,3,10,0
24850,2,3,10,0
24850,3,4,10,0
24850,4,4,10,0
24850,5,4,10,0
24850,6,4,10,0
24850,7,4,9,0
24850,8,4,9,0
24850,9,5,9,0
24850,10,5,9,0
24900,0,5,3,0
24900,1,5,3,0
24900,2,5,3,0
24900,3,5,4,0
24900,4,5,5,0
24900,5,5,5,0
24900,6,5,5,0
24900,7,5,5,0
24900,8,5,4,0
24900,9,5,3,0
24900,10,5,3,0
24900,11,5,3,0
24900,12,5,2,0
24900,13,5,2,0
24900,14,5,2,0
24900,15,5,2,0
24900,16,5,2,0
24950,0,2,7,0
24950,1,2,7,0
24950,2,2,8,0
24950,3,2,9,0
24950,4,2,10,0
24950,5,2,11,0
24950,6,2,11,0
24950,7,2,11,0
25000,0,1,15,0
25000,1,1,15,0
25000,2,2,15,0
25000,3,3,15,0
25000,4,4,15,0
25000,5,5,15,0
25000,6,6,15,0
25000,7,7,15,0
25000,8,8,15,0
25000,9,9,15,0
25000,10,10,15,0
25000,11,10,15,0
25000,12,10,14,0
25000,13,10,14,0
25050,0,9,10,0
25050,1,9,10,0
25050,2,9,10,0
25050,3,9,10,0
25050,4,9,10,0
25050,5,8,10,0
25050,6,7,10,0
25050,7,7,10,0
25100,0,7,14,0
25100,1,7,14,0
25100,2,7,14,0
25100,3,6,14,0
25100,4,6,14,0
25100,5,6,14,0
25100,6,6,14,0
25100,7,5,14,0
25100,8,4,14,0
25100,9,3,14,0
25100,10,2,14,0
25100,11,1,14,0
25100,12,1,14,0
25100,13,1,14,0
25100,14,1,14,0
25100,15,1,14,0
25100,16,1,14,1
25150,0,5,9,0
25150,1,5,9,0
25150,2,5,9,0
25150,3,5,9,0
25150,4,5,9,0
25150,5,5,9,0
25150,6,5,9,0
25150,7,5,9,0
25200,0,17,7,0
25200,1,17,7,0
25200,2,17,7,0
25250,0,7,3,0
25250,1,7,3,0
25250,2,7,3,0
25250,3,7,3,0
25250,4,7,3,1
25300,0,7,12,0
25300,1,7,12,0
25300,2,7,11,0
25300,3,7,10,0
25300,4,7,10,0
25300,5,7,10,0
25300,6,7,10,0
25300,7,7,10,0
25300,8,7,10,1
25350,0,16,4,0
25350,1,15,4,0
25350,2,14,4,0
25350,3,13,4,0
25350,4,12,4,0
25350,5,11,4,0
25350,6,10,4,0
25350,7,10,4,0
25350,8,10,4,0
25350,9,9,4,0
25350,10,8,4,0
25350,11,7,4,0
25350,12,7,4,0
25350,13,7,4,0
25350,14,7,4,0
25350,15,7,4,0
25350,16,8,4,0
25350,17,8,4,0
25350,18,8,4,0
25400,0,11,12,0
25400,1,11,12,0
25400,2,11,12,0
25400,3,10,12,0
25400,4,10,12,0
25400,5,10,12,0
25400,6,10,12,0
25400,7,10,12,0
25450,0,1,4,0
25450,1,1,4,0
25450,2,2,4,0
25450,3,3,4,0
25450,4,4,4,0
25450,5,5,4,0
25450,6,5,4,0
25450,7,5,4,0
25450,8,6,4,0
25450,9,6,4,0
25450,10,6,3,0
25450,11,6,3,0
25450,12,7,3,0
25450,13,7,3,0
25500,0,11,13,0
25500,1,11,13,0
25500,2,12,13,0
25500,3,13,13,0
25500,4,14,13,0
25500,5,15,13,0
25500,6,15,13,0
25500,7,15,13,0
25500,8,15,13,0
25500,9,15,13,0
25500,10,15,13,0
25500,11,14,13,0
25500,12,13,13,0
25500,13,12,13,0
25500,14,11,13,0
25500,15,10,13,0
25500,16,10,13,0
25500,17,10,13,0
25550,0,17,10,0
25550,1,17,10,0
25550,2,16,10,0
25550,3,15,10,0
25550,4,14,10,0
25550,5,13,10,0
25550,6,13,10,0
25550,7,13,9,0
25550,8,13,8,0
25550,9,13,8,0
25550,10,13,8,0
25600,0,11,15,0
25600,1,11,15,0
25600,2,11,16,0
25600,3,11,16,0
25600,4,11,16,0
25600,5,11,16,0
25600,6,10,16,0
25600,7,10,16,0
25650,0,5,17,0
25650,1,5,17,0
25650,2,5,16,0
25650,3,5,16,0
25650,4,6,16,0
25650,5,6,16,0
25650,6,6,16,0
25650,7,7,16,0
25650,8,7,16,0
25700,0,8,5,0
25700,1,8,5,0
25700,2,8,6,0
25700,3,8,7,0
25700,4,8,8,0
25700,5,8,9,0
25700,6,8,10,0
25700,7,8,10,0
25700,8,9,10,0
25700,9,9,10,0
25750,0,8,9,0
25750,1,8,9,0
25750,2,8,10,0
25750,3,8,10,0
25750,4,8,10,0
25750,5,8,10,0
25750,6,9,10,0
25750,7,9,10,0
25800,0,12,16,0
25800,1,12,16,0
25800,2,12,16,0
25800,3,12,15,0
25800,4,12,14,0
25800,5,12,13,0
25800,6,12,12,0
25800,7,12,12,0
25800,8,12,11,0
25800,9,12,11,0
25800,10,12,11,0
25800,11,12,11,0
25800,12,12,12,1
25850,0,16,11,0
25850,1,16,10,0
25850,2,16,9,0
25850,3,16,8,0
25850,4,16,7,0
25850,5,16,6,0
25850,6,16,6,0
25900,0,2,6,0
25900,1,2,6,0
25900,2,2,6,0
25900,3,2,6,0
25900,4,2,7,0
25900,5,2,8,0
25900,6,2,9,0
25900,7,2,10,0
25900,8,2,11,0
25900,9,2,11,0
25900,10,2,11,0
25900,11,2,11,0
25900,12,2,11,0
25950,0,11,3,0
25950,1,11,3,0
25950,2,11,3,0
25950,3,11,3,0
25950,4,10,3,0
25950,5,10,3,0
26000,0,6,4,0
26000,1,6,4,0
26000,2,7,4,0
26000,3,8,4,0
26000,4,9,4,0
26000,5,10,4,0
26000,6,11,4,0
26000,7,12,4,0
26000,8,13,4,0
26000,9,14,4,0
26000,10,14,4,0
26000,11,14,4,0
26000,12,14,4,0
26000,13,14,4,0
26050,0,15,10,0
26050,1,15,10,0
26050,2,14,10,0
26050,3,14,10,0
26050,4,13,10,0
26050,5,12,10,0
26050,6,12,10,0
26050,7,12,10,0
26050,8,12,10,0
26050,9,12,11,0
26050,10,12,12,0
26050,11,12,13,0
26050,12,12,14,0
26050,13,12,14,0
26050,14,12,14,0
26050,15,12,14,0
26050,16,12,14,0
26100,0,13,1,0
26100,1,12,1,0
26100,2,11,1,0
26100,3,10,1,0
26100,4,9,1,0
26100,5,9,1,0
26100,6,9,1,0
26100,7,9,1,0
26100,8,9,1,0
26150,0,1,18,0
26150,1,1,18,0
26150,2,1,18,0
26150,3,1,17,0
26150,4,1,16,0
26150,5,1,16,0
26150,6,1,16,0
26150,7,1,15,0
26150,8,1,15,0
26200,0,8,9,0
26200,1,9,9,0
26200,2,10,9,0
26200,3,10,9,0
26200,4,10,9,0
26200,5,10,9,0
26200,6,10,9,0
26250,0,13,4,0
26250,1,13,4,0
26250,2,13,5,0
26250,3,13,6,0
26250,4,13,7,0
26250,5,13,8,0
26250,6,13,8,0
26250,7,12,8,0
26250,8,12,8,0
26250,9,12,8,0
26300,0,2,4,0
26300,1,2,4,0
26300,2,3,4,0
26300,3,4,4,0
26300,4,5,4,0
26300,5,6,4,0
26300,6,7,4,0
26300,7,8,4,0
26300,8,8,4,0
26300,9,8,4,0
26300,10,8,4,0
26300,11,8,4,0
26350,0,10,18,0
26350,1,10,17,0
26350,2,10,16,0
26350,3,10,15,0
26350,4,10,14,0
26350,5,10,14,0
26350,6,10,14,0
26350,7,10,14,0
26350,8,10,14,0
26400,0,6,11,0
26400,1,6,11,0
26400,2,6,11,0
26400,3,6,12,0
26400,4,6,13,0
26400,5,6,14,0
26400,6,6,15,0
26400,7,6,15,0
26400,8,6,15,0
26400,9,6,15,0
26400,10,6,15,0
26450,0,4,13,0
26450,1,4,14,0
26450,2,4,15,0
26450,3,4,16,0
26450,4,4,16,0
26450,5,5,16,0
26450,6,6,16,0
26450,7,7,16,0
26450,8,7,16,0
26450,9,7,16,0
26450,10,7,16,0
26450,11,7,16,0
26450,12,7,15,0
26450,13,7,14,0
26450,14,7,13,0
26450,15,7,12,0
26450,16,7,12,0
26450,17,7,12,0
26450,18,7,11,0
26450,19,7,10,0
26450,20,7,10,0
26450,21,7,10,0
26450,22,7,10,0
26450,23,7,10,0
26500,0,5,6,0
26500,1,5,5,0
26500,2,5,4,0
26500,3,5,3,0
26500,4,5,2,0
26500,5,5,2,0
26500,6,6,2,0
26500,7,6,2,0
26550,0,7,3,0
26550,1,7,3,0
26550,2,7,3,0
26550,3,7,3,0
26550,4,7,3,0
26550,5,7,3,0
26550,6,7,3,0
26600,0,8,6,0
26600,1,8,6,0
26600,2,8,6,0
26600,3,8,7,0
26600,4,8,7,0
26600,5,8,7,0
26600,6,8,7,0
26600,7,8,7,0
26650,0,5,3,0
26650,1,6,3,0
26650,2,6,3,0
26650,3,6,3,0
26650,4,6,3,0
26650,5,6,3,0
26650,6,6,2,0
26650,7,6,1,0
26650,8,6,1,0
26650,9,6,1,0
26650,10,6,1,0
26650,11,6,1,0
26650,12,6,1,1
26700,0,14,7,0
26700,1,14,7,0
26700,2,14,6,0
26700,3,14,5,0
26700,4,14,4,0
26700,5,14,3,0
26700,6,14,2,0
26700,7,14,2,0
26700,8,14,2,0
26700,9,14,2,0
26700,10,14,2,0
26750,0,3,10,0
26750,1,3,10,0
26750,2,4,10,0
26750,3,4,10,0
26750,4,4,11,0
26750,5,4,12,0
26750,6,4,13,0
26750,7,4,14,0
26750,8,4,15,0
26750,9,4,15,0
26750,10,4,15,0
26750,11,4,15,0
26750,12,4,15,0
26800,0,15,14,0
26800,1,15,14,0
26800,2,15,13,0
26800,3,15,12,0
26800,4,15,11,0
26800,5,15,10,0
26800,6,15,10,0
26800,7,15,10,0
26800,8,15,10,0
26800,9,15,10,0
26850,0,7,15,0
26850,1,7,15,0
26850,2,7,14,0
26850,3,7,13,0
26850,4,7,12,0
26850,5,7,11,0
26850,6,7,11,0
26850,7,7,11,0
26850,8,7,11,0
26850,9,7,11,0
26900,0,5,11,0
26900,1,5,11,0
26900,2,5,10,0
26900,3,5,9,0
26900,4,5,9,0
26900,5,5,9,0
26900,6,5,8,0
26900,7,5,8,0
26900,8,6,8,0
26900,9,7,8,0
26900,10,7,8,0
26900,11,7,8,0
26900,12,7,8,0
26950,0,13,18,0
26950,1,13,18,0
26950,2,13,18,0
26950,3,14,18,0
26950,4,15,18,0
26950,5,15,18,0
26950,6,15,18,0
26950,7,15,18,0
26950,8,15,18,0
26950,9,15,18,0
26950,10,15,18,0
26950,11,15,18,0
26950,12,15,18,0
27000,0,18,8,0
27000,1,17,8,0
27000,2,16,8,0
27000,3,15,8,0
27000,4,15,8,0
27000,5,15,8,0
27000,6,15,8,0
27000,7,15,8,0
27050,0,12,15,0
27050,1,12,15,0
27050,2,12,14,0
27050,3,12,13,0
27050,4,12,13,0
27050,5,11,13,0
27050,6,11,13,0
27050,7,11,13,0
27050,8,11,13,0
27050,9,11,13,0
27050,10,11,13,0
27100,0,8,7,0
27100,1,8,7,0
27100,2,7,7,0
27100,3,6,7,0
27100,4,5,7,0
27100,5,5,7,0
27100,6,5,7,0
27100,7,5,7,0
27100,8,5,7,0
27150,0,8,8,0
27150,1,8,8,0
27150,2,9,8,0
27150,3,9,8,0
27150,4,9,8,0
27200,0,13,18,0
27200,1,13,18,0
27200,2,12,18,0
27200,3,11,18,0
27200,4,11,18,0
27200,5,11,18,0
27200,6,11,18,0
27200,7,11,18,0
27200,8,11,18,0
27200,9,11,18,0
27200,10,11,18,0
27200,11,11,18,0
27200,12,12,18,0
27200,13,12,18,0
27200,14,12,18,0
27250,0,12,18,0
27250,1,12,18,0
27250,2,13,18,0
27250,3,14,18,0
27250,4,15,18,0
27250,5,16,18,0
27250,6,16,18,0
27250,7,16,17,0
27250,8,16,17,0
27300,0,11,10,0
27300,1,10,10,0
27300,2,9,10,0
27300,3,9,10,0
27300,4,9,9,0
27300,5,9,8,0
27300,6,9,8,0
27350,0,15,1,0
27350,1,15,1,0
27350,2,15,1,0
27350,3,15,1,0
27350,4,15,1,0
27350,5,15,1,0
27350,6,15,1,0
27350,7,15,1,0
27350,8,15,1,0
27350,9,15,1,0
27350,10,14,1,0
27350,11,14,1,0
27350,12,14,1,0
27350,13,13,1,0
27350,14,12,1,0
27350,15,11,1,0
27350,16,11,1,0
27350,17,11,1,0
27350,18,11,1,0
27350,19,11,1,0
27350,20,11,1,0
27350,21,11,1,0
27400,0,5,3,0
27400,1,5,3,0
27400,2,5,4,0
27400,3,5,5,0
27400,4,5,6,0
27400,5,5,7,0
27400,6,5,8,0
27400,7,5,9,0
27400,8,5,10,0
27400,9,5,11,0
27400,10,5,12,0
27400,11,5,13,0
27400,12,5,14,0
27400,13,5,14,0
27400,14,5,14,0
27400,15,5,14,0
27400,16,5,14,0
27450,0,7,15,0
27450,1,7,16,0
27450,2,7,17,0
27450,3,7,17,0
27450,4,6,17,0
27450,5,5,17,0
27450,6,5,17,0
27500,0,16,8,0
27500,1,16,8,0
27500,2,16,7,0
27500,3,16,6,0
27500,4,16,6,0
27550,0,15,1,0
27550,1,15,1,0
27550,2,15,1,0
27550,3,14,1,0
27550,4,13,1,0
27550,5,12,1,0
27550,6,11,1,0
27550,7,10,1,0
27550,8,9,1,0
27550,9,8,1,0
27550,10,7,1,0
27550,11,6,1,0
27550,12,5,1,0
27550,13,5,1,0
27550,14,5,1,0
27550,15,5,1,0
27550,16,5,1,0
27600,0,9,2,0
27600,1,9,2,0
27600,2,9,2,0
27600,3,9,2,0
27600,4,8,2,0
27600,5,7,2,0
27600,6,6,2,0
27600,7,5,2,0
27600,8,4,2,0
27600,9,3,2,0
27600,10,3,2,0
27600,11,3,2,0
27600,12,3,2,0
27600,13,3,2,0
27650,0,3,18,0
27650,1,3,18,0
27650,2,4,18,0
27650,3,5,18,0
27650,4,6,18,0
27650,5,7,18,0
27650,6,7,18,0
27650,7,7,17,0
27650,8,7,17,0
27650,9,7,17,0
27650,10,7,17,0
27700,0,11,13,0
27700,1,11,13,0
27750,0,3,14,0
27750,1,3,14,0
27750,2,4,14,0
27750,3,5,14,0
27750,4,6,14,0
27750,5,7,14,0
27750,6,8,14,0
27750,7,9,14,0
27750,8,10,14,0
27750,9,11,14,0
27750,10,12,14,0
27750,11,13,14,0
27750,12,13,14,0
27750,13,13,14,0
27750,14,13,14,0
27750,15,13,14,0
27800,0,5,17,0
27800,1,5,17,0
27800,2,5,16,0
27800,3,5,15,0
27800,4,5,15,0
27800,5,5,15,0
27800,6,5,14,0
27800,7,5,14,0
27850,0,4,1,0
27850,1,4,1,0
27850,2,4,1,0
27850,3,4,2,0
27850,4,4,3,0
27850,5,4,4,0
27850,6,4,5,0
27850,7,4,6,0
27850,8,4,7,0
27850,9,4,7,0
27850,10,4,7,0
27850,11,4,7,0
27850,12,4,6,0
27850,13,4,5,0
27850,14,4,4,0
27850,15,4,3,0
27850,16,4,2,0
27850,17,4,1,0
27850,18,4,1,0
27850,19,4,1,0
27850,20,4,1,0
27850,21,4,1,0
27850,22,4,1,1
27900,0,10,5,0
27900,1,10,5,0
27900,2,9,5,0
27900,3,8,5,0
27900,4,7,5,0
27900,5,7,5,0
27900,6,7,5,0
27900,7,7,5,0
27900,8,7,5,0
27900,9,7,5,0
27900,10,7,5,0
27950,0,4,10,0
27950,1,4,9,0
27950,2,4,8,0
27950,3,4,7,0
27950,4,4,6,0
27950,5,4,6,0
27950,6,5,6,0
27950,7,5,6,0
27950,8,5,6,0
27950,9,6,6,0
27950,10,6,6,0
28000,0,5,11,0
28000,1,6,11,0
28000,2,7,11,0
28000,3,8,11,0
28000,4,8,11,0
28000,5,8,11,0
28000,6,8,11,0
28050,0,2,18,0
28050,1,2,18,0
28050,2,2,18,0
28050,3,2,18,0
28050,4,2,17,0
28050,5,2,16,0
28050,6,2,15,0
28050,7,2,15,0
28050,8,2,15,0
28050,9,2,15,0
28100,0,9,16,0
28100,1,9,16,0
28100,2,9,16,0
28100,3,10,16,0
28100,4,11,16,0
28100,5,12,16,0
28100,6,13,16,0
28100,7,14,16,0
28100,8,15,16,0
28100,9,16,16,0
28100,10,17,16,0
28100,11,17,16,0
28100,12,17,16,0
28100,13,17,16,0
28100,14,17,16,0
28150,0,12,17,0
28150,1,12,17,0
28150,2,12,16,0
28150,3,12,15,0
28150,4,12,15,0
28150,5,12,15,0
28150,6,12,15,0
28150,7,12,15,0
28200,0,5,16,0
28200,1,5,16,0
28200,2,6,16,0
28200,3,6,16,0
28200,4,6,16,0
28200,5,6,16,0
28200,6,6,16,0
28250,0,6,2,0
28250,1,6,2,0
28250,2,6,2,0
28250,3,6,3,0
28250,4,6,4,0
28250,5,6,4,0
28250,6,6,4,0
28250,7,6,4,0
28300,0,7,7,0
28300,1,7,8,0
28300,2,7,9,0
28300,3,7,10,0
28300,4,7,11,0
28300,5,7,12,0
28300,6,7,13,0
28300,7,7,13,0
28300,8,7,13,0
28300,9,7,13,0
28300,10,7,13,0
28350,0,18,6,0
28350,1,18,6,0
28350,2,17,6,0
28350,3,16,6,0
28350,4,15,6,0
28350,5,14,6,0
28350,6,13,6,0
28350,7,12,6,0
28350,8,11,6,0
28350,9,11,6,0
28350,10,11,7,0
28350,11,11,7,0
28400,0,13,16,0
28400,1,13,16,0
28400,2,13,16,0
28400,3,12,16,0
28400,4,12,16,0
28400,5,12,15,0
28400,6,12,14,0
28400,7,12,14,0
28450,0,16,6,0
28450,1,16,6,0
28450,2,16,6,0
28450,3,15,6,0
28450,4,14,6,0
28450,5,13,6,0
28450,6,12,6,0
28450,7,11,6,0
28450,8,11,6,0
28450,9,11,7,0
28450,10,11,8,0
28450,11,11,8,0
28500,0,15,18,0
28500,1,15,18,0
28500,2,15,18,0
28500,3,15,18,0
28500,4,16,18,0
28500,5,16,18,0
28500,6,16,18,0
28500,7,17,18,0
28500,8,17,18,0
28500,9,17,18,0
28500,10,17,18,0
28500,11,17,17,0
28500,12,17,16,0
28500,13,17,16,0
28550,0,7,2,0
28550,1,7,2,0
28550,2,8,2,0
28550,3,8,2,0
28550,4,8,3,0
28550,5,8,4,0
28550,6,8,4,0
28600,0,11,15,0
28600,1,11,15,0
28600,2,12,15,0
28600,3,13,15,0
28600,4,13,15,0
28600,5,13,15,0
28600,6,14,15,0
28600,7,14,15,0
28600,8,14,14,0
28600,9,14,13,0
28600,10,14,12,0
28600,11,14,12,0
28650,0,4,6,0
28650,1,4,6,0
28650,2,5,6,0
28650,3,5,6,0
28650,4,5,7,0
28650,5,5,7,0
28700,0,2,17,0
28700,1,2,17,0
28700,2,3,17,0
28700,3,3,17,0
28700,4,4,17,0
28700,5,5,17,0
28700,6,6,17,0
28700,7,7,17,0
28700,8,8,17,0
28700,9,8,17,0
28700,10,8,16,0
28700,11,8,16,0
28700,12,8,16,0
28700,13,8,16,0
28700,14,8,16,0
28750,0,18,6,0
28750,1,17,6,0
28750,2,16,6,0
28750,3,15,6,0
28750,4,15,6,0
28750,5,15,7,0
28750,6,15,7,0
28750,7,14,7,0
28750,8,13,7,0
28750,9,12,7,0
28750,10,12,7,0
28800,0,7,13,0
28800,1,7,13,0
28800,2,7,13,0
28800,3,6,13,0
28800,4,5,13,0
28800,5,5,13,0
28800,6,5,12,0
28800,7,5,11,0
28800,8,5,11,0
28850,0,12,5,0
28850,1,12,5,0
28850,2,12,6,0
28850,3,12,7,0
28850,4,12,8,0
28850,5,12,9,0
28850,6,12,9,0
28850,7,12,9,0
28850,8,12,9,0
28900,0,2,18,0
28900,1,2,18,0
28900,2,2,18,0
28950,0,15,5,0
28950,1,15,5,0
28950,2,15,5,0
28950,3,15,5,0
29000,0,8,12,0
29000,1,8,12,0
29000,2,8,11,0
29000,3,8,10,0
29000,4,8,9,0
29000,5,8,8,0
29000,6,8,7,0
29000,7,8,6,0
29000,8,8,6,0
29000,9,9,6,0
29000,10,9,6,0
29050,0,5,14,0
29050,1,5,14,0
29050,2,6,14,0
29050,3,6,14,0
29050,4,6,13,0
29050,5,6,13,0
29050,6,7,13,0
29050,7,8,13,0
29050,8,9,13,0
29050,9,9,13,0
29100,0,8,17,0
29100,1,8,17,0
29100,2,8,16,0
29100,3,8,15,0
29100,4,8,15,0
29150,0,15,13,0
29150,1,15,13,0
29150,2,15,13,0
29150,3,15,14,0
29150,4,15,15,0
29150,5,15,16,0
29150,6,15,16,0
29150,7,15,16,0
29150,8,15,16,0
29150,9,15,16,0
29200,0,6,9,0
29200,1,6,8,0
29200,2,6,7,0
29200,3,6,7,0
29200,4,6,7,0
29200,5,6,6,0
29200,6,6,6,0
29200,7,6,6,0
29200,8,6,6,0
29200,9,6,6,0
29250,0,10,7,0
29250,1,10,7,0
29250,2,10,6,0
29250,3,10,5,0
29250,4,10,4,0
29250,5,10,4,0
29250,6,9,4,0
29250,7,8,4,0
29250,8,8,4,0
29300,0,4,7,0
29300,1,4,7,0
29300,2,4,6,0
29300,3,4,5,0
29300,4,4,4,0
29300,5,4,3,0
29300,6,4,3,0
29300,7,4,3,0
29300,8,4,3,0
29300,9,5,3,0
29300,10,5,3,0
29350,0,17,9,0
29350,1,17,9,0
29350,2,17,10,0
29350,3,17,11,0
29350,4,17,11,0
29400,0,17,6,0
29400,1,17,7,0
29400,2,17,8,0
29400,3,17,9,0
29400,4,17,10,0
29400,5,17,11,0
29400,6,17,12,0
29400,7,17,13,0
29400,8,17,14,0
29400,9,17,15,0
29400,10,17,15,0
29400,11,17,15,0
29400,12,17,15,0
29400,13,17,15,0
29450,0,17,12,0
29450,1,17,12,0
29450,2,17,13,0
29450,3,17,13,0
29450,4,17,13,0
29500,0,12,13,0
29500,1,12,13,0
29500,2,12,14,0
29500,3,12,14,0
29550,0,6,4,0
29550,1,7,4,0
29550,2,8,4,0
29550,3,9,4,0
29550,4,10,4,0
29550,5,11,4,0
29550,6,12,4,0
29550,7,13,4,0
29550,8,13,4,0
29550,9,13,4,0
29550,10,13,4,0
29550,11,13,4,0
29600,0,16,18,0
29600,1,16,18,0
29600,2,15,18,0
29600,3,14,18,0
29600,4,14,18,0
29600,5,14,18,0
29600,6,14,18,0
29600,7,14,18,0
29600,8,14,18,0
29600,9,14,18,0
29650,0,8,9,0
29650,1,8,9,0
29650,2,9,9,0
29650,3,10,9,0
29650,4,10,9,0
29650,5,10,9,0
29650,6,10,9,0
29650,7,10,9,0
29700,0,2,10,0
29700,1,3,10,0
29700,2,3,10,0
29700,3,4,10,0
29700,4,5,10,0
29700,5,5,10,0
29700,6,5,10,0
29700,7,6,10,0
29700,8,6,10,0
29700,9,6,10,0
29700,10,7,10,0
29700,11,8,10,0
29700,12,8,10,0
29700,13,8,11,0
29700,14,8,11,0
29750,0,14,13,0
29750,1,13,13,0
29750,2,13,13,0
29750,3,13,14,0
29750,4,13,15,0
29750,5,13,16,0
29750,6,13,16,0
29750,7,13,16,0
29750,8,13,16,0
29750,9,13,16,0
29750,10,13,16,0
29750,11,13,16,0
29750,12,13,16,0
29750,13,13,16,1
29800,0,6,4,0
29800,1,6,4,0
29800,2,7,4,0
29800,3,8,4,0
29800,4,9,4,0
29800,5,9,4,0
29800,6,9,4,0
29800,7,9,4,0
29800,8,9,4,0
29850,0,1,17,0
29850,1,1,17,0
29850,2,1,17,0
29900,0,6,16,0
29900,1,6,16,0
29900,2,6,16,0
29900,3,6,16,0
29900,4,6,16,0
29900,5,6,16,0
29900,6,6,17,0
29900,7,6,18,0
29900,8,6,18,0
29900,9,6,18,0
29900,10,6,18,0
29900,11,6,18,0
29900,12,6,18,0
29900,13,6,18,0
29900,14,6,18,0
29900,15,6,18,0
29950,0,6,8,0
29950,1,6,8,0
30000,0,1,2,0
30000,1,1,3,0
30000,2,1,4,0
30000,3,1,5,0
30000,4,1,5,0
30000,5,1,5,0
30000,6,1,5,0
