episode,step,px,py,died
50,0,5,12,0
50,1,5,12,0
50,2,5,12,0
50,3,5,12,0
50,4,6,12,0
50,5,7,12,0
50,6,8,12,0
50,7,8,12,0
50,8,8,12,1
100,0,16,7,0
100,1,16,7,0
100,2,16,6,0
100,3,16,6,0
100,4,16,6,0
100,5,16,6,1
150,0,18,13,0
150,1,18,13,0
150,2,18,13,0
150,3,18,13,0
150,4,18,13,0
150,5,18,12,0
150,6,18,12,0
150,7,18,12,0
150,8,18,12,0
150,9,18,12,0
150,10,18,12,0
150,11,18,12,0
150,12,18,12,0
150,13,18,12,0
150,14,18,12,0
150,15,18,12,0
150,16,18,11,0
150,17,18,11,0
150,18,18,11,0
150,19,18,11,0
150,20,18,11,0
150,21,18,11,0
150,22,18,11,0
150,23,18,11,0
150,24,18,10,1
200,0,18,11,0
200,1,18,11,0
200,2,18,11,0
200,3,18,11,0
200,4,18,12,0
200,5,18,12,0
200,6,18,12,0
200,7,18,12,0
200,8,18,12,0
200,9,18,12,0
200,10,18,13,0
200,11,18,14,0
200,12,18,14,0
200,13,18,14,1
250,0,13,14,0
250,1,13,14,0
250,2,13,14,0
250,3,14,14,0
250,4,15,14,0
250,5,16,14,0
250,6,16,14,0
250,7,16,14,0
250,8,17,14,0
250,9,17,14,0
250,10,17,13,0
250,11,17,13,0
250,12,16,13,1
300,0,9,6,0
300,1,9,6,0
300,2,9,6,0
300,3,10,6,0
300,4,10,6,0
300,5,10,6,0
300,6,11,6,0
300,7,12,6,0
300,8,13,6,0
300,9,13,6,0
300,10,13,7,0
300,11,13,7,0
300,12,13,7,0
300,13,13,7,0
300,14,13,7,0
300,15,13,6,0
300,16,13,6,0
300,17,14,6,0
300,18,14,6,0
300,19,14,6,0
300,20,14,6,0
300,21,14,6,0
300,22,14,7,0
300,23,14,7,0
300,24,14,7,0
300,25,14,7,1
350,0,1,14,0
350,1,1,14,0
350,2,1,14,0
350,3,1,15,0
350,4,1,15,0
350,5,1,15,0
350,6,1,15,0
350,7,1,15,0
350,8,1,15,0
350,9,1,15,0
350,10,1,15,0
350,11,1,15,0
350,12,1,15,0
350,13,1,15,0
350,14,1,15,0
350,15,1,15,0
350,16,1,15,0
350,17,1,15,0
350,18,1,15,0
350,19,1,15,0
350,20,1,15,0
350,21,1,16,0
350,22,1,17,0
350,23,1,17,0
350,24,2,17,0
350,25,3,17,0
350,26,4,17,0
350,27,5,17,0
350,28,5,17,0
350,29,5,17,0
350,30,5,17,0
350,31,5,16,0
350,32,5,16,0
350,33,5,16,0
350,34,5,16,0
350,35,4,16,0
350,36,3,16,0
350,37,3,16,0
350,38,2,16,1
400,0,6,15,0
400,1,7,15,0
400,2,8,15,0
400,3,8,15,0
400,4,8,15,0
400,5,8,15,0
400,6,8,15,0
400,7,8,15,0
400,8,9,15,0
400,9,9,15,0
400,10,9,15,1
450,0,12,4,0
450,1,12,4,0
450,2,12,4,0
450,3,12,4,0
450,4,12,5,0
450,5,12,5,0
450,6,13,5,0
450,7,13,5,0
450,8,13,5,0
450,9,13,5,0
450,10,13,5,0
450,11,13,5,0
450,12,13,5,0
450,13,13,5,0
450,14,12,5,0
450,15,12,5,0
450,16,12,5,0
450,17,12,5,0
450,18,12,6,0
450,19,12,7,0
450,20,12,7,0
450,21,12,7,0
450,22,12,7,0
450,23,12,8,0
450,24,12,8,0
450,25,11,8,0
450,26,11,8,0
450,27,11,8,0
450,28,12,8,0
450,29,12,8,0
450,30,12,8,0
450,31,12,8,0
450,32,12,8,0
450,33,12,9,0
450,34,12,10,0
450,35,12,10,0
450,36,12,10,0
450,37,12,10,0
450,38,12,10,0
450,39,12,10,1
500,0,18,9,0
500,1,18,9,0
500,2,18,10,0
500,3,18,10,0
500,4,18,10,0
500,5,18,10,0
500,6,18,10,0
500,7,18,11,0
500,8,18,11,0
500,9,18,12,0
500,10,18,12,0
500,11,18,12,0
500,12,18,11,0
500,13,18,11,0
500,14,18,11,0
500,15,18,10,0
500,16,18,10,0
500,17,17,10,0
500,18,17,10,0
500,19,17,10,0
500,20,17,10,0
500,21,17,10,0
500,22,17,10,0
500,23,17,10,1
550,0,3,3,0
550,1,3,3,0
550,2,3,3,0
550,3,3,3,0
550,4,3,3,0
550,5,3,3,0
550,6,2,3,0
550,7,1,3,0
550,8,1,3,0
550,9,1,4,0
550,10,1,4,0
550,11,1,4,0
550,12,1,4,0
550,13,1,4,0
550,14,1,3,0
550,15,1,3,0
550,16,2,3,0
550,17,2,3,0
550,18,2,2,0
550,19,2,1,0
550,20,2,1,0
550,21,2,1,0
550,22,2,1,0
550,23,2,2,0
550,24,2,2,0
550,25,2,2,0
550,26,2,2,0
550,27,3,2,0
550,28,3,2,0
550,29,3,3,0
550,30,3,3,0
550,31,3,4,0
550,32,3,4,0
550,33,3,4,0
550,34,3,4,0
550,35,3,4,0
550,36,3,5,0
550,37,3,5,0
550,38,4,5,0
550,39,4,5,0
550,40,4,4,0
550,41,4,3,0
550,42,4,3,0
550,43,4,3,0
550,44,3,3,0
550,45,2,3,0
550,46,2,3,0
550,47,2,3,0
550,48,2,3,0
550,49,2,3,0
550,50,2,3,0
550,51,2,3,0
550,52,2,3,1
600,0,7,5,0
600,1,7,5,0
600,2,7,5,0
600,3,7,5,0
600,4,7,5,0
600,5,8,5,0
600,6,9,5,0
600,7,9,5,0
600,8,9,5,0
600,9,8,5,0
600,10,7,5,0
600,11,6,5,0
600,12,6,5,0
600,13,6,5,0
600,14,6,4,0
600,15,6,4,0
600,16,6,4,0
600,17,6,4,0
600,18,6,4,0
600,19,6,4,0
600,20,6,4,0
600,21,6,4,0
600,22,6,4,0
650,0,15,10,0
650,1,15,10,0
650,2,15,10,0
650,3,15,10,0
650,4,15,10,0
650,5,15,10,0
650,6,15,10,0
650,7,15,10,0
650,8,16,10,0
650,9,17,10,0
650,10,17,10,0
650,11,17,10,0
650,12,17,10,0
650,13,17,10,0
650,14,17,9,0
650,15,17,9,0
650,16,17,9,0
650,17,17,8,0
650,18,17,8,0
650,19,17,8,0
650,20,17,9,0
650,21,17,9,0
650,22,17,9,0
650,23,17,9,0
650,24,17,9,0
650,25,17,9,0
650,26,17,9,0
650,27,17,9,0
650,28,17,9,1
700,0,9,17,0
700,1,9,17,0
700,2,9,17,0
700,3,9,17,0
700,4,10,17,0
700,5,10,17,0
700,6,10,18,0
700,7,10,18,0
700,8,10,18,0
700,9,10,18,0
700,10,10,18,0
700,11,10,18,0
700,12,10,18,0
700,13,10,18,0
700,14,10,18,0
700,15,10,18,0
700,16,10,18,0
700,17,10,18,0
700,18,9,18,0
700,19,9,18,0
700,20,9,18,0
700,21,9,18,0
700,22,9,18,0
700,23,9,18,0
700,24,9,18,0
700,25,9,17,0
700,26,9,17,0
700,27,9,17,0
700,28,9,17,0
700,29,9,17,0
700,30,9,17,0
700,31,9,16,0
700,32,9,15,0
700,33,9,15,0
700,34,9,15,1
750,0,11,6,0
750,1,11,6,0
750,2,11,5,0
750,3,11,5,0
750,4,11,4,0
750,5,11,3,0
750,6,11,2,0
750,7,11,2,0
750,8,11,2,0
750,9,11,2,0
750,10,11,2,0
750,11,11,2,0
750,12,11,2,0
750,13,11,2,0
750,14,11,1,0
750,15,11,1,0
750,16,11,1,0
750,17,10,1,0
750,18,9,1,0
750,19,9,1,0
750,20,9,1,0
750,21,8,1,0
750,22,7,1,0
750,23,7,1,0
750,24,7,1,0
750,25,7,1,0
750,26,8,1,0
750,27,9,1,0
750,28,9,1,0
750,29,9,1,0
750,30,9,1,0
750,31,9,1,0
750,32,9,1,0
750,33,9,1,1
800,0,12,15,0
800,1,11,15,0
800,2,11,15,0
800,3,10,15,0
800,4,9,15,0
800,5,8,15,0
800,6,7,15,0
800,7,7,15,0
800,8,7,16,0
800,9,7,16,0
800,10,7,16,0
800,11,7,16,0
800,12,7,16,0
800,13,7,15,0
800,14,7,14,0
800,15,7,14,0
800,16,7,14,1
850,0,11,7,0
850,1,11,7,0
850,2,11,7,0
850,3,11,8,0
850,4,11,8,0
850,5,11,8,0
850,6,11,9,0
850,7,11,9,0
850,8,11,9,0
850,9,11,10,0
850,10,11,10,0
850,11,11,10,0
850,12,11,10,0
850,13,11,10,0
850,14,11,10,0
850,15,10,10,0
850,16,10,10,0
850,17,10,9,1
900,0,15,10,0
900,1,16,10,0
900,2,16,10,0
900,3,16,10,0
900,4,16,10,0
900,5,16,10,0
900,6,16,10,0
900,7,16,10,0
900,8,16,10,0
900,9,16,10,0
900,10,16,9,0
900,11,16,8,0
900,12,16,7,0
900,13,16,7,0
900,14,15,7,0
900,15,14,7,0
900,16,14,7,0
900,17,14,7,1
950,0,6,3,0
950,1,6,3,0
950,2,6,4,0
950,3,6,5,0
950,4,6,5,0
950,5,6,5,0
950,6,6,6,1
1000,0,15,7,0
1000,1,15,6,0
1000,2,15,6,0
1000,3,16,6,0
1000,4,17,6,0
1000,5,18,6,0
1000,6,18,6,0
1000,7,18,6,0
1000,8,18,6,0
1000,9,18,5,0
1000,10,18,5,0
1000,11,18,5,0
1000,12,18,5,0
1000,13,18,5,0
1000,14,18,5,0
1000,15,18,5,0
1000,16,18,5,0
1000,17,18,5,0
1000,18,18,5,0
1000,19,17,5,0
1000,20,17,5,0
1000,21,17,5,0
1000,22,17,5,0
1050,0,13,16,0
1050,1,13,17,0
1050,2,13,17,0
1050,3,13,18,0
1050,4,13,18,0
1050,5,14,18,0
1050,6,14,18,0
1050,7,14,17,0
1050,8,14,17,0
1050,9,14,17,0
1050,10,14,17,0
1050,11,14,17,0
1050,12,14,17,0
1050,13,14,17,0
1050,14,14,17,0
1050,15,14,16,0
1050,16,14,16,0
1050,17,13,16,1
1100,0,14,18,0
1100,1,14,18,0
1100,2,14,18,0
1100,3,14,18,0
1100,4,14,18,0
1100,5,14,18,0
1100,6,14,17,0
1100,7,14,16,0
1100,8,14,16,0
1100,9,14,16,0
1100,10,14,15,0
1100,11,14,15,0
1100,12,14,15,0
1100,13,14,15,0
1100,14,14,14,0
1100,15,14,13,0
1100,16,14,13,0
1100,17,14,13,0
1100,18,14,13,0
1100,19,15,13,0
1100,20,15,13,0
1100,21,15,12,1
1150,0,4,8,0
1150,1,4,8,0
1150,2,4,8,0
1150,3,5,8,0
1150,4,5,8,0
1150,5,5,8,0
1150,6,6,8,0
1150,7,6,8,0
1150,8,6,7,0
1150,9,6,7,0
1150,10,6,7,0
1150,11,6,7,0
1150,12,7,7,0
1150,13,7,7,0
1150,14,7,7,0
1150,15,7,8,0
1150,16,7,8,0
1150,17,7,8,0
1150,18,7,7,0
1150,19,7,6,0
1150,20,7,6,0
1150,21,8,6,0
1150,22,8,6,0
1150,23,8,6,0
1150,24,8,6,1
1200,0,11,16,0
1200,1,11,16,0
1200,2,11,16,0
1200,3,12,16,0
1200,4,13,16,0
1200,5,13,16,0
1200,6,13,16,0
1200,7,13,16,0
1200,8,13,16,0
1200,9,13,16,0
1200,10,13,16,0
1200,11,13,16,0
1200,12,13,16,0
1200,13,13,16,0
1200,14,13,16,0
1200,15,13,15,0
1200,16,13,15,0
1200,17,13,15,0
1200,18,13,15,0
1200,19,13,15,0
1200,20,13,14,0
1200,21,13,13,0
1200,22,13,12,0
1200,23,13,12,0
1200,24,13,12,0
1200,25,13,12,0
1200,26,13,12,0
1200,27,13,12,0
1200,28,13,13,0
1200,29,13,14,0
1200,30,13,14,0
1200,31,14,14,0
1200,32,14,14,0
1200,33,14,13,0
1200,34,14,13,0
1200,35,14,13,0
1200,36,14,13,0
1200,37,14,13,0
1200,38,14,13,0
1200,39,14,13,0
1200,40,15,13,0
1200,41,16,13,0
1200,42,16,13,0
1200,43,16,12,0
1200,44,16,12,0
1200,45,16,12,0
1200,46,16,12,0
1200,47,17,12,0
1200,48,17,12,0
1200,49,17,12,0
1200,50,17,13,0
1200,51,17,13,0
1200,52,17,13,0
1200,53,17,14,0
1200,54,17,14,0
1200,55,16,14,0
1200,56,16,14,0
1200,57,16,13,0
1200,58,16,13,0
1200,59,17,13,0
1200,60,18,13,0
1200,61,18,13,0
1200,62,18,13,0
1200,63,18,13,0
1200,64,18,13,0
1200,65,18,13,0
1200,66,18,13,0
1200,67,18,13,0
1200,68,18,14,1
1250,0,16,4,0
1250,1,16,4,0
1250,2,17,4,0
1250,3,18,4,0
1250,4,18,4,0
1250,5,18,4,0
1250,6,18,4,0
1250,7,18,4,0
1250,8,18,4,0
1250,9,18,4,0
1250,10,18,4,0
1250,11,18,4,0
1250,12,18,4,0
1250,13,18,4,0
1250,14,18,4,0
1250,15,18,4,0
1250,16,18,4,0
1250,17,18,4,0
1250,18,18,4,0
1250,19,18,3,0
1250,20,18,3,0
1250,21,18,3,0
1250,22,18,3,0
1250,23,18,3,0
1250,24,18,3,1
1300,0,8,14,0
1300,1,8,13,0
1300,2,8,13,0
1300,3,8,13,0
1300,4,8,14,0
1300,5,8,14,0
1300,6,8,14,0
1300,7,8,14,0
1300,8,8,14,0
1300,9,8,14,0
1300,10,8,14,0
1300,11,7,14,0
1300,12,7,14,0
1300,13,7,14,0
1300,14,7,14,0
1300,15,7,14,0
1300,16,7,14,0
1300,17,7,13,0
1300,18,7,13,0
1300,19,7,13,0
1300,20,7,13,0
1300,21,7,13,0
1300,22,7,13,0
1300,23,7,13,0
1300,24,7,13,1
1350,0,14,5,0
1350,1,14,5,0
1350,2,13,5,0
1350,3,13,5,0
1350,4,13,4,0
1350,5,13,3,0
1350,6,13,3,0
1350,7,13,3,0
1350,8,13,3,0
1350,9,13,2,0
1350,10,13,2,0
1350,11,14,2,0
1350,12,14,2,0
1350,13,14,1,0
1350,14,14,1,0
1350,15,14,1,0
1350,16,14,1,0
1350,17,15,1,0
1350,18,15,1,0
1350,19,15,1,0
1350,20,15,1,0
1350,21,15,1,0
1350,22,15,1,0
1350,23,16,1,0
1350,24,16,1,0
1350,25,16,1,0
1350,26,16,1,0
1350,27,16,1,0
1350,28,16,1,0
1350,29,16,1,0
1350,30,16,1,0
1350,31,16,2,0
1350,32,16,2,0
1350,33,16,3,0
1350,34,16,3,0
1350,35,16,3,1
1400,0,4,16,0
1400,1,4,15,0
1400,2,4,15,0
1400,3,4,15,0
1400,4,4,15,0
1400,5,3,15,0
1400,6,3,15,0
1400,7,2,15,0
1400,8,2,15,0
1400,9,2,15,0
1400,10,2,15,0
1400,11,2,15,0
1400,12,3,15,0
1400,13,4,15,0
1400,14,5,15,0
1400,15,6,15,0
1400,16,7,15,0
1400,17,7,15,0
1400,18,7,15,0
1400,19,7,15,1
1450,0,9,8,0
1450,1,9,9,0
1450,2,9,10,0
1450,3,9,11,0
1450,4,9,11,0
1450,5,9,11,0
1450,6,9,11,0
1450,7,9,11,0
1450,8,8,11,0
1450,9,8,11,0
1450,10,8,12,0
1450,11,8,12,0
1450,12,7,12,0
1450,13,7,12,0
1450,14,7,12,0
1450,15,7,12,0
1450,16,7,12,0
1450,17,6,12,0
1450,18,6,12,0
1450,19,6,12,1
1500,0,15,8,0
1500,1,16,8,0
1500,2,17,8,0
1500,3,18,8,0
1500,4,18,8,0
1500,5,18,8,0
1500,6,18,8,0
1500,7,18,7,0
1500,8,18,7,0
1500,9,18,7,0
1500,10,18,7,0
1500,11,18,7,0
1500,12,18,7,0
1500,13,18,7,0
1500,14,18,7,0
1500,15,18,7,0
1500,16,18,7,0
1500,17,18,7,0
1500,18,18,7,0
1500,19,18,7,0
1500,20,18,6,0
1500,21,18,6,0
1500,22,18,6,0
1500,23,18,6,0
1500,24,17,6,0
1500,25,16,6,0
1500,26,16,6,0
1500,27,16,7,0
1500,28,16,8,0
1500,29,16,8,0
1500,30,16,9,0
1500,31,16,9,0
1500,32,16,9,0
1500,33,16,10,0
1500,34,16,10,0
1500,35,17,10,0
1500,36,17,10,0
1500,37,17,10,0
1500,38,16,10,0
1500,39,16,10,0
1500,40,16,10,0
1500,41,16,10,0
1500,42,16,10,0
1500,43,16,10,0
1500,44,16,10,1
1550,0,3,3,0
1550,1,3,3,0
1550,2,3,3,0
1550,3,3,3,0
1550,4,3,3,0
1550,5,3,3,0
1550,6,3,3,0
1550,7,3,3,0
1550,8,3,3,0
1550,9,4,3,0
1550,10,4,3,0
1550,11,4,3,0
1550,12,5,3,0
1550,13,6,3,0
1550,14,6,3,0
1550,15,6,3,1
1600,0,15,3,0
1600,1,15,3,0
1600,2,16,3,0
1600,3,16,3,0
1600,4,16,4,0
1600,5,16,4,0
1600,6,16,4,0
1600,7,16,4,0
1600,8,16,4,0
1600,9,16,4,0
1600,10,16,4,0
1600,11,16,3,0
1600,12,16,2,0
1600,13,16,2,0
1600,14,16,2,0
1600,15,16,3,0
1600,16,16,3,0
1600,17,16,3,0
1600,18,16,3,0
1600,19,16,3,0
1600,20,16,3,0
1600,21,16,2,0
1600,22,16,1,0
1600,23,16,1,0
1600,24,16,1,0
1600,25,16,1,0
1600,26,16,1,0
1600,27,16,1,0
1600,28,16,1,0
1600,29,15,1,0
1600,30,14,1,0
1600,31,14,1,0
1600,32,14,1,0
1600,33,14,1,0
1600,34,14,1,1
1650,0,1,2,0
1650,1,1,2,0
1650,2,1,2,0
1650,3,1,2,0
1650,4,1,2,0
1650,5,1,2,0
1650,6,1,3,0
1650,7,1,3,0
1650,8,2,3,0
1650,9,2,3,1
1700,0,14,2,0
1700,1,14,2,0
1700,2,13,2,0
1700,3,12,2,0
1700,4,12,2,0
1700,5,12,3,0
1700,6,12,4,0
1700,7,12,4,0
1700,8,12,4,0
1700,9,12,5,0
1700,10,12,5,0
1700,11,13,5,0
1700,12,13,5,0
1700,13,13,6,0
1700,14,13,6,0
1700,15,13,6,0
1700,16,14,6,0
1700,17,14,6,0
1700,18,14,6,0
1700,19,14,6,1
1750,0,13,10,0
1750,1,14,10,0
1750,2,14,10,0
1750,3,14,10,0
1750,4,14,10,0
1750,5,14,10,0
1750,6,14,10,0
1750,7,14,10,0
1750,8,14,10,0
1750,9,14,10,0
1750,10,14,10,0
1750,11,14,10,0
1750,12,14,10,0
1750,13,15,10,1
1800,0,3,4,0
1800,1,3,4,0
1800,2,3,4,0
1800,3,3,4,0
1800,4,3,4,0
1800,5,3,4,0
1800,6,3,4,0
1800,7,3,4,0
1800,8,3,4,0
1800,9,3,4,0
1800,10,3,4,0
1800,11,4,4,0
1800,12,4,4,0
1800,13,4,4,0
1800,14,4,4,0
1800,15,3,4,0
1800,16,3,4,0
1800,17,3,3,0
1800,18,3,3,0
1800,19,4,3,0
1800,20,4,3,0
1800,21,4,3,1
1850,0,6,17,0
1850,1,6,17,0
1850,2,6,17,0
1850,3,6,17,0
1850,4,6,17,0
1850,5,6,17,0
1850,6,6,17,0
1850,7,7,17,0
1850,8,7,17,0
1850,9,7,16,0
1850,10,7,15,0
1850,11,7,14,0
1850,12,7,13,0
1850,13,7,13,0
1850,14,7,12,1
1900,0,1,1,0
1900,1,1,1,0
1900,2,1,1,0
1900,3,1,1,0
1900,4,1,1,0
1900,5,1,1,0
1900,6,1,1,0
1900,7,1,1,0
1900,8,1,1,0
1900,9,1,1,0
1900,10,1,1,0
1900,11,1,1,0
1900,12,2,1,0
1900,13,2,1,0
1900,14,2,1,0
1900,15,3,1,0
1900,16,3,1,0
1900,17,3,1,0
1900,18,3,2,0
1900,19,3,2,0
1900,20,4,2,0
1900,21,4,2,0
1900,22,4,2,0
1900,23,3,2,0
1900,24,2,2,0
1900,25,1,2,0
1900,26,1,2,0
1900,27,1,2,0
1900,28,1,2,0
1900,29,1,1,0
1900,30,1,1,0
1900,31,1,1,0
1900,32,1,1,0
1900,33,1,1,0
1900,34,2,1,0
1900,35,3,1,0
1900,36,3,1,0
1900,37,3,1,0
1900,38,4,1,1
1950,0,18,5,0
1950,1,18,5,0
1950,2,18,5,0
1950,3,18,5,0
1950,4,18,5,0
1950,5,18,5,0
1950,6,18,5,0
1950,7,17,5,0
1950,8,17,5,0
1950,9,17,5,0
1950,10,17,5,0
1950,11,17,6,0
1950,12,17,6,0
1950,13,18,6,0
1950,14,18,6,0
1950,15,18,6,0
1950,16,18,6,0
1950,17,18,6,0
1950,18,18,6,0
1950,19,18,6,0
1950,20,18,6,0
1950,21,18,6,0
1950,22,18,7,0
1950,23,18,8,0
1950,24,18,8,0
1950,25,18,8,0
1950,26,18,8,0
1950,27,18,8,0
1950,28,18,8,0
1950,29,18,8,0
1950,30,18,8,0
1950,31,18,8,0
1950,32,18,8,0
1950,33,18,8,0
2000,0,11,16,0
2000,1,11,16,0
2000,2,11,16,0
2000,3,10,16,0
2000,4,10,16,0
2000,5,10,17,0
2000,6,10,17,0
2000,7,11,17,0
2000,8,12,17,0
2000,9,12,17,0
2000,10,12,16,0
2000,11,12,16,0
2000,12,12,16,0
2000,13,11,16,0
2000,14,11,16,0
2000,15,11,16,0
2000,16,11,16,0
2000,17,11,16,0
2000,18,11,16,0
2000,19,11,16,0
2000,20,11,16,0
2000,21,11,16,0
2000,22,11,16,0
2000,23,11,16,0
2000,24,11,16,0
2000,25,10,16,0
2000,26,10,16,0
2000,27,10,15,0
2000,28,10,15,0
2000,29,10,15,0
2000,30,10,15,0
2000,31,10,15,0
2000,32,10,14,0
2000,33,10,13,0
2000,34,10,13,0
2000,35,9,13,0
2000,36,8,13,0
2000,37,8,13,0
2000,38,8,13,1
2050,0,9,3,0
2050,1,9,3,0
2050,2,9,3,0
2050,3,9,3,0
2050,4,9,4,0
2050,5,9,4,0
2050,6,10,4,0
2050,7,10,4,0
2050,8,10,3,0
2050,9,10,3,0
2050,10,10,3,0
2050,11,10,3,0
2050,12,10,3,0
2050,13,10,3,0
2050,14,10,3,0
2050,15,10,3,0
2050,16,10,3,0
2050,17,10,3,0
2050,18,10,3,0
2050,19,10,3,0
2050,20,10,4,0
2050,21,10,4,0
2050,22,9,4,1
2100,0,10,16,0
2100,1,10,16,0
2100,2,10,16,0
2100,3,10,16,0
2100,4,10,15,0
2100,5,10,14,0
2100,6,10,14,0
2100,7,9,14,0
2100,8,8,14,0
2100,9,8,14,0
2100,10,8,15,0
2100,11,8,15,0
2100,12,8,15,0
2100,13,8,15,0
2100,14,8,14,0
2100,15,8,14,0
2100,16,8,14,0
2100,17,8,14,0
2100,18,8,14,0
2100,19,8,14,0
2100,20,7,14,0
2100,21,7,14,0
2100,22,7,14,0
2100,23,7,14,0
2100,24,7,14,0
2100,25,7,14,1
2150,0,10,8,0
2150,1,10,7,0
2150,2,10,7,0
2150,3,10,7,0
2150,4,10,7,0
2150,5,10,7,0
2150,6,10,7,0
2150,7,10,8,0
2150,8,10,8,0
2150,9,10,8,0
2150,10,10,9,0
2150,11,10,10,0
2150,12,10,10,0
2150,13,10,10,0
2150,14,9,10,0
2150,15,9,10,0
2150,16,9,10,0
2150,17,9,10,0
2150,18,9,10,0
2150,19,9,10,1
2200,0,11,13,0
2200,1,11,13,0
2200,2,11,13,0
2200,3,11,13,0
2200,4,11,13,0
2200,5,10,13,0
2200,6,9,13,0
2200,7,8,13,0
2200,8,7,13,0
2200,9,7,13,0
2200,10,7,13,0
2200,11,7,13,0
2200,12,7,13,0
2200,13,7,13,0
2200,14,7,13,0
2200,15,7,13,0
2200,16,7,13,1
2250,0,3,16,0
2250,1,3,15,0
2250,2,3,14,0
2250,3,3,13,0
2250,4,3,13,0
2250,5,3,13,0
2250,6,3,13,0
2250,7,3,13,0
2250,8,3,13,0
2250,9,3,13,0
2250,10,4,13,0
2250,11,5,13,0
2250,12,6,13,0
2250,13,6,13,0
2250,14,6,13,0
2250,15,6,13,0
2250,16,6,13,0
2250,17,6,13,1
2300,0,2,5,0
2300,1,2,5,0
2300,2,2,5,0
2300,3,2,6,0
2300,4,2,6,0
2300,5,2,6,0
2300,6,2,6,0
2300,7,2,6,0
2300,8,3,6,0
2300,9,3,6,0
2300,10,3,6,0
2300,11,3,6,0
2300,12,3,6,0
2300,13,3,6,0
2300,14,3,6,0
2300,15,3,6,1
2350,0,17,2,0
2350,1,17,2,0
2350,2,18,2,0
2350,3,18,2,0
2350,4,18,2,0
2350,5,17,2,0
2350,6,17,2,0
2350,7,17,2,0
2350,8,17,2,0
2350,9,16,2,0
2350,10,16,2,0
2350,11,16,2,0
2350,12,15,2,0
2350,13,14,2,0
2350,14,14,2,0
2350,15,14,2,0
2350,16,14,2,0
2350,17,14,2,0
2350,18,14,3,0
2350,19,14,3,0
2350,20,15,3,0
2350,21,16,3,0
2350,22,17,3,0
2350,23,17,3,0
2350,24,17,3,0
2350,25,18,3,0
2350,26,18,3,0
2350,27,18,3,0
2350,28,18,3,0
2350,29,18,3,0
2350,30,18,2,0
2350,31,18,2,0
2350,32,18,2,0
2350,33,18,1,0
2350,34,18,1,0
2350,35,18,1,0
2350,36,18,1,0
2350,37,18,1,0
2350,38,18,1,0
2350,39,18,1,0
2350,40,18,1,0
2350,41,18,1,0
2350,42,18,1,1
2400,0,16,7,0
2400,1,16,7,0
2400,2,16,7,0
2400,3,16,7,0
2400,4,16,7,0
2400,5,16,7,0
2400,6,15,7,0
2400,7,14,7,0
2400,8,14,7,0
2400,9,14,7,0
2400,10,14,7,0
2400,11,14,8,0
2400,12,14,8,0
2400,13,15,8,0
2400,14,15,8,0
2400,15,15,8,0
2400,16,15,8,0
2400,17,15,8,0
2400,18,15,9,0
2400,19,15,9,0
2400,20,16,9,0
2400,21,16,9,0
2400,22,16,10,0
2400,23,16,11,0
2400,24,16,11,0
2400,25,17,11,0
2400,26,17,11,0
2400,27,17,11,0
2400,28,17,12,0
2400,29,17,12,0
2400,30,17,12,0
2400,31,17,11,0
2400,32,17,11,0
2400,33,17,11,0
2400,34,17,11,0
2400,35,17,11,0
2400,36,17,12,1
2450,0,10,1,0
2450,1,10,1,0
2450,2,10,1,0
2450,3,10,1,0
2450,4,10,1,0
2450,5,10,1,0
2450,6,10,1,0
2450,7,10,1,0
2450,8,10,1,0
2450,9,10,1,0
2450,10,10,1,0
2450,11,10,1,0
2450,12,10,1,0
2450,13,10,1,0
2450,14,11,1,0
2450,15,12,1,0
2450,16,12,1,0
2450,17,12,1,1
2500,0,14,10,0
2500,1,14,10,0
2500,2,14,9,0
2500,3,14,8,0
2500,4,14,8,0
2500,5,14,8,0
2500,6,14,8,0
2500,7,14,8,0
2500,8,14,8,0
2500,9,13,8,0
2500,10,13,8,0
2500,11,13,8,0
2500,12,13,8,0
2500,13,13,8,0
2500,14,13,9,0
2500,15,13,9,0
2500,16,13,9,0
2500,17,13,9,0
2500,18,13,9,0
2500,19,13,9,0
2500,20,13,9,0
2500,21,13,9,0
2500,22,13,9,0
2500,23,13,9,0
2500,24,14,9,0
2500,25,14,9,0
2500,26,14,9,1
2550,0,4,15,0
2550,1,4,15,0
2550,2,4,15,0
2550,3,4,16,0
2550,4,4,16,0
2550,5,4,16,0
2550,6,4,16,0
2550,7,4,16,0
2550,8,4,15,0
2550,9,4,15,0
2550,10,4,15,0
2550,11,4,15,0
2550,12,4,15,0
2550,13,4,14,0
2550,14,4,14,0
2550,15,3,14,0
2550,16,2,14,0
2550,17,2,14,0
2550,18,2,14,0
2550,19,2,15,0
2550,20,2,15,0
2550,21,2,15,0
2550,22,2,14,0
2550,23,2,13,0
2550,24,2,13,0
2550,25,2,13,0
2550,26,2,14,0
2550,27,2,14,0
2550,28,2,14,0
2550,29,3,14,0
2550,30,3,14,0
2550,31,3,14,0
2550,32,3,14,0
2550,33,3,14,0
2550,34,3,14,0
2550,35,3,15,0
2550,36,3,15,0
2550,37,3,15,0
2550,38,4,15,0
2550,39,5,15,0
2550,40,5,15,0
2550,41,5,15,0
2550,42,5,15,1
2600,0,15,16,0
2600,1,15,15,0
2600,2,15,15,0
2600,3,15,15,0
2600,4,15,16,0
2600,5,15,16,0
2600,6,15,16,0
2600,7,15,16,0
2600,8,14,16,0
2600,9,13,16,0
2600,10,13,16,0
2600,11,13,16,0
2600,12,13,17,0
2600,13,13,17,0
2600,14,13,17,0
2600,15,13,17,0
2600,16,12,17,0
2600,17,11,17,0
2600,18,11,17,0
2600,19,11,18,0
2600,20,11,18,0
2600,21,11,18,0
2600,22,11,18,0
2600,23,11,18,0
2600,24,11,18,0
2600,25,11,17,0
2600,26,11,17,0
2600,27,11,17,0
2600,28,11,17,0
2600,29,12,17,0
2600,30,12,17,0
2600,31,12,18,0
2600,32,12,18,1
2650,0,5,13,0
2650,1,5,14,0
2650,2,5,14,0
2650,3,5,15,0
2650,4,5,15,0
2650,5,5,15,0
2650,6,5,14,0
2650,7,5,14,0
2650,8,5,14,0
2650,9,5,14,0
2650,10,5,14,0
2650,11,5,14,0
2650,12,5,14,0
2650,13,5,14,0
2650,14,5,15,0
2650,15,5,16,0
2650,16,5,16,0
2650,17,4,16,0
2650,18,3,16,0
2650,19,3,16,0
2650,20,3,16,0
2650,21,2,16,0
2650,22,1,16,0
2650,23,1,16,0
2650,24,1,16,0
2650,25,1,16,0
2650,26,1,17,0
2650,27,1,18,0
2650,28,1,18,0
2650,29,1,18,0
2650,30,1,18,0
2650,31,1,18,0
2650,32,1,18,0
2650,33,1,18,0
2650,34,1,18,0
2650,35,1,18,0
2650,36,1,18,0
2650,37,1,17,0
2650,38,1,16,0
2650,39,1,16,0
2650,40,2,16,0
2650,41,2,16,0
2650,42,2,16,0
2650,43,2,16,0
2650,44,2,16,0
2650,45,2,16,0
2650,46,3,16,0
2650,47,4,16,0
2650,48,4,16,0
2650,49,4,16,0
2650,50,4,16,0
2650,51,4,15,0
2650,52,4,15,0
2650,53,4,15,0
2650,54,4,14,0
2650,55,4,14,0
2650,56,3,14,0
2650,57,3,14,0
2650,58,3,14,0
2650,59,3,14,0
2650,60,3,14,0
2650,61,3,13,0
2650,62,3,12,0
2650,63,3,12,0
2650,64,2,12,0
2650,65,1,12,0
2650,66,1,12,0
2650,67,1,12,0
2650,68,1,12,0
2650,69,2,12,0
2650,70,2,12,0
2650,71,2,13,0
2650,72,2,14,0
2650,73,2,14,1
2700,0,14,1,0
2700,1,14,1,0
2700,2,14,1,0
2700,3,14,1,0
2700,4,14,2,0
2700,5,14,2,0
2700,6,13,2,1
2750,0,2,16,0
2750,1,1,16,0
2750,2,1,16,0
2750,3,1,16,0
2750,4,1,16,0
2750,5,1,16,0
2750,6,1,15,0
2750,7,1,14,0
2750,8,1,14,0
2750,9,2,14,0
2750,10,2,14,0
2750,11,2,14,0
2750,12,2,14,0
2750,13,2,14,0
2750,14,2,14,1
2800,0,3,18,0
2800,1,3,18,0
2800,2,4,18,0
2800,3,4,18,0
2800,4,4,18,0
2800,5,4,18,0
2800,6,4,18,0
2800,7,4,17,0
2800,8,4,16,0
2800,9,4,16,0
2800,10,5,16,0
2800,11,5,16,0
2800,12,5,16,0
2800,13,6,16,0
2800,14,7,16,0
2800,15,7,16,0
2800,16,7,16,1
2850,0,11,17,0
2850,1,11,17,0
2850,2,11,17,0
2850,3,12,17,0
2850,4,12,17,0
2850,5,13,17,0
2850,6,14,17,0
2850,7,14,17,0
2850,8,14,17,1
2900,0,8,8,0
2900,1,8,8,0
2900,2,8,7,0
2900,3,8,6,0
2900,4,8,6,0
2900,5,8,6,0
2900,6,8,6,0
2900,7,8,7,1
2950,0,2,13,0
2950,1,2,13,0
2950,2,2,13,0
2950,3,2,13,0
2950,4,2,12,0
2950,5,2,11,0
2950,6,2,10,0
2950,7,2,10,0
2950,8,2,10,0
2950,9,2,9,0
2950,10,2,9,0
2950,11,2,9,0
2950,12,2,9,0
2950,13,2,10,0
2950,14,2,10,0
2950,15,2,10,0
2950,16,2,11,0
2950,17,2,11,0
2950,18,2,11,0
2950,19,2,11,0
2950,20,3,11,0
2950,21,4,11,0
2950,22,4,11,0
2950,23,4,11,0
2950,24,4,11,0
2950,25,4,11,1
3000,0,18,8,0
3000,1,17,8,0
3000,2,17,8,0
3000,3,17,8,0
3000,4,17,8,0
3000,5,18,8,0
3000,6,18,8,0
3000,7,18,8,0
3000,8,18,8,0
3000,9,18,8,0
3000,10,18,8,0
3000,11,18,8,0
3000,12,18,7,0
3000,13,18,7,0
3000,14,18,7,0
3000,15,18,7,0
3000,16,18,7,0
3000,17,18,7,0
3000,18,18,7,0
3000,19,18,7,0
3000,20,18,6,0
3000,21,18,5,0
3000,22,18,5,0
3000,23,17,5,0
3000,24,17,5,0
3000,25,17,6,0
3000,26,17,6,0
3000,27,17,7,1
3050,0,17,2,0
3050,1,17,2,0
3050,2,17,2,0
3050,3,17,1,0
3050,4,17,1,0
3050,5,16,1,0
3050,6,16,1,0
3050,7,16,2,0
3050,8,16,2,0
3050,9,16,2,1
3100,0,2,8,0
3100,1,2,7,0
3100,2,2,7,0
3100,3,2,7,0
3100,4,1,7,0
3100,5,1,7,0
3100,6,1,7,0
3100,7,1,7,0
3100,8,2,7,0
3100,9,3,7,0
3100,10,3,7,0
3100,11,3,7,0
3100,12,2,7,0
3100,13,2,7,0
3100,14,2,7,0
3100,15,2,8,0
3100,16,2,8,0
3100,17,2,8,0
3100,18,2,8,0
3100,19,2,8,0
3100,20,2,8,0
3100,21,2,8,1
3150,0,2,18,0
3150,1,2,17,0
3150,2,2,17,0
3150,3,2,17,0
3150,4,2,16,0
3150,5,2,15,0
3150,6,2,15,0
3150,7,3,15,0
3150,8,3,15,0
3150,9,3,15,0
3150,10,3,15,0
3150,11,3,15,0
3150,12,3,15,0
3150,13,3,16,0
3150,14,3,16,0
3150,15,4,16,0
3150,16,5,16,0
3150,17,5,16,0
3150,18,5,16,0
3150,19,5,16,0
3150,20,5,16,0
3150,21,5,16,0
3150,22,5,17,0
3150,23,5,17,0
3150,24,5,17,0
3150,25,5,17,0
3150,26,5,17,0
3150,27,5,18,1
3200,0,13,18,0
3200,1,13,18,0
3200,2,13,18,0
3200,3,13,17,0
3200,4,13,17,0
3200,5,13,17,0
3200,6,13,16,0
3200,7,13,15,0
3200,8,13,15,0
3200,9,13,15,0
3200,10,13,15,0
3200,11,13,15,0
3200,12,13,15,1
3250,0,10,16,0
3250,1,10,16,0
3250,2,10,16,0
3250,3,10,16,0
3250,4,11,16,0
3250,5,11,16,0
3250,6,11,15,0
3250,7,11,15,0
3250,8,10,15,0
3250,9,10,15,0
3250,10,10,15,0
3250,11,10,15,0
3250,12,10,15,0
3250,13,9,15,0
3250,14,9,15,0
3250,15,9,16,0
3250,16,9,16,0
3250,17,9,16,0
3250,18,9,16,0
3250,19,9,16,0
3250,20,9,16,0
3250,21,9,16,0
3250,22,9,16,0
3250,23,9,16,0
3250,24,9,16,0
3250,25,9,16,1
3300,0,6,14,0
3300,1,6,14,0
3300,2,6,14,0
3300,3,6,14,0
3300,4,7,14,0
3300,5,7,14,0
3300,6,7,14,0
3300,7,7,14,0
3300,8,7,14,0
3300,9,7,14,0
3300,10,7,14,0
3300,11,7,14,0
3300,12,7,14,0
3300,13,7,14,0
3300,14,7,14,0
3300,15,7,13,0
3300,16,7,12,0
3300,17,7,12,0
3300,18,7,12,0
3300,19,7,12,0
3300,20,7,12,0
3300,21,7,12,0
3300,22,7,12,0
3300,23,6,12,0
3300,24,6,12,0
3300,25,6,12,1
3350,0,10,1,0
3350,1,10,1,0
3350,2,11,1,0
3350,3,11,1,0
3350,4,12,1,0
3350,5,12,1,0
3350,6,12,2,0
3350,7,12,2,0
3350,8,12,2,0
3350,9,12,1,0
3350,10,12,1,0
3350,11,12,1,0
3350,12,12,1,0
3350,13,12,1,1
3400,0,1,8,0
3400,1,1,9,0
3400,2,1,9,0
3400,3,1,9,0
3400,4,1,9,0
3400,5,1,9,0
3400,6,1,9,0
3400,7,1,9,0
3400,8,1,9,0
3400,9,1,9,0
3400,10,1,9,0
3400,11,1,8,0
3400,12,1,7,0
3400,13,1,6,0
3400,14,1,6,0
3400,15,2,6,0
3400,16,2,6,0
3400,17,2,5,0
3400,18,2,4,0
3400,19,2,4,0
3400,20,2,4,0
3400,21,2,4,0
3400,22,2,5,0
3400,23,2,5,0
3400,24,2,5,0
3400,25,2,5,0
3400,26,1,5,0
3400,27,1,5,0
3400,28,1,5,0
3400,29,1,5,1
3450,0,10,8,0
3450,1,10,8,0
3450,2,10,8,0
3450,3,10,8,0
3450,4,10,8,0
3450,5,10,8,0
3450,6,10,8,0
3450,7,10,8,0
3450,8,10,8,0
3450,9,10,9,0
3450,10,10,10,0
3450,11,10,10,0
3450,12,10,10,0
3450,13,10,10,0
3450,14,10,10,1
3500,0,2,12,0
3500,1,2,12,0
3500,2,2,12,0
3500,3,2,12,0
3500,4,2,13,0
3500,5,2,13,0
3500,6,2,13,0
3500,7,2,13,0
3500,8,2,13,0
3500,9,3,13,0
3500,10,3,13,0
3500,11,3,13,0
3500,12,2,13,0
3500,13,2,13,0
3500,14,2,12,0
3500,15,2,12,0
3500,16,2,12,0
3500,17,2,11,0
3500,18,2,11,0
3500,19,2,11,0
3500,20,2,11,0
3500,21,2,10,0
3500,22,2,10,0
3500,23,2,10,0
3500,24,2,9,1
3550,0,4,9,0
3550,1,4,9,0
3550,2,4,9,0
3550,3,4,9,0
3550,4,4,9,0
3550,5,4,9,0
3550,6,4,9,0
3550,7,4,8,0
3550,8,4,8,0
3550,9,5,8,0
3550,10,5,8,0
3550,11,5,8,0
3550,12,5,8,0
3550,13,5,9,0
3550,14,5,9,0
3550,15,6,9,0
3550,16,6,9,0
3550,17,7,9,0
3550,18,7,9,0
3550,19,7,9,0
3550,20,7,9,0
3550,21,7,9,0
3550,22,6,9,0
3550,23,6,9,0
3550,24,6,10,0
3550,25,6,11,0
3550,26,6,12,0
3550,27,6,12,0
3550,28,6,12,0
3550,29,6,12,0
3550,30,6,12,0
3550,31,6,12,0
3550,32,6,12,0
3550,33,6,12,1
3600,0,12,13,0
3600,1,12,13,0
3600,2,12,13,0
3600,3,12,13,0
3600,4,13,13,0
3600,5,13,13,0
3600,6,13,13,0
3600,7,12,13,0
3600,8,12,13,0
3600,9,12,13,0
3600,10,13,13,0
3600,11,13,13,0
3600,12,13,13,0
3600,13,13,13,1
3650,0,14,15,0
3650,1,14,15,0
3650,2,14,16,0
3650,3,14,16,0
3650,4,14,16,0
3650,5,14,16,0
3650,6,14,16,0
3650,7,13,16,0
3650,8,13,16,0
3650,9,13,16,0
3650,10,13,16,0
3650,11,13,15,0
3650,12,13,15,0
3650,13,12,15,0
3650,14,12,15,0
3650,15,12,15,0
3650,16,12,15,0
3650,17,12,15,0
3650,18,12,15,0
3650,19,12,15,1
3700,0,6,15,0
3700,1,5,15,0
3700,2,5,15,0
3700,3,5,15,0
3700,4,5,14,0
3700,5,5,14,0
3700,6,4,14,0
3700,7,4,14,0
3700,8,4,14,0
3700,9,4,14,0
3700,10,4,14,0
3700,11,4,14,0
3700,12,4,14,0
3700,13,4,14,0
3700,14,4,14,0
3700,15,4,14,0
3700,16,4,14,0
3700,17,4,14,0
3750,0,16,15,0
3750,1,16,15,0
3750,2,17,15,0
3750,3,17,15,0
3750,4,17,15,0
3750,5,17,15,0
3750,6,17,15,0
3750,7,17,15,0
3750,8,17,14,0
3750,9,17,14,0
3750,10,18,14,0
3750,11,18,14,0
3750,12,18,13,0
3750,13,18,13,0
3750,14,18,13,0
3750,15,18,12,0
3750,16,18,12,0
3750,17,18,12,0
3750,18,18,12,1
3800,0,1,11,0
3800,1,1,11,0
3800,2,1,11,0
3800,3,1,11,0
3800,4,1,11,0
3800,5,1,11,0
3800,6,1,11,0
3800,7,2,11,0
3800,8,3,11,0
3800,9,3,11,0
3800,10,3,10,0
3800,11,3,9,0
3800,12,3,9,0
3800,13,3,9,0
3800,14,3,9,0
3800,15,3,9,0
3800,16,3,9,0
3800,17,3,8,1
3850,0,11,11,0
3850,1,11,11,0
3850,2,11,11,0
3850,3,12,11,0
3850,4,12,11,0
3850,5,12,11,0
3850,6,12,11,0
3850,7,12,11,0
3850,8,12,11,0
3850,9,12,11,0
3850,10,12,11,1
3900,0,15,18,0
3900,1,15,18,0
3900,2,15,18,0
3900,3,15,18,0
3900,4,15,18,0
3900,5,14,18,0
3900,6,13,18,0
3900,7,13,18,0
3900,8,13,18,0
3900,9,13,18,0
3900,10,12,18,0
3900,11,11,18,0
3900,12,10,18,0
3900,13,10,18,0
3900,14,10,17,0
3900,15,10,17,0
3900,16,11,17,0
3900,17,11,17,0
3900,18,11,16,0
3900,19,11,16,0
3900,20,11,16,0
3900,21,11,17,0
3900,22,11,17,0
3900,23,11,17,0
3900,24,12,17,0
3900,25,12,17,1
3950,0,6,4,0
3950,1,6,4,0
3950,2,6,4,0
3950,3,6,4,0
3950,4,5,4,0
3950,5,5,4,0
3950,6,5,5,0
3950,7,5,5,0
3950,8,5,5,0
3950,9,5,4,0
3950,10,5,4,0
3950,11,5,4,0
3950,12,5,4,0
3950,13,5,4,0
3950,14,6,4,0
3950,15,7,4,0
3950,16,7,4,0
3950,17,7,4,0
3950,18,7,4,0
3950,19,7,4,0
3950,20,6,4,0
3950,21,6,4,0
3950,22,6,3,0
3950,23,6,2,0
3950,24,6,2,0
3950,25,6,1,0
3950,26,6,1,0
3950,27,6,1,0
3950,28,7,1,0
3950,29,7,1,0
3950,30,7,2,0
3950,31,7,3,0
3950,32,7,3,0
3950,33,7,3,1
4000,0,8,4,0
4000,1,8,4,0
4000,2,8,4,0
4000,3,8,4,0
4000,4,7,4,0
4000,5,7,4,0
4000,6,7,4,0
4000,7,7,4,0
4000,8,7,4,0
4000,9,7,4,0
4000,10,7,3,0
4000,11,7,2,0
4000,12,7,2,0
4000,13,7,2,0
4000,14,7,1,0
4000,15,7,1,0
4000,16,7,1,0
4000,17,7,1,0
4000,18,7,1,0
4000,19,7,1,1
4050,0,15,4,0
4050,1,15,4,0
4050,2,15,4,0
4050,3,15,4,0
4050,4,15,5,0
4050,5,15,5,0
4050,6,15,5,0
4050,7,15,5,0
4050,8,15,5,0
4050,9,15,4,0
4050,10,15,3,0
4050,11,15,3,0
4050,12,14,3,0
4050,13,14,3,0
4050,14,14,3,0
4050,15,14,4,0
4050,16,14,4,0
4050,17,15,4,1
4100,0,9,15,0
4100,1,8,15,0
4100,2,8,15,0
4100,3,8,15,0
4100,4,9,15,0
4100,5,9,15,0
4100,6,10,15,0
4100,7,11,15,0
4100,8,12,15,0
4100,9,13,15,0
4100,10,13,15,0
4100,11,13,14,0
4100,12,13,14,0
4100,13,14,14,0
4100,14,15,14,0
4100,15,15,14,0
4100,16,15,14,0
4100,17,15,14,0
4100,18,15,14,0
4100,19,15,13,0
4100,20,15,13,0
4100,21,15,13,0
4100,22,15,13,0
4100,23,15,13,0
4100,24,15,13,0
4100,25,15,13,0
4100,26,15,13,0
4100,27,15,13,0
4100,28,15,14,0
4100,29,15,14,0
4100,30,15,14,0
4100,31,15,14,0
4100,32,15,14,0
4100,33,15,14,1
4150,0,14,6,0
4150,1,14,6,0
4150,2,14,6,0
4150,3,14,6,0
4150,4,14,5,0
4150,5,14,5,0
4150,6,15,5,0
4150,7,16,5,0
4150,8,16,5,0
4150,9,16,5,0
4150,10,16,5,0
4150,11,16,5,0
4150,12,16,5,0
4150,13,17,5,0
4150,14,17,5,0
4150,15,17,6,0
4150,16,17,7,0
4150,17,17,7,0
4150,18,16,7,0
4150,19,16,7,0
4150,20,16,7,0
4150,21,16,7,0
4150,22,16,7,0
4150,23,16,7,0
4150,24,16,6,0
4150,25,16,6,0
4150,26,16,6,0
4150,27,16,6,0
4150,28,16,6,1
4200,0,11,11,0
4200,1,11,11,0
4200,2,11,12,0
4200,3,11,12,0
4200,4,11,13,0
4200,5,11,14,0
4200,6,11,15,0
4200,7,11,16,0
4200,8,11,16,0
4200,9,12,16,0
4200,10,12,16,0
4200,11,12,16,0
4200,12,11,16,0
4200,13,11,16,0
4200,14,11,16,0
4200,15,11,16,0
4200,16,11,17,0
4200,17,11,18,0
4200,18,11,18,0
4200,19,11,18,0
4200,20,11,18,0
4200,21,11,18,0
4200,22,11,18,0
4200,23,11,18,0
4200,24,11,18,0
4200,25,11,18,0
4250,0,8,14,0
4250,1,8,14,0
4250,2,8,14,0
4250,3,8,14,0
4250,4,8,14,0
4250,5,8,14,0
4250,6,8,14,0
4250,7,8,14,0
4250,8,8,14,0
4250,9,9,14,0
4250,10,9,14,0
4250,11,9,14,0
4250,12,9,14,0
4250,13,8,14,0
4250,14,7,14,0
4250,15,7,14,1
4300,0,8,15,0
4300,1,8,15,0
4300,2,8,15,0
4300,3,8,16,0
4300,4,8,16,0
4300,5,7,16,0
4300,6,7,16,0
4300,7,7,16,0
4300,8,8,16,0
4300,9,9,16,0
4300,10,10,16,0
4300,11,10,16,0
4300,12,10,16,0
4300,13,10,16,0
4300,14,10,16,0
4300,15,10,16,0
4300,16,9,16,0
4300,17,8,16,0
4300,18,8,16,0
4300,19,8,16,1
4350,0,17,14,0
4350,1,17,14,0
4350,2,17,14,0
4350,3,17,15,0
4350,4,17,15,0
4350,5,17,15,0
4350,6,17,15,0
4350,7,16,15,0
4350,8,15,15,0
4350,9,15,15,0
4350,10,15,15,0
4350,11,15,15,0
4350,12,15,15,0
4350,13,15,15,0
4350,14,15,15,0
4350,15,15,15,0
4350,16,16,15,0
4350,17,16,15,1
4400,0,8,14,0
4400,1,8,14,0
4400,2,7,14,0
4400,3,7,14,0
4400,4,7,15,0
4400,5,7,15,0
4400,6,7,15,0
4400,7,7,14,0
4400,8,7,14,0
4400,9,7,14,0
4400,10,7,14,0
4400,11,7,14,0
4400,12,7,14,0
4400,13,7,14,0
4400,14,7,13,0
4400,15,7,13,0
4400,16,7,13,0
4400,17,7,13,0
4400,18,7,13,0
4400,19,7,13,0
4400,20,7,13,0
4400,21,7,13,0
4400,22,7,14,0
4400,23,7,14,0
4400,24,6,14,0
4400,25,6,14,0
4400,26,5,14,0
4400,27,5,14,0
4400,28,5,14,0
4400,29,5,14,0
4400,30,5,14,0
4400,31,5,14,0
4400,32,5,13,0
4400,33,5,12,0
4400,34,5,12,0
4400,35,5,12,0
4400,36,5,12,0
4400,37,5,12,0
4400,38,5,12,1
4450,0,4,9,0
4450,1,4,9,0
4500,0,5,5,0
4500,1,5,5,0
4500,2,5,5,0
4500,3,5,5,0
4500,4,5,5,0
4500,5,6,5,0
4500,6,6,5,0
4500,7,6,5,0
4500,8,6,5,0
4500,9,6,5,0
4500,10,5,5,0
4500,11,5,5,0
4500,12,5,4,0
4500,13,5,4,0
4500,14,5,4,1
4550,0,1,3,0
4550,1,1,3,0
4550,2,1,3,0
4550,3,1,3,0
4550,4,1,3,0
4550,5,1,4,0
4550,6,1,5,0
4550,7,1,5,0
4550,8,1,5,0
4550,9,1,6,0
4550,10,1,6,0
4550,11,1,6,0
4550,12,1,6,0
4550,13,1,6,0
4550,14,1,6,0
4550,15,1,6,0
4550,16,2,6,0
4550,17,2,6,0
4550,18,2,6,0
4550,19,2,6,0
4550,20,2,7,0
4550,21,2,8,0
4550,22,2,9,0
4550,23,2,10,0
4550,24,2,10,0
4550,25,2,10,0
4550,26,3,10,0
4550,27,3,10,0
4550,28,3,10,0
4550,29,2,10,0
4550,30,2,10,0
4550,31,2,10,0
4550,32,2,10,0
4550,33,2,9,1
4600,0,6,1,0
4600,1,6,1,0
4600,2,7,1,0
4600,3,7,1,0
4600,4,7,1,0
4600,5,7,1,0
4600,6,7,1,0
4600,7,6,1,0
4600,8,6,1,0
4600,9,6,1,0
4600,10,6,1,0
4600,11,6,1,0
4600,12,6,1,0
4600,13,6,1,0
4600,14,6,1,0
4600,15,6,1,0
4600,16,6,1,0
4600,17,7,1,0
4600,18,7,1,0
4600,19,8,1,0
4600,20,8,1,0
4600,21,8,1,0
4600,22,8,1,0
4600,23,8,1,0
4600,24,8,1,0
4600,25,8,1,0
4600,26,8,1,0
4600,27,8,1,0
4600,28,8,1,1
4650,0,8,8,0
4650,1,8,9,0
4650,2,8,9,0
4650,3,8,9,0
4650,4,8,9,0
4650,5,8,9,0
4650,6,8,9,0
4650,7,8,9,0
4650,8,8,9,0
4650,9,8,9,0
4650,10,8,9,0
4650,11,8,8,0
4650,12,8,8,0
4650,13,8,8,0
4650,14,8,7,0
4650,15,8,7,0
4650,16,8,7,0
4650,17,8,7,0
4650,18,8,7,0
4650,19,8,7,0
4650,20,8,7,0
4650,21,8,7,0
4650,22,8,7,0
4650,23,8,7,0
4650,24,8,7,0
4650,25,8,7,0
4650,26,8,7,0
4650,27,8,7,0
4650,28,8,7,0
4650,29,7,7,0
4650,30,7,7,0
4650,31,7,7,0
4650,32,7,7,0
4650,33,7,7,0
4650,34,7,7,0
4650,35,7,6,0
4650,36,7,6,0
4650,37,7,6,0
4650,38,7,6,0
4650,39,7,6,0
4650,40,8,6,0
4650,41,8,6,0
4650,42,8,6,0
4650,43,8,6,0
4650,44,8,6,0
4650,45,8,6,0
4650,46,8,6,0
4650,47,8,6,0
4650,48,8,6,0
4650,49,8,6,0
4650,50,8,6,0
4650,51,8,6,0
4650,52,8,6,0
4650,53,8,6,0
4650,54,8,5,0
4650,55,8,5,0
4650,56,8,5,0
4650,57,8,5,0
4650,58,8,5,1
4700,0,7,13,0
4700,1,8,13,0
4700,2,9,13,0
4700,3,9,13,0
4700,4,9,13,0
4700,5,9,12,0
4700,6,9,12,0
4700,7,10,12,0
4700,8,11,12,0
4700,9,11,12,0
4700,10,11,12,1
4750,0,11,9,0
4750,1,11,10,0
4750,2,11,10,0
4750,3,10,10,0
4750,4,10,10,0
4750,5,10,10,0
4750,6,10,10,0
4750,7,10,10,0
4750,8,10,10,0
4750,9,10,10,0
4750,10,10,11,0
4750,11,10,12,0
4750,12,10,12,0
4750,13,10,12,0
4750,14,10,12,0
4750,15,10,12,0
4750,16,10,12,0
4750,17,10,12,0
4750,18,10,12,1
4800,0,2,13,0
4800,1,2,13,0
4800,2,2,12,0
4800,3,2,11,0
4800,4,2,11,0
4800,5,2,11,0
4800,6,2,11,0
4800,7,2,11,0
4800,8,2,11,0
4800,9,2,12,0
4800,10,2,13,0
4800,11,2,13,0
4800,12,2,13,0
4800,13,2,12,0
4800,14,2,12,0
4800,15,3,12,0
4800,16,3,12,0
4800,17,3,12,0
4800,18,3,12,0
4800,19,3,11,0
4800,20,3,11,0
4800,21,3,11,1
4850,0,4,9,0
4850,1,4,9,0
4850,2,4,9,0
4850,3,5,9,0
4850,4,5,9,0
4850,5,5,9,0
4850,6,4,9,0
4850,7,3,9,0
4850,8,2,9,0
4850,9,1,9,0
4850,10,1,9,0
4850,11,1,9,0
4850,12,1,9,0
4850,13,1,9,0
4850,14,1,9,0
4850,15,1,9,0
4850,16,1,9,0
4850,17,1,9,0
4850,18,1,9,0
4850,19,1,9,0
4850,20,1,9,0
4850,21,1,9,0
4850,22,1,9,0
4850,23,1,8,0
4850,24,1,8,0
4850,25,1,8,0
4850,26,1,8,0
4850,27,1,8,0
4850,28,1,8,0
4850,29,1,8,0
4850,30,1,7,0
4850,31,1,7,0
4850,32,1,7,0
4850,33,1,6,0
4850,34,1,5,0
4850,35,1,5,0
4850,36,1,5,0
4850,37,1,5,0
4850,38,1,4,0
4850,39,1,4,0
4850,40,1,4,0
4850,41,1,5,0
4850,42,1,5,0
4850,43,1,5,0
4850,44,1,4,1
4900,0,2,3,0
4900,1,1,3,0
4900,2,1,3,0
4900,3,1,3,0
4900,4,1,2,0
4900,5,1,2,0
4900,6,1,2,0
4900,7,1,3,0
4900,8,1,3,0
4900,9,1,3,0
4900,10,1,3,0
4900,11,1,3,0
4900,12,1,3,0
4900,13,1,3,0
4900,14,1,3,0
4900,15,1,3,0
4900,16,1,3,0
4900,17,1,3,0
4900,18,1,3,0
4900,19,1,3,0
4900,20,1,3,0
4900,21,1,3,0
4900,22,1,3,0
4900,23,1,4,0
4900,24,1,4,0
4900,25,1,4,0
4900,26,1,4,0
4900,27,1,4,0
4900,28,1,4,0
4900,29,1,4,0
4900,30,1,4,0
4900,31,1,4,0
4900,32,1,5,0
4900,33,1,6,0
4900,34,1,6,0
4900,35,1,6,0
4900,36,1,6,0
4900,37,1,6,0
4900,38,1,7,0
4900,39,1,7,0
4900,40,1,7,0
4900,41,1,8,0
4900,42,1,8,0
4900,43,1,9,0
4900,44,1,10,0
4900,45,1,10,0
4900,46,1,10,0
4900,47,1,10,0
4900,48,1,10,0
4900,49,1,10,0
4900,50,1,10,0
4900,51,1,10,0
4900,52,1,10,0
4900,53,1,10,0
4900,54,1,10,0
4900,55,1,10,0
4900,56,2,10,0
4900,57,2,10,0
4900,58,2,10,0
4900,59,2,10,0
4900,60,2,10,0
4900,61,2,10,0
4900,62,2,10,0
4900,63,2,9,0
4900,64,2,9,0
4900,65,1,9,0
4900,66,1,9,0
4900,67,1,9,0
4900,68,1,9,0
4900,69,2,9,0
4900,70,2,9,0
4900,71,2,9,0
4900,72,1,9,0
4900,73,1,9,0
4900,74,1,10,0
4900,75,1,11,0
4900,76,1,11,0
4900,77,1,11,0
4900,78,1,11,0
4900,79,1,11,0
4900,80,1,11,0
4900,81,1,11,0
4900,82,1,11,0
4900,83,1,11,0
4900,84,1,11,0
4900,85,1,10,0
4900,86,1,10,0
4900,87,1,10,0
4900,88,1,10,0
4900,89,1,10,0
4900,90,1,10,0
4900,91,1,10,0
4900,92,1,10,0
4900,93,1,11,0
4900,94,1,12,0
4900,95,1,13,0
4900,96,1,13,0
4900,97,1,13,0
4900,98,1,12,0
4900,99,1,11,0
4900,100,1,11,0
4900,101,1,11,0
4900,102,1,11,0
4900,103,1,11,0
4900,104,1,11,0
4900,105,1,11,0
4900,106,1,11,0
4900,107,1,11,0
4900,108,1,11,0
4900,109,1,11,0
4900,110,1,12,0
4900,111,1,12,0
4900,112,1,12,0
4900,113,1,13,0
4900,114,1,13,0
4900,115,1,13,0
4900,116,1,13,0
4900,117,1,13,0
4900,118,1,13,0
4900,119,1,13,0
4900,120,2,13,0
4900,121,2,13,0
4900,122,2,12,0
4900,123,2,11,0
4900,124,2,11,0
4900,125,1,11,0
4900,126,1,11,0
4900,127,1,11,0
4900,128,1,11,0
4900,129,1,11,0
4900,130,1,12,0
4900,131,1,12,0
4900,132,1,12,0
4900,133,1,12,0
4900,134,1,13,0
4900,135,1,13,0
4900,136,1,13,0
4900,137,1,13,0
4900,138,1,13,0
4900,139,1,13,0
4900,140,1,12,0
4900,141,1,11,0
4900,142,1,11,0
4900,143,1,11,0
4900,144,1,11,0
4900,145,1,11,0
4900,146,1,11,0
4900,147,1,12,0
4900,148,1,13,0
4900,149,1,13,0
4900,150,1,13,0
4900,151,1,13,0
4900,152,1,13,0
4900,153,1,13,0
4900,154,1,13,0
4900,155,1,14,0
4900,156,1,14,0
4900,157,1,14,0
4900,158,1,14,0
4900,159,1,14,0
4900,160,1,15,0
4900,161,1,15,0
4900,162,1,15,0
4900,163,1,15,0
4900,164,1,15,0
4900,165,2,15,0
4900,166,3,15,0
4900,167,3,15,0
4900,168,3,16,0
4900,169,3,16,0
4900,170,3,16,0
4900,171,3,15,0
4900,172,3,15,0
4900,173,3,15,0
4900,174,3,15,0
4900,175,3,16,0
4900,176,3,17,0
4900,177,3,17,0
4900,178,3,17,0
4900,179,3,16,0
4900,180,3,15,0
4900,181,3,15,0
4900,182,3,15,0
4900,183,3,14,0
4900,184,3,14,0
4900,185,4,14,0
4900,186,4,14,0
4900,187,4,15,0
4900,188,4,15,0
4900,189,4,15,0
4900,190,5,15,0
4900,191,5,15,0
4900,192,5,14,0
4900,193,5,13,0
4900,194,5,13,0
4900,195,6,13,0
4900,196,7,13,0
4900,197,8,13,0
4900,198,8,13,0
4900,199,8,13,0
4900,200,8,12,0
4900,201,8,11,0
4900,202,8,11,0
4900,203,9,11,0
4900,204,9,11,0
4900,205,9,11,0
4900,206,9,11,1
4950,0,14,10,0
4950,1,14,11,0
4950,2,14,11,0
4950,3,14,11,0
4950,4,15,11,1
5000,0,9,12,0
5000,1,9,12,0
5000,2,10,12,0
5000,3,10,12,0
5000,4,10,12,0
5000,5,11,12,0
5000,6,12,12,0
5000,7,12,12,0
5000,8,12,12,0
5000,9,12,12,0
5000,10,12,12,0
5000,11,12,12,1
5050,0,5,5,0
5050,1,5,5,0
5050,2,5,5,0
5050,3,5,5,0
5050,4,5,6,0
5050,5,5,6,0
5050,6,4,6,0
5050,7,3,6,0
5050,8,3,6,0
5050,9,3,5,0
5050,10,3,5,0
5050,11,3,5,0
5050,12,3,5,0
5050,13,3,5,0
5050,14,3,5,0
5050,15,3,5,0
5050,16,4,5,0
5050,17,4,5,0
5050,18,4,4,0
5050,19,4,4,0
5050,20,4,4,1
5100,0,13,1,0
5100,1,13,2,0
5100,2,13,2,0
5100,3,13,2,0
5100,4,13,2,0
5100,5,13,2,0
5100,6,13,2,0
5100,7,13,3,0
5100,8,13,3,0
5100,9,12,3,0
5100,10,12,3,0
5100,11,12,4,0
5100,12,12,4,0
5100,13,12,4,0
5100,14,12,4,0
5100,15,12,4,0
5100,16,12,4,0
5100,17,12,4,0
5100,18,12,5,0
5100,19,12,5,0
5100,20,12,5,0
5100,21,12,4,0
5100,22,12,3,0
5100,23,12,3,0
5100,24,12,3,0
5100,25,12,4,0
5100,26,12,4,0
5100,27,12,4,0
5100,28,12,4,0
5100,29,12,4,0
5100,30,12,4,1
5150,0,9,11,0
5150,1,9,11,0
5150,2,9,11,0
5150,3,9,11,0
5150,4,10,11,0
5150,5,10,11,0
5150,6,10,12,0
5150,7,10,13,0
5150,8,10,13,0
5150,9,9,13,0
5150,10,9,13,0
5150,11,9,13,0
5150,12,9,13,0
5150,13,9,12,0
5150,14,9,11,0
5150,15,9,11,0
5150,16,9,11,0
5150,17,9,11,0
5150,18,9,11,0
5150,19,10,11,0
5150,20,10,11,0
5150,21,10,10,0
5150,22,10,9,0
5150,23,10,9,0
5150,24,10,9,0
5150,25,10,9,0
5150,26,10,9,0
5150,27,10,9,1
5200,0,10,10,0
5200,1,10,10,0
5200,2,10,10,0
5200,3,10,10,0
5200,4,10,10,0
5200,5,10,10,0
5200,6,10,10,0
5200,7,10,10,0
5200,8,10,10,0
5200,9,9,10,0
5200,10,9,10,0
5200,11,9,10,0
5200,12,9,10,1
5250,0,16,16,0
5250,1,16,16,0
5250,2,16,16,0
5250,3,16,16,0
5250,4,16,16,0
5250,5,16,16,0
5250,6,17,16,0
5250,7,17,16,0
5250,8,17,16,0
5250,9,18,16,0
5250,10,18,16,0
5250,11,18,16,0
5250,12,18,15,0
5250,13,18,15,0
5250,14,18,15,0
5250,15,18,15,0
5250,16,18,15,0
5250,17,18,15,0
5250,18,18,15,0
5250,19,18,15,0
5250,20,18,15,0
5250,21,18,14,0
5250,22,18,13,0
5250,23,18,13,0
5250,24,18,13,0
5250,25,18,13,0
5250,26,17,13,0
5250,27,17,13,0
5250,28,17,13,0
5250,29,16,13,0
5250,30,16,13,0
5250,31,16,13,0
5250,32,16,13,0
5250,33,16,13,0
5250,34,16,13,0
5250,35,16,13,0
5250,36,16,13,0
5250,37,17,13,0
5250,38,17,13,0
5250,39,17,12,0
5250,40,17,12,0
5250,41,17,12,0
5250,42,17,12,0
5250,43,17,12,0
5250,44,17,11,1
5300,0,6,4,0
5300,1,6,4,0
5300,2,6,4,0
5300,3,5,4,0
5300,4,4,4,0
5300,5,4,4,0
5300,6,4,4,0
5300,7,4,4,0
5300,8,4,4,0
5300,9,4,4,0
5300,10,4,4,0
5300,11,4,4,0
5300,12,4,4,0
5300,13,4,4,0
5300,14,4,4,0
5300,15,4,4,0
5300,16,4,4,0
5300,17,4,4,0
5300,18,4,4,0
5300,19,4,4,0
5300,20,4,4,0
5300,21,4,4,0
5300,22,5,4,0
5300,23,5,4,0
5300,24,5,5,0
5300,25,5,5,0
5300,26,5,5,0
5300,27,5,5,0
5300,28,5,5,0
5300,29,5,5,0
5300,30,5,5,0
5300,31,5,5,0
5300,32,5,5,0
5300,33,5,5,0
5300,34,5,5,0
5350,0,14,2,0
5350,1,14,2,0
5350,2,15,2,0
5350,3,15,2,0
5350,4,15,1,0
5350,5,15,1,0
5350,6,15,1,0
5350,7,15,1,0
5350,8,15,1,0
5350,9,14,1,0
5350,10,14,1,0
5350,11,14,1,0
5350,12,14,1,0
5350,13,14,1,0
5350,14,14,1,0
5350,15,14,1,0
5350,16,13,1,0
5350,17,12,1,0
5350,18,12,1,0
5350,19,12,1,0
5350,20,12,1,0
5350,21,12,1,0
5350,22,13,1,0
5350,23,14,1,0
5350,24,14,1,0
5350,25,14,2,0
5350,26,14,2,0
5350,27,13,2,0
5350,28,13,2,0
5350,29,13,2,0
5350,30,13,2,0
5350,31,13,2,0
5350,32,13,2,0
5350,33,13,2,0
5350,34,13,2,0
5350,35,13,2,0
5350,36,13,2,0
5350,37,14,2,0
5350,38,14,2,0
5350,39,14,2,0
5350,40,15,2,0
5350,41,15,2,0
5350,42,15,2,0
5350,43,15,3,0
5350,44,15,3,0
5350,45,14,3,0
5350,46,13,3,0
5350,47,13,3,0
5350,48,13,2,0
5350,49,13,1,0
5350,50,13,1,0
5350,51,13,1,0
5350,52,13,2,0
5350,53,13,2,0
5350,54,13,2,0
5350,55,13,2,0
5350,56,13,3,0
5350,57,13,3,0
5350,58,13,3,0
5350,59,13,3,0
5350,60,13,3,0
5350,61,13,3,0
5350,62,13,3,0
5350,63,13,3,0
5350,64,12,3,0
5350,65,12,3,0
5350,66,12,3,0
5350,67,12,4,1
5400,0,10,12,0
5400,1,10,12,0
5400,2,10,12,0
5400,3,10,12,0
5400,4,10,12,0
5400,5,10,12,0
5400,6,10,12,0
5400,7,10,13,0
5400,8,10,13,0
5400,9,10,13,0
5400,10,10,13,0
5400,11,11,13,0
5400,12,12,13,0
5400,13,13,13,0
5400,14,13,13,0
5400,15,14,13,0
5400,16,14,13,0
5400,17,14,14,0
5400,18,14,14,0
5400,19,13,14,0
5400,20,13,14,0
5400,21,13,14,1
5450,0,1,5,0
5450,1,1,5,0
5450,2,1,5,0
5450,3,1,5,0
5450,4,1,4,0
5450,5,1,4,0
5450,6,1,4,0
5450,7,1,4,0
5450,8,1,3,0
5450,9,1,3,0
5450,10,1,3,0
5450,11,1,3,0
5450,12,1,3,0
5450,13,1,3,0
5450,14,1,4,0
5450,15,1,5,0
5450,16,1,5,0
5450,17,1,5,0
5450,18,1,5,0
5450,19,1,5,0
5450,20,1,4,0
5450,21,1,4,0
5450,22,1,4,0
5450,23,1,3,0
5450,24,1,2,0
5450,25,1,2,0
5450,26,1,2,0
5450,27,1,2,0
5450,28,1,3,0
5450,29,1,3,0
5450,30,1,3,0
5450,31,1,2,0
5450,32,1,2,0
5450,33,1,2,0
5450,34,1,3,0
5450,35,1,3,0
5450,36,1,3,0
5450,37,1,3,0
5450,38,1,3,0
5450,39,1,3,0
5450,40,1,3,0
5450,41,2,3,0
5450,42,2,3,0
5450,43,2,3,0
5450,44,2,3,0
5450,45,2,3,0
5450,46,3,3,0
5450,47,4,3,0
5450,48,4,3,0
5450,49,4,3,1
5500,0,16,17,0
5500,1,16,17,0
5500,2,16,17,0
5500,3,16,17,0
5500,4,16,17,0
5500,5,16,17,0
5500,6,16,17,0
5500,7,16,17,0
5500,8,16,17,0
5500,9,16,17,0
5500,10,16,17,0
5500,11,17,17,0
5500,12,17,17,0
5500,13,18,17,0
5500,14,18,17,0
5500,15,18,17,0
5500,16,18,17,0
5500,17,18,17,0
5500,18,18,17,0
5500,19,18,16,0
5500,20,18,16,0
5500,21,18,16,0
5500,22,18,16,0
5500,23,18,16,0
5500,24,18,16,0
5500,25,18,16,0
5500,26,18,16,0
5500,27,17,16,0
5500,28,16,16,0
5500,29,16,16,0
5500,30,16,17,0
5500,31,16,17,0
5500,32,16,17,0
5500,33,16,17,0
5500,34,15,17,0
5500,35,14,17,0
5500,36,14,17,0
5500,37,14,17,0
5500,38,14,17,0
5500,39,14,17,0
5500,40,14,16,0
5500,41,14,16,0
5500,42,14,16,0
5500,43,14,16,0
5500,44,14,16,0
5500,45,14,16,0
5500,46,14,16,0
5500,47,14,16,0
5500,48,15,16,0
5500,49,16,16,0
5500,50,16,16,0
5500,51,16,16,0
5500,52,17,16,1
5550,0,9,15,0
5550,1,9,15,0
5550,2,9,14,0
5550,3,9,14,0
5550,4,9,14,0
5550,5,9,14,0
5550,6,9,14,0
5550,7,10,14,0
5550,8,11,14,0
5550,9,12,14,0
5550,10,13,14,0
5550,11,14,14,0
5550,12,14,14,0
5550,13,14,15,0
5550,14,14,15,0
5550,15,14,15,0
5550,16,14,15,0
5550,17,14,15,0
5550,18,14,15,0
5550,19,14,15,0
5550,20,14,14,1
5600,0,9,13,0
5600,1,9,13,0
5600,2,9,13,0
5600,3,9,13,0
5600,4,9,14,0
5600,5,9,14,0
5600,6,9,14,0
5600,7,10,14,0
5600,8,11,14,0
5600,9,11,14,0
5600,10,11,14,0
5600,11,10,14,0
5600,12,9,14,0
5600,13,9,14,0
5600,14,9,15,0
5600,15,9,15,0
5600,16,9,15,0
5600,17,9,15,0
5600,18,9,15,0
5600,19,9,15,1
5650,0,16,6,0
5650,1,16,7,0
5650,2,16,7,0
5650,3,16,7,0
5650,4,16,7,1
5700,0,11,2,0
5700,1,11,2,0
5700,2,11,3,0
5700,3,11,4,0
5700,4,11,4,0
5700,5,10,4,0
5700,6,9,4,0
5700,7,8,4,0
5700,8,8,4,0
5700,9,8,4,0
5700,10,8,4,0
5700,11,8,4,0
5700,12,8,4,0
5700,13,8,4,0
5700,14,8,4,0
5700,15,8,4,0
5700,16,8,5,0
5700,17,8,6,0
5700,18,8,6,0
5700,19,8,6,0
5700,20,8,6,0
5700,21,8,6,0
5700,22,8,6,1
5750,0,12,3,0
5750,1,12,3,0
5750,2,12,3,0
5750,3,12,3,0
5750,4,13,3,0
5750,5,13,3,0
5750,6,13,3,0
5750,7,14,3,0
5750,8,14,3,0
5750,9,14,3,0
5750,10,14,3,0
5750,11,14,3,0
5750,12,13,3,0
5750,13,13,3,0
5750,14,13,3,0
5750,15,13,3,0
5750,16,13,3,0
5750,17,13,3,0
5800,0,16,13,0
5800,1,15,13,0
5800,2,15,13,0
5800,3,15,13,0
5800,4,14,13,0
5800,5,14,13,0
5800,6,14,13,0
5800,7,14,13,0
5800,8,14,13,0
5800,9,14,13,0
5800,10,14,14,0
5800,11,14,14,0
5800,12,14,14,0
5800,13,14,14,0
5800,14,14,14,0
5800,15,14,13,0
5800,16,14,13,0
5800,17,14,13,0
5800,18,14,13,0
5800,19,14,13,0
5800,20,14,13,0
5800,21,14,13,0
5850,0,12,7,0
5850,1,12,7,0
5850,2,12,7,0
5850,3,12,7,0
5850,4,13,7,0
5850,5,13,7,0
5850,6,13,7,0
5850,7,13,7,0
5850,8,13,7,0
5850,9,13,7,0
5850,10,13,7,0
5850,11,13,7,0
5850,12,13,7,1
5900,0,14,14,0
5900,1,14,14,0
5900,2,14,14,0
5900,3,14,13,0
5900,4,14,13,0
5900,5,14,13,0
5900,6,14,13,0
5900,7,14,13,0
5900,8,14,13,0
5900,9,15,13,0
5900,10,15,13,0
5900,11,15,12,0
5900,12,15,12,0
5900,13,15,11,0
5900,14,15,10,0
5900,15,15,9,0
5900,16,15,9,0
5900,17,15,9,0
5900,18,15,10,0
5900,19,15,10,0
5900,20,15,10,0
5900,21,15,9,0
5900,22,15,8,0
5900,23,15,8,0
5900,24,15,8,0
5900,25,15,8,0
5900,26,15,8,0
5900,27,15,8,0
5900,28,15,8,0
5900,29,15,8,0
5900,30,15,8,0
5900,31,14,8,0
5900,32,14,8,0
5900,33,14,8,0
5900,34,14,8,0
5900,35,14,8,0
5900,36,14,8,0
5900,37,14,8,0
5900,38,14,8,0
5900,39,14,8,0
5900,40,13,8,0
5900,41,13,8,0
5900,42,13,8,0
5900,43,13,8,0
5900,44,13,8,1
5950,0,15,6,0
5950,1,15,6,0
5950,2,15,6,0
5950,3,15,7,0
5950,4,15,8,0
5950,5,15,9,0
5950,6,15,10,0
5950,7,15,11,0
5950,8,15,11,0
5950,9,15,11,0
5950,10,15,12,0
5950,11,15,12,0
5950,12,15,12,0
5950,13,15,12,0
5950,14,15,12,0
5950,15,15,13,0
5950,16,15,13,0
5950,17,15,13,0
5950,18,15,13,0
5950,19,15,13,0
5950,20,15,13,0
5950,21,15,13,0
5950,22,15,13,0
5950,23,15,13,0
5950,24,16,13,0
5950,25,17,13,0
5950,26,18,13,0
5950,27,18,13,0
5950,28,18,13,0
5950,29,18,13,0
5950,30,18,13,0
5950,31,18,13,0
5950,32,18,13,0
5950,33,18,13,0
5950,34,18,13,0
5950,35,18,13,0
5950,36,18,12,0
5950,37,18,12,0
5950,38,17,12,0
5950,39,16,12,0
5950,40,16,12,0
5950,41,16,11,0
5950,42,16,11,0
5950,43,16,11,0
5950,44,16,11,0
5950,45,16,11,0
5950,46,16,11,1
6000,0,2,8,0
6000,1,2,8,0
6000,2,2,8,0
6000,3,2,9,0
6000,4,2,10,0
6000,5,2,11,0
6000,6,2,12,0
6000,7,2,12,0
6000,8,1,12,0
6000,9,1,12,0
6000,10,1,12,0
6000,11,1,12,1
6050,0,1,6,0
6050,1,2,6,0
6050,2,3,6,0
6050,3,3,6,0
6050,4,3,6,0
6050,5,3,6,0
6050,6,3,6,0
6050,7,3,6,0
6050,8,3,6,0
6050,9,3,6,0
6050,10,3,6,0
6050,11,3,7,0
6050,12,3,7,0
6050,13,3,7,0
6050,14,3,7,0
6050,15,3,7,0
6050,16,3,7,0
6050,17,3,6,0
6050,18,3,5,0
6050,19,3,4,0
6050,20,3,4,0
6050,21,2,4,0
6050,22,2,4,0
6050,23,2,4,0
6050,24,2,4,1
6100,0,6,1,0
6100,1,6,1,0
6100,2,6,1,0
6100,3,6,1,0
6100,4,6,1,0
6100,5,6,1,0
6100,6,6,1,0
6100,7,5,1,0
6100,8,5,1,0
6100,9,5,1,0
6100,10,5,1,0
6100,11,5,1,0
6100,12,5,1,0
6100,13,5,1,0
6100,14,5,1,0
6100,15,5,1,0
6100,16,5,1,0
6100,17,5,1,0
6100,18,5,2,0
6100,19,5,2,0
6100,20,4,2,0
6100,21,4,2,0
6100,22,4,1,0
6100,23,4,1,0
6100,24,4,1,1
6150,0,6,18,0
6150,1,6,18,0
6150,2,6,18,0
6150,3,6,18,0
6150,4,6,18,0
6150,5,6,18,0
6150,6,6,18,0
6150,7,6,18,0
6150,8,5,18,0
6150,9,5,18,0
6150,10,5,17,0
6150,11,5,16,0
6150,12,5,16,0
6150,13,5,16,0
6150,14,5,16,0
6150,15,5,16,0
6150,16,5,16,0
6150,17,5,15,0
6150,18,5,15,0
6150,19,6,15,0
6150,20,6,15,0
6150,21,6,15,0
6150,22,6,15,0
6150,23,6,15,0
6150,24,6,15,0
6150,25,6,15,0
6150,26,6,15,0
6150,27,6,14,0
6150,28,6,14,0
6150,29,6,14,1
6200,0,12,16,0
6200,1,12,16,0
6200,2,12,16,0
6200,3,12,16,0
6200,4,12,16,0
6200,5,12,16,0
6200,6,12,16,0
6200,7,12,16,0
6200,8,12,15,0
6200,9,12,14,0
6200,10,12,14,0
6200,11,12,14,0
6200,12,12,14,0
6200,13,12,14,0
6200,14,12,14,0
6200,15,12,14,0
6200,16,12,14,0
6200,17,12,14,0
6200,18,12,14,0
6200,19,12,14,0
6200,20,12,14,0
6200,21,12,14,0
6200,22,12,14,0
6200,23,12,14,0
6200,24,12,14,0
6200,25,12,14,0
6200,26,12,14,0
6200,27,12,15,0
6200,28,12,15,0
6200,29,12,15,0
6200,30,11,15,0
6200,31,10,15,0
6200,32,10,15,0
6200,33,10,15,0
6200,34,10,15,1
6250,0,7,10,0
6250,1,7,10,0
6250,2,7,10,0
6250,3,7,10,0
6250,4,7,10,0
6250,5,7,10,0
6250,6,7,10,0
6250,7,7,10,0
6250,8,7,10,0
6250,9,7,10,0
6250,10,7,10,0
6250,11,7,10,0
6250,12,7,10,0
6250,13,7,9,0
6250,14,7,9,0
6250,15,7,9,0
6250,16,7,9,0
6250,17,6,9,0
6250,18,6,9,0
6250,19,6,9,0
6250,20,7,9,0
6250,21,7,9,0
6250,22,7,9,0
6250,23,7,9,0
6250,24,7,8,0
6250,25,7,7,0
6250,26,7,6,0
6250,27,7,6,0
6250,28,7,6,0
6250,29,7,6,0
6250,30,7,6,0
6250,31,7,6,0
6250,32,7,6,0
6300,0,12,13,0
6300,1,12,13,0
6300,2,12,13,0
6300,3,13,13,0
6300,4,13,13,0
6300,5,13,12,0
6300,6,13,11,1
6350,0,2,12,0
6350,1,2,12,0
6350,2,3,12,0
6350,3,3,12,0
6350,4,3,12,0
6350,5,3,12,0
6350,6,3,12,0
6350,7,3,13,0
6350,8,3,13,0
6350,9,3,13,0
6350,10,3,12,0
6350,11,3,12,0
6350,12,3,12,0
6350,13,3,13,0
6350,14,3,14,0
6350,15,3,15,0
6350,16,3,15,0
6350,17,3,16,0
6350,18,3,16,0
6350,19,3,16,0
6350,20,3,16,0
6350,21,3,16,0
6350,22,3,16,1
6400,0,9,13,0
6400,1,9,13,0
6400,2,9,13,0
6450,0,9,13,0
6450,1,9,12,0
6450,2,9,12,0
6450,3,9,12,0
6450,4,9,12,0
6450,5,9,12,0
6450,6,9,12,0
6450,7,9,12,0
6450,8,9,12,0
6450,9,9,12,0
6450,10,10,12,0
6450,11,10,12,0
6450,12,10,12,0
6450,13,10,12,0
6450,14,10,13,0
6450,15,10,13,0
6450,16,10,13,0
6450,17,10,13,0
6450,18,10,13,0
6450,19,10,12,0
6450,20,10,11,0
6450,21,10,10,0
6450,22,10,10,0
6450,23,10,10,0
6450,24,9,10,0
6450,25,9,10,0
6450,26,9,10,0
6450,27,9,10,0
6450,28,9,11,0
6450,29,9,12,0
6450,30,9,13,0
6450,31,9,14,0
6450,32,9,14,0
6450,33,8,14,0
6450,34,8,14,0
6450,35,8,14,0
6450,36,8,13,0
6450,37,8,12,0
6450,38,8,11,0
6450,39,8,10,0
6450,40,8,10,0
6450,41,8,10,0
6450,42,8,9,0
6450,43,8,8,0
6450,44,8,8,0
6450,45,8,8,0
6450,46,8,8,0
6450,47,8,8,0
6450,48,8,8,1
6500,0,15,16,0
6500,1,15,16,0
6500,2,16,16,0
6500,3,16,16,0
6500,4,16,17,0
6500,5,16,17,0
6500,6,17,17,0
6500,7,17,17,0
6500,8,17,18,0
6500,9,17,18,0
6500,10,16,18,0
6500,11,16,18,0
6500,12,16,18,0
6500,13,16,18,0
6500,14,15,18,0
6500,15,15,18,0
6500,16,15,18,0
6500,17,16,18,1
6550,0,9,1,0
6550,1,9,1,0
6550,2,9,1,0
6550,3,9,1,0
6550,4,9,1,0
6550,5,9,1,0
6550,6,9,1,0
6550,7,9,1,0
6550,8,9,1,0
6550,9,9,1,0
6550,10,9,1,0
6550,11,9,1,0
6550,12,9,1,0
6550,13,9,2,0
6550,14,9,2,0
6550,15,9,2,0
6550,16,9,2,0
6550,17,9,2,0
6550,18,9,2,0
6550,19,9,1,0
6550,20,9,1,0
6550,21,9,1,0
6550,22,9,2,0
6550,23,9,3,0
6550,24,9,4,0
6550,25,9,4,0
6550,26,9,4,0
6550,27,9,4,0
6550,28,9,4,0
6550,29,9,4,1
6600,0,5,9,0
6600,1,5,9,0
6600,2,6,9,0
6600,3,6,9,0
6600,4,6,9,0
6600,5,6,9,0
6600,6,6,9,0
6600,7,6,8,0
6600,8,6,7,0
6600,9,6,7,0
6600,10,6,7,0
6600,11,6,7,0
6600,12,6,7,0
6600,13,6,7,1
6650,0,14,15,0
6650,1,14,15,0
6650,2,14,15,0
6650,3,14,15,0
6650,4,14,15,0
6650,5,14,15,0
6650,6,14,15,0
6650,7,14,15,0
6650,8,14,15,0
6650,9,15,15,0
6650,10,15,15,0
6650,11,15,15,0
6650,12,15,15,0
6650,13,15,14,0
6650,14,15,14,0
6650,15,16,14,0
6650,16,16,14,0
6650,17,16,14,0
6650,18,16,14,0
6650,19,16,14,0
6650,20,16,15,0
6650,21,16,16,0
6650,22,16,17,0
6650,23,16,17,0
6650,24,15,17,0
6650,25,15,17,0
6650,26,15,17,0
6650,27,15,17,0
6650,28,15,17,0
6650,29,15,17,1
6700,0,15,13,0
6700,1,15,14,0
6700,2,15,14,0
6700,3,15,14,0
6700,4,16,14,0
6700,5,17,14,0
6700,6,17,14,0
6700,7,17,14,0
6700,8,17,14,0
6700,9,17,13,0
6700,10,17,12,0
6700,11,17,12,0
6700,12,17,12,0
6700,13,17,12,0
6700,14,17,12,0
6700,15,17,12,0
6700,16,17,13,0
6700,17,17,13,0
6700,18,17,13,0
6700,19,17,13,0
6700,20,17,13,0
6700,21,17,13,0
6700,22,17,13,0
6700,23,17,12,0
6700,24,17,12,0
6700,25,17,12,0
6700,26,17,12,0
6700,27,17,12,0
6700,28,17,12,1
6750,0,18,3,0
6750,1,18,3,0
6750,2,17,3,0
6750,3,17,3,0
6750,4,17,3,0
6750,5,17,3,0
6750,6,17,3,0
6750,7,17,3,0
6750,8,17,3,0
6750,9,17,3,0
6750,10,17,3,0
6750,11,17,3,0
6750,12,18,3,0
6750,13,18,3,0
6750,14,18,3,0
6750,15,18,3,0
6750,16,18,3,0
6750,17,18,3,0
6750,18,18,4,0
6750,19,18,4,0
6750,20,18,4,0
6750,21,18,4,0
6750,22,18,4,0
6750,23,18,4,0
6750,24,18,4,1
6800,0,4,13,0
6800,1,4,13,0
6800,2,4,13,0
6800,3,4,13,0
6800,4,4,13,0
6800,5,4,13,0
6800,6,4,13,0
6800,7,4,13,0
6800,8,4,12,0
6800,9,4,12,0
6800,10,5,12,0
6800,11,5,12,0
6800,12,6,12,0
6800,13,6,12,0
6800,14,6,12,0
6800,15,5,12,1
6850,0,4,17,0
6850,1,4,17,0
6850,2,4,17,0
6850,3,4,16,0
6850,4,4,16,0
6850,5,4,16,0
6850,6,4,16,0
6850,7,4,16,0
6850,8,4,16,0
6850,9,5,16,0
6850,10,6,16,0
6850,11,7,16,0
6850,12,7,16,0
6850,13,7,15,1
6900,0,2,11,0
6900,1,2,11,0
6900,2,2,11,0
6900,3,2,11,0
6900,4,2,12,0
6900,5,2,13,0
6900,6,2,13,0
6900,7,2,13,0
6900,8,2,13,0
6900,9,2,13,0
6900,10,2,13,0
6900,11,2,14,0
6900,12,2,15,0
6900,13,2,15,0
6900,14,1,15,0
6900,15,1,15,0
6900,16,1,15,0
6900,17,1,16,0
6900,18,1,17,0
6900,19,1,18,0
6900,20,1,18,0
6900,21,2,18,0
6900,22,3,18,0
6900,23,3,18,0
6900,24,3,17,0
6900,25,3,16,0
6900,26,3,16,0
6900,27,2,16,0
6900,28,1,16,0
6900,29,1,16,0
6900,30,1,16,0
6900,31,1,16,0
6900,32,1,16,0
6900,33,1,15,0
6900,34,1,14,0
6900,35,1,14,0
6900,36,1,14,0
6900,37,1,14,0
6900,38,1,14,0
6900,39,1,14,0
6900,40,1,13,0
6900,41,1,13,0
6900,42,1,13,0
6900,43,1,13,0
6900,44,1,13,0
6900,45,1,13,0
6900,46,1,13,0
6900,47,1,13,0
6900,48,1,14,0
6900,49,1,14,0
6900,50,1,14,0
6900,51,1,14,0
6900,52,1,14,0
6900,53,1,14,0
6900,54,1,14,0
6900,55,2,14,0
6900,56,2,14,0
6900,57,2,13,0
6900,58,2,13,0
6900,59,1,13,0
6900,60,1,13,0
6900,61,1,13,0
6900,62,1,13,0
6900,63,1,13,0
6900,64,1,13,0
6900,65,1,12,0
6900,66,1,12,0
6900,67,1,12,0
6900,68,1,11,0
6900,69,1,11,0
6900,70,1,11,0
6900,71,1,11,0
6900,72,2,11,0
6900,73,3,11,0
6900,74,3,11,0
6900,75,3,11,0
6900,76,3,11,1
6950,0,18,10,0
6950,1,18,10,0
6950,2,18,10,0
6950,3,17,10,0
6950,4,17,10,0
6950,5,17,10,0
6950,6,17,10,0
6950,7,16,10,0
6950,8,16,10,0
6950,9,16,10,0
6950,10,15,10,0
6950,11,15,10,0
6950,12,15,9,0
6950,13,15,8,0
6950,14,15,8,0
6950,15,15,8,0
6950,16,15,8,0
6950,17,15,8,0
6950,18,15,8,0
6950,19,15,8,0
7000,0,6,9,0
7000,1,6,9,0
7000,2,5,9,0
7000,3,5,9,0
7000,4,5,9,0
7000,5,5,9,0
7000,6,5,9,0
7000,7,5,9,0
7000,8,5,9,0
7000,9,5,8,0
7000,10,5,7,0
7000,11,5,6,0
7000,12,5,6,0
7000,13,4,6,0
7000,14,4,6,0
7000,15,4,7,0
7000,16,4,7,1
7050,0,3,8,0
7050,1,3,8,0
7050,2,3,8,0
7050,3,3,7,0
7050,4,3,7,0
7050,5,3,7,0
7050,6,3,7,0
7050,7,3,7,0
7050,8,3,7,0
7050,9,3,7,0
7050,10,3,7,0
7050,11,3,7,0
7050,12,3,7,0
7050,13,3,7,0
7050,14,3,8,0
7050,15,3,8,0
7050,16,3,8,0
7050,17,3,9,0
7050,18,3,9,0
7050,19,3,9,0
7050,20,2,9,0
7050,21,1,9,0
7050,22,1,9,0
7050,23,1,9,0
7050,24,1,9,0
7050,25,1,9,0
7050,26,1,9,0
7050,27,1,8,0
7050,28,1,7,0
7050,29,1,7,0
7050,30,1,7,0
7050,31,1,7,0
7050,32,1,7,0
7050,33,1,7,0
7050,34,1,7,0
7050,35,1,7,0
7050,36,1,6,0
7050,37,1,5,0
7050,38,1,4,0
7050,39,1,4,0
7050,40,1,4,0
7050,41,1,4,0
7050,42,2,4,0
7050,43,2,4,0
7050,44,2,4,0
7050,45,2,4,0
7050,46,1,4,0
7050,47,1,4,0
7050,48,1,3,0
7050,49,1,2,0
7050,50,1,2,0
7050,51,1,2,0
7050,52,1,2,0
7050,53,1,2,0
7050,54,1,2,0
7050,55,1,2,0
7050,56,1,2,0
7050,57,2,2,0
7050,58,3,2,0
7050,59,3,2,0
7050,60,3,1,0
7050,61,3,1,0
7050,62,3,1,0
7050,63,3,1,0
7050,64,3,1,0
7050,65,3,1,1
7100,0,9,8,0
7100,1,9,7,0
7100,2,9,6,0
7100,3,9,6,0
7100,4,8,6,0
7100,5,8,6,0
7100,6,8,6,0
7100,7,8,6,0
7100,8,8,6,0
7100,9,8,6,0
7100,10,8,7,0
7100,11,8,7,0
7100,12,8,7,0
7100,13,8,7,0
7100,14,9,7,0
7100,15,10,7,0
7100,16,10,7,0
7100,17,10,7,1
7150,0,1,5,0
7150,1,1,5,0
7150,2,1,5,0
7150,3,1,5,0
7150,4,1,5,0
7150,5,1,5,0
7150,6,1,5,0
7150,7,1,5,0
7150,8,1,5,0
7150,9,1,5,0
7150,10,1,5,0
7150,11,1,5,0
7150,12,1,4,0
7150,13,1,4,0
7150,14,1,4,0
7150,15,1,4,0
7150,16,1,5,0
7150,17,1,5,0
7150,18,1,5,0
7150,19,2,5,0
7150,20,2,5,0
7150,21,2,4,0
7150,22,2,4,0
7150,23,3,4,0
7150,24,3,4,0
7150,25,3,3,0
7150,26,3,3,0
7150,27,2,3,0
7150,28,2,3,0
7150,29,2,2,0
7150,30,2,2,0
7150,31,2,1,0
7150,32,2,1,0
7150,33,1,1,0
7150,34,1,1,0
7150,35,1,1,0
7150,36,2,1,1
7200,0,1,1,0
7200,1,1,1,0
7200,2,1,1,0
7200,3,1,2,0
7200,4,1,3,0
7200,5,1,4,0
7200,6,1,5,0
7200,7,1,6,0
7200,8,1,7,0
7200,9,1,7,0
7200,10,1,7,0
7200,11,1,8,0
7200,12,1,9,0
7200,13,1,10,0
7200,14,1,11,0
7200,15,1,12,0
7200,16,1,13,0
7200,17,1,13,0
7200,18,1,14,0
7200,19,1,14,0
7200,20,1,14,0
7200,21,1,14,0
7200,22,2,14,0
7200,23,2,14,0
7200,24,2,13,0
7200,25,2,13,0
7200,26,2,13,0
7200,27,2,14,0
7200,28,2,14,0
7200,29,3,14,0
7200,30,3,14,0
7200,31,3,14,0
7200,32,3,14,0
7200,33,3,14,0
7200,34,3,14,0
7200,35,3,14,0
7200,36,3,14,0
7200,37,3,14,0
7200,38,3,13,0
7200,39,3,13,0
7200,40,3,13,0
7200,41,3,14,0
7200,42,3,15,0
7200,43,3,15,0
7200,44,3,15,0
7200,45,3,15,0
7200,46,3,15,0
7200,47,3,15,0
7250,0,9,15,0
7250,1,9,15,0
7250,2,9,15,0
7250,3,9,15,0
7250,4,9,15,0
7250,5,9,15,0
7250,6,8,15,0
7250,7,7,15,0
7250,8,7,15,0
7250,9,7,15,0
7250,10,8,15,0
7250,11,8,15,0
7250,12,8,16,0
7250,13,8,16,0
7250,14,8,16,0
7250,15,8,16,0
7250,16,8,16,0
7250,17,8,16,0
7250,18,8,16,0
7250,19,8,16,0
7250,20,8,16,0
7250,21,8,16,1
7300,0,11,5,0
7300,1,11,5,0
7300,2,11,5,0
7300,3,11,5,0
7300,4,10,5,0
7300,5,10,5,0
7300,6,10,5,0
7300,7,10,5,0
7300,8,10,4,0
7300,9,10,4,0
7300,10,9,4,0
7300,11,9,4,0
7300,12,9,3,0
7300,13,9,2,0
7300,14,9,2,0
7300,15,9,2,0
7300,16,9,2,0
7300,17,9,2,0
7300,18,9,2,0
7300,19,9,2,0
7300,20,8,2,0
7300,21,8,2,0
7300,22,8,2,0
7300,23,8,2,0
7300,24,8,1,0
7300,25,8,1,0
7300,26,8,1,0
7300,27,9,1,0
7300,28,9,1,0
7300,29,9,1,1
7350,0,17,2,0
7350,1,17,2,0
7350,2,17,1,0
7350,3,17,1,0
7350,4,17,1,0
7350,5,17,1,0
7350,6,17,1,0
7350,7,16,1,0
7350,8,15,1,0
7350,9,15,1,0
7350,10,15,1,0
7350,11,16,1,0
7350,12,16,1,0
7350,13,16,1,0
7350,14,16,1,0
7350,15,16,1,0
7350,16,16,1,0
7350,17,16,1,0
7350,18,16,2,0
7350,19,16,3,0
7350,20,16,3,0
7350,21,16,4,0
7350,22,16,4,0
7350,23,16,4,0
7350,24,16,4,0
7350,25,16,4,0
7350,26,16,4,0
7350,27,16,4,0
7350,28,16,3,0
7350,29,16,2,0
7350,30,16,2,0
7350,31,16,2,0
7350,32,16,3,0
7350,33,16,3,0
7350,34,16,3,0
7350,35,17,3,0
7350,36,18,3,0
7350,37,18,3,0
7350,38,18,2,0
7350,39,18,2,0
7350,40,18,2,0
7350,41,18,2,0
7350,42,18,2,0
7350,43,18,2,0
7350,44,18,2,0
7400,0,12,13,0
7400,1,12,13,0
7400,2,12,13,0
7400,3,12,13,0
7400,4,12,13,0
7400,5,11,13,0
7400,6,11,13,0
7400,7,10,13,0
7400,8,10,13,0
7400,9,10,12,0
7400,10,10,11,0
7400,11,10,11,0
7400,12,10,11,0
7400,13,10,10,0
7400,14,10,10,0
7400,15,11,10,0
7400,16,11,10,0
7400,17,11,9,0
7400,18,11,9,0
7400,19,11,9,0
7400,20,11,9,0
7400,21,11,9,0
7400,22,11,9,0
7400,23,11,9,0
7400,24,11,9,1
7450,0,12,8,0
7450,1,12,8,0
7450,2,12,8,0
7450,3,12,8,0
7450,4,12,8,0
7450,5,13,8,0
7450,6,13,8,0
7450,7,13,8,0
7450,8,13,8,0
7450,9,13,8,1
7500,0,13,18,0
7500,1,13,17,0
7500,2,13,16,0
7500,3,13,16,0
7500,4,13,16,0
7500,5,12,16,0
7500,6,12,16,0
7500,7,12,16,0
7500,8,11,16,0
7500,9,11,16,0
7500,10,11,15,0
7500,11,11,14,0
7500,12,11,14,0
7500,13,12,14,0
7500,14,12,14,0
7500,15,12,13,0
7500,16,12,13,0
7500,17,12,13,1
7550,0,2,4,0
7550,1,2,4,0
7550,2,2,4,0
7550,3,2,4,0
7550,4,2,4,0
7550,5,2,4,0
7550,6,2,4,0
7550,7,2,4,0
7550,8,2,4,0
7550,9,2,4,0
7550,10,2,4,0
7550,11,3,4,0
7550,12,3,4,0
7550,13,3,4,0
7550,14,3,4,0
7550,15,3,4,0
7550,16,3,4,0
7550,17,3,4,0
7550,18,4,4,0
7550,19,5,4,0
7550,20,5,4,0
7550,21,5,4,1
7600,0,16,6,0
7600,1,16,6,0
7600,2,15,6,0
7600,3,15,6,0
7600,4,15,6,0
7600,5,15,6,0
7600,6,15,6,0
7600,7,15,6,0
7600,8,15,6,0
7600,9,15,6,0
7600,10,15,6,0
7600,11,15,6,0
7600,12,14,6,0
7600,13,13,6,0
7600,14,13,6,0
7600,15,13,6,0
7600,16,13,6,0
7600,17,13,6,0
7600,18,14,6,0
7600,19,14,6,0
7600,20,14,5,0
7600,21,14,5,0
7600,22,14,5,0
7600,23,14,5,0
7600,24,14,5,0
7650,0,15,17,0
7650,1,15,17,0
7650,2,15,17,0
7650,3,15,16,0
7650,4,15,16,0
7650,5,15,15,0
7650,6,15,15,0
7650,7,15,15,0
7650,8,15,15,0
7650,9,15,15,0
7650,10,15,15,0
7650,11,15,15,0
7650,12,15,15,0
7650,13,15,15,0
7650,14,15,14,0
7650,15,15,14,0
7650,16,15,14,0
7650,17,15,14,0
7650,18,15,14,0
7650,19,15,14,0
7650,20,15,14,0
7650,21,16,14,0
7650,22,17,14,0
7650,23,17,14,0
7650,24,17,13,0
7650,25,17,13,0
7650,26,17,12,0
7650,27,17,12,0
7650,28,17,12,0
7650,29,17,13,0
7650,30,17,13,0
7650,31,17,13,0
7650,32,17,13,0
7650,33,17,13,0
7650,34,17,12,1
7700,0,6,14,0
7700,1,6,14,0
7700,2,6,13,0
7700,3,6,13,0
7700,4,7,13,0
7700,5,7,13,0
7700,6,7,13,0
7700,7,6,13,0
7700,8,6,13,0
7700,9,6,13,0
7700,10,6,13,0
7700,11,6,13,0
7700,12,6,13,0
7700,13,6,13,0
7700,14,6,13,0
7700,15,6,13,0
7700,16,6,12,0
7700,17,6,12,0
7700,18,6,12,0
7700,19,6,12,0
7700,20,6,12,0
7700,21,6,11,0
7700,22,6,11,0
7700,23,6,11,0
7700,24,6,11,0
7700,25,6,11,0
7700,26,6,11,1
7750,0,6,12,0
7750,1,6,12,0
7750,2,6,12,0
7750,3,6,12,0
7750,4,6,12,0
7750,5,6,11,0
7750,6,6,11,0
7750,7,6,11,0
7750,8,6,11,0
7750,9,6,11,0
7750,10,6,11,0
7750,11,6,11,0
7750,12,6,11,0
7750,13,7,11,0
7750,14,7,11,1
7800,0,4,17,0
7800,1,4,17,0
7800,2,4,17,0
7800,3,5,17,0
7800,4,5,17,0
7800,5,5,17,0
7800,6,5,17,0
7800,7,5,17,0
7800,8,5,17,0
7800,9,5,17,0
7800,10,4,17,0
7800,11,4,17,0
7800,12,3,17,0
7800,13,2,17,0
7800,14,2,17,0
7800,15,2,17,0
7800,16,2,17,0
7800,17,2,16,0
7800,18,2,15,0
7800,19,2,15,0
7800,20,3,15,0
7800,21,4,15,0
7800,22,4,15,0
7800,23,4,15,0
7800,24,4,15,0
7800,25,4,15,1
7850,0,2,4,0
7850,1,2,4,0
7850,2,2,4,0
7850,3,2,4,0
7850,4,1,4,0
7850,5,1,4,0
7850,6,1,4,0
7850,7,1,3,1
7900,0,5,11,0
7900,1,4,11,0
7900,2,4,11,0
7900,3,4,10,0
7900,4,4,9,0
7900,5,4,9,0
7900,6,4,8,0
7900,7,4,7,0
7900,8,4,7,0
7900,9,4,7,0
7900,10,4,7,0
7900,11,4,7,0
7900,12,4,8,0
7900,13,4,9,0
7900,14,4,9,0
7900,15,4,9,0
7900,16,4,9,0
7900,17,4,9,0
7900,18,4,9,0
7900,19,4,8,0
7900,20,4,7,0
7900,21,4,7,0
7900,22,5,7,0
7900,23,5,7,0
7900,24,5,7,0
7900,25,5,7,0
7900,26,5,6,0
7900,27,5,6,0
7900,28,5,6,0
7900,29,4,6,0
7900,30,4,6,0
7900,31,4,6,0
7900,32,4,6,0
7900,33,4,5,0
7900,34,4,4,0
7900,35,4,4,0
7900,36,5,4,0
7900,37,5,4,0
7900,38,5,4,0
7900,39,5,4,0
7900,40,5,4,0
7900,41,5,4,0
7900,42,5,4,0
7900,43,5,4,0
7900,44,5,4,0
7900,45,5,4,0
7900,46,5,4,0
7900,47,5,5,0
7900,48,5,6,0
7900,49,5,6,0
7900,50,5,6,1
7950,0,2,15,0
7950,1,2,15,0
7950,2,1,15,0
7950,3,1,15,0
7950,4,1,15,0
7950,5,1,15,0
7950,6,1,15,0
7950,7,1,15,0
7950,8,1,15,0
7950,9,1,15,0
7950,10,1,15,0
7950,11,1,15,0
7950,12,1,15,0
7950,13,1,15,0
7950,14,1,15,0
7950,15,1,15,0
7950,16,1,15,0
7950,17,1,15,0
7950,18,1,15,0
7950,19,1,15,0
7950,20,1,15,0
7950,21,1,15,0
7950,22,1,15,0
7950,23,1,15,0
7950,24,2,15,0
7950,25,2,15,0
7950,26,2,15,0
7950,27,2,15,0
7950,28,2,15,0
7950,29,2,16,0
7950,30,2,16,0
7950,31,2,16,0
7950,32,2,16,0
7950,33,3,16,0
7950,34,3,16,0
7950,35,3,16,0
7950,36,4,16,0
7950,37,5,16,0
7950,38,5,16,0
7950,39,5,16,1
8000,0,3,16,0
8000,1,3,16,0
8000,2,3,16,0
8000,3,3,16,0
8000,4,3,16,0
8000,5,3,15,0
8000,6,3,15,0
8000,7,3,15,0
8000,8,3,15,0
8000,9,3,15,0
8000,10,3,16,0
8000,11,3,17,0
8000,12,3,17,0
8000,13,3,17,0
8000,14,3,17,0
8000,15,2,17,0
8000,16,2,17,0
8000,17,2,17,0
8000,18,2,18,0
8000,19,2,18,0
8000,20,1,18,0
8000,21,1,18,0
8000,22,1,18,0
8000,23,1,18,1
8050,0,18,1,0
8050,1,18,1,0
8050,2,18,1,0
8050,3,18,2,0
8050,4,18,3,0
8050,5,18,4,0
8050,6,18,5,0
8050,7,18,5,0
8050,8,17,5,0
8050,9,17,5,0
8050,10,17,5,0
8050,11,17,5,0
8050,12,17,5,0
8050,13,17,5,0
8050,14,17,4,0
8050,15,17,4,0
8050,16,17,4,0
8050,17,17,4,0
8050,18,17,3,0
8050,19,17,2,0
8050,20,17,2,0
8050,21,17,2,0
8050,22,17,1,0
8050,23,17,1,0
8050,24,17,1,0
8050,25,17,1,0
8050,26,18,1,0
8050,27,18,1,1
8100,0,2,14,0
8100,1,2,14,0
8100,2,2,14,0
8100,3,2,14,0
8100,4,2,13,0
8100,5,2,12,0
8100,6,2,12,0
8100,7,2,12,0
8100,8,2,12,0
8100,9,2,12,0
8100,10,2,12,0
8100,11,2,12,0
8100,12,2,12,0
8100,13,2,12,0
8100,14,3,12,0
8100,15,3,12,0
8100,16,3,11,0
8100,17,3,11,0
8100,18,3,11,0
8100,19,3,11,0
8100,20,3,12,0
8100,21,3,13,0
8100,22,3,14,0
8100,23,3,15,0
8100,24,3,16,0
8100,25,3,16,0
8100,26,3,16,0
8100,27,3,15,0
8100,28,3,14,0
8100,29,3,14,0
8100,30,3,14,0
8100,31,3,14,0
8100,32,3,15,0
8100,33,3,16,0
8100,34,3,16,0
8100,35,2,16,0
8100,36,2,16,0
8100,37,2,16,0
8100,38,2,16,1
8150,0,17,18,0
8150,1,17,18,0
8150,2,17,18,0
8150,3,17,18,0
8150,4,17,18,0
8150,5,16,18,0
8150,6,16,18,0
8150,7,16,18,0
8150,8,17,18,0
8150,9,18,18,0
8150,10,18,18,0
8150,11,18,17,0
8150,12,18,16,0
8150,13,18,15,0
8150,14,18,15,0
8150,15,18,15,1
8200,0,1,1,0
8200,1,1,1,0
8200,2,1,1,0
8200,3,1,1,0
8200,4,1,1,0
8200,5,1,1,0
8200,6,1,1,0
8200,7,2,1,0
8200,8,3,1,0
8200,9,3,1,0
8200,10,3,1,0
8200,11,4,1,0
8200,12,5,1,0
8200,13,6,1,0
8200,14,7,1,0
8200,15,8,1,0
8200,16,9,1,0
8200,17,10,1,0
8200,18,10,1,0
8200,19,10,1,0
8200,20,10,1,0
8200,21,10,1,0
8250,0,12,15,0
8250,1,12,15,0
8250,2,12,15,0
8250,3,12,15,0
8250,4,13,15,0
8250,5,13,15,0
8250,6,13,15,0
8250,7,13,14,0
8250,8,13,14,0
8250,9,14,14,0
8250,10,14,14,0
8250,11,14,14,1
8300,0,1,15,0
8300,1,2,15,0
8300,2,3,15,0
8300,3,3,15,0
8300,4,3,15,0
8300,5,3,15,0
8300,6,3,15,0
8300,7,3,15,0
8300,8,3,16,0
8300,9,3,16,0
8300,10,4,16,0
8300,11,4,16,0
8300,12,4,16,0
8350,0,17,17,0
8350,1,17,17,0
8350,2,17,17,0
8350,3,17,17,0
8350,4,17,18,0
8350,5,17,18,0
8350,6,17,18,0
8350,7,17,18,0
8350,8,17,18,0
8350,9,17,18,0
8350,10,17,18,0
8350,11,17,18,0
8350,12,17,18,0
8350,13,17,18,0
8350,14,17,18,0
8350,15,17,18,0
8350,16,17,18,0
8350,17,17,18,0
8350,18,18,18,0
8350,19,18,18,0
8350,20,18,17,0
8350,21,18,17,0
8350,22,18,17,0
8350,23,18,17,0
8350,24,18,17,0
8350,25,18,17,0
8350,26,18,17,0
8350,27,18,17,0
8400,0,8,16,0
8400,1,8,16,0
8400,2,8,17,0
8400,3,8,17,0
8400,4,8,17,0
8400,5,8,17,0
8400,6,9,17,0
8400,7,9,17,0
8400,8,9,17,0
8400,9,8,17,0
8400,10,8,17,0
8400,11,8,17,0
8400,12,8,17,0
8400,13,8,17,0
8400,14,7,17,0
8400,15,7,17,0
8400,16,7,17,1
8450,0,9,18,0
8450,1,9,18,0
8450,2,9,18,0
8450,3,9,18,0
8450,4,9,18,0
8450,5,9,17,0
8450,6,9,17,0
8450,7,9,16,0
8450,8,9,16,0
8450,9,9,16,0
8450,10,9,15,0
8450,11,9,15,0
8450,12,9,15,0
8450,13,9,15,0
8450,14,10,15,0
8450,15,11,15,0
8450,16,11,15,0
8450,17,11,14,0
8450,18,11,14,0
8450,19,11,14,0
8450,20,11,14,0
8450,21,10,14,0
8450,22,9,14,0
8450,23,9,14,0
8450,24,9,14,0
8450,25,9,14,0
8450,26,9,14,0
8450,27,9,14,0
8450,28,9,14,0
8450,29,9,14,0
8500,0,2,10,0
8500,1,2,10,0
8500,2,2,10,0
8500,3,2,10,0
8500,4,2,11,0
8500,5,2,12,0
8500,6,2,12,0
8500,7,3,12,0
8500,8,4,12,0
8500,9,4,12,0
8500,10,4,12,0
8500,11,4,12,0
8500,12,4,12,0
8500,13,4,12,0
8500,14,4,12,0
8500,15,4,12,0
8500,16,4,12,0
8500,17,4,12,0
8500,18,4,12,0
8500,19,4,12,0
8500,20,3,12,0
8500,21,2,12,0
8500,22,1,12,0
8500,23,1,12,0
8500,24,1,12,0
8500,25,1,12,0
8500,26,1,12,0
8500,27,1,12,0
8500,28,1,12,0
8500,29,1,12,0
8500,30,1,12,0
8500,31,1,12,0
8500,32,1,11,0
8500,33,1,11,0
8500,34,2,11,0
8500,35,2,11,0
8500,36,2,11,0
8500,37,1,11,0
8500,38,1,11,0
8500,39,1,11,0
8500,40,1,11,0
8550,0,9,6,0
8550,1,9,6,0
8550,2,8,6,0
8550,3,8,6,0
8550,4,8,6,0
8550,5,8,6,0
8550,6,8,6,0
8550,7,8,6,0
8550,8,8,6,0
8550,9,8,6,0
8550,10,8,6,0
8550,11,8,6,0
8550,12,8,7,0
8550,13,8,7,0
8550,14,8,7,0
8550,15,8,7,0
8550,16,8,7,0
8550,17,8,7,0
8550,18,8,7,0
8550,19,7,7,0
8550,20,7,7,0
8550,21,7,6,1
8600,0,13,5,0
8600,1,13,5,0
8650,0,6,2,0
8650,1,6,2,0
8650,2,6,3,0
8650,3,6,3,0
8650,4,6,3,0
8650,5,5,3,0
8650,6,5,3,0
8650,7,5,2,0
8650,8,5,1,0
8650,9,5,1,0
8650,10,5,1,0
8650,11,5,1,0
8650,12,5,1,0
8650,13,5,1,0
8650,14,5,1,0
8650,15,5,1,0
8650,16,5,1,0
8650,17,5,1,0
8650,18,5,1,0
8650,19,5,1,0
8650,20,5,1,0
8700,0,10,14,0
8700,1,10,14,0
8700,2,10,14,0
8700,3,10,14,0
8700,4,11,14,0
8700,5,11,14,0
8700,6,11,14,0
8700,7,12,14,0
8700,8,12,14,0
8700,9,12,14,0
8700,10,12,14,0
8700,11,12,13,0
8700,12,12,12,0
8700,13,12,12,0
8700,14,12,12,1
8750,0,11,6,0
8750,1,12,6,0
8750,2,13,6,0
8750,3,13,6,0
8750,4,13,6,0
8750,5,13,5,0
8750,6,13,4,0
8750,7,13,3,0
8750,8,13,3,0
8750,9,12,3,0
8750,10,12,3,0
8750,11,12,3,1
8800,0,5,5,0
8800,1,4,5,0
8800,2,4,5,0
8800,3,4,5,0
8800,4,4,5,0
8800,5,4,5,0
8800,6,4,5,0
8800,7,4,5,0
8800,8,4,6,0
8800,9,4,6,0
8800,10,5,6,0
8800,11,5,6,0
8800,12,5,6,0
8800,13,5,6,0
8800,14,5,6,0
8800,15,5,6,0
8800,16,5,6,0
8800,17,5,6,0
8800,18,5,6,0
8800,19,5,6,0
8800,20,5,6,1
8850,0,1,2,0
8850,1,1,2,0
8850,2,1,2,0
8850,3,1,2,0
8850,4,1,2,0
8850,5,1,2,0
8850,6,1,2,0
8850,7,1,2,0
8850,8,1,2,0
8850,9,1,2,0
8850,10,1,2,0
8850,11,1,2,0
8850,12,1,2,0
8850,13,1,3,0
8850,14,1,3,0
8850,15,1,3,0
8850,16,1,3,0
8850,17,1,3,0
8850,18,1,3,0
8850,19,1,3,0
8850,20,1,3,0
8850,21,1,2,0
8850,22,1,1,0
8850,23,1,1,0
8850,24,2,1,0
8850,25,3,1,0
8850,26,4,1,0
8850,27,4,1,0
8850,28,4,1,0
8850,29,4,1,0
8850,30,4,1,0
8850,31,4,1,0
8850,32,5,1,0
8850,33,5,1,0
8850,34,5,1,0
8850,35,6,1,0
8850,36,6,1,0
8850,37,6,1,0
8850,38,6,1,0
8850,39,6,1,0
8850,40,6,1,0
8850,41,6,1,0
8850,42,6,1,0
8850,43,6,1,0
8850,44,6,1,0
8850,45,6,1,0
8850,46,6,1,0
8850,47,5,1,0
8850,48,5,1,0
8850,49,5,1,0
8850,50,4,1,0
8850,51,4,1,0
8850,52,4,1,0
8850,53,4,1,0
8850,54,4,1,0
8850,55,4,1,0
8850,56,4,1,1
8900,0,4,1,0
8900,1,4,2,0
8900,2,4,2,0
8900,3,4,2,0
8900,4,4,2,0
8900,5,4,2,0
8900,6,3,2,0
8900,7,3,2,0
8900,8,3,1,0
8900,9,3,1,0
8900,10,3,1,0
8900,11,3,1,0
8900,12,3,1,0
8900,13,3,1,0
8900,14,3,1,0
8900,15,3,2,0
8900,16,3,2,0
8900,17,2,2,0
8900,18,2,2,0
8900,19,2,3,0
8900,20,2,3,0
8900,21,2,3,0
8900,22,2,3,0
8900,23,2,3,0
8900,24,2,3,0
8900,25,2,3,0
8900,26,2,3,0
8900,27,2,3,0
8900,28,3,3,0
8900,29,3,3,0
8900,30,3,4,0
8900,31,3,4,0
8900,32,3,4,0
8900,33,4,4,0
8900,34,4,4,0
8900,35,4,4,0
8900,36,3,4,0
8900,37,3,4,0
8900,38,3,5,0
8900,39,3,6,0
8900,40,3,6,0
8900,41,2,6,0
8900,42,2,6,0
8900,43,2,6,0
8900,44,2,5,0
8900,45,2,4,0
8900,46,2,4,0
8900,47,2,4,0
8900,48,2,5,0
8900,49,2,5,0
8900,50,2,5,0
8900,51,2,5,0
8900,52,2,5,0
8950,0,8,16,0
8950,1,8,16,0
8950,2,8,16,0
8950,3,8,15,0
8950,4,8,14,0
8950,5,8,14,0
8950,6,8,14,0
8950,7,8,14,0
8950,8,8,14,0
8950,9,8,14,0
8950,10,7,14,0
8950,11,7,14,0
8950,12,7,14,0
8950,13,7,14,0
8950,14,7,14,0
8950,15,7,13,0
8950,16,7,13,0
8950,17,7,13,0
8950,18,7,13,0
8950,19,7,13,0
8950,20,7,13,0
8950,21,7,13,0
8950,22,7,12,0
8950,23,7,11,0
8950,24,7,11,0
8950,25,7,11,0
8950,26,6,11,0
8950,27,5,11,0
8950,28,4,11,0
8950,29,4,11,0
8950,30,4,11,0
8950,31,5,11,0
8950,32,5,11,0
8950,33,5,11,1
9000,0,12,15,0
9000,1,12,15,0
9000,2,12,15,0
9000,3,11,15,0
9000,4,11,15,0
9000,5,11,15,0
9000,6,11,14,0
9000,7,11,13,0
9000,8,11,13,0
9000,9,11,13,0
9000,10,11,13,0
9000,11,11,13,0
9000,12,11,13,0
9000,13,12,13,0
9000,14,12,13,0
9000,15,12,13,0
9000,16,12,13,0
9000,17,12,13,0
9000,18,12,13,0
9000,19,12,13,0
9000,20,12,12,0
9000,21,12,11,0
9000,22,12,11,0
9000,23,11,11,0
9000,24,11,11,0
9000,25,11,11,0
9000,26,11,11,0
9000,27,11,11,0
9000,28,11,10,1
9050,0,7,12,0
9050,1,7,12,0
9050,2,6,12,0
9050,3,6,12,0
9050,4,6,12,0
9050,5,7,12,0
9050,6,7,12,0
9050,7,7,12,0
9050,8,7,12,0
9050,9,7,12,0
9050,10,7,12,0
9050,11,7,12,0
9050,12,7,12,0
9100,0,1,1,0
9100,1,1,2,0
9100,2,1,2,0
9100,3,1,2,0
9100,4,1,2,0
9100,5,1,2,0
9100,6,1,2,0
9100,7,1,2,0
9100,8,1,2,0
9100,9,2,2,0
9100,10,2,2,0
9100,11,2,2,0
9100,12,2,2,0
9100,13,2,2,0
9100,14,2,2,0
9100,15,2,2,0
9100,16,2,2,0
9100,17,2,2,0
9100,18,2,2,0
9100,19,2,2,0
9100,20,2,2,0
9100,21,1,2,0
9100,22,1,2,0
9100,23,1,2,0
9100,24,1,2,0
9100,25,1,2,0
9100,26,1,2,0
9100,27,1,2,0
9100,28,1,2,0
9100,29,2,2,0
9100,30,2,2,0
9100,31,2,3,0
9100,32,2,3,0
9100,33,2,3,0
9100,34,2,2,0
9100,35,2,2,0
9100,36,2,2,0
9100,37,2,2,0
9100,38,2,2,0
9100,39,2,2,0
9100,40,2,2,0
9100,41,2,2,0
9100,42,2,2,0
9100,43,2,2,0
9100,44,2,2,0
9100,45,3,2,0
9100,46,3,2,0
9100,47,3,2,0
9100,48,3,2,0
9100,49,3,3,0
9100,50,3,3,0
9100,51,3,3,0
9100,52,3,2,0
9100,53,3,2,0
9100,54,3,2,0
9100,55,3,2,0
9100,56,3,2,0
9100,57,4,2,0
9100,58,4,2,0
9100,59,4,3,0
9100,60,4,3,1
9150,0,7,17,0
9150,1,7,17,0
9150,2,7,17,0
9150,3,6,17,0
9150,4,5,17,0
9150,5,5,17,0
9150,6,5,17,0
9150,7,5,18,0
9150,8,5,18,0
9150,9,5,18,0
9150,10,5,18,0
9150,11,4,18,0
9150,12,3,18,0
9150,13,2,18,0
9150,14,2,18,0
9150,15,2,18,0
9150,16,2,18,0
9150,17,2,18,0
9150,18,2,18,0
9150,19,2,18,0
9150,20,2,18,0
9150,21,2,18,0
9150,22,2,17,0
9150,23,2,17,0
9150,24,2,17,1
9200,0,3,16,0
9200,1,3,16,0
9200,2,3,16,0
9200,3,3,16,0
9200,4,3,16,0
9200,5,3,17,0
9200,6,3,18,0
9200,7,3,18,0
9200,8,2,18,0
9200,9,1,18,0
9200,10,1,18,0
9200,11,1,18,0
9200,12,1,18,0
9200,13,1,18,0
9200,14,1,18,0
9200,15,1,18,0
9200,16,1,18,0
9200,17,1,18,0
9200,18,1,18,0
9200,19,1,18,0
9200,20,1,18,0
9200,21,1,18,0
9200,22,1,18,0
9200,23,1,18,0
9200,24,1,18,0
9200,25,1,18,0
9200,26,1,18,0
9250,0,6,8,0
9250,1,6,8,0
9250,2,6,7,0
9250,3,6,6,0
9250,4,6,6,0
9250,5,6,6,0
9250,6,6,6,0
9250,7,6,6,0
9250,8,6,6,0
9250,9,6,6,0
9250,10,6,6,0
9250,11,6,6,0
9250,12,6,6,0
9250,13,6,7,0
9250,14,6,8,0
9250,15,6,8,0
9250,16,5,8,0
9250,17,4,8,0
9250,18,4,8,0
9250,19,4,8,0
9250,20,3,8,0
9250,21,3,8,0
9250,22,3,8,0
9250,23,3,8,0
9250,24,3,7,0
9250,25,3,7,0
9250,26,2,7,0
9250,27,2,7,1
9300,0,3,2,0
9300,1,3,2,0
9300,2,3,2,0
9300,3,3,2,0
9300,4,3,2,0
9300,5,3,2,0
9300,6,3,2,0
9300,7,4,2,0
9300,8,4,2,0
9300,9,4,1,0
9300,10,4,1,0
9300,11,4,1,0
9300,12,4,1,0
9300,13,4,2,0
9300,14,4,2,0
9300,15,4,2,0
9300,16,4,2,0
9300,17,4,2,0
9300,18,4,2,0
9300,19,4,2,0
9300,20,4,3,0
9300,21,4,3,0
9300,22,5,3,0
9300,23,5,3,0
9300,24,5,3,0
9300,25,5,3,0
9300,26,6,3,0
9300,27,7,3,0
9300,28,7,3,0
9300,29,7,3,0
9300,30,6,3,0
9300,31,5,3,0
9300,32,4,3,0
9300,33,3,3,0
9300,34,3,3,0
9300,35,3,3,0
9300,36,3,3,0
9300,37,2,3,0
9300,38,2,3,0
9300,39,2,2,0
9300,40,2,2,0
9300,41,2,2,0
9300,42,2,2,0
9300,43,2,2,0
9300,44,2,2,0
9300,45,3,2,0
9300,46,4,2,0
9300,47,4,2,0
9300,48,4,2,0
9300,49,4,2,0
9300,50,4,2,0
9300,51,4,2,0
9300,52,5,2,0
9300,53,5,2,0
9300,54,5,3,0
9300,55,5,4,0
9300,56,5,5,0
9300,57,5,6,0
9300,58,5,7,0
9300,59,5,8,0
9300,60,5,9,0
9300,61,5,9,0
9300,62,5,9,0
9300,63,5,9,0
9300,64,5,9,0
9300,65,5,9,1
9350,0,10,1,0
9350,1,10,1,0
9350,2,10,1,0
9350,3,10,1,0
9350,4,11,1,0
9350,5,12,1,0
9350,6,13,1,0
9350,7,13,1,0
9350,8,13,1,0
9350,9,14,1,0
9350,10,14,1,0
9350,11,14,1,0
9350,12,14,1,0
9350,13,14,1,0
9350,14,14,1,0
9350,15,14,1,0
9350,16,14,1,0
9350,17,14,2,0
9350,18,14,2,0
9350,19,14,2,0
9350,20,14,1,0
9350,21,14,1,0
9350,22,15,1,0
9350,23,15,1,0
9350,24,15,1,0
9350,25,15,1,0
9350,26,15,1,0
9350,27,15,1,0
9400,0,17,6,0
9400,1,17,5,0
9400,2,17,5,0
9400,3,17,5,0
9400,4,17,4,0
9400,5,17,4,0
9400,6,17,4,0
9400,7,17,4,0
9400,8,17,4,0
9400,9,17,4,0
9400,10,17,4,0
9400,11,18,4,0
9400,12,18,4,0
9400,13,18,4,0
9400,14,18,4,0
9400,15,18,4,0
9400,16,18,4,0
9400,17,17,4,0
9400,18,16,4,0
9400,19,16,4,0
9400,20,16,5,1
9450,0,10,4,0
9450,1,10,5,0
9450,2,10,5,0
9450,3,11,5,0
9450,4,12,5,0
9450,5,12,5,0
9450,6,12,5,0
9450,7,12,5,0
9450,8,12,5,0
9450,9,12,5,0
9450,10,12,5,0
9450,11,12,5,0
9450,12,12,5,0
9450,13,12,5,0
9450,14,12,5,0
9450,15,12,5,0
9450,16,12,6,0
9450,17,12,6,0
9450,18,11,6,0
9450,19,11,6,0
9450,20,11,6,0
9450,21,12,6,0
9450,22,12,6,0
9450,23,12,6,0
9450,24,12,6,0
9450,25,12,6,0
9450,26,12,6,0
9450,27,12,6,0
9450,28,12,6,0
9450,29,13,6,0
9450,30,13,6,0
9450,31,13,5,0
9450,32,13,4,0
9450,33,13,4,0
9450,34,14,4,0
9450,35,15,4,0
9450,36,16,4,0
9450,37,16,4,0
9450,38,16,4,0
9450,39,16,3,0
9450,40,16,3,0
9450,41,16,3,0
9450,42,16,3,0
9450,43,16,3,0
9450,44,16,3,0
9450,45,16,3,0
9450,46,16,2,0
9450,47,16,1,0
9450,48,16,1,0
9450,49,16,1,0
9450,50,17,1,0
9450,51,17,1,1
9500,0,11,5,0
9500,1,11,5,0
9500,2,11,5,0
9500,3,11,4,0
9500,4,11,3,0
9500,5,11,2,0
9500,6,11,2,0
9500,7,10,2,0
9500,8,10,2,0
9500,9,10,2,0
9500,10,9,2,0
9500,11,9,2,0
9500,12,9,2,0
9500,13,9,2,0
9500,14,9,2,0
9500,15,9,2,0
9500,16,10,2,1
9550,0,14,4,0
9550,1,14,4,0
9550,2,14,4,0
9550,3,14,3,0
9550,4,14,3,0
9550,5,13,3,0
9550,6,12,3,0
9550,7,11,3,0
9550,8,10,3,0
9550,9,10,3,0
9550,10,10,3,0
9550,11,10,3,0
9550,12,10,4,0
9550,13,10,4,0
9550,14,10,4,0
9550,15,9,4,0
9550,16,9,4,0
9550,17,9,4,0
9550,18,9,4,0
9550,19,9,5,1
9600,0,12,3,0
9600,1,11,3,0
9600,2,11,3,0
9600,3,11,3,0
9600,4,11,4,0
9600,5,11,4,0
9600,6,10,4,0
9600,7,9,4,0
9600,8,9,4,0
9600,9,9,4,0
9600,10,9,4,0
9600,11,9,5,0
9600,12,9,5,0
9600,13,9,5,0
9600,14,9,5,0
9600,15,9,5,0
9600,16,9,5,0
9600,17,9,6,0
9600,18,9,6,0
9600,19,8,6,0
9600,20,8,6,0
9600,21,8,6,0
9600,22,7,6,0
9600,23,6,6,0
9600,24,6,6,0
9600,25,6,5,0
9600,26,6,5,0
9600,27,6,5,0
9600,28,6,5,0
9600,29,6,5,0
9600,30,6,5,0
9600,31,7,5,1
9650,0,4,12,0
9650,1,4,12,0
9650,2,4,12,0
9650,3,4,12,0
9650,4,4,12,0
9650,5,4,12,0
9650,6,4,12,0
9650,7,4,12,0
9650,8,4,12,0
9650,9,4,12,0
9650,10,4,12,0
9650,11,4,12,0
9650,12,4,12,0
9650,13,4,12,0
9650,14,4,13,0
9650,15,4,13,0
9650,16,4,13,0
9650,17,4,13,0
9650,18,4,13,0
9650,19,4,14,0
9650,20,4,15,0
9650,21,4,15,0
9650,22,4,15,0
9650,23,4,15,0
9650,24,5,15,0
9650,25,5,15,0
9650,26,5,15,0
9650,27,5,14,0
9650,28,5,14,0
9650,29,5,14,0
9650,30,5,14,0
9650,31,5,14,0
9650,32,5,14,0
9650,33,6,14,0
9650,34,7,14,0
9650,35,8,14,0
9650,36,8,14,0
9650,37,8,14,1
9700,0,4,10,0
9700,1,4,10,0
9700,2,4,9,0
9700,3,4,8,0
9700,4,4,8,0
9700,5,4,8,0
9700,6,4,8,0
9700,7,4,9,0
9700,8,4,10,0
9700,9,4,11,0
9700,10,4,11,0
9700,11,4,11,0
9700,12,4,11,0
9700,13,4,11,0
9700,14,4,11,0
9700,15,4,11,0
9700,16,4,11,0
9700,17,4,11,0
9700,18,4,11,0
9700,19,4,11,0
9700,20,4,11,0
9700,21,4,11,0
9700,22,4,11,0
9700,23,4,10,0
9700,24,4,10,0
9700,25,5,10,0
9700,26,6,10,0
9700,27,6,10,0
9700,28,6,10,1
9750,0,14,8,0
9750,1,13,8,0
9750,2,13,8,0
9750,3,13,9,0
9750,4,13,9,0
9750,5,14,9,0
9750,6,14,9,0
9750,7,14,9,0
9750,8,14,9,0
9750,9,14,9,0
9750,10,14,9,0
9750,11,15,9,0
9750,12,16,9,0
9750,13,16,9,0
9750,14,16,9,0
9750,15,15,9,0
9750,16,14,9,0
9750,17,13,9,0
9750,18,13,9,0
9750,19,13,10,0
9750,20,13,11,0
9750,21,13,11,0
9750,22,12,11,1
9800,0,12,7,0
9800,1,12,7,0
9800,2,12,7,0
9800,3,12,8,0
9800,4,12,8,0
9800,5,12,8,0
9800,6,12,8,0
9800,7,12,8,0
9800,8,12,8,0
9800,9,13,8,0
9800,10,14,8,0
9800,11,15,8,0
9800,12,15,8,0
9800,13,16,8,0
9800,14,16,8,0
9800,15,16,9,0
9800,16,16,10,0
9800,17,16,10,0
9800,18,16,10,0
9800,19,16,10,0
9800,20,16,10,0
9800,21,16,9,0
9800,22,16,8,0
9800,23,16,8,0
9800,24,16,7,0
9800,25,16,7,0
9800,26,16,7,0
9800,27,16,7,0
9800,28,15,7,0
9800,29,15,7,0
9800,30,15,7,0
9800,31,15,7,0
9800,32,15,7,0
9800,33,15,7,0
9800,34,15,7,0
9800,35,15,7,0
9800,36,15,6,0
9800,37,15,6,0
9800,38,15,6,0
9800,39,15,6,0
9800,40,15,5,0
9800,41,15,5,0
9800,42,15,5,1
9850,0,7,6,0
9850,1,7,6,0
9850,2,7,6,0
9850,3,7,6,0
9850,4,7,6,0
9850,5,7,6,0
9850,6,7,6,0
9850,7,7,6,0
9850,8,7,6,0
9850,9,7,6,0
9850,10,7,6,0
9850,11,8,6,0
9850,12,8,6,0
9850,13,8,6,1
9900,0,14,11,0
9900,1,14,12,0
9900,2,14,12,0
9900,3,14,12,0
9900,4,14,12,0
9900,5,14,12,0
9900,6,14,12,0
9900,7,14,12,0
9900,8,13,12,0
9900,9,12,12,0
9900,10,12,12,0
9900,11,12,13,0
9900,12,12,13,0
9900,13,12,13,0
9900,14,12,12,0
9900,15,12,12,0
9900,16,12,12,0
9900,17,11,12,0
9900,18,11,12,0
9900,19,11,12,0
9900,20,11,12,0
9900,21,11,12,0
9900,22,12,12,0
9900,23,12,12,0
9900,24,12,12,0
9900,25,12,12,0
9900,26,12,11,0
9900,27,12,10,0
9900,28,12,10,0
9900,29,12,10,0
9900,30,12,11,0
9900,31,12,11,0
9950,0,6,1,0
9950,1,6,1,0
9950,2,5,1,0
9950,3,5,1,0
9950,4,5,1,0
9950,5,5,1,0
9950,6,5,1,0
9950,7,5,1,0
9950,8,5,1,0
9950,9,5,1,0
9950,10,5,1,0
9950,11,5,1,0
9950,12,5,1,0
9950,13,5,1,0
9950,14,5,1,0
9950,15,5,1,0
9950,16,5,1,0
9950,17,5,1,0
9950,18,5,1,0
9950,19,5,1,0
9950,20,5,1,0
9950,21,5,1,0
9950,22,6,1,0
9950,23,7,1,0
9950,24,7,1,0
9950,25,7,1,0
9950,26,7,1,0
9950,27,7,1,0
9950,28,7,1,0
9950,29,7,1,1
10000,0,8,8,0
10000,1,8,8,0
10000,2,9,8,0
10000,3,9,8,0
10000,4,9,8,0
10000,5,9,8,0
10000,6,9,8,0
10000,7,9,8,0
10000,8,9,9,0
10000,9,9,10,0
10000,10,9,10,0
10000,11,9,10,0
10000,12,9,10,0
10000,13,9,10,0
10000,14,9,10,0
10000,15,8,10,0
10000,16,8,10,0
10000,17,8,10,0
10000,18,8,10,1
10050,0,9,15,0
10050,1,9,15,0
10050,2,9,15,0
10050,3,9,15,0
10050,4,9,15,0
10050,5,9,15,0
10050,6,9,15,0
10050,7,10,15,0
10050,8,11,15,0
10050,9,11,15,0
10050,10,11,15,0
10050,11,12,15,0
10050,12,12,15,0
10050,13,12,15,1
10100,0,10,18,0
10100,1,10,18,0
10100,2,10,18,0
10100,3,10,18,0
10150,0,2,14,0
10150,1,1,14,0
10150,2,1,14,0
10150,3,1,14,0
10150,4,1,14,0
10150,5,2,14,0
10150,6,2,14,0
10150,7,2,14,0
10150,8,2,14,0
10150,9,2,14,0
10150,10,2,14,0
10150,11,2,13,0
10150,12,2,13,0
10150,13,2,13,0
10150,14,2,13,0
10150,15,3,13,0
10150,16,3,13,0
10150,17,3,13,0
10150,18,3,13,0
10200,0,8,3,0
10200,1,9,3,0
10200,2,9,3,0
10200,3,9,3,0
10200,4,9,3,0
10200,5,10,3,0
10200,6,11,3,0
10200,7,11,3,0
10200,8,11,3,0
10200,9,11,3,0
10200,10,11,4,0
10200,11,11,4,0
10200,12,11,4,1
10250,0,9,15,0
10250,1,9,15,0
10250,2,9,15,0
10250,3,9,15,0
10250,4,9,16,0
10250,5,9,16,0
10250,6,9,16,0
10250,7,9,17,0
10250,8,9,17,0
10250,9,8,17,0
10250,10,8,17,0
10250,11,8,17,0
10250,12,9,17,0
10250,13,9,17,0
10250,14,9,17,0
10250,15,9,17,0
10250,16,9,17,0
10250,17,9,17,0
10250,18,9,17,0
10250,19,9,17,0
10250,20,9,17,0
10250,21,10,17,0
10250,22,10,17,0
10250,23,10,17,0
10250,24,10,18,0
10250,25,10,18,0
10250,26,10,18,0
10250,27,10,18,0
10250,28,9,18,0
10250,29,9,18,0
10250,30,9,18,0
10250,31,9,18,0
10250,32,9,18,0
10250,33,9,18,0
10250,34,9,18,0
10250,35,9,18,0
10250,36,9,18,0
10300,0,5,3,0
10300,1,5,3,0
10300,2,5,4,0
10300,3,5,5,0
10300,4,5,5,0
10300,5,6,5,0
10300,6,6,5,0
10300,7,6,5,0
10300,8,6,5,0
10300,9,6,5,0
10300,10,7,5,0
10300,11,7,5,0
10300,12,7,5,1
10350,0,13,16,0
10350,1,13,16,0
10350,2,13,16,0
10350,3,13,16,0
10350,4,13,16,0
10350,5,13,16,0
10350,6,13,16,0
10350,7,14,16,0
10350,8,14,16,0
10350,9,14,16,0
10350,10,15,16,0
10350,11,15,16,0
10350,12,15,16,0
10350,13,15,16,0
10350,14,15,16,0
10350,15,15,16,0
10350,16,16,16,0
10350,17,16,16,0
10350,18,16,16,0
10350,19,16,16,0
10350,20,16,16,0
10350,21,16,16,0
10350,22,16,15,0
10350,23,16,14,0
10350,24,16,14,0
10350,25,15,14,0
10350,26,14,14,0
10350,27,14,14,0
10350,28,14,14,0
10350,29,14,14,0
10350,30,15,14,0
10350,31,16,14,0
10350,32,16,14,0
10350,33,16,14,0
10350,34,17,14,0
10350,35,17,14,0
10350,36,17,14,0
10350,37,18,14,0
10350,38,18,14,0
10350,39,18,14,0
10350,40,18,14,0
10350,41,18,14,0
10350,42,18,14,0
10350,43,18,14,0
10350,44,18,14,0
10350,45,18,15,0
10350,46,18,16,0
10350,47,18,17,0
10350,48,18,17,0
10350,49,17,17,0
10350,50,17,17,0
10350,51,17,17,0
10350,52,17,17,0
10350,53,17,17,0
10350,54,17,16,0
10350,55,17,16,0
10350,56,17,16,0
10350,57,17,16,0
10350,58,17,16,0
10350,59,17,16,0
10350,60,17,16,0
10350,61,17,16,1
10400,0,14,12,0
10400,1,14,12,0
10400,2,13,12,0
10400,3,12,12,0
10400,4,12,12,0
10400,5,11,12,0
10400,6,11,12,0
10400,7,11,11,0
10400,8,11,11,0
10400,9,11,11,0
10400,10,11,12,0
10400,11,11,12,0
10400,12,11,12,0
10400,13,11,12,0
10400,14,11,12,0
10400,15,11,12,0
10400,16,11,12,0
10400,17,11,12,0
10400,18,11,13,0
10400,19,11,13,0
10400,20,11,13,0
10400,21,11,14,0
10400,22,11,14,0
10400,23,10,14,0
10400,24,9,14,0
10400,25,9,14,0
10400,26,9,14,0
10400,27,9,14,0
10450,0,14,15,0
10450,1,14,15,0
10450,2,14,15,0
10500,0,9,4,0
10500,1,9,4,0
10500,2,9,4,0
10500,3,9,4,0
10500,4,9,4,0
10500,5,9,5,0
10500,6,9,5,0
10500,7,9,6,0
10500,8,9,6,0
10500,9,9,6,0
10500,10,9,6,0
10500,11,10,6,0
10500,12,10,6,0
10500,13,10,5,0
10500,14,10,4,0
10500,15,10,4,0
10500,16,10,4,0
10500,17,10,4,0
10500,18,10,4,0
10500,19,10,5,0
10500,20,10,5,0
10500,21,10,5,0
10500,22,10,6,0
10500,23,10,6,0
10500,24,10,6,0
10500,25,10,6,0
10500,26,10,6,0
10500,27,9,6,0
10500,28,9,6,0
10500,29,9,5,0
10500,30,9,5,0
10500,31,9,5,0
10500,32,9,5,0
10500,33,9,5,0
10500,34,9,5,0
10500,35,9,5,1
10550,0,13,17,0
10550,1,13,17,0
10550,2,13,17,0
10550,3,13,17,0
10550,4,13,17,0
10550,5,13,17,0
10550,6,13,17,0
10550,7,13,17,0
10550,8,13,17,0
10550,9,13,17,0
10550,10,13,17,0
10550,11,13,17,0
10550,12,13,17,0
10550,13,13,17,0
10550,14,13,17,0
10550,15,12,17,0
10550,16,11,17,0
10550,17,11,17,0
10550,18,10,17,0
10550,19,9,17,0
10550,20,9,17,0
10550,21,9,18,0
10550,22,9,18,0
10550,23,9,18,0
10550,24,9,18,0
10550,25,9,18,0
10550,26,9,18,0
10550,27,9,18,0
10550,28,9,18,0
10550,29,9,18,0
10550,30,9,18,1
10600,0,3,16,0
10600,1,3,15,0
10600,2,3,15,0
10600,3,3,14,0
10600,4,3,14,0
10600,5,3,14,0
10600,6,3,14,0
10600,7,4,14,0
10600,8,4,14,0
10600,9,4,14,0
10600,10,5,14,0
10600,11,5,14,0
10600,12,5,14,0
10600,13,5,14,0
10600,14,5,14,0
10600,15,5,15,0
10600,16,5,15,0
10600,17,6,15,0
10600,18,7,15,0
10600,19,7,15,0
10600,20,7,15,0
10600,21,7,15,0
10600,22,7,15,0
10600,23,6,15,0
10600,24,6,15,0
10600,25,6,14,0
10600,26,6,14,0
10600,27,6,14,0
10600,28,6,14,0
10600,29,6,15,0
10600,30,6,16,0
10600,31,6,16,0
10600,32,6,16,0
10600,33,6,16,0
10600,34,6,16,0
10600,35,6,15,0
10600,36,6,14,0
10600,37,6,13,0
10600,38,6,13,0
10600,39,7,13,0
10600,40,7,13,0
10600,41,7,13,0
10600,42,7,13,0
10650,0,1,7,0
10650,1,1,7,0
10650,2,2,7,0
10650,3,2,7,0
10650,4,2,7,1
10700,0,13,17,0
10700,1,13,17,0
10700,2,13,17,0
10700,3,13,17,0
10700,4,13,17,0
10700,5,13,16,0
10700,6,13,16,0
10700,7,12,16,0
10700,8,11,16,0
10700,9,11,16,0
10700,10,11,16,0
10700,11,12,16,0
10700,12,12,16,0
10700,13,12,16,0
10700,14,12,16,0
10700,15,12,16,0
10700,16,12,16,0
10700,17,12,16,0
10700,18,12,16,0
10700,19,12,16,1
10750,0,9,17,0
10750,1,9,17,0
10750,2,9,17,0
10800,0,14,2,0
10800,1,14,2,0
10800,2,13,2,0
10800,3,12,2,0
10800,4,11,2,0
10800,5,10,2,0
10800,6,9,2,0
10800,7,8,2,0
10800,8,8,2,0
10800,9,7,2,0
10800,10,7,2,0
10800,11,7,1,0
10800,12,7,1,0
10800,13,7,1,0
10800,14,7,1,0
10800,15,7,1,0
10800,16,7,1,0
10800,17,7,1,0
10800,18,7,2,0
10800,19,7,2,0
10800,20,7,2,1
10850,0,17,3,0
10850,1,17,3,0
10850,2,17,3,0
10850,3,17,3,0
10850,4,16,3,0
10850,5,15,3,0
10850,6,15,3,0
10850,7,15,3,0
10850,8,15,4,0
10850,9,15,5,0
10850,10,15,6,0
10850,11,15,7,0
10850,12,15,7,0
10850,13,15,7,0
10850,14,15,7,0
10850,15,16,7,1
10900,0,6,9,0
10900,1,6,9,0
10900,2,6,9,0
10900,3,7,9,0
10900,4,7,9,0
10900,5,7,8,0
10900,6,7,8,0
10900,7,7,8,0
10900,8,7,8,1
10950,0,4,15,0
10950,1,4,15,0
10950,2,4,15,0
10950,3,4,15,0
10950,4,4,15,0
10950,5,4,15,0
10950,6,4,15,0
10950,7,4,14,0
10950,8,4,14,0
10950,9,4,13,0
10950,10,4,13,0
10950,11,5,13,0
10950,12,6,13,0
10950,13,6,13,0
10950,14,6,12,0
10950,15,6,12,0
10950,16,5,12,0
10950,17,4,12,0
10950,18,4,12,0
10950,19,4,12,1
11000,0,9,12,0
11000,1,9,12,0
11000,2,9,11,0
11000,3,9,11,0
11000,4,9,11,0
11000,5,9,11,0
11000,6,9,11,0
11000,7,9,11,0
11000,8,9,11,0
11000,9,8,11,0
11000,10,8,11,0
11000,11,8,11,0
11000,12,7,11,1
11050,0,1,11,0
11050,1,1,11,0
11050,2,1,11,0
11050,3,1,11,0
11050,4,1,11,0
11050,5,1,11,0
11050,6,1,11,0
11050,7,1,11,0
11050,8,1,11,0
11050,9,1,11,0
11050,10,1,11,0
11050,11,1,11,0
11050,12,1,12,0
11050,13,1,12,0
11050,14,1,12,0
11050,15,1,12,0
11050,16,2,12,0
11050,17,2,12,0
11050,18,2,12,0
11050,19,3,12,0
11050,20,3,12,0
11050,21,3,11,0
11050,22,3,10,0
11050,23,3,10,0
11050,24,3,9,0
11050,25,3,9,0
11050,26,3,9,0
11050,27,3,9,0
11050,28,3,9,0
11050,29,3,9,0
11050,30,3,9,0
11050,31,3,10,1
11100,0,3,3,0
11100,1,2,3,0
11100,2,2,3,0
11100,3,2,3,0
11100,4,2,3,0
11100,5,3,3,0
11100,6,3,3,0
11100,7,3,3,0
11100,8,3,3,0
11100,9,3,3,0
11100,10,3,3,0
11100,11,3,3,0
11100,12,3,3,0
11100,13,3,3,0
11100,14,3,3,0
11100,15,4,3,0
11100,16,4,3,0
11100,17,4,3,0
11100,18,5,3,0
11100,19,5,3,0
11100,20,5,3,0
11100,21,5,3,0
11100,22,5,4,0
11100,23,5,4,0
11100,24,5,4,0
11100,25,5,4,0
11100,26,5,4,0
11100,27,5,4,0
11100,28,6,4,0
11100,29,6,4,0
11100,30,6,4,0
11100,31,6,4,0
11100,32,6,3,0
11100,33,6,3,0
11100,34,6,3,0
11100,35,6,3,0
11150,0,9,12,0
11150,1,9,13,0
11150,2,9,13,0
11150,3,9,13,0
11150,4,9,13,0
11150,5,9,13,0
11150,6,9,13,0
11150,7,9,12,0
11150,8,9,12,0
11150,9,9,12,0
11150,10,9,12,0
11150,11,9,12,0
11150,12,9,13,0
11150,13,9,14,0
11150,14,9,15,0
11150,15,9,15,0
11150,16,9,16,0
11150,17,9,17,0
11150,18,9,17,0
11150,19,9,17,0
11150,20,9,18,0
11150,21,9,18,0
11150,22,9,18,0
11150,23,9,17,0
11150,24,9,16,0
11150,25,9,16,0
11150,26,9,16,0
11150,27,9,15,0
11150,28,9,15,0
11150,29,9,15,0
11150,30,9,15,0
11150,31,9,15,0
11150,32,10,15,1
11200,0,17,9,0
11200,1,17,9,0
11200,2,17,9,0
11200,3,17,10,0
11200,4,17,10,0
11200,5,17,10,0
11200,6,17,10,0
11200,7,16,10,0
11200,8,16,10,0
11200,9,16,10,0
11200,10,16,10,0
11200,11,16,9,0
11200,12,16,9,0
11200,13,16,9,1
11250,0,12,16,0
11250,1,11,16,0
11250,2,11,16,0
11250,3,11,16,0
11250,4,11,16,0
11250,5,11,16,0
11250,6,11,15,0
11250,7,11,15,0
11250,8,12,15,0
11250,9,12,15,0
11250,10,12,15,0
11250,11,12,15,0
11250,12,12,15,0
11250,13,13,15,0
11250,14,13,15,0
11250,15,13,15,0
11250,16,13,15,0
11250,17,12,15,0
11250,18,12,15,0
11250,19,12,15,0
11250,20,12,15,0
11250,21,12,15,0
11250,22,12,15,0
11250,23,12,15,0
11250,24,12,15,0
11250,25,12,15,0
11250,26,12,15,0
11250,27,12,16,0
11250,28,12,16,0
11250,29,12,16,0
11250,30,12,17,0
11250,31,12,17,0
11250,32,12,17,0
11250,33,12,17,0
11250,34,12,17,0
11250,35,13,17,0
11250,36,14,17,0
11250,37,15,17,0
11250,38,16,17,0
11250,39,16,17,0
11250,40,16,17,0
11250,41,16,17,0
11250,42,17,17,0
11250,43,17,17,0
11250,44,17,17,0
11250,45,16,17,0
11250,46,15,17,0
11250,47,15,17,0
11250,48,15,17,0
11250,49,15,17,0
11250,50,15,17,0
11250,51,15,17,0
11250,52,15,17,0
11250,53,15,17,0
11300,0,16,1,0
11300,1,15,1,0
11300,2,15,1,0
11300,3,15,1,0
11300,4,15,1,0
11300,5,15,1,0
11300,6,15,2,0
11300,7,15,2,0
11300,8,16,2,0
11300,9,16,2,0
11300,10,16,2,0
11300,11,16,2,0
11300,12,16,2,0
11300,13,16,2,0
11300,14,16,2,0
11300,15,16,2,0
11300,16,15,2,0
11300,17,14,2,0
11300,18,13,2,0
11300,19,13,2,0
11300,20,13,1,0
11300,21,13,1,0
11300,22,12,1,0
11300,23,12,1,0
11300,24,12,1,0
11300,25,12,1,1
11350,0,14,1,0
11350,1,14,1,0
11350,2,13,1,0
11350,3,13,1,0
11350,4,13,1,0
11350,5,13,1,0
11350,6,13,2,0
11350,7,13,3,0
11350,8,13,3,0
11350,9,13,3,0
11350,10,13,4,0
11350,11,13,4,0
11350,12,13,5,0
11350,13,13,6,0
11350,14,13,7,0
11350,15,13,7,0
11350,16,12,7,1
11400,0,8,6,0
11400,1,9,6,0
11400,2,9,6,0
11400,3,9,6,0
11400,4,9,6,0
11400,5,9,6,0
11400,6,9,6,0
11400,7,10,6,0
11400,8,11,6,0
11400,9,12,6,0
11400,10,13,6,0
11400,11,13,6,0
11400,12,13,6,0
11400,13,13,6,0
11400,14,13,5,0
11400,15,13,5,0
11400,16,13,5,0
11450,0,12,9,0
11450,1,12,9,0
11450,2,13,9,0
11450,3,13,9,0
11450,4,13,9,0
11450,5,13,9,0
11450,6,13,9,0
11450,7,13,9,0
11450,8,13,9,0
11450,9,12,9,0
11450,10,11,9,0
11450,11,11,9,0
11450,12,11,9,0
11450,13,11,9,0
11450,14,11,9,0
11450,15,11,9,0
11450,16,12,9,0
11450,17,12,9,0
11450,18,12,10,0
11450,19,12,10,0
11450,20,12,10,0
11450,21,12,10,0
11450,22,12,10,0
11450,23,12,11,0
11450,24,12,12,0
11450,25,12,12,0
11450,26,12,12,0
11450,27,12,12,0
11450,28,12,11,0
11450,29,12,11,0
11450,30,13,11,0
11450,31,14,11,0
11450,32,14,11,0
11450,33,14,11,0
11450,34,13,11,0
11450,35,13,11,0
11450,36,13,11,0
11450,37,13,11,0
11450,38,13,11,0
11450,39,13,12,1
11500,0,5,9,0
11500,1,6,9,0
11500,2,6,9,0
11500,3,6,9,0
11550,0,15,12,0
11550,1,15,12,0
11550,2,15,13,0
11550,3,15,14,0
11550,4,15,14,0
11550,5,15,14,0
11550,6,15,14,0
11550,7,15,14,0
11550,8,15,14,0
11550,9,15,13,0
11550,10,15,13,0
11550,11,15,13,0
11550,12,15,13,0
11550,13,15,13,0
11550,14,15,14,0
11550,15,15,14,0
11550,16,14,14,0
11550,17,14,14,0
11550,18,14,14,0
11550,19,14,14,0
11550,20,14,14,0
11550,21,14,13,1
11600,0,4,15,0
11600,1,4,15,0
11600,2,4,15,0
11600,3,4,15,0
11600,4,4,15,0
11600,5,4,15,1
11650,0,6,6,0
11650,1,6,6,0
11650,2,6,6,0
11650,3,6,6,0
11650,4,6,6,0
11650,5,5,6,0
11650,6,4,6,0
11650,7,4,6,0
11650,8,4,5,0
11650,9,4,5,0
11650,10,4,5,0
11650,11,4,5,0
11650,12,4,5,0
11650,13,4,5,0
11650,14,4,6,0
11650,15,4,7,0
11650,16,4,7,0
11650,17,4,7,0
11650,18,4,7,0
11650,19,5,7,0
11650,20,5,7,0
11650,21,5,7,0
11650,22,4,7,0
11650,23,4,7,0
11650,24,4,7,0
11650,25,4,8,0
11650,26,4,8,0
11650,27,4,8,0
11650,28,4,9,0
11650,29,4,9,0
11650,30,4,9,0
11650,31,4,10,0
11650,32,4,10,0
11650,33,5,10,0
11650,34,5,10,0
11650,35,5,10,0
11650,36,5,9,0
11650,37,5,8,0
11650,38,5,8,0
11650,39,4,8,0
11650,40,3,8,0
11650,41,2,8,0
11650,42,1,8,0
11650,43,1,8,0
11650,44,1,8,0
11650,45,1,9,0
11650,46,1,9,0
11650,47,1,9,0
11650,48,1,9,0
11650,49,1,9,0
11700,0,5,2,0
11700,1,6,2,0
11700,2,6,2,0
11700,3,7,2,0
11700,4,8,2,0
11700,5,9,2,0
11700,6,9,2,0
11700,7,9,2,0
11700,8,9,2,0
11700,9,9,2,0
11700,10,9,2,0
11700,11,9,2,0
11700,12,9,2,0
11700,13,9,2,0
11700,14,9,2,0
11700,15,9,2,0
11700,16,9,2,0
11700,17,9,2,0
11700,18,9,2,0
11700,19,9,2,0
11700,20,9,2,0
11700,21,9,2,0
11700,22,9,2,0
11700,23,9,2,0
11700,24,9,2,0
11700,25,9,2,0
11700,26,9,2,0
11700,27,9,2,0
11700,28,9,2,0
11700,29,9,2,0
11700,30,9,2,0
11700,31,9,2,0
11700,32,9,2,0
11700,33,9,1,0
11700,34,9,1,0
11700,35,9,1,0
11700,36,9,1,0
11700,37,9,1,0
11700,38,9,1,0
11700,39,10,1,0
11700,40,11,1,0
11700,41,11,1,0
11700,42,11,1,0
11700,43,10,1,0
11700,44,10,1,0
11700,45,9,1,0
11700,46,9,1,0
11700,47,9,2,0
11700,48,9,2,0
11700,49,10,2,0
11700,50,10,2,0
11700,51,10,3,0
11700,52,10,3,0
11700,53,10,3,0
11700,54,10,2,1
11750,0,12,17,0
11750,1,12,17,0
11750,2,12,17,0
11750,3,12,17,0
11750,4,12,17,0
11750,5,12,17,0
11750,6,12,16,0
11750,7,12,16,0
11750,8,12,16,0
11750,9,12,16,0
11750,10,11,16,0
11750,11,11,16,0
11750,12,11,15,0
11750,13,11,15,0
11750,14,12,15,0
11750,15,12,15,0
11750,16,12,15,0
11750,17,11,15,0
11750,18,10,15,0
11750,19,10,15,0
11750,20,10,15,1
11800,0,12,18,0
11800,1,12,18,0
11800,2,13,18,0
11800,3,14,18,0
11800,4,14,18,0
11800,5,14,18,0
11800,6,14,18,0
11800,7,15,18,0
11800,8,15,18,0
11800,9,15,17,0
11800,10,15,17,0
11800,11,15,17,0
11800,12,15,17,0
11800,13,15,17,0
11800,14,15,17,0
11800,15,15,17,0
11800,16,15,17,0
11800,17,15,17,0
11800,18,15,17,0
11800,19,16,17,0
11800,20,16,17,0
11800,21,16,17,0
11800,22,16,17,0
11800,23,16,17,0
11800,24,16,17,0
11800,25,16,16,0
11800,26,16,15,0
11800,27,16,15,0
11800,28,15,15,0
11800,29,15,15,0
11800,30,15,15,0
11800,31,16,15,0
11800,32,16,15,0
11800,33,16,15,0
11800,34,16,15,0
11800,35,16,15,0
11800,36,16,15,1
11850,0,14,2,0
11850,1,14,2,0
11850,2,14,2,0
11850,3,14,2,0
11850,4,14,2,0
11850,5,14,2,0
11850,6,14,2,0
11850,7,14,2,0
11850,8,14,2,0
11850,9,14,2,0
11850,10,14,2,0
11850,11,14,2,0
11850,12,14,2,0
11850,13,14,2,0
11850,14,14,3,1
11900,0,4,10,0
11900,1,4,10,0
11900,2,4,10,0
11900,3,4,11,0
11900,4,4,12,0
11900,5,4,12,0
11900,6,3,12,0
11900,7,3,12,0
11900,8,3,12,0
11900,9,3,12,1
11950,0,13,11,0
11950,1,13,11,0
11950,2,13,12,0
11950,3,13,12,0
11950,4,13,12,0
11950,5,13,12,0
11950,6,14,12,0
11950,7,14,12,0
11950,8,14,13,0
11950,9,14,14,0
11950,10,14,15,0
11950,11,14,16,0
11950,12,14,16,0
11950,13,14,16,0
11950,14,14,17,0
11950,15,14,17,0
11950,16,14,17,0
11950,17,14,17,0
11950,18,14,16,1
12000,0,14,5,0
12000,1,14,5,0
12000,2,14,6,0
12000,3,14,6,0
12000,4,14,6,0
12000,5,14,6,0
12000,6,14,6,0
12000,7,14,6,0
12000,8,14,6,0
12000,9,14,6,0
12000,10,14,6,0
12000,11,14,6,0
12000,12,14,6,0
12000,13,13,6,0
12000,14,13,6,0
12000,15,13,6,0
12000,16,14,6,0
12000,17,14,6,0
12000,18,14,7,0
12000,19,14,7,0
12000,20,14,7,0
12000,21,14,7,0
12000,22,14,8,0
12000,23,14,9,0
12000,24,14,9,0
12000,25,14,9,0
12000,26,14,9,0
12000,27,13,9,0
12000,28,13,9,0
12000,29,13,8,0
12000,30,13,7,0
12000,31,13,7,0
12000,32,13,7,0
12000,33,12,7,0
12000,34,12,7,0
12000,35,12,6,0
12000,36,12,5,0
12000,37,12,5,0
12000,38,12,5,0
12000,39,12,4,0
12000,40,12,3,0
12000,41,12,2,0
12000,42,12,2,0
12000,43,12,1,0
12000,44,12,1,0
12000,45,12,1,0
12000,46,12,1,0
12000,47,12,1,0
12000,48,12,1,0
12000,49,12,1,0
12000,50,12,1,1
12050,0,17,1,0
12050,1,17,2,0
12050,2,17,2,0
12050,3,17,3,0
12050,4,17,4,0
12050,5,17,5,0
12050,6,17,6,0
12050,7,17,6,0
12050,8,17,6,0
12050,9,17,7,0
12050,10,17,8,0
12050,11,17,8,0
12050,12,18,8,0
12050,13,18,8,0
12050,14,18,7,0
12050,15,18,7,0
12050,16,18,7,0
12050,17,18,7,0
12050,18,18,7,0
12050,19,17,7,0
12050,20,17,7,0
12050,21,17,7,0
12050,22,17,7,0
12050,23,17,6,0
12050,24,17,5,0
12050,25,17,5,0
12050,26,16,5,0
12050,27,16,5,0
12050,28,16,5,0
12050,29,16,5,0
12050,30,17,5,0
12050,31,17,5,0
12050,32,17,5,0
12050,33,17,5,0
12050,34,17,5,0
12050,35,17,5,0
12050,36,17,4,0
12050,37,17,4,0
12050,38,18,4,0
12050,39,18,4,0
12050,40,18,4,0
12050,41,18,4,0
12050,42,18,4,1
12100,0,11,11,0
12100,1,11,11,0
12100,2,11,11,0
12100,3,11,11,0
12100,4,11,11,0
12100,5,12,11,0
12100,6,13,11,0
12100,7,13,11,0
12100,8,13,11,0
12100,9,13,11,0
12100,10,13,10,0
12100,11,13,9,0
12100,12,13,9,0
12100,13,14,9,0
12100,14,14,9,0
12100,15,14,9,0
12100,16,14,9,1
12150,0,4,17,0
12150,1,4,17,0
12150,2,4,17,0
12150,3,4,17,0
12150,4,4,18,0
12150,5,4,18,0
12150,6,4,18,0
12150,7,4,18,0
12150,8,4,18,0
12150,9,4,18,0
12150,10,4,18,0
12150,11,4,18,0
12150,12,4,18,0
12150,13,4,18,0
12150,14,4,18,1
12200,0,8,15,0
12200,1,8,15,0
12200,2,8,15,0
12200,3,8,15,0
12200,4,8,16,0
12200,5,8,16,0
12200,6,8,16,0
12200,7,8,16,0
12200,8,8,16,0
12200,9,8,16,0
12200,10,8,16,0
12200,11,8,17,0
12200,12,8,17,0
12200,13,8,18,0
12200,14,8,18,0
12200,15,9,18,0
12200,16,9,18,0
12200,17,9,18,0
12200,18,9,18,0
12200,19,9,18,0
12200,20,9,18,0
12200,21,9,18,0
12200,22,9,18,0
12200,23,9,18,1
12250,0,3,10,0
12250,1,3,10,0
12250,2,3,10,0
12250,3,3,10,0
12250,4,3,10,0
12250,5,3,10,0
12250,6,3,10,0
12250,7,2,10,0
12250,8,1,10,0
12250,9,1,10,0
12250,10,1,10,0
12250,11,1,10,0
12250,12,1,9,0
12250,13,1,9,0
12250,14,1,9,0
12250,15,1,8,0
12250,16,1,8,0
12250,17,1,8,0
12250,18,2,8,0
12250,19,2,8,0
12250,20,2,8,0
12250,21,2,8,0
12250,22,2,8,1
12300,0,2,16,0
12300,1,2,16,0
12300,2,2,15,0
12300,3,2,15,0
12300,4,2,15,0
12300,5,2,15,0
12300,6,2,15,0
12300,7,2,15,0
12300,8,3,15,0
12300,9,4,15,0
12300,10,4,15,0
12300,11,4,15,0
12300,12,4,15,0
12300,13,3,15,0
12300,14,3,15,0
12300,15,3,16,0
12300,16,3,17,0
12300,17,3,17,0
12300,18,2,17,0
12300,19,2,17,0
12300,20,2,18,0
12300,21,2,18,0
12300,22,2,18,0
12300,23,2,18,0
12300,24,3,18,0
12300,25,3,18,0
12300,26,3,18,0
12300,27,3,18,0
12300,28,3,18,0
12300,29,3,18,0
12300,30,2,18,0
12300,31,2,18,0
12300,32,2,18,0
12300,33,2,18,0
12350,0,13,13,0
12350,1,13,12,0
12350,2,13,12,0
12350,3,13,11,0
12350,4,13,10,0
12350,5,13,9,0
12350,6,13,8,0
12350,7,13,8,0
12350,8,13,8,0
12350,9,13,9,0
12350,10,13,9,0
12350,11,13,9,0
12350,12,13,9,0
12350,13,12,9,0
12350,14,11,9,0
12350,15,11,9,0
12350,16,11,9,0
12350,17,11,10,0
12350,18,11,10,0
12350,19,10,10,0
12350,20,9,10,0
12350,21,8,10,0
12350,22,8,10,0
12350,23,8,10,0
12350,24,8,10,0
12350,25,8,10,0
12350,26,8,10,0
12350,27,8,11,0
12350,28,8,11,0
12350,29,8,11,0
12350,30,8,11,0
12350,31,8,11,0
12350,32,8,11,0
12350,33,8,12,0
12350,34,8,12,0
12350,35,7,12,0
12350,36,7,12,0
12350,37,7,11,0
12350,38,7,10,0
12350,39,7,10,0
12350,40,7,10,0
12350,41,7,10,0
12350,42,7,10,0
12350,43,7,11,0
12350,44,7,11,0
12350,45,7,11,0
12350,46,7,10,0
12350,47,7,10,0
12350,48,7,10,0
12350,49,7,11,0
12350,50,7,11,0
12350,51,7,11,0
12350,52,7,11,0
12350,53,7,11,0
12400,0,13,15,0
12400,1,13,15,0
12400,2,13,15,0
12400,3,13,15,0
12400,4,13,15,0
12400,5,13,14,0
12400,6,13,13,0
12400,7,13,12,0
12400,8,13,12,0
12400,9,12,12,0
12400,10,12,12,0
12400,11,12,13,0
12400,12,12,13,0
12400,13,13,13,0
12400,14,13,13,0
12400,15,13,13,0
12400,16,13,13,0
12450,0,13,12,0
12450,1,13,12,0
12450,2,13,12,0
12450,3,13,12,0
12450,4,13,12,0
12450,5,13,12,0
12450,6,13,12,0
12450,7,13,12,0
12450,8,13,11,0
12450,9,13,10,0
12450,10,13,10,0
12450,11,13,10,0
12450,12,14,10,0
12450,13,14,10,0
12450,14,14,10,0
12450,15,13,10,0
12450,16,13,10,1
12500,0,10,4,0
12500,1,10,4,0
12500,2,11,4,0
12500,3,11,4,0
12500,4,11,4,0
12500,5,11,4,0
12500,6,11,4,0
12500,7,11,4,0
12500,8,12,4,0
12500,9,12,4,0
12500,10,12,4,0
12500,11,13,4,0
12500,12,13,4,0
12500,13,13,4,0
12500,14,12,4,0
12500,15,12,4,0
12500,16,12,4,0
12500,17,11,4,0
12500,18,11,4,0
12500,19,11,4,0
12500,20,11,4,0
12500,21,10,4,0
12500,22,10,4,0
12500,23,10,4,1
12550,0,16,4,0
12550,1,15,4,0
12550,2,14,4,0
12550,3,13,4,0
12550,4,12,4,0
12550,5,12,4,0
12550,6,12,4,0
12550,7,12,4,0
12550,8,11,4,0
12550,9,10,4,0
12550,10,9,4,0
12550,11,8,4,0
12550,12,7,4,0
12550,13,6,4,0
12550,14,5,4,0
12550,15,5,4,0
12550,16,5,4,0
12550,17,5,4,0
12550,18,5,5,0
12550,19,5,5,0
12550,20,5,5,0
12550,21,5,5,1
12600,0,8,18,0
12600,1,8,18,0
12600,2,8,18,0
12600,3,8,18,0
12600,4,8,18,0
12600,5,8,18,0
12600,6,8,17,1
12650,0,4,7,0
12650,1,5,7,0
12650,2,5,7,0
12650,3,5,7,0
12650,4,5,7,0
12650,5,5,7,0
12650,6,5,7,0
12650,7,5,7,0
12650,8,5,7,0
12650,9,4,7,0
12650,10,3,7,0
12650,11,2,7,0
12650,12,2,7,0
12650,13,1,7,0
12650,14,1,7,0
12650,15,1,7,0
12650,16,1,8,0
12650,17,1,8,0
12650,18,1,8,0
12650,19,1,8,0
12650,20,1,8,0
12650,21,1,8,0
12650,22,1,8,0
12650,23,1,8,0
12650,24,1,8,0
12650,25,2,8,0
12650,26,2,8,0
12650,27,2,8,0
12650,28,1,8,0
12650,29,1,8,0
12650,30,1,8,0
12650,31,1,8,0
12650,32,1,8,0
12650,33,1,8,0
12700,0,9,1,0
12700,1,9,1,0
12700,2,9,1,0
12700,3,9,1,0
12700,4,9,1,0
12700,5,9,1,0
12700,6,9,1,0
12700,7,10,1,0
12700,8,10,1,0
12700,9,10,1,0
12700,10,10,1,0
12700,11,10,1,0
12700,12,11,1,0
12700,13,12,1,0
12700,14,12,1,0
12700,15,13,1,0
12700,16,13,1,0
12700,17,13,1,0
12700,18,14,1,0
12700,19,14,1,0
12700,20,14,2,0
12700,21,14,3,0
12700,22,14,3,0
12700,23,14,3,0
12700,24,14,3,0
12700,25,14,3,0
12700,26,14,3,0
12700,27,14,3,0
12700,28,14,3,0
12700,29,14,3,0
12700,30,14,3,0
12700,31,14,2,0
12700,32,14,1,0
12700,33,14,1,0
12700,34,14,1,0
12700,35,14,1,0
12700,36,14,1,0
12700,37,14,1,0
12700,38,14,1,1
12750,0,17,9,0
12750,1,17,9,0
12750,2,17,9,0
12750,3,17,10,0
12750,4,17,10,0
12750,5,16,10,0
12750,6,16,10,0
12750,7,16,10,0
12750,8,16,9,0
12750,9,16,9,0
12750,10,15,9,0
12750,11,14,9,0
12750,12,13,9,0
12750,13,13,9,0
12750,14,13,9,0
12750,15,13,9,0
12750,16,13,10,0
12750,17,13,10,0
12750,18,13,10,0
12750,19,13,10,0
12750,20,13,11,0
12750,21,13,12,0
12750,22,13,13,0
12750,23,13,14,0
12750,24,13,14,0
12750,25,12,14,0
12750,26,12,14,0
12750,27,12,14,0
12750,28,12,13,0
12750,29,12,12,0
12750,30,12,12,0
12750,31,12,12,0
12750,32,12,12,1
12800,0,5,12,0
12800,1,5,11,0
12800,2,5,11,0
12800,3,5,11,0
12800,4,6,11,0
12800,5,6,11,0
12800,6,6,11,0
12800,7,5,11,0
12800,8,5,11,0
12800,9,5,11,0
12800,10,5,11,0
12800,11,5,11,0
12800,12,4,11,0
12800,13,3,11,0
12800,14,3,11,0
12800,15,3,11,0
12800,16,3,10,0
12800,17,3,10,0
12800,18,2,10,0
12800,19,2,10,0
12800,20,2,10,0
12800,21,2,10,0
12800,22,2,10,0
12800,23,2,10,0
12800,24,2,10,0
12800,25,2,10,0
12800,26,2,10,0
12800,27,2,10,0
12800,28,3,10,0
12800,29,4,10,0
12800,30,5,10,0
12800,31,5,10,0
12800,32,5,11,0
12800,33,5,11,0
12800,34,5,11,0
12800,35,5,12,0
12800,36,5,12,0
12800,37,5,12,0
12800,38,5,12,0
12800,39,5,12,0
12800,40,5,11,0
12800,41,5,10,0
12800,42,5,9,0
12800,43,5,9,0
12800,44,5,9,0
12800,45,5,9,0
12800,46,5,9,0
12850,0,15,5,0
12850,1,15,5,0
12850,2,15,5,0
12850,3,15,5,0
12850,4,15,5,0
12850,5,15,5,0
12850,6,14,5,0
12850,7,14,5,0
12850,8,14,4,0
12850,9,14,4,0
12850,10,14,4,0
12850,11,14,4,0
12850,12,14,3,0
12850,13,14,2,0
12850,14,14,2,0
12850,15,14,2,0
12850,16,14,2,0
12850,17,15,2,0
12850,18,15,2,0
12850,19,15,2,0
12850,20,15,2,0
12850,21,15,2,0
12850,22,15,2,0
12850,23,14,2,0
12850,24,14,2,0
12850,25,14,2,0
12850,26,14,2,1
12900,0,8,15,0
12900,1,8,15,0
12900,2,8,15,0
12900,3,8,16,0
12900,4,8,16,0
12900,5,8,16,0
12900,6,8,15,0
12900,7,8,14,0
12900,8,8,14,0
12900,9,8,14,0
12900,10,8,14,0
12900,11,8,14,0
12900,12,8,14,0
12900,13,7,14,0
12900,14,7,14,0
12900,15,7,14,0
12900,16,7,14,0
12900,17,7,14,0
12900,18,7,14,0
12900,19,8,14,0
12900,20,8,14,0
12900,21,8,14,0
12900,22,8,14,1
12950,0,16,2,0
12950,1,16,2,0
12950,2,16,2,0
12950,3,16,2,0
12950,4,16,2,0
12950,5,16,2,0
12950,6,16,2,0
12950,7,16,2,0
12950,8,15,2,0
12950,9,15,2,0
12950,10,15,2,0
12950,11,15,2,0
12950,12,15,2,0
12950,13,16,2,0
12950,14,16,2,0
12950,15,16,3,0
12950,16,16,3,0
12950,17,16,3,0
12950,18,16,3,0
12950,19,15,3,0
12950,20,15,3,0
12950,21,15,3,0
12950,22,16,3,0
12950,23,16,3,0
12950,24,16,3,0
12950,25,16,3,0
12950,26,17,3,0
12950,27,17,3,0
12950,28,17,4,0
12950,29,17,5,0
12950,30,17,5,0
12950,31,18,5,0
12950,32,18,5,0
12950,33,18,4,0
12950,34,18,4,0
12950,35,18,4,1
13000,0,7,12,0
13000,1,7,12,0
13000,2,7,12,0
13000,3,7,12,0
13000,4,7,12,0
13000,5,7,13,0
13000,6,7,13,0
13000,7,7,13,0
13000,8,7,13,0
13000,9,7,13,0
13000,10,6,13,0
13000,11,6,13,0
13000,12,6,14,0
13000,13,6,14,0
13000,14,6,14,0
13000,15,6,14,0
13000,16,6,14,0
13000,17,6,13,0
13000,18,6,13,0
13000,19,5,13,1
13050,0,7,17,0
13050,1,7,16,0
13050,2,7,15,0
13050,3,7,15,0
13050,4,7,15,0
13050,5,7,15,0
13050,6,8,15,0
13050,7,9,15,0
13050,8,9,15,0
13050,9,9,15,0
13050,10,9,15,0
13050,11,9,15,0
13050,12,10,15,0
13050,13,10,15,0
13050,14,10,15,0
13050,15,10,15,0
13050,16,10,15,0
13050,17,10,15,0
13050,18,10,15,0
13050,19,10,16,0
13050,20,10,16,0
13050,21,11,16,0
13050,22,11,16,0
13050,23,11,16,0
13050,24,11,16,0
13100,0,17,18,0
13100,1,17,18,0
13100,2,17,18,0
13100,3,17,18,0
13100,4,17,18,0
13100,5,16,18,0
13100,6,16,18,0
13100,7,16,18,0
13100,8,16,18,0
13100,9,16,18,0
13100,10,16,18,0
13100,11,16,18,0
13100,12,16,18,0
13100,13,15,18,0
13100,14,15,18,0
13100,15,15,18,0
13100,16,15,18,0
13100,17,15,18,0
13100,18,15,18,0
13100,19,15,18,0
13100,20,15,18,0
13100,21,15,18,0
13100,22,15,18,0
13100,23,16,18,0
13100,24,16,18,0
13100,25,16,18,0
13100,26,17,18,0
13100,27,17,18,0
13100,28,17,17,0
13100,29,17,17,0
13100,30,17,17,0
13100,31,17,17,0
13100,32,18,17,0
13100,33,18,17,0
13100,34,18,18,0
13100,35,18,18,0
13100,36,18,18,0
13100,37,18,18,0
13100,38,18,18,0
13100,39,18,18,0
13100,40,18,18,0
13100,41,18,18,0
13100,42,18,18,0
13100,43,17,18,0
13100,44,17,18,0
13100,45,17,18,0
13100,46,16,18,0
13100,47,15,18,0
13100,48,15,18,0
13100,49,15,18,0
13100,50,15,18,0
13100,51,15,18,0
13100,52,15,17,0
13100,53,15,16,0
13100,54,15,15,0
13100,55,15,15,0
13100,56,16,15,0
13100,57,16,15,0
13100,58,16,14,1
13150,0,8,1,0
13150,1,9,1,0
13150,2,9,1,0
13150,3,9,2,0
13150,4,9,2,0
13150,5,9,2,0
13150,6,10,2,0
13150,7,11,2,0
13150,8,11,2,0
13150,9,11,2,0
13150,10,12,2,0
13150,11,13,2,0
13150,12,13,2,0
13150,13,13,2,0
13150,14,12,2,0
13150,15,12,2,0
13150,16,12,2,1
13200,0,12,7,0
13200,1,12,7,0
13200,2,12,7,0
13200,3,12,6,0
13200,4,12,6,0
13200,5,12,6,0
13200,6,12,6,0
13200,7,12,6,0
13200,8,12,6,0
13200,9,11,6,0
13200,10,10,6,0
13200,11,10,6,0
13200,12,9,6,0
13200,13,9,6,0
13200,14,9,6,0
13200,15,9,6,0
13200,16,9,6,0
13200,17,9,6,0
13200,18,9,7,0
13200,19,9,7,0
13200,20,10,7,0
13200,21,10,7,0
13200,22,10,7,0
13200,23,10,7,0
13250,0,1,6,0
13250,1,1,6,0
13250,2,1,6,0
13250,3,1,6,0
13250,4,1,6,0
13250,5,1,6,0
13250,6,1,5,0
13250,7,1,5,0
13250,8,1,5,0
13250,9,2,5,0
13250,10,2,5,0
13250,11,2,5,0
13250,12,1,5,0
13250,13,1,5,0
13250,14,1,6,0
13250,15,1,6,0
13250,16,1,6,0
13250,17,1,6,0
13250,18,1,6,0
13250,19,1,6,0
13250,20,1,6,0
13250,21,1,6,0
13250,22,1,6,0
13250,23,1,6,0
13250,24,1,6,0
13250,25,1,6,0
13250,26,1,6,0
13250,27,1,7,0
13250,28,1,8,0
13250,29,1,9,0
13250,30,1,9,0
13250,31,1,9,0
13250,32,1,9,0
13250,33,1,9,0
13250,34,1,9,0
13250,35,1,10,0
13250,36,1,11,0
13250,37,1,12,0
13250,38,1,13,0
13250,39,1,13,0
13250,40,2,13,0
13250,41,2,13,0
13250,42,2,14,0
13250,43,2,14,0
13250,44,1,14,1
13300,0,13,17,0
13300,1,13,17,0
13300,2,13,17,0
13300,3,12,17,0
13300,4,11,17,0
13300,5,10,17,0
13300,6,10,17,0
13300,7,10,17,0
13300,8,11,17,0
13300,9,11,17,0
13300,10,11,17,0
13300,11,11,17,0
13300,12,11,17,0
13300,13,11,17,0
13300,14,11,17,0
13300,15,11,17,0
13300,16,11,17,0
13300,17,11,17,0
13300,18,11,17,0
13300,19,11,18,0
13300,20,11,18,0
13300,21,11,18,0
13300,22,11,18,0
13300,23,11,18,0
13300,24,11,18,0
13300,25,11,18,0
13300,26,11,18,0
13300,27,11,17,0
13300,28,11,17,0
13300,29,10,17,0
13300,30,9,17,0
13300,31,8,17,0
13300,32,8,17,0
13300,33,8,17,0
13300,34,9,17,1
13350,0,2,5,0
13350,1,2,5,0
13350,2,2,4,0
13350,3,2,3,0
13350,4,2,2,0
13350,5,2,2,0
13350,6,1,2,0
13350,7,1,2,0
13350,8,1,2,0
13350,9,1,1,0
13350,10,1,1,0
13350,11,1,1,0
13350,12,1,2,0
13350,13,1,3,0
13350,14,1,3,0
13350,15,1,3,0
13350,16,1,3,0
13350,17,1,3,0
13350,18,2,3,0
13350,19,2,3,0
13350,20,2,3,0
13350,21,2,3,0
13350,22,2,4,0
13350,23,2,4,0
13350,24,2,4,0
13350,25,2,4,0
13350,26,2,4,0
13350,27,2,3,0
13350,28,2,3,0
13350,29,2,3,0
13350,30,2,2,0
13350,31,2,2,0
13350,32,3,2,0
13350,33,3,2,0
13350,34,4,2,0
13350,35,4,2,0
13350,36,4,1,0
13350,37,4,1,0
13350,38,4,1,0
13350,39,3,1,0
13350,40,3,1,0
13350,41,3,1,0
13350,42,2,1,0
13350,43,2,1,0
13350,44,2,1,0
13350,45,2,1,0
13350,46,2,1,0
13350,47,2,1,0
13350,48,2,2,0
13350,49,2,2,0
13350,50,2,2,1
13400,0,12,18,0
13400,1,12,18,0
13400,2,12,18,0
13400,3,12,17,0
13400,4,12,17,0
13400,5,13,17,0
13400,6,14,17,0
13400,7,14,17,0
13400,8,14,17,0
13400,9,14,17,0
13400,10,14,18,0
13400,11,14,18,0
13400,12,13,18,0
13400,13,12,18,0
13400,14,12,18,0
13400,15,12,18,0
13400,16,12,18,0
13400,17,12,18,1
13450,0,3,7,0
13450,1,3,7,0
13450,2,3,7,0
13450,3,3,7,0
13450,4,3,6,0
13450,5,3,6,0
13450,6,3,6,0
13450,7,3,5,0
13450,8,3,5,0
13450,9,3,5,0
13450,10,3,5,0
13450,11,3,5,0
13450,12,3,5,0
13450,13,4,5,0
13450,14,4,5,0
13450,15,4,5,0
13450,16,4,5,0
13450,17,4,5,0
13450,18,4,5,0
13450,19,4,5,0
13450,20,4,5,0
13450,21,4,5,0
13450,22,4,5,0
13450,23,5,5,0
13450,24,5,5,0
13450,25,5,5,0
13450,26,6,5,0
13450,27,6,5,0
13450,28,6,5,0
13450,29,6,5,0
13450,30,6,5,0
13450,31,6,5,0
13450,32,6,5,0
13450,33,6,5,0
13450,34,5,5,0
13450,35,4,5,0
13450,36,4,5,1
13500,0,10,12,0
13500,1,10,12,0
13500,2,10,12,0
13500,3,10,12,0
13500,4,10,12,0
13500,5,9,12,0
13500,6,8,12,0
13500,7,7,12,0
13500,8,6,12,0
13500,9,6,12,0
13500,10,6,12,0
13500,11,6,12,0
13500,12,6,12,0
13500,13,6,12,0
13500,14,6,12,0
13500,15,6,12,0
13500,16,7,12,0
13500,17,7,12,0
13500,18,7,13,0
13500,19,7,13,0
13500,20,7,13,0
13500,21,7,13,0
13500,22,7,13,0
13500,23,7,13,1
13550,0,4,10,0
13550,1,4,10,0
13550,2,4,10,0
13550,3,4,10,0
13550,4,4,10,0
13550,5,4,10,0
13550,6,5,10,0
13550,7,5,10,0
13550,8,5,10,0
13550,9,6,10,0
13550,10,6,10,0
13550,11,7,10,0
13550,12,7,10,0
13550,13,7,10,0
13550,14,7,10,0
13550,15,7,10,0
13550,16,7,10,0
13550,17,7,9,0
13550,18,7,9,0
13550,19,7,9,0
13550,20,7,9,0
13550,21,7,9,0
13550,22,7,9,0
13550,23,7,9,0
13550,24,7,9,0
13550,25,7,9,0
13550,26,7,9,0
13550,27,7,9,0
13550,28,7,9,0
13550,29,7,10,0
13550,30,7,10,0
13550,31,6,10,0
13550,32,6,10,0
13550,33,6,11,0
13550,34,6,11,0
13550,35,6,11,0
13550,36,6,11,0
13550,37,6,12,0
13550,38,6,12,0
13550,39,5,12,0
13550,40,4,12,0
13550,41,4,12,0
13550,42,4,12,1
13600,0,2,16,0
13600,1,2,16,0
13600,2,2,16,0
13600,3,2,16,0
13600,4,2,16,0
13600,5,2,16,0
13600,6,3,16,0
13600,7,3,16,0
13600,8,3,16,0
13600,9,3,16,0
13600,10,3,16,0
13600,11,3,16,0
13600,12,3,15,0
13600,13,3,15,0
13600,14,3,15,0
13600,15,3,15,0
13600,16,3,15,0
13600,17,3,15,0
13600,18,3,16,0
13600,19,3,17,0
13600,20,3,18,0
13600,21,3,18,0
13600,22,4,18,0
13600,23,4,18,0
13600,24,4,18,1
13650,0,16,10,0
13650,1,17,10,0
13650,2,17,10,0
13650,3,17,10,0
13650,4,17,10,0
13650,5,17,10,0
13650,6,17,11,0
13650,7,17,11,0
13650,8,16,11,0
13650,9,15,11,0
13650,10,15,11,0
13650,11,15,11,0
13650,12,14,11,0
13650,13,14,11,0
13650,14,14,11,0
13650,15,14,10,0
13650,16,14,10,0
13650,17,13,10,0
13650,18,13,10,0
13650,19,13,10,0
13650,20,12,10,0
13650,21,11,10,0
13650,22,11,10,0
13650,23,11,9,0
13650,24,11,9,0
13650,25,11,9,0
13650,26,11,9,0
13650,27,11,9,0
13650,28,11,9,0
13650,29,11,9,0
13650,30,12,9,0
13650,31,12,9,0
13650,32,12,9,0
13650,33,12,9,0
13650,34,12,9,0
13650,35,12,9,0
13650,36,12,9,0
13650,37,12,9,0
13650,38,12,9,0
13650,39,12,9,0
13650,40,12,9,0
13650,41,12,9,0
13650,42,13,9,0
13650,43,14,9,0
13650,44,14,9,0
13650,45,14,9,0
13650,46,14,9,0
13700,0,15,13,0
13700,1,15,13,0
13700,2,15,13,0
13700,3,15,14,0
13700,4,15,15,0
13700,5,15,15,0
13700,6,15,15,0
13700,7,15,15,0
13700,8,15,14,0
13700,9,15,14,0
13700,10,15,14,0
13700,11,15,14,0
13700,12,16,14,0
13700,13,17,14,0
13700,14,17,14,0
13700,15,17,14,0
13700,16,17,14,0
13700,17,17,14,0
13700,18,17,14,0
13750,0,2,8,0
13750,1,2,8,0
13750,2,2,9,0
13750,3,2,9,0
13750,4,2,9,0
13750,5,1,9,0
13750,6,1,9,0
13750,7,1,10,0
13750,8,1,11,0
13750,9,1,11,0
13750,10,1,11,0
13750,11,1,12,0
13750,12,1,12,0
13750,13,1,12,0
13750,14,1,12,0
13750,15,1,12,0
13750,16,1,12,0
13750,17,1,12,0
13750,18,1,12,0
13750,19,1,12,0
13750,20,1,13,0
13750,21,1,13,0
13750,22,1,13,0
13750,23,1,13,0
13750,24,1,13,0
13750,25,1,13,0
13750,26,1,13,0
13750,27,1,13,0
13750,28,1,13,0
13750,29,1,14,0
13750,30,1,14,0
13750,31,1,14,0
13750,32,1,14,0
13750,33,1,14,0
13750,34,2,14,0
13750,35,2,14,0
13750,36,2,14,0
13750,37,2,14,0
13750,38,2,14,0
13750,39,2,14,0
13750,40,2,13,0
13750,41,2,13,0
13750,42,2,13,0
13750,43,2,13,0
13750,44,2,13,0
13750,45,2,13,0
13750,46,2,13,0
13750,47,2,13,0
13800,0,10,1,0
13800,1,10,1,0
13800,2,10,1,0
13800,3,10,1,0
13800,4,10,1,0
13800,5,10,1,0
13800,6,10,1,0
13800,7,10,1,0
13800,8,10,1,0
13800,9,10,1,0
13800,10,10,1,0
13800,11,10,1,0
13800,12,10,1,0
13800,13,10,1,0
13850,0,11,8,0
13850,1,11,8,0
13850,2,11,8,0
13850,3,11,8,0
13850,4,11,9,0
13850,5,11,9,0
13850,6,11,9,0
13850,7,11,9,1
13900,0,2,12,0
13900,1,2,12,0
13900,2,2,12,0
13900,3,2,12,0
13900,4,2,12,0
13900,5,2,11,0
13900,6,2,11,0
13900,7,2,11,0
13900,8,2,11,0
13900,9,2,11,0
13900,10,1,11,0
13900,11,1,11,0
13900,12,1,11,0
13900,13,1,11,0
13900,14,1,10,0
13900,15,1,10,0
13900,16,1,10,0
13900,17,1,9,0
13900,18,1,9,0
13900,19,1,9,0
13900,20,1,9,0
13900,21,1,9,0
13950,0,5,5,0
13950,1,5,5,0
13950,2,5,5,0
13950,3,5,5,0
13950,4,5,6,0
13950,5,5,6,0
13950,6,4,6,0
13950,7,3,6,0
13950,8,3,6,0
13950,9,3,6,0
13950,10,3,6,0
13950,11,3,6,0
13950,12,3,6,0
13950,13,3,6,0
13950,14,3,6,0
13950,15,3,6,1
14000,0,3,2,0
14000,1,3,1,0
14000,2,3,1,0
14000,3,3,1,0
14000,4,3,1,0
14000,5,3,1,0
14000,6,3,1,0
14000,7,3,1,0
14000,8,3,1,0
14000,9,3,1,0
14000,10,3,1,0
14000,11,3,1,0
14000,12,3,1,0
14000,13,3,1,0
14000,14,3,1,0
14000,15,3,1,0
14000,16,3,1,0
14000,17,4,1,0
14000,18,4,1,0
14000,19,4,1,0
14000,20,4,2,0
14000,21,4,2,0
14000,22,4,2,0
14000,23,4,3,0
14000,24,4,3,0
14000,25,5,3,0
14000,26,5,3,0
14000,27,5,3,0
14000,28,5,3,0
14050,0,11,17,0
14050,1,11,17,0
14050,2,11,17,0
14050,3,11,17,0
14050,4,11,17,0
14050,5,11,17,0
14050,6,11,17,0
14050,7,11,16,0
14050,8,11,15,0
14050,9,11,15,0
14050,10,11,15,0
14050,11,11,15,0
14050,12,11,15,0
14050,13,11,14,0
14050,14,11,14,0
14050,15,11,14,0
14050,16,11,14,0
14050,17,11,14,0
14050,18,11,14,0
14050,19,11,14,0
14050,20,11,14,0
14050,21,11,14,0
14050,22,11,14,0
14050,23,11,13,1
14100,0,8,16,0
14100,1,8,16,0
14100,2,8,16,0
14100,3,8,16,0
14100,4,8,15,0
14100,5,8,15,0
14100,6,8,15,0
14100,7,7,15,0
14100,8,7,15,0
14100,9,7,15,0
14100,10,7,15,0
14100,11,7,15,0
14100,12,8,15,0
14100,13,8,15,0
14100,14,8,15,0
14100,15,8,15,0
14100,16,8,15,0
14100,17,8,15,0
14100,18,9,15,1
14150,0,4,4,0
14150,1,4,4,0
14150,2,5,4,0
14150,3,5,4,0
14150,4,5,4,0
14150,5,5,4,0
14150,6,5,4,0
14150,7,5,3,0
14150,8,5,2,0
14150,9,5,2,0
14150,10,5,2,0
14150,11,5,3,0
14150,12,5,3,0
14150,13,5,3,0
14150,14,5,3,0
14150,15,5,3,0
14150,16,5,3,1
14200,0,1,16,0
14200,1,1,16,0
14200,2,1,16,0
14200,3,1,16,0
14200,4,2,16,0
14200,5,3,16,0
14200,6,4,16,0
14200,7,4,16,0
14200,8,4,16,0
14200,9,4,16,0
14200,10,3,16,0
14200,11,3,16,0
14200,12,3,16,0
14200,13,3,16,0
14200,14,3,16,0
14200,15,3,16,0
14200,16,3,16,0
14200,17,3,16,0
14200,18,3,16,0
14200,19,3,16,0
14200,20,3,16,0
14200,21,3,15,0
14200,22,3,15,0
14200,23,3,15,0
14200,24,3,16,0
14200,25,3,16,0
14200,26,4,16,0
14200,27,4,16,0
14200,28,4,16,0
14200,29,3,16,0
14200,30,3,16,0
14200,31,3,16,0
14200,32,3,16,0
14200,33,3,16,0
14200,34,3,16,0
14200,35,2,16,0
14200,36,2,16,0
14200,37,2,16,0
14200,38,2,16,0
14200,39,2,16,0
14200,40,2,16,0
14200,41,2,17,0
14200,42,2,18,0
14200,43,2,18,0
14200,44,2,18,0
14200,45,2,18,0
14200,46,2,18,0
14200,47,2,18,0
14200,48,2,17,0
14200,49,2,17,0
14200,50,2,17,0
14250,0,8,9,0
14250,1,9,9,0
14250,2,10,9,0
14250,3,10,9,0
14250,4,10,9,0
14250,5,10,9,0
14250,6,11,9,0
14250,7,11,9,0
14250,8,11,9,0
14250,9,11,9,0
14250,10,11,9,0
14250,11,10,9,0
14250,12,10,9,0
14250,13,10,9,0
14250,14,10,9,0
14250,15,10,9,0
14250,16,9,9,0
14250,17,9,9,0
14250,18,9,9,0
14250,19,9,10,0
14250,20,9,10,0
14250,21,9,10,0
14250,22,9,10,0
14250,23,9,10,0
14250,24,9,11,1
14300,0,6,12,0
14300,1,6,12,0
14300,2,6,12,0
14300,3,7,12,0
14300,4,7,12,0
14300,5,7,12,0
14300,6,6,12,0
14300,7,6,12,0
14300,8,6,11,0
14300,9,6,10,0
14300,10,6,10,0
14300,11,6,10,0
14300,12,6,9,0
14300,13,6,9,0
14300,14,6,9,0
14300,15,6,9,0
14300,16,6,9,0
14300,17,6,9,0
14300,18,6,9,0
14300,19,6,9,0
14300,20,6,9,0
14300,21,6,9,0
14300,22,6,10,0
14300,23,6,11,0
14300,24,6,11,0
14300,25,6,11,0
14300,26,6,12,0
14300,27,6,12,0
14300,28,6,12,0
14300,29,6,12,0
14300,30,6,12,0
14300,31,6,13,1
14350,0,8,16,0
14350,1,8,16,0
14350,2,8,16,0
14350,3,8,16,0
14350,4,8,16,0
14350,5,8,16,0
14350,6,8,16,0
14350,7,8,16,0
14350,8,9,16,0
14350,9,9,16,0
14350,10,9,16,0
14350,11,8,16,0
14350,12,8,16,0
14350,13,8,16,0
14350,14,8,15,0
14350,15,8,14,0
14350,16,8,13,0
14350,17,8,12,0
14350,18,8,12,0
14350,19,8,12,0
14350,20,8,12,0
14350,21,8,12,0
14350,22,8,12,0
14350,23,8,12,0
14350,24,8,12,0
14350,25,8,11,0
14350,26,8,11,0
14350,27,9,11,0
14350,28,9,11,0
14350,29,9,10,0
14350,30,9,10,0
14350,31,9,10,0
14350,32,9,10,0
14350,33,8,10,0
14350,34,8,10,0
14350,35,8,10,0
14350,36,8,11,0
14350,37,8,12,0
14350,38,8,12,0
14350,39,8,12,0
14350,40,8,11,1
14400,0,2,13,0
14400,1,2,13,0
14400,2,2,13,0
14400,3,2,13,0
14400,4,2,13,0
14400,5,2,13,0
14400,6,2,13,0
14400,7,2,13,0
14400,8,2,13,0
14400,9,2,13,0
14400,10,2,12,0
14400,11,2,11,0
14400,12,2,11,0
14400,13,2,11,0
14400,14,2,11,0
14400,15,2,11,0
14400,16,2,11,0
14400,17,1,11,0
14400,18,1,11,1
14450,0,3,12,0
14450,1,3,11,0
14450,2,3,10,0
14450,3,3,10,0
14450,4,4,10,0
14450,5,4,10,0
14450,6,4,10,0
14450,7,4,10,0
14450,8,4,10,0
14450,9,4,10,0
14450,10,4,9,0
14450,11,4,9,0
14450,12,4,9,0
14500,0,17,14,0
14500,1,17,13,0
14500,2,17,12,0
14500,3,17,12,0
14500,4,17,12,0
14500,5,17,12,0
14500,6,17,12,0
14500,7,17,12,0
14500,8,17,12,0
14500,9,17,12,0
14500,10,17,13,0
14500,11,17,13,0
14500,12,16,13,0
14500,13,16,13,0
14500,14,16,13,0
14500,15,16,13,0
14500,16,16,13,0
14500,17,16,13,0
14500,18,16,13,0
14500,19,16,13,0
14500,20,16,13,0
14500,21,16,13,0
14500,22,16,13,0
14500,23,16,14,0
14500,24,16,14,0
14500,25,16,14,0
14500,26,16,14,0
14500,27,16,14,0
14500,28,16,15,0
14500,29,16,16,0
14500,30,16,16,0
14500,31,16,16,0
14500,32,16,15,0
14500,33,16,15,0
14500,34,16,15,0
14500,35,16,15,0
14500,36,16,16,0
14500,37,16,17,0
14500,38,16,17,0
14500,39,16,17,0
14500,40,16,17,0
14500,41,15,17,0
14500,42,15,17,0
14500,43,15,17,0
14500,44,15,17,0
14500,45,15,17,0
14500,46,15,16,0
14500,47,15,16,0
14500,48,15,16,0
14500,49,15,16,0
14500,50,16,16,0
14500,51,17,16,0
14500,52,18,16,0
14500,53,18,16,0
14500,54,18,16,0
14500,55,18,16,0
14550,0,7,17,0
14550,1,7,17,0
14550,2,7,17,0
14550,3,7,17,0
14550,4,7,17,0
14550,5,7,17,0
14550,6,8,17,0
14550,7,8,17,0
14550,8,8,17,0
14550,9,8,17,0
14550,10,8,18,0
14550,11,8,18,0
14550,12,8,18,0
14550,13,9,18,0
14550,14,9,18,0
14550,15,9,18,0
14550,16,9,18,0
14550,17,8,18,0
14550,18,8,18,0
14550,19,8,18,0
14550,20,7,18,0
14550,21,7,18,0
14550,22,7,18,0
14550,23,7,18,1
14600,0,2,12,0
14600,1,2,12,0
14600,2,2,12,0
14600,3,2,12,0
14600,4,2,12,0
14600,5,2,12,0
14600,6,2,12,0
14600,7,2,12,0
14600,8,3,12,0
14600,9,4,12,0
14600,10,4,12,0
14600,11,4,12,0
14600,12,4,12,0
14600,13,4,12,0
14600,14,5,12,0
14600,15,6,12,0
14600,16,7,12,0
14600,17,7,12,0
14600,18,7,12,0
14600,19,7,12,0
14600,20,6,12,0
14600,21,6,12,0
14600,22,6,11,0
14600,23,6,11,0
14600,24,6,11,0
14600,25,6,11,1
14650,0,10,17,0
14650,1,10,17,0
14650,2,10,17,0
14650,3,10,16,0
14650,4,10,16,1
14700,0,3,17,0
14700,1,3,17,0
14700,2,3,17,0
14700,3,3,17,0
14700,4,4,17,0
14700,5,5,17,0
14700,6,6,17,0
14700,7,6,17,0
14700,8,6,17,0
14700,9,6,17,0
14700,10,6,17,0
14700,11,6,17,0
14700,12,6,17,0
14700,13,6,17,0
14700,14,6,17,0
14700,15,7,17,1
14750,0,12,13,0
14750,1,12,13,0
14750,2,11,13,0
14750,3,10,13,0
14750,4,10,13,0
14750,5,10,14,0
14750,6,10,14,0
14750,7,10,14,0
14750,8,10,14,0
14750,9,9,14,0
14750,10,8,14,0
14750,11,8,14,0
14750,12,8,14,0
14750,13,8,14,0
14750,14,8,14,0
14750,15,8,14,0
14750,16,8,14,0
14750,17,8,14,0
14750,18,8,14,0
14750,19,8,15,0
14750,20,8,15,0
14750,21,8,15,0
14750,22,8,15,0
14750,23,8,15,0
14750,24,7,15,1
14800,0,11,11,0
14800,1,11,11,0
14800,2,11,11,0
14800,3,11,11,0
14800,4,11,11,0
14800,5,10,11,0
14800,6,10,11,0
14800,7,10,12,0
14800,8,10,12,0
14800,9,10,12,0
14800,10,10,12,0
14800,11,11,12,0
14800,12,11,12,0
14800,13,11,13,0
14800,14,11,13,0
14800,15,11,13,0
14850,0,7,8,0
14850,1,7,8,0
14850,2,7,8,0
14850,3,7,7,0
14850,4,7,7,0
14850,5,8,7,0
14850,6,8,7,0
14850,7,8,6,0
14850,8,8,5,0
14850,9,8,4,0
14850,10,8,3,0
14850,11,8,2,0
14850,12,8,2,0
14850,13,8,2,0
14850,14,8,2,0
14850,15,8,2,0
14850,16,8,2,0
14850,17,8,2,0
14850,18,9,2,0
14850,19,9,2,0
14850,20,9,2,0
14850,21,10,2,0
14850,22,10,2,0
14850,23,10,2,0
14850,24,10,2,0
14850,25,10,2,0
14850,26,10,2,0
14900,0,11,18,0
14900,1,11,18,0
14900,2,11,18,0
14900,3,11,17,0
14900,4,11,17,0
14900,5,11,17,0
14900,6,12,17,0
14900,7,13,17,0
14900,8,13,17,0
14900,9,13,17,0
14900,10,14,17,0
14900,11,15,17,0
14900,12,15,17,0
14900,13,15,17,0
14900,14,14,17,0
14900,15,14,17,0
14900,16,14,17,0
14900,17,14,17,0
14900,18,14,17,0
14900,19,14,17,0
14900,20,14,17,0
14900,21,14,17,0
14900,22,14,17,0
14900,23,14,17,0
14950,0,14,4,0
14950,1,14,4,0
14950,2,14,4,0
14950,3,14,4,0
14950,4,14,4,0
14950,5,13,4,0
14950,6,13,4,0
14950,7,13,3,0
14950,8,13,3,0
14950,9,13,3,0
14950,10,13,4,0
14950,11,13,4,0
14950,12,13,4,0
14950,13,13,4,0
14950,14,13,3,0
14950,15,13,3,0
14950,16,13,3,0
14950,17,13,3,0
14950,18,12,3,0
14950,19,12,3,0
14950,20,12,3,0
14950,21,13,3,0
14950,22,13,3,0
14950,23,13,3,0
14950,24,13,3,0
14950,25,13,3,0
14950,26,13,3,0
14950,27,13,3,0
14950,28,13,4,0
14950,29,13,5,0
14950,30,13,6,0
14950,31,13,6,0
14950,32,13,6,0
14950,33,13,7,0
14950,34,13,8,0
14950,35,13,9,0
14950,36,13,9,0
14950,37,13,10,0
14950,38,13,10,0
14950,39,14,10,0
14950,40,14,10,0
14950,41,14,11,1
15000,0,18,4,0
15000,1,18,3,0
15000,2,18,3,0
15000,3,17,3,0
15000,4,17,3,0
15000,5,17,3,0
15000,6,17,2,0
15000,7,17,2,0
15000,8,16,2,0
15000,9,15,2,0
15000,10,15,2,0
15000,11,15,2,0
15000,12,15,2,0
15000,13,15,2,0
15000,14,14,2,0
15000,15,14,2,0
15000,16,14,2,0
15000,17,14,2,0
15000,18,14,2,0
15000,19,14,1,0
15000,20,14,1,0
15000,21,13,1,0
15000,22,13,1,0
15000,23,13,1,0
15000,24,13,1,0
15000,25,13,1,0
15000,26,13,1,0
15000,27,13,1,0
15000,28,13,1,0
15000,29,13,1,1
15050,0,7,14,0
15050,1,7,15,0
15050,2,7,16,0
15050,3,7,16,0
15050,4,7,16,0
15050,5,7,15,0
15050,6,7,15,0
15050,7,8,15,0
15050,8,8,15,0
15050,9,8,15,0
15050,10,8,15,0
15050,11,8,15,0
15050,12,8,15,1
15100,0,2,8,0
15100,1,2,8,0
15100,2,2,8,0
15100,3,2,8,0
15100,4,2,9,0
15100,5,2,9,0
15100,6,2,9,0
15100,7,2,8,0
15100,8,2,7,0
15100,9,2,6,0
15100,10,2,5,0
15100,11,2,4,0
15100,12,2,3,0
15100,13,2,3,0
15100,14,2,3,0
15100,15,2,3,0
15100,16,2,3,0
15150,0,4,8,0
15150,1,4,8,0
15150,2,4,8,0
15150,3,4,8,0
15150,4,4,8,0
15150,5,4,8,0
15150,6,4,8,0
15150,7,4,8,0
15150,8,4,9,0
15150,9,4,10,0
15150,10,4,11,0
15150,11,4,12,0
15150,12,4,13,0
15150,13,4,13,0
15150,14,4,13,0
15150,15,4,13,0
15150,16,4,13,0
15150,17,4,13,0
15150,18,3,13,0
15150,19,3,13,0
15150,20,3,13,0
15150,21,4,13,0
15150,22,5,13,0
15150,23,5,13,0
15150,24,5,13,0
15150,25,5,13,0
15200,0,3,14,0
15200,1,3,14,0
15200,2,3,14,0
15200,3,3,14,0
15200,4,3,14,0
15200,5,3,14,0
15200,6,3,14,0
15200,7,3,14,0
15200,8,3,14,0
15200,9,3,14,0
15200,10,3,14,0
15200,11,3,14,0
15200,12,3,14,0
15200,13,3,15,1
15250,0,5,8,0
15250,1,5,8,0
15250,2,5,8,0
15250,3,5,8,0
15250,4,5,8,0
15250,5,5,8,0
15250,6,5,8,0
15250,7,5,8,0
15250,8,5,8,0
15250,9,6,8,0
15250,10,7,8,0
15250,11,7,8,0
15250,12,7,8,0
15250,13,7,7,0
15250,14,7,7,0
15250,15,7,7,0
15250,16,7,6,0
15250,17,7,6,0
15250,18,7,6,0
15250,19,7,5,0
15250,20,7,5,0
15250,21,7,5,0
15250,22,7,4,0
15250,23,7,4,0
15250,24,6,4,0
15250,25,6,4,0
15250,26,6,4,0
15250,27,6,5,0
15250,28,6,6,0
15250,29,6,6,0
15250,30,7,6,0
15250,31,7,6,0
15250,32,7,6,0
15250,33,7,6,0
15250,34,7,5,0
15250,35,7,4,0
15250,36,7,4,0
15250,37,7,4,0
15250,38,7,4,0
15250,39,7,4,0
15250,40,7,5,0
15250,41,7,5,0
15250,42,7,6,0
15250,43,7,7,0
15250,44,7,8,0
15250,45,7,9,0
15250,46,7,10,0
15250,47,7,11,0
15250,48,7,12,0
15250,49,7,13,0
15250,50,7,14,0
15250,51,7,14,0
15250,52,7,14,0
15300,0,5,15,0
15300,1,5,15,0
15300,2,5,15,0
15300,3,5,16,0
15300,4,5,16,0
15300,5,5,16,0
15300,6,5,16,0
15300,7,5,16,0
15300,8,5,16,0
15300,9,5,16,0
15300,10,5,16,0
15300,11,5,16,0
15300,12,5,16,0
15300,13,5,16,0
15300,14,4,16,0
15300,15,4,16,0
15300,16,4,16,0
15300,17,4,16,0
15300,18,4,16,0
15300,19,4,16,0
15300,20,4,16,0
15300,21,4,16,0
15300,22,4,16,0
15300,23,4,16,0
15300,24,3,16,0
15300,25,3,16,0
15300,26,3,16,0
15300,27,3,16,0
15300,28,3,15,0
15300,29,3,15,0
15300,30,3,15,0
15300,31,3,15,0
15300,32,3,15,0
15300,33,3,15,0
15300,34,3,16,0
15300,35,3,16,0
15300,36,3,16,0
15300,37,3,16,0
15300,38,3,16,0
15300,39,3,17,0
15300,40,3,17,0
15300,41,4,17,0
15300,42,4,17,0
15300,43,4,17,0
15300,44,4,17,0
15300,45,4,17,0
15300,46,5,17,0
15300,47,6,17,0
15300,48,6,17,0
15300,49,6,17,0
15300,50,6,17,0
15300,51,6,17,1
15350,0,3,17,0
15350,1,3,17,0
15350,2,4,17,0
15350,3,5,17,0
15350,4,6,17,0
15350,5,7,17,0
15350,6,8,17,0
15350,7,8,17,0
15350,8,8,17,0
15350,9,8,17,0
15350,10,8,17,0
15350,11,8,17,0
15350,12,8,17,0
15350,13,8,18,0
15350,14,8,18,0
15350,15,8,18,0
15350,16,8,18,0
15350,17,8,18,0
15350,18,8,18,0
15350,19,8,18,0
15350,20,8,18,0
15350,21,8,18,0
15350,22,8,18,0
15350,23,7,18,0
15350,24,7,18,0
15350,25,7,18,0
15350,26,7,18,0
15350,27,7,18,0
15350,28,7,18,0
15350,29,7,18,0
15350,30,7,17,1
15400,0,7,1,0
15400,1,7,1,0
15400,2,7,1,0
15400,3,7,1,0
15400,4,7,1,0
15400,5,8,1,0
15400,6,8,1,0
15400,7,8,1,0
15400,8,9,1,0
15400,9,10,1,0
15400,10,10,1,0
15400,11,10,1,0
15400,12,10,1,0
15400,13,10,1,0
15400,14,10,2,0
15400,15,10,2,0
15400,16,10,2,0
15400,17,10,2,0
15400,18,11,2,0
15400,19,11,2,0
15400,20,11,2,0
15400,21,11,2,0
15400,22,11,2,0
15400,23,12,2,0
15400,24,12,2,0
15400,25,12,3,0
15400,26,12,3,0
15400,27,12,3,0
15400,28,12,2,0
15400,29,12,2,0
15400,30,12,2,0
15400,31,12,2,0
15400,32,12,2,0
15450,0,7,6,0
15450,1,7,6,0
15450,2,7,6,0
15450,3,7,6,0
15450,4,6,6,0
15450,5,5,6,0
15450,6,4,6,0
15450,7,3,6,0
15450,8,3,6,0
15450,9,3,6,0
15450,10,3,6,0
15450,11,3,6,0
15450,12,3,6,0
15450,13,3,6,0
15450,14,3,6,0
15450,15,3,6,0
15450,16,3,6,0
15450,17,3,6,0
15450,18,3,7,0
15450,19,3,8,0
15450,20,3,8,0
15450,21,3,8,0
15450,22,3,8,0
15450,23,3,7,0
15450,24,3,7,0
15450,25,4,7,0
15450,26,4,7,0
15450,27,4,8,0
15450,28,4,9,0
15450,29,4,10,0
15450,30,4,10,0
15450,31,4,10,0
15450,32,4,9,0
15450,33,4,9,0
15450,34,4,9,0
15450,35,4,9,0
15450,36,4,9,0
15450,37,4,9,0
15450,38,4,9,1
15500,0,7,7,0
15500,1,7,6,0
15500,2,7,6,0
15500,3,7,6,0
15500,4,7,7,0
15500,5,7,8,0
15500,6,7,8,0
15500,7,7,8,0
15500,8,7,8,0
15500,9,7,8,0
15500,10,7,8,0
15500,11,7,8,1
15550,0,17,10,0
15550,1,17,10,0
15550,2,17,10,0
15550,3,17,10,0
15550,4,17,10,0
15550,5,18,10,0
15550,6,18,10,0
15550,7,18,10,0
15550,8,17,10,0
15550,9,17,10,0
15550,10,17,10,0
15550,11,17,10,0
15550,12,17,10,0
15550,13,17,11,0
15550,14,17,12,0
15550,15,17,12,0
15550,16,17,12,0
15550,17,17,12,0
15550,18,18,12,0
15550,19,18,12,0
15550,20,18,12,0
15550,21,18,12,0
15550,22,18,12,0
15550,23,18,12,0
15550,24,18,12,1
15600,0,8,2,0
15600,1,8,2,0
15600,2,8,2,0
15600,3,8,2,0
15600,4,8,1,0
15600,5,8,1,0
15600,6,8,1,0
15600,7,8,2,0
15600,8,8,2,0
15600,9,8,2,0
15600,10,8,2,0
15600,11,9,2,0
15600,12,9,2,0
15600,13,9,2,0
15600,14,9,1,0
15600,15,9,1,0
15600,16,9,1,0
15600,17,9,1,0
15600,18,8,1,0
15600,19,7,1,0
15600,20,7,1,0
15600,21,7,1,0
15600,22,7,1,0
15600,23,7,1,0
15600,24,7,1,0
15600,25,7,1,1
15650,0,2,8,0
15650,1,2,9,0
15650,2,2,9,0
15650,3,3,9,0
15650,4,4,9,0
15650,5,4,9,0
15650,6,4,8,0
15650,7,4,8,0
15650,8,3,8,0
15650,9,3,8,0
15650,10,3,9,0
15650,11,3,9,0
15650,12,3,9,0
15650,13,3,9,0
15650,14,3,9,0
15650,15,3,9,0
15650,16,3,9,1
15700,0,14,4,0
15700,1,14,4,0
15700,2,14,4,0
15700,3,14,4,0
15700,4,13,4,0
15700,5,12,4,0
15700,6,11,4,0
15700,7,11,4,0
15700,8,11,4,0
15700,9,12,4,0
15700,10,12,4,0
15700,11,12,3,0
15700,12,12,3,0
15700,13,12,3,0
15700,14,12,3,0
15700,15,11,3,0
15700,16,11,3,0
15700,17,11,3,0
15700,18,11,3,0
15700,19,11,3,0
15700,20,11,3,0
15700,21,11,3,0
15700,22,11,3,0
15700,23,11,3,0
15700,24,11,4,0
15700,25,11,4,0
15700,26,11,4,0
15700,27,11,4,0
15700,28,12,4,1
15750,0,12,14,0
15750,1,12,14,0
15750,2,12,14,0
15750,3,12,14,0
15750,4,12,14,0
15750,5,12,14,0
15750,6,12,14,0
15750,7,12,14,0
15750,8,12,14,0
15750,9,12,14,0
15750,10,12,14,0
15750,11,12,13,0
15750,12,12,13,0
15750,13,12,13,0
15800,0,16,7,0
15800,1,16,7,0
15800,2,15,7,0
15800,3,14,7,0
15800,4,14,7,0
15800,5,14,6,0
15800,6,14,5,0
15800,7,14,4,0
15800,8,14,3,0
15800,9,14,2,0
15800,10,14,1,0
15800,11,14,1,0
15800,12,13,1,0
15800,13,13,1,0
15800,14,12,1,0
15800,15,11,1,0
15800,16,10,1,0
15800,17,10,1,0
15800,18,10,2,0
15800,19,10,2,0
15800,20,10,2,0
15800,21,10,2,0
15800,22,9,2,0
15800,23,9,2,0
15800,24,9,2,0
15800,25,9,3,1
15850,0,5,7,0
15850,1,4,7,0
15850,2,4,7,0
15850,3,4,7,0
15850,4,4,7,0
15850,5,4,7,0
15850,6,4,8,0
15850,7,4,9,0
15850,8,4,10,0
15850,9,4,11,0
15850,10,4,11,0
15850,11,4,11,0
15850,12,4,12,0
15850,13,4,12,0
15850,14,3,12,0
15850,15,3,12,0
15850,16,2,12,0
15850,17,2,12,0
15850,18,2,12,0
15850,19,1,12,0
15850,20,1,12,0
15850,21,1,11,0
15850,22,1,11,0
15850,23,1,11,1
15900,0,18,2,0
15900,1,18,2,0
15900,2,18,2,0
15900,3,18,2,0
15900,4,18,2,0
15900,5,18,2,0
15900,6,18,2,0
15900,7,18,2,0
15900,8,18,2,0
15900,9,18,2,0
15900,10,18,2,0
15900,11,18,2,0
15900,12,18,2,0
15900,13,18,2,0
15900,14,18,2,0
15900,15,18,1,0
15900,16,18,1,0
15900,17,18,1,0
15900,18,18,1,0
15900,19,18,1,0
15900,20,18,1,0
15900,21,18,1,0
15900,22,18,1,0
15900,23,18,1,0
15900,24,18,1,0
15900,25,18,1,0
15900,26,18,1,0
15900,27,18,1,0
15900,28,18,1,0
15900,29,18,2,0
15900,30,18,3,0
15900,31,18,3,0
15900,32,17,3,0
15900,33,17,3,0
15900,34,17,2,1
15950,0,12,6,0
15950,1,12,6,0
15950,2,12,6,0
15950,3,11,6,0
15950,4,10,6,0
15950,5,10,6,0
15950,6,10,6,0
15950,7,10,6,0
15950,8,10,7,0
15950,9,10,8,0
15950,10,10,8,0
15950,11,10,8,0
15950,12,10,7,0
15950,13,10,7,0
15950,14,9,7,1
16000,0,5,18,0
16000,1,5,18,0
16000,2,5,18,0
16000,3,5,18,0
16000,4,5,18,1
16050,0,5,1,0
16050,1,4,1,0
16050,2,4,1,0
16050,3,4,1,0
16050,4,4,1,0
16050,5,4,2,0
16050,6,4,3,0
16050,7,4,3,0
16050,8,4,3,0
16050,9,4,4,0
16050,10,4,5,0
16050,11,4,5,0
16050,12,4,5,0
16050,13,4,6,0
16050,14,4,6,0
16050,15,4,6,0
16050,16,4,6,0
16050,17,5,6,0
16050,18,5,6,0
16050,19,5,6,0
16050,20,5,6,0
16050,21,5,6,0
16050,22,5,6,1
16100,0,11,17,0
16100,1,11,17,0
16100,2,11,17,0
16150,0,1,9,0
16150,1,2,9,0
16150,2,3,9,0
16150,3,3,9,0
16150,4,3,9,0
16150,5,3,9,0
16150,6,3,9,0
16150,7,3,9,0
16150,8,3,9,0
16150,9,3,9,0
16150,10,2,9,0
16150,11,2,9,0
16150,12,2,10,0
16150,13,2,11,0
16150,14,2,11,0
16150,15,2,11,0
16150,16,2,12,0
16150,17,2,12,0
16150,18,3,12,0
16150,19,3,12,0
16150,20,3,12,0
16150,21,3,12,0
16150,22,3,12,0
16150,23,4,12,0
16150,24,4,12,0
16150,25,4,12,0
16150,26,4,12,0
16200,0,13,10,0
16200,1,13,10,0
16200,2,12,10,0
16200,3,12,10,0
16200,4,12,10,0
16200,5,12,10,0
16200,6,12,11,0
16200,7,12,11,0
16200,8,12,12,0
16200,9,12,12,0
16200,10,12,12,0
16200,11,12,12,0
16200,12,11,12,0
16200,13,10,12,0
16200,14,10,12,0
16200,15,10,11,0
16200,16,10,10,0
16200,17,10,10,0
16200,18,10,9,0
16200,19,10,8,0
16200,20,10,8,0
16200,21,9,8,0
16200,22,9,8,0
16200,23,9,8,1
16250,0,1,9,0
16250,1,2,9,0
16250,2,3,9,0
16250,3,4,9,0
16250,4,4,9,0
16250,5,4,9,0
16250,6,4,9,0
16250,7,4,9,0
16250,8,4,8,0
16250,9,4,7,0
16250,10,4,6,0
16250,11,4,5,0
16250,12,4,5,0
16250,13,4,5,0
16250,14,4,5,0
16250,15,5,5,0
16250,16,6,5,0
16250,17,6,5,0
16250,18,6,4,0
16250,19,6,3,0
16250,20,6,2,0
16250,21,6,2,0
16250,22,6,2,0
16250,23,6,2,0
16250,24,6,2,0
16300,0,14,15,0
16300,1,14,15,0
16300,2,14,15,0
16300,3,14,15,0
16300,4,14,15,0
16300,5,15,15,0
16300,6,15,15,0
16300,7,15,14,0
16300,8,15,13,0
16300,9,15,13,0
16300,10,14,13,0
16300,11,13,13,0
16300,12,12,13,0
16300,13,12,13,0
16300,14,12,13,0
16300,15,12,13,0
16350,0,1,18,0
16350,1,1,18,0
16350,2,1,18,0
16350,3,1,17,0
16350,4,1,17,0
16350,5,1,16,0
16350,6,1,16,0
16350,7,2,16,0
16350,8,3,16,0
16350,9,4,16,0
16350,10,5,16,0
16350,11,5,16,0
16350,12,5,16,0
16350,13,5,16,0
16350,14,5,17,0
16350,15,5,17,0
16350,16,5,17,0
16350,17,5,17,0
16350,18,5,17,0
16350,19,4,17,1
16400,0,2,3,0
16400,1,2,3,0
16400,2,2,3,0
16400,3,2,3,0
16400,4,2,2,0
16400,5,2,2,0
16400,6,2,2,0
16400,7,2,2,0
16400,8,2,2,0
16400,9,2,2,0
16400,10,2,2,0
16400,11,2,2,0
16400,12,3,2,0
16400,13,3,2,0
16400,14,3,2,0
16400,15,3,2,0
16400,16,3,2,0
16400,17,3,2,0
16400,18,3,2,0
16400,19,4,2,0
16400,20,4,2,0
16400,21,4,2,0
16400,22,4,2,0
16400,23,4,2,0
16400,24,4,2,1
16450,0,2,8,0
16450,1,2,8,0
16450,2,3,8,0
16450,3,3,8,0
16450,4,3,8,0
16450,5,3,8,0
16450,6,3,8,0
16450,7,3,8,0
16450,8,3,7,0
16450,9,3,7,0
16450,10,2,7,0
16450,11,2,7,0
16450,12,2,7,0
16450,13,3,7,0
16450,14,3,7,0
16450,15,3,7,1
16500,0,5,5,0
16500,1,5,5,0
16500,2,5,5,0
16500,3,5,5,0
16500,4,5,5,0
16500,5,5,5,0
16500,6,5,5,0
16500,7,6,5,0
16500,8,6,5,0
16500,9,6,5,0
16500,10,6,5,0
16500,11,6,6,0
16500,12,6,7,0
16500,13,6,8,0
16500,14,6,9,0
16500,15,6,10,0
16500,16,6,10,0
16500,17,6,11,0
16500,18,6,11,0
16500,19,6,11,1
16550,0,11,9,0
16550,1,11,9,0
16550,2,11,10,0
16550,3,11,10,0
16550,4,12,10,0
16550,5,12,10,0
16550,6,12,10,0
16550,7,12,10,0
16550,8,12,10,0
16550,9,12,10,0
16550,10,12,10,0
16550,11,12,10,0
16550,12,11,10,0
16550,13,10,10,0
16550,14,9,10,0
16550,15,9,10,0
16550,16,9,10,0
16550,17,9,10,0
16550,18,9,10,0
16550,19,9,10,0
16550,20,9,10,0
16550,21,10,10,1
16600,0,8,16,0
16600,1,9,16,0
16600,2,9,16,0
16600,3,9,16,0
16600,4,9,16,0
16600,5,8,16,0
16600,6,7,16,0
16600,7,6,16,0
16600,8,6,16,0
16600,9,6,17,0
16600,10,6,18,0
16600,11,6,18,0
16600,12,6,18,0
16600,13,6,17,0
16600,14,6,17,0
16600,15,6,17,0
16600,16,6,17,0
16600,17,6,17,0
16600,18,6,17,0
16600,19,6,17,0
16600,20,6,17,1
16650,0,15,14,0
16650,1,15,14,0
16650,2,15,14,0
16650,3,15,13,0
16650,4,15,13,0
16650,5,15,13,0
16650,6,15,12,0
16650,7,15,12,0
16650,8,15,12,0
16700,0,9,5,0
16700,1,9,5,0
16700,2,9,5,0
16700,3,9,5,0
16700,4,9,5,0
16700,5,9,4,0
16700,6,9,4,0
16700,7,9,4,0
16700,8,9,4,0
16700,9,8,4,0
16700,10,8,4,0
16700,11,8,4,0
16700,12,8,4,0
16700,13,8,4,0
16700,14,8,4,0
16700,15,8,3,0
16700,16,8,3,0
16700,17,8,3,0
16700,18,8,3,0
16750,0,7,14,0
16750,1,7,14,0
16750,2,7,14,0
16750,3,7,13,0
16750,4,7,12,0
16750,5,7,12,0
16750,6,7,12,0
16750,7,7,13,0
16750,8,7,14,0
16750,9,7,14,0
16750,10,7,14,0
16750,11,7,14,0
16750,12,8,14,0
16750,13,8,14,0
16750,14,8,14,0
16750,15,8,14,0
16750,16,8,14,0
16750,17,8,13,0
16750,18,8,12,0
16750,19,8,12,0
16750,20,7,12,0
16750,21,7,12,0
16750,22,7,12,0
16750,23,7,12,0
16750,24,7,12,0
16750,25,7,12,0
16800,0,11,14,0
16800,1,11,15,0
16800,2,11,15,0
16800,3,11,15,0
16800,4,11,15,0
16800,5,11,15,0
16800,6,11,15,0
16800,7,11,15,0
16800,8,11,15,0
16800,9,11,15,0
16800,10,11,15,0
16800,11,11,15,0
16800,12,11,15,0
16800,13,11,15,0
16800,14,11,15,0
16800,15,11,14,0
16800,16,11,13,0
16800,17,11,13,0
16800,18,11,13,0
16800,19,10,13,0
16800,20,10,13,0
16800,21,10,12,0
16800,22,10,12,0
16800,23,10,12,0
16800,24,10,13,0
16800,25,10,14,0
16800,26,10,15,0
16800,27,10,15,0
16800,28,10,15,1
16850,0,6,14,0
16850,1,6,15,0
16850,2,6,15,0
16850,3,5,15,0
16850,4,5,15,0
16850,5,5,15,0
16850,6,4,15,0
16850,7,4,15,0
16850,8,4,15,0
16850,9,4,15,0
16850,10,4,14,0
16850,11,4,14,0
16850,12,4,14,0
16850,13,4,13,0
16850,14,4,12,0
16850,15,4,11,0
16850,16,4,11,0
16850,17,4,11,0
16850,18,4,12,0
16850,19,4,12,0
16850,20,3,12,0
16850,21,3,12,0
16850,22,3,12,0
16850,23,4,12,0
16850,24,5,12,0
16850,25,5,12,0
16850,26,5,12,1
16900,0,9,10,0
16900,1,9,10,0
16900,2,9,9,0
16900,3,9,9,0
16900,4,9,9,0
16900,5,9,9,0
16900,6,9,9,0
16900,7,9,9,0
16900,8,9,9,0
16900,9,9,9,0
16900,10,9,9,0
16900,11,9,9,0
16900,12,9,9,0
16900,13,9,9,0
16900,14,9,9,0
16900,15,9,8,0
16900,16,9,8,0
16900,17,9,8,0
16900,18,9,8,0
16900,19,8,8,0
16900,20,7,8,0
16900,21,6,8,0
16900,22,6,8,0
16900,23,6,8,0
16900,24,5,8,0
16900,25,5,8,0
16900,26,5,7,0
16900,27,5,7,0
16900,28,5,7,0
16900,29,5,7,0
16900,30,5,6,0
16900,31,5,6,0
16900,32,5,6,0
16900,33,5,5,0
16900,34,5,5,0
16900,35,5,5,0
16900,36,5,6,0
16900,37,5,6,0
16900,38,5,6,0
16900,39,5,6,0
16900,40,5,6,0
16900,41,5,6,0
16900,42,5,6,0
16900,43,5,6,0
16900,44,5,6,0
16900,45,6,6,0
16900,46,7,6,0
16900,47,7,6,0
16900,48,7,5,0
16900,49,7,5,0
16900,50,7,5,0
16900,51,6,5,0
16900,52,6,5,0
16900,53,6,6,0
16900,54,6,6,0
16900,55,7,6,0
16900,56,7,6,0
16900,57,7,6,0
16900,58,7,6,0
16900,59,7,6,1
16950,0,3,8,0
16950,1,3,8,0
16950,2,3,8,0
16950,3,3,9,0
16950,4,3,9,0
16950,5,3,9,0
16950,6,3,10,0
16950,7,3,11,0
16950,8,3,12,0
16950,9,3,12,0
16950,10,3,12,0
16950,11,3,12,0
16950,12,3,12,0
16950,13,3,12,0
16950,14,3,12,0
16950,15,2,12,0
16950,16,2,12,0
16950,17,2,12,0
16950,18,2,12,0
16950,19,2,12,0
16950,20,2,12,0
16950,21,2,11,0
16950,22,2,10,0
16950,23,2,10,0
16950,24,2,10,0
16950,25,2,10,0
16950,26,2,10,0
16950,27,2,10,0
16950,28,2,10,1
17000,0,2,8,0
17000,1,2,7,0
17000,2,2,6,0
17000,3,2,5,0
17000,4,2,5,0
17000,5,2,5,0
17000,6,2,6,0
17000,7,2,7,0
17000,8,2,7,0
17000,9,2,7,0
17000,10,2,7,0
17000,11,2,7,0
17000,12,2,7,0
17000,13,2,7,0
17000,14,1,7,0
17000,15,1,7,0
17000,16,1,7,0
17000,17,1,7,0
17000,18,1,7,0
17000,19,1,7,0
17000,20,1,7,0
17000,21,1,7,0
17000,22,1,7,0
17000,23,1,7,0
17000,24,1,7,0
17000,25,1,7,0
17000,26,1,7,0
17000,27,1,7,0
17050,0,14,2,0
17050,1,14,2,0
17050,2,14,2,0
17050,3,14,2,0
17050,4,14,3,0
17050,5,14,4,0
17050,6,14,5,0
17050,7,14,6,0
17050,8,14,6,0
17050,9,14,6,0
17050,10,14,7,0
17050,11,14,8,0
17050,12,14,8,0
17050,13,14,8,0
17100,0,10,4,0
17100,1,10,4,0
17100,2,10,4,0
17100,3,10,4,0
17100,4,10,4,0
17100,5,10,4,0
17100,6,10,4,0
17100,7,10,4,0
17100,8,10,4,0
17100,9,10,4,0
17100,10,10,4,0
17100,11,10,4,0
17100,12,10,4,0
17100,13,10,4,0
17100,14,10,4,0
17100,15,9,4,0
17100,16,8,4,0
17100,17,8,4,0
17100,18,8,4,0
17100,19,8,4,0
17100,20,8,5,0
17100,21,8,5,0
17100,22,9,5,0
17100,23,9,5,0
17100,24,9,5,1
17150,0,18,4,0
17150,1,17,4,0
17150,2,17,4,0
17150,3,17,3,0
17150,4,17,2,0
17150,5,17,2,0
17150,6,18,2,0
17150,7,18,2,0
17150,8,18,2,0
17150,9,18,2,0
17150,10,18,3,0
17150,11,18,3,0
17150,12,18,3,0
17150,13,18,4,0
17150,14,18,4,0
17150,15,18,4,0
17150,16,18,4,0
17150,17,18,4,0
17150,18,18,4,0
17150,19,18,4,0
17150,20,17,4,0
17150,21,16,4,0
17150,22,15,4,0
17150,23,14,4,0
17150,24,14,4,0
17150,25,14,4,0
17150,26,15,4,0
17150,27,16,4,0
17150,28,16,4,0
17200,0,9,17,0
17200,1,9,18,0
17200,2,9,18,0
17200,3,8,18,0
17200,4,8,18,0
17200,5,7,18,0
17200,6,7,18,0
17200,7,7,18,0
17200,8,7,18,0
17200,9,7,17,0
17200,10,7,17,0
17200,11,7,17,1
17250,0,3,1,0
17250,1,3,1,0
17250,2,2,1,0
17250,3,1,1,0
17250,4,1,1,0
17250,5,1,1,0
17250,6,1,1,0
17250,7,1,1,0
17250,8,1,1,0
17250,9,1,1,0
17250,10,1,1,0
17250,11,1,1,0
17250,12,1,1,0
17250,13,2,1,0
17250,14,3,1,0
17250,15,3,1,0
17250,16,3,1,0
17250,17,3,1,0
17250,18,3,1,0
17250,19,3,1,0
17250,20,3,1,0
17250,21,3,1,0
17250,22,3,1,0
17250,23,3,1,0
17250,24,4,1,0
17250,25,4,1,0
17250,26,4,1,0
17250,27,4,1,0
17250,28,4,1,0
17250,29,4,1,0
17250,30,4,1,0
17250,31,4,1,0
17250,32,4,1,0
17250,33,4,1,0
17250,34,5,1,0
17250,35,5,1,0
17250,36,5,1,0
17250,37,5,1,0
17250,38,5,1,1
17300,0,13,17,0
17300,1,13,17,0
17300,2,13,17,0
17300,3,13,17,0
17300,4,13,17,0
17300,5,13,17,0
17300,6,13,17,0
17300,7,13,17,0
17300,8,13,18,0
17300,9,13,18,0
17300,10,13,18,0
17300,11,13,18,0
17300,12,12,18,0
17300,13,12,18,0
17300,14,12,18,0
17300,15,12,18,1
17350,0,18,1,0
17350,1,18,1,0
17350,2,18,1,0
17350,3,18,1,0
17350,4,18,1,0
17350,5,18,1,0
17350,6,18,1,0
17350,7,18,1,0
17350,8,18,2,0
17350,9,18,2,0
17350,10,18,2,0
17350,11,18,2,0
17350,12,18,2,0
17350,13,18,3,0
17350,14,18,4,0
17350,15,18,4,0
17350,16,18,4,0
17350,17,18,4,0
17350,18,18,4,0
17350,19,18,4,0
17400,0,4,18,0
17400,1,4,18,0
17400,2,4,18,0
17400,3,4,18,0
17400,4,4,18,0
17400,5,4,18,0
17400,6,4,18,0
17400,7,5,18,0
17400,8,6,18,0
17400,9,7,18,0
17400,10,8,18,0
17400,11,8,18,0
17400,12,8,17,0
17400,13,8,17,0
17400,14,8,17,0
17450,0,2,3,0
17450,1,2,2,0
17450,2,2,2,0
17450,3,2,2,0
17450,4,2,2,0
17450,5,3,2,0
17450,6,4,2,0
17450,7,4,2,0
17450,8,4,2,0
17450,9,4,2,0
17450,10,4,1,0
17450,11,4,1,0
17450,12,4,1,0
17450,13,5,1,0
17450,14,5,1,0
17450,15,5,1,0
17450,16,5,1,0
17450,17,5,1,0
17450,18,5,2,0
17450,19,5,2,0
17450,20,4,2,0
17450,21,4,2,0
17450,22,4,2,0
17450,23,4,2,0
17450,24,4,2,0
17450,25,4,2,0
17450,26,4,3,0
17450,27,4,3,0
17450,28,4,3,0
17450,29,4,3,0
17450,30,4,3,0
17500,0,6,9,0
17500,1,7,9,0
17500,2,7,9,0
17500,3,8,9,0
17500,4,9,9,0
17500,5,10,9,0
17500,6,10,9,0
17500,7,10,9,0
17500,8,10,9,0
17500,9,10,9,0
17500,10,9,9,0
17500,11,8,9,0
17500,12,8,9,0
17500,13,7,9,0
17500,14,6,9,0
17500,15,5,9,0
17500,16,5,9,0
17500,17,5,8,0
17500,18,5,7,0
17500,19,5,7,0
17500,20,5,7,0
17500,21,5,7,0
17500,22,6,7,0
17500,23,6,7,0
17500,24,6,7,0
17500,25,6,7,0
17500,26,6,8,0
17500,27,6,8,0
17500,28,7,8,1
17550,0,16,9,0
17550,1,16,9,0
17550,2,17,9,0
17550,3,18,9,0
17550,4,18,9,0
17550,5,18,9,0
17550,6,18,9,0
17550,7,18,10,0
17550,8,18,10,0
17550,9,18,11,0
17550,10,18,12,0
17550,11,18,12,0
17550,12,18,12,0
17550,13,18,12,0
17550,14,18,12,0
17550,15,18,12,0
17550,16,18,12,0
17550,17,18,12,0
17550,18,18,12,0
17550,19,18,12,0
17550,20,18,12,0
17550,21,18,12,0
17550,22,18,12,0
17550,23,18,12,0
17550,24,18,12,0
17550,25,18,13,0
17550,26,18,14,0
17550,27,18,14,0
17550,28,18,14,0
17550,29,18,13,0
17550,30,18,13,0
17550,31,18,13,0
17550,32,18,12,1
17600,0,17,12,0
17600,1,17,12,0
17600,2,16,12,0
17600,3,16,12,0
17600,4,16,12,0
17600,5,16,12,0
17600,6,15,12,0
17600,7,15,12,0
17600,8,15,12,0
17600,9,16,12,0
17600,10,16,12,0
17600,11,16,11,0
17600,12,16,11,0
17600,13,16,11,0
17600,14,16,11,0
17600,15,16,11,0
17600,16,15,11,1
17650,0,17,17,0
17650,1,17,17,0
17650,2,17,17,0
17650,3,17,17,0
17650,4,17,17,0
17650,5,17,17,0
17650,6,17,17,0
17650,7,17,16,0
17650,8,17,16,0
17650,9,17,16,0
17650,10,17,16,0
17650,11,17,16,0
17650,12,17,16,0
17650,13,17,16,0
17650,14,17,16,0
17650,15,17,16,0
17650,16,17,16,0
17650,17,17,16,0
17650,18,18,16,0
17650,19,18,16,0
17650,20,18,17,0
17650,21,18,17,0
17650,22,18,17,0
17650,23,18,18,0
17650,24,18,18,0
17650,25,18,18,0
17650,26,18,18,0
17650,27,18,18,0
17650,28,18,18,0
17650,29,18,18,0
17650,30,18,18,0
17650,31,18,18,0
17650,32,18,18,0
17650,33,18,17,0
17650,34,18,17,0
17650,35,18,17,0
17650,36,18,18,0
17650,37,18,18,0
17650,38,18,18,0
17650,39,18,18,0
17650,40,17,18,0
17650,41,17,18,0
17650,42,17,18,0
17650,43,17,18,0
17650,44,17,18,0
17650,45,17,18,0
17650,46,17,18,0
17650,47,17,18,0
17650,48,16,18,0
17650,49,16,18,0
17650,50,16,18,0
17650,51,16,18,1
17700,0,2,12,0
17700,1,1,12,0
17700,2,1,12,0
17700,3,1,12,0
17700,4,1,12,0
17700,5,1,12,0
17700,6,1,12,0
17700,7,1,12,0
17700,8,1,11,0
17700,9,1,11,0
17700,10,2,11,0
17700,11,2,11,0
17700,12,2,11,0
17700,13,2,11,0
17700,14,2,10,0
17700,15,2,10,0
17700,16,2,10,0
17700,17,2,10,0
17700,18,2,10,0
17700,19,2,11,0
17700,20,2,11,0
17700,21,2,12,0
17700,22,2,13,0
17700,23,2,13,0
17700,24,2,13,0
17700,25,2,12,0
17700,26,2,12,0
17700,27,1,12,0
17700,28,1,12,0
17700,29,1,13,0
17700,30,1,13,0
17700,31,1,14,0
17700,32,1,14,0
17700,33,1,14,0
17700,34,1,15,0
17700,35,1,15,0
17700,36,2,15,0
17700,37,2,15,0
17700,38,2,15,0
17700,39,1,15,0
17700,40,1,15,0
17700,41,1,15,0
17700,42,1,15,0
17700,43,1,15,0
17700,44,2,15,0
17700,45,2,15,0
17700,46,2,16,0
17700,47,2,16,0
17700,48,1,16,1
17750,0,7,7,0
17750,1,7,7,0
17750,2,6,7,0
17750,3,6,7,0
17750,4,6,7,0
17750,5,6,7,0
17750,6,6,8,0
17750,7,6,9,0
17750,8,6,9,0
17750,9,6,9,0
17750,10,6,9,0
17750,11,6,9,0
17750,12,6,9,0
17750,13,6,9,0
17750,14,6,9,0
17750,15,6,9,0
17750,16,6,9,0
17750,17,6,8,0
17750,18,6,7,0
17750,19,6,6,0
17750,20,6,5,0
17750,21,6,5,0
17750,22,6,5,0
17750,23,6,5,0
17750,24,6,5,0
17750,25,6,5,0
17750,26,6,5,0
17750,27,6,6,0
17750,28,6,6,0
17750,29,6,6,0
17750,30,6,5,1
17800,0,15,12,0
17800,1,14,12,0
17800,2,13,12,0
17800,3,13,12,0
17800,4,13,13,0
17800,5,13,13,0
17800,6,13,13,0
17800,7,13,13,0
17800,8,13,13,0
17800,9,13,13,0
17800,10,13,13,0
17800,11,13,13,0
17800,12,12,13,0
17800,13,11,13,0
17800,14,11,13,0
17800,15,11,12,0
17800,16,11,12,0
17800,17,11,11,0
17800,18,11,10,0
17800,19,11,9,0
17800,20,11,8,0
17800,21,11,7,0
17800,22,11,6,0
17800,23,11,5,0
17800,24,11,4,0
17800,25,11,4,0
17800,26,11,4,0
17800,27,11,5,0
17800,28,11,5,0
17800,29,11,5,0
17800,30,11,5,0
17800,31,11,4,0
17800,32,11,3,0
17800,33,11,2,0
17800,34,11,1,0
17800,35,11,1,0
17800,36,11,1,0
17800,37,10,1,0
17800,38,10,1,0
17800,39,10,2,0
17800,40,10,3,1
17850,0,14,12,0
17850,1,14,11,0
17850,2,14,11,0
17850,3,14,11,0
17850,4,14,12,0
17850,5,14,13,0
17850,6,14,13,0
17850,7,14,13,0
17850,8,14,13,0
17850,9,14,13,0
17850,10,14,13,0
17850,11,14,13,0
17850,12,15,13,0
17850,13,15,13,0
17850,14,15,13,0
17850,15,15,13,0
17850,16,15,13,0
17850,17,16,13,0
17850,18,16,13,0
17850,19,16,13,0
17850,20,16,13,0
17850,21,16,13,0
17850,22,16,13,0
17850,23,16,13,0
17850,24,16,13,0
17850,25,16,13,0
17850,26,16,13,0
17850,27,16,13,0
17850,28,16,13,1
17900,0,1,12,0
17900,1,2,12,0
17900,2,2,12,0
17900,3,2,12,0
17900,4,2,12,0
17900,5,3,12,0
17900,6,3,12,0
17900,7,3,12,0
17900,8,3,12,0
17900,9,3,13,0
17900,10,3,13,0
17900,11,2,13,0
17900,12,1,13,0
17900,13,1,13,0
17900,14,1,13,0
17900,15,1,13,0
17900,16,1,13,0
17900,17,1,13,0
17900,18,1,13,0
17900,19,1,13,0
17900,20,1,13,0
17900,21,1,13,0
17900,22,1,13,0
17900,23,1,13,0
17900,24,1,13,0
17900,25,1,13,0
17900,26,1,13,0
17900,27,1,14,0
17900,28,1,14,0
17900,29,1,14,0
17900,30,1,13,0
17900,31,1,13,0
17900,32,1,13,0
17900,33,1,13,0
17900,34,1,13,0
17950,0,18,14,0
17950,1,18,14,0
17950,2,17,14,0
17950,3,17,14,0
17950,4,17,14,0
17950,5,17,13,0
17950,6,17,13,0
17950,7,18,13,0
17950,8,18,13,0
17950,9,18,12,0
17950,10,18,12,0
17950,11,18,12,0
17950,12,18,12,0
17950,13,18,12,0
17950,14,18,12,0
17950,15,18,12,0
17950,16,18,12,0
17950,17,18,12,0
17950,18,18,12,1
18000,0,1,7,0
18000,1,1,7,0
18000,2,2,7,0
18000,3,3,7,0
18000,4,3,7,0
18000,5,3,7,0
18000,6,3,7,0
18000,7,3,7,0
18000,8,3,7,0
18000,9,3,7,0
18000,10,3,7,0
18000,11,3,7,0
18000,12,3,7,0
18000,13,3,7,0
18000,14,3,7,0
18000,15,3,7,0
18000,16,3,7,0
18000,17,4,7,0
18000,18,5,7,0
18000,19,5,7,0
18000,20,5,7,0
18000,21,5,7,0
18000,22,5,7,0
18000,23,5,7,0
18000,24,5,7,0
18000,25,5,7,0
18000,26,5,7,0
18000,27,5,7,0
18000,28,5,7,0
18000,29,5,6,0
18000,30,5,5,0
18000,31,5,4,0
18000,32,5,3,0
18000,33,5,2,0
18000,34,5,2,0
18000,35,5,2,0
18000,36,5,2,0
18000,37,5,2,0
18000,38,5,2,1
18050,0,3,10,0
18050,1,3,10,0
18050,2,3,11,0
18050,3,3,11,0
18050,4,3,11,0
18050,5,3,10,0
18050,6,3,10,0
18050,7,3,10,0
18050,8,4,10,0
18050,9,4,10,0
18050,10,4,10,0
18050,11,4,10,0
18050,12,4,10,0
18050,13,3,10,0
18050,14,2,10,0
18050,15,1,10,0
18050,16,1,10,0
18050,17,1,10,0
18050,18,1,10,0
18050,19,1,10,0
18050,20,1,10,0
18050,21,1,10,0
18050,22,1,10,0
18050,23,1,9,0
18050,24,1,9,0
18050,25,1,9,0
18050,26,1,9,0
18050,27,1,8,0
18050,28,1,8,0
18050,29,1,8,0
18050,30,1,7,0
18050,31,1,7,0
18050,32,1,7,0
18050,33,1,7,0
18050,34,1,8,0
18050,35,1,8,0
18050,36,1,8,0
18050,37,1,7,0
18050,38,1,6,0
18050,39,1,6,0
18050,40,1,6,0
18050,41,1,5,0
18050,42,1,5,0
18050,43,1,5,0
18050,44,1,5,0
18050,45,1,5,0
18100,0,2,11,0
18100,1,2,11,0
18100,2,2,12,0
18100,3,2,12,0
18100,4,2,12,0
18100,5,2,13,0
18100,6,2,14,0
18100,7,2,14,0
18100,8,2,14,0
18100,9,2,14,0
18100,10,2,14,0
18100,11,2,14,0
18100,12,2,14,0
18100,13,2,14,0
18100,14,2,14,0
18100,15,2,14,0
18100,16,2,14,0
18100,17,2,13,1
18150,0,8,16,0
18150,1,8,16,0
18150,2,8,16,0
18150,3,8,16,0
18150,4,8,16,0
18150,5,8,16,0
18150,6,8,16,0
18150,7,8,16,0
18150,8,8,16,0
18150,9,8,16,0
18150,10,8,16,0
18150,11,8,16,0
18150,12,8,16,0
18150,13,8,15,1
18200,0,7,13,0
18200,1,7,13,0
18200,2,7,13,0
18200,3,7,13,0
18200,4,7,12,0
18200,5,7,12,0
18200,6,6,12,0
18200,7,5,12,0
18200,8,4,12,0
18200,9,4,12,0
18200,10,4,13,0
18200,11,4,13,0
18200,12,4,13,0
18200,13,4,13,0
18200,14,4,13,0
18250,0,1,16,0
18250,1,1,16,0
18250,2,1,15,0
18250,3,1,15,0
18250,4,1,15,0
18250,5,1,15,0
18250,6,1,14,0
18250,7,1,14,0
18250,8,1,14,0
18250,9,1,13,0
18250,10,1,13,0
18250,11,1,13,0
18250,12,1,13,0
18250,13,1,13,0
18250,14,1,13,0
18250,15,1,14,0
18250,16,1,14,0
18250,17,1,14,0
18250,18,1,14,0
18250,19,1,14,0
18300,0,7,14,0
18300,1,7,14,0
18300,2,7,14,0
18300,3,7,14,0
18300,4,7,14,0
18300,5,7,15,0
18300,6,7,15,0
18300,7,7,15,0
18300,8,7,15,0
18300,9,6,15,0
18300,10,6,15,0
18300,11,6,15,0
18300,12,6,15,0
18300,13,7,15,0
18300,14,7,15,0
18300,15,7,15,0
18300,16,7,15,0
18300,17,7,14,0
18300,18,7,13,0
18300,19,7,12,0
18300,20,7,12,0
18300,21,6,12,0
18300,22,6,12,0
18300,23,6,12,0
18300,24,6,12,0
18300,25,6,12,0
18300,26,5,12,0
18300,27,5,12,0
18300,28,5,12,0
18300,29,6,12,0
18300,30,6,12,0
18300,31,6,12,0
18300,32,6,12,0
18300,33,6,12,0
18300,34,6,12,0
18300,35,6,12,0
18300,36,6,13,0
18300,37,6,14,0
18300,38,6,14,0
18300,39,6,14,0
18300,40,6,13,0
18300,41,6,13,0
18300,42,5,13,0
18300,43,5,13,0
18300,44,5,12,0
18300,45,5,11,0
18300,46,5,10,0
18300,47,5,10,0
18300,48,5,10,0
18300,49,5,10,0
18300,50,5,10,0
18300,51,5,10,1
18350,0,5,9,0
18350,1,5,9,0
18350,2,5,9,0
18350,3,5,9,0
18350,4,4,9,0
18350,5,4,9,0
18350,6,4,9,0
18350,7,4,9,0
18350,8,4,9,0
18350,9,4,9,0
18350,10,4,9,0
18350,11,4,9,0
18350,12,4,9,0
18350,13,4,9,0
18350,14,4,9,0
18350,15,4,9,0
18350,16,4,9,0
18350,17,4,8,1
18400,0,15,14,0
18400,1,15,14,0
18400,2,15,14,0
18400,3,15,14,0
18400,4,15,14,0
18400,5,15,14,0
18400,6,14,14,0
18400,7,13,14,0
18400,8,12,14,0
18400,9,12,14,0
18400,10,12,14,0
18400,11,12,14,0
18400,12,12,14,0
18400,13,12,14,0
18400,14,13,14,0
18400,15,14,14,0
18400,16,14,14,0
18400,17,14,14,0
18400,18,14,14,0
18400,19,14,14,0
18400,20,14,14,0
18400,21,14,14,0
18400,22,14,14,0
18400,23,15,14,0
18400,24,16,14,0
18400,25,16,14,0
18400,26,16,14,0
18400,27,16,14,0
18400,28,16,15,0
18400,29,16,16,0
18400,30,16,16,0
18400,31,17,16,0
18400,32,17,16,0
18400,33,17,15,0
18400,34,17,15,0
18400,35,17,15,0
18400,36,17,15,0
18400,37,17,15,0
18450,0,14,9,0
18450,1,14,9,0
18450,2,14,10,0
18450,3,14,11,0
18450,4,14,11,0
18450,5,13,11,0
18450,6,13,11,0
18450,7,13,11,0
18450,8,13,10,0
18450,9,13,10,0
18450,10,13,10,0
18450,11,13,11,0
18450,12,13,12,0
18450,13,13,12,0
18450,14,13,12,0
18450,15,13,13,0
18450,16,13,13,0
18450,17,13,13,0
18450,18,13,13,0
18450,19,13,13,1
18500,0,10,10,0
18500,1,10,10,0
18500,2,10,10,0
18500,3,10,10,0
18500,4,10,10,0
18500,5,10,10,0
18500,6,10,10,0
18500,7,10,10,0
18500,8,10,11,0
18500,9,10,11,0
18500,10,11,11,0
18500,11,11,11,0
18500,12,11,12,0
18500,13,11,12,0
18500,14,10,12,0
18500,15,9,12,0
18500,16,8,12,0
18500,17,8,12,0
18500,18,8,11,0
18500,19,8,11,0
18500,20,8,11,0
18500,21,8,11,0
18500,22,8,11,0
18500,23,8,11,0
18500,24,8,11,0
18500,25,8,11,0
18500,26,8,11,0
18500,27,8,11,0
18500,28,8,11,1
18550,0,12,11,0
18550,1,12,11,0
18550,2,12,11,0
18550,3,12,11,0
18550,4,12,10,0
18550,5,12,9,0
18550,6,12,9,0
18550,7,12,9,0
18550,8,11,9,0
18550,9,11,9,0
18550,10,11,10,0
18550,11,11,10,0
18550,12,11,10,0
18550,13,11,11,0
18550,14,11,12,0
18550,15,11,13,0
18550,16,11,13,0
18550,17,11,13,0
18550,18,11,13,0
18550,19,10,13,0
18550,20,9,13,0
18550,21,9,13,1
18600,0,3,17,0
18600,1,3,17,0
18600,2,3,17,0
18600,3,3,17,0
18600,4,4,17,0
18600,5,4,17,0
18600,6,4,18,0
18600,7,4,18,0
18600,8,4,18,0
18600,9,4,18,0
18600,10,5,18,0
18600,11,6,18,0
18600,12,6,18,0
18600,13,6,18,0
18600,14,6,18,0
18600,15,6,18,0
18600,16,6,17,0
18600,17,6,17,0
18600,18,6,17,0
18600,19,6,17,0
18600,20,7,17,0
18600,21,7,17,0
18600,22,7,17,0
18600,23,7,17,0
18600,24,7,17,0
18600,25,7,17,0
18600,26,7,17,0
18600,27,7,18,0
18600,28,7,18,0
18600,29,6,18,0
18600,30,6,18,0
18600,31,6,18,0
18600,32,6,18,0
18600,33,6,18,0
18600,34,6,18,0
18600,35,6,18,0
18600,36,6,18,0
18600,37,6,18,0
18600,38,6,18,0
18600,39,6,18,0
18600,40,6,18,1
18650,0,18,16,0
18650,1,18,16,0
18650,2,18,16,0
18650,3,18,15,0
18650,4,18,15,0
18650,5,18,15,0
18650,6,18,15,0
18650,7,18,15,0
18650,8,18,16,0
18650,9,18,16,0
18650,10,18,16,0
18650,11,18,16,0
18650,12,18,16,0
18650,13,18,16,0
18650,14,18,16,0
18650,15,18,16,0
18650,16,18,16,0
18650,17,18,17,0
18650,18,18,17,0
18650,19,18,17,0
18650,20,18,17,0
18650,21,18,17,0
18650,22,18,17,0
18650,23,18,17,0
18650,24,18,17,0
18650,25,18,16,0
18650,26,18,15,0
18650,27,18,15,0
18650,28,18,15,0
18650,29,18,14,0
18650,30,18,14,0
18650,31,18,14,0
18650,32,18,14,0
18650,33,18,14,0
18650,34,18,14,0
18650,35,18,14,0
18650,36,18,14,0
18650,37,18,14,1
18700,0,5,5,0
18700,1,5,5,0
18700,2,5,5,0
18700,3,5,5,0
18700,4,5,5,0
18700,5,5,5,0
18700,6,5,5,0
18700,7,5,5,0
18700,8,4,5,0
18700,9,3,5,0
18700,10,2,5,0
18700,11,2,5,0
18700,12,2,5,0
18700,13,1,5,0
18700,14,1,5,0
18700,15,1,6,0
18700,16,1,7,0
18700,17,1,7,0
18700,18,1,7,0
18700,19,1,7,0
18700,20,1,7,0
18750,0,1,5,0
18750,1,1,5,0
18750,2,1,5,0
18750,3,1,5,0
18750,4,1,6,0
18750,5,1,6,0
18750,6,1,6,0
18750,7,2,6,0
18750,8,2,6,0
18750,9,2,6,0
18750,10,3,6,0
18750,11,4,6,0
18750,12,4,6,0
18750,13,4,7,0
18750,14,4,7,0
18750,15,4,7,0
18750,16,4,6,0
18750,17,4,6,0
18750,18,4,6,0
18750,19,4,6,0
18750,20,4,6,0
18750,21,4,6,0
18750,22,4,6,1
18800,0,3,18,0
18800,1,4,18,0
18800,2,4,18,0
18800,3,4,18,0
18800,4,4,18,0
18800,5,4,18,0
18800,6,4,18,0
18800,7,4,18,0
18800,8,4,18,0
18800,9,4,18,0
18800,10,4,18,0
18800,11,4,18,0
18800,12,3,18,0
18800,13,2,18,0
18800,14,2,18,0
18800,15,2,18,0
18800,16,2,18,0
18800,17,2,18,0
18800,18,2,18,0
18800,19,3,18,0
18800,20,3,18,0
18800,21,3,18,0
18800,22,3,18,0
18800,23,3,18,0
18800,24,3,18,0
18800,25,3,18,0
18800,26,3,18,0
18800,27,3,18,0
18800,28,3,18,1
18850,0,1,10,0
18850,1,1,10,0
18850,2,1,10,0
18850,3,1,10,0
18850,4,1,9,0
18850,5,1,9,0
18850,6,1,9,0
18850,7,1,9,0
18850,8,1,9,0
18850,9,1,9,0
18850,10,1,9,0
18850,11,1,10,0
18850,12,1,10,0
18850,13,2,10,0
18850,14,2,10,0
18850,15,2,10,0
18850,16,2,10,0
18850,17,2,10,0
18850,18,2,10,0
18850,19,2,10,0
18850,20,2,10,0
18850,21,2,10,1
18900,0,10,1,0
18900,1,10,1,0
18900,2,10,1,0
18900,3,10,1,0
18900,4,10,1,0
18900,5,10,1,0
18900,6,10,1,0
18900,7,10,1,0
18900,8,10,1,0
18900,9,9,1,0
18900,10,9,1,0
18900,11,9,1,0
18900,12,9,1,0
18900,13,9,1,0
18900,14,9,1,0
18900,15,9,1,0
18900,16,9,1,0
18900,17,9,1,0
18900,18,9,1,0
18900,19,8,1,0
18900,20,7,1,0
18900,21,7,1,0
18900,22,7,1,0
18900,23,7,1,0
18900,24,7,1,0
18900,25,7,1,0
18900,26,6,1,0
18900,27,6,1,0
18900,28,6,1,0
18900,29,6,1,0
18900,30,6,1,0
18900,31,6,1,0
18950,0,3,2,0
18950,1,3,2,0
18950,2,3,3,0
18950,3,3,3,0
18950,4,3,3,0
18950,5,3,3,0
18950,6,3,3,0
18950,7,2,3,0
18950,8,2,3,0
18950,9,2,3,0
18950,10,2,3,0
18950,11,2,2,1
19000,0,1,11,0
19000,1,1,11,0
19000,2,1,10,0
19000,3,1,10,0
19000,4,1,10,0
19000,5,1,10,0
19000,6,1,10,0
19000,7,1,10,0
19000,8,1,10,0
19000,9,1,10,0
19000,10,1,11,0
19000,11,1,11,0
19000,12,1,11,0
19000,13,1,11,0
19000,14,1,11,0
19000,15,1,12,0
19000,16,1,12,0
19000,17,2,12,0
19000,18,2,12,0
19000,19,2,12,0
19000,20,2,12,0
19000,21,2,12,0
19000,22,2,11,0
19000,23,2,11,0
19000,24,2,11,0
19000,25,2,10,0
19000,26,2,10,0
19000,27,2,10,0
19000,28,2,9,0
19000,29,2,9,1
19050,0,6,14,0
19050,1,6,14,0
19050,2,6,15,0
19050,3,6,15,0
19050,4,6,15,0
19050,5,6,15,0
19050,6,5,15,0
19050,7,5,15,0
19050,8,5,15,0
19050,9,5,15,0
19050,10,5,14,0
19050,11,5,14,0
19050,12,5,14,0
19050,13,5,14,0
19050,14,6,14,0
19050,15,6,14,0
19050,16,6,13,0
19050,17,6,13,0
19050,18,6,13,0
19050,19,6,13,0
19050,20,6,13,0
19050,21,6,13,0
19050,22,6,14,0
19050,23,6,15,0
19050,24,6,15,0
19050,25,7,15,0
19050,26,7,15,0
19050,27,7,15,0
19050,28,7,15,0
19050,29,7,16,0
19050,30,7,17,0
19050,31,7,17,0
19050,32,7,17,0
19050,33,7,17,0
19050,34,7,16,0
19050,35,7,15,0
19050,36,7,15,0
19050,37,7,15,0
19050,38,7,16,0
19050,39,7,17,0
19050,40,7,17,0
19050,41,7,17,0
19050,42,7,17,0
19050,43,7,17,0
19050,44,7,18,0
19050,45,7,18,0
19050,46,7,18,0
19050,47,8,18,0
19050,48,8,18,0
19050,49,8,17,0
19050,50,8,17,0
19050,51,7,17,0
19050,52,6,17,0
19050,53,6,17,0
19050,54,6,17,0
19050,55,6,17,1
19100,0,15,12,0
19100,1,14,12,0
19100,2,13,12,0
19100,3,13,12,0
19100,4,13,12,0
19100,5,13,12,0
19100,6,13,12,0
19100,7,13,13,0
19100,8,13,13,0
19100,9,13,13,0
19100,10,13,13,0
19100,11,13,13,0
19100,12,13,13,0
19100,13,13,13,0
19100,14,13,13,0
19100,15,13,13,0
19100,16,13,13,0
19100,17,13,13,0
19100,18,13,13,0
19100,19,13,13,0
19100,20,13,13,0
19100,21,13,13,0
19100,22,13,13,0
19100,23,13,13,0
19100,24,13,13,0
19100,25,13,13,0
19100,26,13,12,0
19100,27,13,12,0
19100,28,13,12,0
19100,29,13,12,0
19100,30,13,13,0
19100,31,13,13,0
19100,32,13,13,0
19100,33,13,13,0
19100,34,14,13,0
19100,35,15,13,0
19100,36,15,13,0
19100,37,15,12,0
19100,38,15,12,0
19100,39,14,12,0
19100,40,14,12,0
19100,41,14,12,0
19100,42,15,12,1
19150,0,1,2,0
19150,1,1,2,0
19150,2,1,2,0
19150,3,1,2,0
19150,4,1,3,0
19150,5,1,4,0
19150,6,1,4,0
19150,7,1,4,0
19150,8,1,4,0
19150,9,1,5,0
19150,10,1,5,0
19150,11,1,5,0
19150,12,1,5,0
19150,13,1,5,0
19150,14,1,5,0
19150,15,1,5,0
19150,16,1,5,0
19150,17,1,5,0
19150,18,1,6,0
19150,19,1,6,0
19150,20,1,6,0
19150,21,1,7,0
19150,22,1,7,0
19150,23,2,7,0
19150,24,2,7,0
19150,25,2,7,0
19150,26,2,6,0
19150,27,2,6,0
19150,28,2,6,0
19150,29,2,5,0
19150,30,2,5,0
19150,31,1,5,0
19150,32,1,5,0
19150,33,1,5,0
19150,34,1,5,0
19150,35,1,5,0
19150,36,1,5,0
19150,37,1,5,0
19150,38,1,5,0
19200,0,9,18,0
19200,1,9,18,0
19200,2,9,18,0
19200,3,9,18,0
19200,4,9,18,0
19200,5,9,18,0
19200,6,8,18,0
19200,7,8,18,0
19200,8,8,18,0
19200,9,9,18,0
19200,10,9,18,0
19200,11,9,18,0
19200,12,9,18,0
19200,13,9,18,0
19200,14,9,18,0
19200,15,9,18,0
19200,16,8,18,0
19200,17,8,18,0
19200,18,8,18,0
19200,19,8,18,0
19250,0,17,12,0
19250,1,16,12,0
19250,2,15,12,0
19250,3,15,12,0
19250,4,15,12,0
19250,5,15,12,0
19250,6,15,12,0
19250,7,15,11,0
19250,8,15,10,0
19250,9,15,10,0
19250,10,16,10,0
19250,11,17,10,0
19250,12,18,10,0
19250,13,18,10,0
19250,14,18,10,0
19250,15,18,10,0
19250,16,18,10,0
19250,17,18,10,0
19250,18,18,9,0
19250,19,18,9,0
19250,20,18,8,0
19250,21,18,8,0
19250,22,17,8,0
19250,23,17,8,0
19250,24,17,7,0
19250,25,17,7,0
19250,26,18,7,0
19250,27,18,7,0
19250,28,18,7,0
19250,29,18,7,0
19250,30,18,7,1
19300,0,12,12,0
19300,1,12,12,0
19300,2,12,12,0
19300,3,12,11,0
19300,4,12,11,0
19300,5,12,11,0
19300,6,12,11,0
19300,7,11,11,0
19300,8,10,11,0
19300,9,10,11,0
19300,10,10,12,0
19300,11,10,13,0
19300,12,10,13,0
19300,13,10,13,0
19300,14,10,13,0
19300,15,10,13,0
19300,16,10,14,0
19300,17,10,14,0
19300,18,9,14,0
19300,19,9,14,0
19300,20,9,14,0
19300,21,9,14,1
19350,0,4,5,0
19350,1,5,5,0
19350,2,5,5,0
19350,3,5,5,0
19350,4,6,5,0
19350,5,6,5,0
19350,6,6,6,0
19350,7,6,7,0
19350,8,6,8,0
19350,9,6,8,0
19350,10,7,8,0
19350,11,8,8,0
19350,12,8,8,0
19350,13,8,9,0
19350,14,8,9,0
19350,15,8,9,0
19350,16,7,9,0
19350,17,6,9,0
19350,18,5,9,0
19350,19,4,9,0
19350,20,3,9,0
19350,21,2,9,0
19350,22,2,9,0
19350,23,2,9,0
19350,24,2,9,0
19350,25,2,9,0
19350,26,2,9,0
19350,27,2,9,0
19350,28,2,9,1
19400,0,3,7,0
19400,1,3,7,0
19400,2,3,7,0
19400,3,3,6,0
19400,4,3,5,0
19400,5,3,5,0
19400,6,3,5,0
19400,7,3,5,0
19400,8,3,5,0
19400,9,3,5,0
19400,10,3,5,0
19400,11,3,5,0
19400,12,2,5,0
19400,13,1,5,0
19400,14,1,5,0
19400,15,1,5,0
19400,16,1,5,0
19400,17,1,5,0
19400,18,1,5,0
19400,19,1,6,0
19400,20,1,7,0
19400,21,1,7,0
19400,22,1,7,0
19400,23,1,7,0
19400,24,2,7,0
19400,25,3,7,0
19400,26,3,7,0
19400,27,3,7,0
19400,28,3,7,0
19450,0,4,4,0
19450,1,4,4,0
19450,2,3,4,0
19450,3,3,4,0
19450,4,3,4,0
19450,5,3,4,0
19450,6,3,4,0
19450,7,3,4,0
19450,8,3,4,0
19450,9,3,4,0
19450,10,3,4,0
19450,11,3,4,0
19450,12,2,4,0
19450,13,1,4,0
19450,14,1,4,0
19450,15,1,3,0
19450,16,1,3,0
19450,17,1,3,0
19450,18,1,3,0
19450,19,2,3,0
19450,20,2,3,0
19450,21,2,3,0
19450,22,2,3,0
19500,0,10,3,0
19500,1,10,3,0
19500,2,10,3,0
19500,3,10,3,0
19500,4,10,3,0
19500,5,10,3,0
19500,6,10,3,0
19500,7,10,3,0
19500,8,10,3,0
19500,9,10,3,0
19500,10,10,3,0
19500,11,10,3,0
19500,12,10,3,0
19500,13,10,3,0
19500,14,10,3,0
19500,15,10,3,0
19500,16,10,3,0
19500,17,10,4,0
19500,18,10,5,0
19500,19,10,6,0
19500,20,10,6,0
19500,21,10,6,0
19500,22,10,6,0
19500,23,10,6,0
19500,24,11,6,0
19500,25,11,6,0
19500,26,11,6,0
19500,27,11,6,0
19500,28,11,7,0
19500,29,11,8,0
19500,30,11,8,0
19500,31,12,8,0
19500,32,12,8,0
19500,33,12,8,0
19500,34,12,9,1
19550,0,5,16,0
19550,1,5,16,0
19550,2,5,16,0
19550,3,5,16,0
19550,4,5,16,0
19550,5,5,15,0
19550,6,5,15,0
19550,7,6,15,0
19550,8,7,15,0
19550,9,7,15,0
19550,10,7,14,0
19550,11,7,14,0
19550,12,7,14,0
19600,0,15,15,0
19600,1,15,14,0
19600,2,15,14,0
19600,3,15,14,0
19600,4,15,14,0
19600,5,15,14,0
19600,6,14,14,0
19600,7,14,14,0
19600,8,14,14,0
19600,9,14,14,0
19600,10,14,14,0
19600,11,15,14,0
19600,12,15,14,0
19600,13,15,14,0
19600,14,15,14,0
19600,15,15,14,0
19600,16,15,14,0
19600,17,15,13,0
19600,18,15,13,0
19600,19,15,13,0
19600,20,15,13,0
19600,21,15,14,0
19600,22,15,14,0
19600,23,15,14,0
19600,24,15,15,0
19600,25,15,15,0
19600,26,15,15,0
19600,27,15,15,0
19600,28,16,15,0
19600,29,16,15,0
19600,30,16,15,0
19600,31,16,15,0
19600,32,16,15,0
19600,33,16,14,0
19600,34,16,14,0
19600,35,17,14,0
19600,36,17,14,0
19600,37,17,14,0
19600,38,17,14,0
19600,39,17,15,0
19600,40,17,15,0
19600,41,17,15,0
19600,42,18,15,0
19600,43,18,15,0
19600,44,18,16,0
19600,45,18,16,0
19600,46,18,16,0
19600,47,18,16,0
19600,48,18,16,0
19600,49,18,15,0
19600,50,18,15,0
19600,51,18,15,0
19600,52,18,16,0
19600,53,18,16,0
19600,54,18,16,0
19600,55,18,15,0
19600,56,18,15,0
19600,57,18,15,0
19600,58,18,16,0
19600,59,18,16,0
19600,60,18,17,0
19600,61,18,17,0
19600,62,18,17,0
19600,63,18,18,0
19600,64,18,18,0
19600,65,18,18,0
19600,66,18,18,0
19600,67,18,18,0
19600,68,18,18,0
19600,69,18,18,0
19600,70,18,17,0
19600,71,18,17,0
19600,72,18,17,0
19600,73,18,18,0
19600,74,18,18,0
19600,75,17,18,0
19600,76,17,18,0
19600,77,17,17,0
19600,78,17,16,0
19600,79,17,16,0
19600,80,16,16,0
19600,81,16,16,0
19600,82,16,16,0
19600,83,16,16,0
19650,0,14,9,0
19650,1,14,9,0
19650,2,14,9,0
19650,3,14,9,0
19650,4,14,9,0
19650,5,13,9,0
19650,6,12,9,0
19650,7,12,9,0
19650,8,12,9,0
19650,9,12,9,0
19650,10,12,8,0
19650,11,12,8,0
19650,12,11,8,0
19650,13,11,8,0
19650,14,11,8,1
19700,0,7,9,0
19700,1,7,9,0
19700,2,7,9,0
19700,3,8,9,0
19700,4,9,9,0
19700,5,10,9,0
19700,6,10,9,0
19700,7,10,9,0
19700,8,10,9,0
19700,9,10,10,0
19700,10,10,10,0
19700,11,10,10,0
19700,12,10,10,0
19700,13,10,10,0
19700,14,10,11,0
19700,15,10,11,0
19700,16,10,11,0
19700,17,10,11,0
19700,18,10,11,0
19700,19,10,10,0
19700,20,10,10,0
19700,21,10,9,0
19700,22,10,9,0
19700,23,10,9,0
19700,24,10,8,0
19700,25,10,8,0
19700,26,10,8,0
19700,27,10,7,0
19700,28,10,6,0
19700,29,10,6,0
19700,30,10,6,0
19700,31,10,6,0
19700,32,10,6,0
19750,0,13,11,0
19750,1,13,11,0
19750,2,13,10,0
19750,3,13,10,0
19750,4,13,10,0
19750,5,12,10,0
19750,6,12,10,0
19750,7,12,10,0
19750,8,12,10,0
19750,9,12,10,0
19750,10,12,10,0
19750,11,12,9,0
19750,12,12,9,0
19750,13,12,9,0
19750,14,12,9,0
19750,15,12,9,0
19750,16,12,9,0
19750,17,11,9,0
19750,18,11,9,0
19750,19,11,9,0
19750,20,11,9,0
19800,0,8,15,0
19800,1,8,16,0
19800,2,8,16,0
19800,3,8,16,0
19800,4,8,15,0
19800,5,8,14,0
19800,6,8,14,0
19800,7,8,14,0
19800,8,8,14,0
19800,9,8,14,0
19800,10,8,14,0
19800,11,8,13,0
19800,12,8,13,0
19800,13,8,13,0
19800,14,8,14,0
19800,15,8,15,0
19800,16,8,15,0
19800,17,9,15,0
19800,18,10,15,0
19800,19,10,15,0
19800,20,10,15,0
19800,21,10,15,0
19800,22,10,16,0
19800,23,10,16,0
19800,24,10,16,0
19850,0,18,10,0
19850,1,17,10,0
19850,2,16,10,0
19850,3,16,10,0
19850,4,16,10,0
19850,5,15,10,0
19850,6,15,10,0
19850,7,15,10,0
19850,8,15,10,0
19850,9,15,10,0
19850,10,15,10,0
19850,11,15,10,0
19850,12,15,10,0
19850,13,15,10,0
19850,14,15,9,0
19850,15,15,9,0
19850,16,15,9,0
19850,17,15,9,0
19850,18,16,9,0
19850,19,16,9,0
19850,20,16,9,0
19850,21,16,9,0
19850,22,16,10,0
19850,23,16,10,0
19850,24,16,10,0
19850,25,16,10,1
19900,0,8,14,0
19900,1,8,14,0
19900,2,8,14,0
19900,3,8,15,0
19900,4,8,15,0
19900,5,8,15,0
19900,6,8,14,0
19900,7,8,14,0
19900,8,8,14,0
19900,9,8,14,0
19900,10,8,14,0
19900,11,8,14,0
19900,12,8,14,0
19900,13,8,14,0
19900,14,8,13,0
19900,15,8,13,0
19900,16,9,13,0
19900,17,9,13,0
19900,18,9,13,0
19900,19,9,13,1
19950,0,6,12,0
19950,1,6,13,0
19950,2,6,13,0
19950,3,6,13,0
19950,4,6,13,0
19950,5,7,13,0
19950,6,8,13,0
19950,7,8,13,0
19950,8,9,13,0
19950,9,9,13,0
19950,10,9,12,0
19950,11,9,12,0
19950,12,9,12,0
19950,13,9,12,0
19950,14,10,12,1
20000,0,7,12,0
20000,1,7,12,0
20000,2,6,12,0
20000,3,5,12,0
20000,4,5,12,0
20000,5,5,13,0
20000,6,5,14,0
20000,7,5,15,0
20000,8,5,16,0
20000,9,5,16,0
20000,10,6,16,0
20000,11,6,16,0
20000,12,6,16,0
20000,13,6,16,0
20000,14,6,16,0
20000,15,6,16,0
20000,16,6,17,0
20000,17,6,17,0
20000,18,6,17,0
20000,19,6,18,0
20000,20,6,18,0
20000,21,6,18,0
20000,22,6,18,0
20000,23,6,18,0
20000,24,6,18,1
20050,0,13,16,0
20050,1,13,16,0
20050,2,13,16,0
20050,3,13,16,0
20050,4,13,16,0
20050,5,13,16,0
20050,6,13,16,0
20050,7,14,16,0
20050,8,14,16,0
20050,9,14,16,0
20050,10,14,16,0
20050,11,14,17,0
20050,12,14,18,0
20050,13,14,18,0
20050,14,13,18,0
20050,15,12,18,0
20050,16,11,18,0
20050,17,11,18,0
20050,18,11,17,0
20050,19,11,17,0
20050,20,11,17,0
20050,21,12,17,0
20050,22,12,17,0
20050,23,12,17,0
20050,24,12,17,0
20050,25,12,16,0
20050,26,12,16,0
20050,27,12,16,0
20050,28,12,16,0
20050,29,13,16,0
20050,30,13,16,1
20100,0,16,13,0
20100,1,15,13,0
20100,2,15,13,0
20100,3,15,13,0
20100,4,15,13,0
20100,5,15,13,0
20100,6,15,12,0
20100,7,15,12,0
20100,8,15,12,0
20100,9,15,11,0
20100,10,15,10,0
20100,11,15,10,0
20100,12,15,10,0
20100,13,15,10,0
20100,14,15,10,0
20100,15,14,10,0
20100,16,13,10,0
20100,17,12,10,0
20100,18,11,10,0
20100,19,10,10,0
20100,20,9,10,0
20100,21,8,10,0
20100,22,7,10,0
20100,23,7,10,0
20100,24,7,10,0
20100,25,6,10,0
20100,26,5,10,0
20100,27,5,10,0
20100,28,4,10,0
20100,29,3,10,0
20100,30,3,10,0
20100,31,3,10,0
20100,32,2,10,0
20100,33,2,10,0
20100,34,2,9,0
20100,35,2,9,0
20100,36,2,9,0
20100,37,2,9,0
20100,38,2,9,0
20100,39,2,9,0
20100,40,2,9,0
20100,41,2,9,0
20100,42,2,9,0
20150,0,9,5,0
20150,1,9,5,0
20150,2,9,4,0
20150,3,9,3,0
20150,4,9,3,0
20150,5,9,3,0
20150,6,9,3,0
20150,7,9,3,0
20150,8,9,3,0
20150,9,9,3,0
20150,10,9,3,1
20200,0,2,4,0
20200,1,3,4,0
20200,2,3,4,0
20200,3,3,4,0
20250,0,10,4,0
20250,1,10,4,0
20250,2,10,4,0
20250,3,10,4,0
20250,4,10,4,0
20250,5,10,4,0
20250,6,10,3,0
20250,7,10,3,0
20250,8,10,3,0
20250,9,10,3,0
20250,10,10,3,0
20250,11,10,3,0
20250,12,10,3,0
20250,13,10,3,0
20250,14,10,3,0
20250,15,9,3,0
20250,16,8,3,0
20250,17,7,3,0
20250,18,7,3,0
20250,19,7,3,0
20250,20,7,3,0
20250,21,7,3,0
20250,22,8,3,0
20250,23,8,3,0
20250,24,8,3,0
20250,25,9,3,0
20250,26,9,3,0
20250,27,9,3,0
20250,28,9,4,0
20250,29,9,4,0
20250,30,9,4,0
20250,31,9,5,0
20250,32,9,6,0
20250,33,9,7,0
20250,34,9,8,0
20250,35,9,9,0
20250,36,9,10,0
20250,37,9,10,0
20250,38,9,11,0
20250,39,9,12,0
20250,40,9,13,0
20250,41,9,14,0
20250,42,9,14,0
20250,43,9,14,0
20250,44,9,14,0
20250,45,9,14,1
20300,0,3,7,0
20300,1,3,7,0
20300,2,2,7,0
20300,3,1,7,0
20300,4,1,7,0
20300,5,1,7,0
20300,6,1,7,0
20300,7,1,7,0
20300,8,1,7,0
20300,9,1,7,0
20300,10,1,7,0
20300,11,1,7,0
20300,12,1,7,0
20300,13,1,7,0
20300,14,1,7,0
20300,15,1,8,0
20300,16,1,9,0
20300,17,1,9,0
20300,18,1,9,0
20300,19,1,10,0
20300,20,1,10,0
20300,21,1,10,0
20300,22,2,10,0
20300,23,2,10,0
20300,24,2,10,0
20300,25,2,10,0
20300,26,2,9,0
20300,27,2,8,0
20300,28,2,8,0
20300,29,2,8,0
20300,30,2,8,0
20300,31,3,8,0
20300,32,3,8,0
20300,33,3,8,0
20300,34,4,8,0
20300,35,5,8,0
20300,36,5,8,1
20350,0,13,2,0
20350,1,13,2,0
20350,2,13,2,0
20350,3,13,3,0
20350,4,13,3,0
20350,5,13,3,0
20350,6,13,3,0
20350,7,13,3,0
20350,8,13,3,0
20350,9,13,3,0
20350,10,13,3,0
20350,11,13,3,0
20350,12,13,3,0
20350,13,13,3,0
20350,14,12,3,0
20350,15,12,3,0
20350,16,12,3,0
20350,17,12,3,0
20350,18,12,4,0
20350,19,12,5,0
20350,20,12,5,0
20350,21,13,5,0
20350,22,14,5,0
20350,23,14,5,0
20350,24,14,5,0
20350,25,15,5,0
20350,26,16,5,0
20350,27,16,5,0
20350,28,16,5,0
20350,29,16,5,0
20350,30,16,5,0
20350,31,16,6,0
20350,32,16,6,0
20350,33,17,6,0
20350,34,17,6,0
20350,35,17,6,0
20350,36,17,6,1
20400,0,16,6,0
20400,1,16,6,0
20400,2,16,6,0
20400,3,17,6,0
20400,4,17,6,0
20400,5,17,6,0
20400,6,18,6,0
20400,7,18,6,0
20400,8,18,6,0
20400,9,18,6,0
20400,10,17,6,0
20400,11,16,6,0
20400,12,16,6,0
20400,13,16,5,0
20400,14,16,5,0
20400,15,16,5,0
20400,16,16,5,0
20400,17,16,5,0
20400,18,16,5,0
20400,19,16,5,0
20400,20,17,5,0
20400,21,18,5,0
20400,22,18,5,0
20400,23,18,5,0
20400,24,18,5,0
20400,25,18,5,0
20400,26,18,5,0
20400,27,18,5,0
20400,28,18,6,0
20400,29,18,6,0
20400,30,18,6,0
20400,31,18,6,0
20400,32,18,6,0
20400,33,18,6,0
20400,34,18,6,0
20400,35,17,6,0
20400,36,17,6,0
20400,37,17,6,0
20400,38,17,6,0
20400,39,17,6,0
20400,40,17,6,0
20400,41,17,7,0
20400,42,17,7,0
20400,43,17,7,0
20400,44,17,6,0
20400,45,17,6,0
20400,46,17,6,0
20400,47,17,7,0
20400,48,17,8,0
20400,49,17,8,0
20400,50,17,8,0
20400,51,17,8,0
20450,0,14,4,0
20450,1,14,4,0
20450,2,14,4,0
20450,3,14,4,0
20450,4,14,4,0
20450,5,14,4,0
20450,6,14,4,0
20450,7,14,5,0
20450,8,14,5,0
20450,9,15,5,0
20450,10,15,5,1
20500,0,13,17,0
20500,1,13,17,0
20500,2,13,17,0
20500,3,13,16,0
20500,4,13,16,0
20500,5,12,16,0
20500,6,12,16,0
20500,7,12,16,0
20500,8,13,16,0
20500,9,13,16,0
20500,10,13,16,0
20500,11,13,16,0
20500,12,13,15,0
20500,13,13,14,0
20500,14,13,14,0
20500,15,13,14,0
20500,16,13,15,0
20500,17,13,15,0
20500,18,13,15,0
20500,19,13,15,0
20500,20,13,15,0
20500,21,14,15,0
20500,22,14,15,0
20500,23,14,16,0
20500,24,14,16,0
20500,25,14,16,0
20500,26,14,15,0
20500,27,14,15,0
20500,28,14,15,0
20500,29,14,15,0
20500,30,14,15,0
20500,31,14,15,0
20500,32,14,15,0
20500,33,13,15,1
20550,0,1,4,0
20550,1,1,4,0
20550,2,2,4,0
20550,3,3,4,0
20550,4,3,4,0
20550,5,3,4,0
20550,6,3,4,0
20550,7,3,4,0
20550,8,3,4,0
20550,9,3,4,0
20550,10,3,4,0
20550,11,3,4,0
20550,12,3,4,0
20550,13,3,4,0
20550,14,3,4,0
20550,15,3,4,0
20550,16,3,4,0
20550,17,3,4,0
20550,18,3,3,0
20550,19,3,2,0
20550,20,3,1,0
20550,21,3,1,0
20550,22,4,1,0
20550,23,4,1,0
20550,24,4,1,0
20550,25,4,2,0
20550,26,4,2,0
20550,27,5,2,0
20550,28,5,2,0
20550,29,5,3,0
20550,30,5,4,0
20550,31,5,5,0
20550,32,5,6,0
20550,33,5,7,0
20550,34,5,7,0
20550,35,5,7,0
20550,36,5,7,0
20550,37,5,6,0
20550,38,5,5,0
20550,39,5,4,0
20550,40,5,3,0
20550,41,5,3,0
20550,42,6,3,0
20550,43,7,3,0
20550,44,7,3,0
20550,45,7,2,1
20600,0,9,6,0
20600,1,9,6,0
20600,2,9,6,0
20600,3,10,6,0
20600,4,11,6,0
20600,5,11,6,0
20600,6,11,6,0
20600,7,11,6,0
20600,8,12,6,0
20600,9,12,6,0
20600,10,12,6,0
20600,11,12,6,0
20600,12,12,6,0
20600,13,11,6,0
20600,14,11,6,0
20600,15,11,7,0
20600,16,11,7,0
20600,17,11,7,0
20600,18,11,7,0
20600,19,11,7,0
20600,20,12,7,1
20650,0,16,2,0
20650,1,16,2,0
20650,2,16,2,0
20650,3,16,2,0
20650,4,16,2,0
20650,5,15,2,0
20650,6,15,2,0
20650,7,15,1,0
20650,8,15,1,0
20650,9,15,1,0
20650,10,15,1,0
20650,11,15,1,0
20650,12,16,1,0
20650,13,16,1,0
20650,14,16,1,0
20650,15,16,1,0
20650,16,16,1,0
20650,17,16,1,0
20650,18,16,1,0
20650,19,16,1,0
20650,20,16,1,0
20650,21,16,1,0
20650,22,16,2,0
20650,23,16,3,0
20650,24,16,3,0
20650,25,16,3,1
20700,0,18,5,0
20700,1,18,5,0
20700,2,18,5,0
20700,3,18,5,0
20700,4,18,5,0
20700,5,18,5,0
20700,6,18,5,0
20700,7,18,5,0
20700,8,18,5,0
20700,9,18,5,0
20700,10,18,5,0
20700,11,18,5,0
20700,12,18,5,0
20700,13,18,5,0
20700,14,18,5,0
20700,15,18,5,0
20700,16,18,5,0
20700,17,18,5,0
20700,18,18,6,0
20700,19,18,7,0
20700,20,18,7,0
20700,21,18,7,0
20700,22,18,6,0
20700,23,18,5,0
20700,24,18,4,0
20700,25,18,3,0
20700,26,18,2,0
20700,27,18,2,0
20700,28,18,2,0
20700,29,18,2,0
20700,30,18,2,0
20700,31,18,2,0
20700,32,18,2,0
20750,0,3,15,0
20750,1,3,16,0
20750,2,3,16,0
20750,3,2,16,0
20750,4,2,16,0
20750,5,2,16,0
20750,6,1,16,0
20750,7,1,16,0
20750,8,1,17,0
20750,9,1,17,0
20750,10,1,17,0
20800,0,18,18,0
20800,1,18,18,0
20800,2,18,18,0
20800,3,18,18,0
20800,4,18,18,0
20800,5,18,18,0
20800,6,18,18,0
20800,7,18,18,0
20800,8,18,17,0
20800,9,18,16,0
20800,10,18,15,0
20800,11,18,14,0
20800,12,18,14,0
20800,13,18,14,0
20800,14,18,14,0
20800,15,18,14,0
20800,16,18,14,0
20800,17,17,14,0
20800,18,17,14,0
20800,19,17,13,0
20800,20,17,12,0
20800,21,17,12,0
20800,22,17,12,0
20800,23,17,12,0
20800,24,17,12,0
20800,25,18,12,0
20800,26,18,12,0
20800,27,18,13,0
20800,28,18,13,0
20800,29,18,13,0
20800,30,18,12,0
20800,31,18,11,0
20800,32,18,10,0
20800,33,18,10,0
20800,34,18,10,0
20800,35,18,10,0
20800,36,18,10,0
20850,0,9,8,0
20850,1,10,8,0
20850,2,10,8,0
20850,3,10,8,0
20850,4,10,7,0
20850,5,10,7,1
20900,0,3,5,0
20900,1,2,5,0
20900,2,2,5,0
20900,3,2,5,0
20900,4,2,5,0
20900,5,1,5,0
20900,6,1,5,0
20900,7,1,6,0
20900,8,1,7,0
20900,9,1,8,0
20900,10,1,9,0
20900,11,1,10,0
20900,12,1,11,0
20900,13,1,11,0
20900,14,2,11,0
20900,15,3,11,0
20900,16,4,11,0
20900,17,4,11,0
20900,18,4,11,0
20900,19,4,12,0
20900,20,4,13,0
20900,21,4,13,0
20900,22,5,13,0
20900,23,5,13,0
20900,24,5,13,0
20900,25,5,13,0
20900,26,5,13,0
20900,27,5,13,1
20950,0,17,17,0
20950,1,17,17,0
20950,2,17,16,0
20950,3,17,16,0
20950,4,17,16,0
20950,5,17,15,0
20950,6,17,15,0
20950,7,17,15,0
20950,8,17,15,0
20950,9,17,15,0
20950,10,17,15,0
20950,11,17,15,0
20950,12,16,15,0
20950,13,16,15,0
20950,14,16,15,0
20950,15,16,15,0
20950,16,16,15,0
20950,17,16,14,0
20950,18,16,14,0
20950,19,16,14,0
20950,20,16,13,0
20950,21,16,13,0
20950,22,15,13,0
20950,23,15,13,1
21000,0,14,11,0
21000,1,14,11,0
21000,2,13,11,0
21000,3,12,11,0
21000,4,11,11,0
21000,5,10,11,0
21000,6,9,11,0
21000,7,9,11,0
21000,8,9,11,0
21000,9,8,11,0
21000,10,8,11,0
21000,11,8,10,0
21000,12,8,10,0
21000,13,8,10,0
21000,14,9,10,0
21000,15,10,10,0
21000,16,10,10,0
21000,17,10,10,0
21000,18,9,10,0
21000,19,8,10,0
21000,20,7,10,0
21000,21,7,10,0
21000,22,7,10,0
21000,23,7,10,0
21050,0,9,14,0
21050,1,9,14,0
21050,2,9,13,0
21050,3,9,12,0
21050,4,9,11,0
21050,5,9,11,0
21050,6,9,11,0
21050,7,9,10,0
21050,8,9,10,0
21050,9,9,10,0
21050,10,9,10,0
21050,11,9,10,0
21050,12,9,10,0
21050,13,9,11,0
21050,14,9,12,0
21050,15,9,12,0
21050,16,8,12,0
21050,17,7,12,0
21050,18,7,12,0
21050,19,7,12,0
21050,20,7,12,0
21050,21,7,12,0
21050,22,7,13,0
21050,23,7,14,0
21050,24,7,15,0
21050,25,7,16,0
21050,26,7,16,0
21050,27,7,16,0
21050,28,7,16,0
21050,29,7,16,0
21050,30,7,17,1
21100,0,12,7,0
21100,1,12,7,0
21100,2,12,7,0
21100,3,12,7,0
21100,4,12,7,0
21100,5,12,7,0
21100,6,12,8,0
21100,7,12,8,0
21100,8,12,8,0
21100,9,12,8,0
21100,10,12,8,0
21100,11,11,8,0
21100,12,10,8,0
21100,13,10,8,0
21100,14,10,8,0
21100,15,10,8,0
21100,16,10,8,0
21100,17,10,8,0
21100,18,10,8,0
21100,19,9,8,0
21100,20,9,8,0
21100,21,9,8,0
21100,22,9,8,0
21100,23,9,8,0
21100,24,9,8,0
21100,25,9,8,1
21150,0,2,3,0
21150,1,2,3,0
21150,2,2,3,0
21150,3,2,3,0
21200,0,12,2,0
21200,1,13,2,0
21200,2,13,2,0
21200,3,13,2,0
21250,0,3,4,0
21250,1,3,4,0
21250,2,3,4,0
21250,3,3,4,0
21250,4,3,4,0
21250,5,3,5,0
21250,6,3,5,0
21250,7,3,5,0
21300,0,5,15,0
21300,1,5,14,0
21300,2,5,14,0
21300,3,5,14,0
21300,4,5,13,0
21300,5,5,13,0
21300,6,5,13,0
21300,7,5,13,0
21300,8,5,13,0
21300,9,5,13,0
21300,10,5,14,0
21300,11,5,14,0
21300,12,6,14,0
21300,13,7,14,0
21300,14,7,14,0
21300,15,7,15,0
21300,16,7,15,0
21300,17,8,15,0
21300,18,8,15,0
21300,19,8,15,0
21300,20,8,16,0
21300,21,8,16,0
21300,22,8,16,0
21300,23,8,17,0
21300,24,8,17,0
21300,25,8,17,0
21300,26,8,18,0
21300,27,8,18,0
21300,28,9,18,0
21300,29,9,18,0
21300,30,10,18,0
21300,31,10,18,0
21300,32,10,18,0
21300,33,10,18,0
21300,34,10,17,0
21300,35,10,16,0
21300,36,10,15,0
21300,37,10,14,0
21300,38,10,14,0
21300,39,10,14,0
21300,40,10,14,0
21300,41,10,14,0
21300,42,10,14,0
21300,43,10,14,0
21300,44,10,14,0
21300,45,10,15,1
21350,0,2,14,0
21350,1,1,14,0
21350,2,1,14,0
21350,3,1,14,0
21350,4,1,13,0
21350,5,1,13,0
21350,6,2,13,0
21350,7,2,13,0
21350,8,3,13,0
21350,9,3,13,0
21350,10,3,12,0
21350,11,3,12,0
21350,12,3,12,0
21350,13,3,12,0
21350,14,2,12,0
21350,15,1,12,0
21350,16,1,12,0
21350,17,1,12,0
21350,18,1,12,0
21350,19,1,12,0
21350,20,1,11,0
21350,21,1,10,0
21350,22,1,10,0
21350,23,1,10,0
21350,24,1,10,0
21350,25,1,10,0
21350,26,1,9,0
21350,27,1,9,0
21350,28,1,9,0
21350,29,1,9,0
21350,30,1,8,0
21350,31,1,7,0
21350,32,1,6,0
21350,33,1,6,0
21350,34,2,6,0
21350,35,2,6,0
21350,36,2,6,0
21350,37,2,6,0
21350,38,2,5,0
21350,39,2,4,0
21350,40,2,4,0
21350,41,2,4,0
21350,42,2,4,0
21400,0,16,8,0
21400,1,16,8,0
21400,2,16,8,0
21400,3,16,8,0
21400,4,16,8,0
21400,5,17,8,0
21400,6,18,8,0
21400,7,18,8,0
21400,8,18,8,0
21400,9,18,7,0
21400,10,18,7,0
21400,11,18,7,0
21400,12,18,7,0
21400,13,18,7,0
21400,14,18,7,0
21400,15,18,7,0
21450,0,3,8,0
21450,1,3,8,0
21450,2,3,8,0
21450,3,2,8,0
21450,4,2,8,0
21450,5,2,8,0
21450,6,2,8,0
21450,7,2,8,0
21450,8,2,8,0
21450,9,2,8,0
21450,10,2,8,0
21450,11,2,7,0
21450,12,2,7,0
21450,13,2,7,0
21450,14,2,6,0
21450,15,2,6,0
21450,16,2,6,0
21450,17,2,6,0
21450,18,2,6,0
21450,19,2,6,0
21450,20,2,5,0
21450,21,2,5,0
21450,22,1,5,0
21450,23,1,5,0
21450,24,1,5,0
21450,25,1,5,0
21450,26,2,5,0
21450,27,3,5,0
21450,28,4,5,0
21450,29,4,5,0
21450,30,4,5,0
21450,31,4,4,0
21450,32,4,3,0
21450,33,4,2,0
21450,34,4,1,0
21450,35,4,1,0
21450,36,5,1,0
21450,37,5,1,0
21450,38,5,1,0
21450,39,5,1,0
21450,40,5,1,0
21450,41,5,1,0
21450,42,5,1,0
21450,43,4,1,1
21500,0,15,17,0
21500,1,16,17,0
21500,2,16,17,0
21500,3,16,17,0
21500,4,16,17,0
21500,5,16,17,0
21500,6,16,17,0
21500,7,15,17,0
21500,8,15,17,0
21500,9,15,17,0
21500,10,16,17,0
21500,11,16,17,0
21500,12,16,17,0
21500,13,16,17,0
21500,14,16,17,0
21500,15,16,18,0
21500,16,16,18,0
21500,17,16,18,0
21500,18,16,18,0
21500,19,16,18,0
21500,20,16,18,0
21500,21,16,18,0
21500,22,16,18,0
21500,23,16,18,0
21500,24,16,18,0
21500,25,16,18,0
21500,26,16,18,0
21500,27,16,18,1
21550,0,18,3,0
21550,1,18,3,0
21550,2,18,3,0
21550,3,18,3,0
21550,4,18,2,0
21550,5,18,2,0
21550,6,17,2,0
21550,7,17,2,0
21550,8,17,2,0
21550,9,17,2,0
21550,10,17,2,0
21550,11,17,2,0
21550,12,17,2,0
21550,13,17,2,0
21550,14,17,2,0
21550,15,17,2,0
21550,16,17,2,0
21550,17,17,2,0
21550,18,17,2,0
21550,19,17,3,0
21550,20,17,3,0
21550,21,17,3,0
21550,22,17,3,0
21550,23,17,3,0
21550,24,17,3,0
21550,25,16,3,0
21550,26,16,3,0
21550,27,16,3,0
21550,28,17,3,0
21550,29,17,3,0
21550,30,17,3,0
21550,31,17,3,0
21550,32,17,3,0
21550,33,17,3,0
21550,34,17,3,0
21550,35,17,3,0
21600,0,5,9,0
21600,1,5,9,0
21600,2,5,9,0
21600,3,4,9,0
21600,4,4,9,0
21600,5,4,9,0
21600,6,4,9,0
21600,7,4,10,0
21600,8,4,10,0
21600,9,5,10,0
21600,10,5,10,0
21600,11,5,9,0
21600,12,5,9,0
21600,13,5,9,0
21600,14,5,9,0
21600,15,5,9,0
21600,16,5,8,0
21600,17,5,8,0
21600,18,5,8,0
21600,19,5,8,0
21600,20,5,8,0
21600,21,5,8,0
21600,22,5,7,0
21600,23,5,6,0
21600,24,5,5,0
21600,25,5,4,0
21600,26,5,3,0
21600,27,5,3,0
21600,28,5,3,0
21600,29,5,3,0
21600,30,5,3,0
21600,31,5,3,0
21600,32,5,3,0
21600,33,4,3,0
21600,34,4,3,0
21600,35,4,3,1
21650,0,5,8,0
21650,1,5,8,0
21650,2,5,8,0
21650,3,4,8,0
21650,4,4,8,0
21650,5,4,7,0
21650,6,4,7,0
21650,7,4,7,0
21650,8,4,7,0
21650,9,4,7,0
21650,10,4,7,0
21650,11,4,7,0
21650,12,3,7,0
21650,13,2,7,0
21650,14,2,7,0
21650,15,2,7,0
21650,16,2,7,0
21650,17,2,7,0
21650,18,2,7,0
21650,19,2,7,0
21650,20,2,7,1
21700,0,16,5,0
21700,1,16,5,0
21700,2,15,5,0
21700,3,14,5,0
21700,4,13,5,0
21700,5,13,5,0
21700,6,13,5,0
21700,7,13,5,0
21700,8,13,5,0
21700,9,13,5,0
21700,10,13,4,0
21700,11,13,4,0
21700,12,13,4,0
21700,13,13,4,0
21700,14,13,4,0
21700,15,13,5,0
21700,16,13,5,0
21700,17,13,5,0
21700,18,13,6,0
21700,19,13,7,0
21700,20,13,7,0
21700,21,12,7,0
21700,22,12,7,0
21700,23,11,7,0
21700,24,11,7,0
21700,25,11,8,0
21700,26,11,8,0
21700,27,11,8,0
21700,28,11,9,0
21700,29,11,10,0
21700,30,11,10,0
21700,31,10,10,0
21700,32,10,10,0
21700,33,10,10,0
21700,34,10,10,1
21750,0,14,5,0
21750,1,14,5,0
21750,2,14,5,0
21750,3,14,4,0
21750,4,14,4,0
21750,5,14,4,0
21750,6,14,4,0
21750,7,15,4,0
21750,8,16,4,0
21750,9,17,4,0
21750,10,18,4,0
21750,11,18,4,0
21750,12,18,4,0
21750,13,18,4,0
21750,14,18,4,0
21750,15,18,4,0
21750,16,18,4,0
21750,17,18,4,0
21750,18,18,4,0
21750,19,18,4,0
21750,20,18,4,0
21750,21,18,4,1
21800,0,14,6,0
21800,1,14,6,0
21800,2,14,6,0
21800,3,14,6,0
21800,4,14,6,0
21800,5,14,7,0
21800,6,14,8,0
21800,7,14,9,0
21800,8,14,10,0
21800,9,14,11,0
21800,10,14,12,0
21800,11,14,12,0
21800,12,14,12,0
21800,13,14,13,0
21800,14,14,13,0
21800,15,14,13,0
21800,16,14,13,0
21800,17,14,13,0
21800,18,14,12,0
21800,19,14,12,0
21800,20,14,12,0
21800,21,14,12,1
21850,0,12,14,0
21850,1,12,14,0
21850,2,12,14,0
21850,3,12,14,0
21850,4,12,14,0
21850,5,12,14,0
21850,6,11,14,0
21850,7,11,14,0
21850,8,11,14,0
21850,9,12,14,0
21850,10,12,14,0
21850,11,12,14,0
21850,12,11,14,1
21900,0,8,5,0
21900,1,8,5,0
21900,2,8,5,0
21900,3,8,5,0
21900,4,9,5,0
21900,5,9,5,0
21900,6,9,5,0
21900,7,9,5,0
21900,8,9,5,0
21900,9,9,5,0
21900,10,9,4,0
21900,11,9,3,0
21900,12,9,2,0
21900,13,9,2,0
21900,14,9,2,0
21900,15,9,2,0
21900,16,9,2,0
21950,0,5,17,0
21950,1,5,18,0
21950,2,5,18,0
21950,3,5,18,0
21950,4,5,18,0
21950,5,5,18,0
21950,6,5,18,0
21950,7,5,18,0
21950,8,5,18,0
21950,9,5,18,0
21950,10,5,18,0
21950,11,5,18,0
21950,12,5,18,0
21950,13,5,18,0
21950,14,5,18,0
21950,15,5,18,0
21950,16,5,18,0
21950,17,5,18,0
21950,18,5,18,0
21950,19,5,18,1
22000,0,6,17,0
22000,1,6,17,0
22000,2,6,17,0
22000,3,6,17,0
22000,4,6,17,0
22000,5,6,17,0
22000,6,6,17,0
22000,7,6,17,0
22000,8,6,17,0
22000,9,6,17,0
22000,10,6,17,0
22000,11,6,17,0
22000,12,6,17,0
22000,13,6,17,0
22000,14,6,17,0
22000,15,6,18,0
22000,16,6,18,0
22000,17,6,18,0
22000,18,6,18,0
22000,19,6,18,0
22000,20,6,18,0
22000,21,6,18,0
22000,22,6,18,0
22000,23,6,18,0
22000,24,6,18,0
22000,25,6,18,0
22000,26,6,18,0
22050,0,1,11,0
22050,1,1,11,0
22050,2,1,11,0
22050,3,1,11,0
22050,4,1,11,0
22050,5,1,10,0
22050,6,1,9,0
22050,7,1,8,0
22050,8,1,8,0
22050,9,1,8,0
22050,10,1,8,0
22050,11,1,8,0
22050,12,1,8,0
22050,13,1,8,0
22050,14,1,8,0
22050,15,1,8,0
22050,16,1,8,0
22100,0,4,7,0
22100,1,4,7,0
22100,2,4,7,0
22100,3,4,7,0
22100,4,4,7,0
22100,5,4,7,0
22100,6,4,7,0
22100,7,4,7,0
22100,8,4,7,0
22100,9,4,7,0
22100,10,4,7,0
22100,11,4,7,0
22100,12,4,7,0
22100,13,4,7,0
22100,14,4,6,0
22100,15,4,5,0
22100,16,4,4,0
22100,17,4,4,0
22100,18,4,4,0
22100,19,4,3,0
22100,20,4,2,0
22100,21,4,2,0
22100,22,4,2,0
22100,23,4,3,0
22100,24,4,3,0
22100,25,4,3,0
22100,26,4,3,0
22100,27,4,3,0
22100,28,4,3,0
22100,29,4,3,0
22100,30,4,3,0
22100,31,4,3,0
22100,32,4,3,0
22100,33,4,3,0
22100,34,4,3,0
22100,35,4,3,0
22100,36,4,4,0
22100,37,4,5,0
22100,38,4,5,0
22100,39,4,5,0
22100,40,4,5,0
22100,41,4,5,0
22100,42,4,5,0
22100,43,3,5,0
22100,44,3,5,0
22100,45,3,5,0
22100,46,3,5,0
22100,47,3,5,0
22100,48,3,5,0
22150,0,18,15,0
22150,1,18,15,0
22150,2,17,15,0
22150,3,16,15,0
22150,4,15,15,0
22150,5,14,15,0
22150,6,13,15,0
22150,7,13,15,0
22150,8,13,15,0
22150,9,13,14,0
22150,10,13,14,0
22150,11,13,14,0
22150,12,13,14,0
22150,13,14,14,0
22150,14,15,14,0
22150,15,15,14,0
22150,16,15,14,0
22150,17,16,14,0
22150,18,16,14,0
22150,19,16,14,0
22150,20,16,14,0
22150,21,16,14,0
22150,22,16,15,0
22150,23,16,16,0
22150,24,16,16,0
22150,25,15,16,0
22150,26,14,16,0
22150,27,13,16,0
22150,28,13,16,0
22150,29,13,16,0
22150,30,13,16,0
22200,0,6,10,0
22200,1,6,10,0
22200,2,7,10,0
22200,3,8,10,0
22200,4,8,10,0
22200,5,8,10,0
22200,6,9,10,0
22200,7,10,10,0
22200,8,10,10,0
22200,9,10,10,0
22200,10,10,11,0
22200,11,10,12,0
22200,12,10,12,0
22200,13,9,12,0
22200,14,9,12,0
22200,15,9,11,0
22200,16,9,10,0
22200,17,9,10,0
22200,18,8,10,0
22200,19,8,10,0
22200,20,8,10,0
22200,21,8,10,0
22200,22,8,10,0
22200,23,8,10,0
22200,24,8,10,0
22200,25,8,10,0
22200,26,8,10,1
22250,0,10,16,0
22250,1,10,16,0
22250,2,10,16,0
22250,3,10,16,0
22250,4,9,16,0
22250,5,9,16,0
22250,6,9,16,0
22250,7,9,15,0
22250,8,9,15,0
22250,9,10,15,0
22250,10,10,15,0
22250,11,10,16,0
22250,12,10,17,0
22250,13,10,18,0
22250,14,10,18,0
22250,15,11,18,0
22250,16,11,18,0
22250,17,11,18,0
22250,18,11,18,0
22250,19,11,18,0
22250,20,11,18,0
22250,21,11,17,0
22250,22,11,17,0
22250,23,11,17,0
22250,24,11,17,0
22250,25,11,17,0
22250,26,11,17,0
22250,27,11,16,0
22250,28,11,16,0
22250,29,11,16,0
22250,30,11,16,0
22250,31,11,16,0
22250,32,11,15,1
22300,0,15,15,0
22300,1,15,15,0
22300,2,15,14,0
22300,3,15,14,0
22300,4,15,14,0
22300,5,15,14,0
22300,6,15,13,0
22300,7,15,13,0
22300,8,14,13,0
22300,9,14,13,0
22300,10,14,13,0
22300,11,13,13,0
22300,12,12,13,0
22300,13,11,13,0
22300,14,11,13,0
22300,15,11,12,0
22300,16,11,12,0
22300,17,11,12,0
22350,0,18,17,0
22350,1,18,17,0
22350,2,17,17,0
22350,3,16,17,0
22350,4,15,17,0
22350,5,15,17,0
22350,6,15,17,0
22350,7,14,17,0
22350,8,14,17,0
22350,9,14,17,0
22350,10,14,17,0
22400,0,16,4,0
22400,1,16,4,0
22400,2,16,4,0
22400,3,16,4,0
22400,4,15,4,0
22400,5,15,4,0
22400,6,15,3,0
22400,7,15,2,0
22400,8,15,2,0
22400,9,15,2,0
22400,10,15,2,0
22400,11,15,2,0
22400,12,15,2,0
22400,13,15,2,0
22400,14,15,2,0
22400,15,15,2,0
22400,16,15,2,0
22400,17,15,2,0
22400,18,16,2,0
22400,19,16,2,0
22400,20,16,2,0
22400,21,16,2,0
22400,22,16,2,0
22400,23,16,2,0
22400,24,16,2,0
22400,25,16,1,0
22400,26,16,1,0
22400,27,16,1,0
22400,28,15,1,0
22400,29,15,1,0
22400,30,15,1,0
22400,31,15,1,0
22400,32,15,1,0
22400,33,15,1,0
22400,34,15,1,0
22400,35,15,1,0
22400,36,15,1,0
22400,37,15,1,0
22400,38,15,1,0
22400,39,15,1,0
22400,40,16,1,0
22400,41,17,1,0
22400,42,18,1,0
22400,43,18,1,0
22400,44,18,1,0
22400,45,18,1,0
22400,46,18,2,0
22400,47,18,2,0
22400,48,18,2,0
22400,49,18,2,0
22400,50,18,2,0
22400,51,18,2,1
22450,0,13,17,0
22450,1,13,17,0
22450,2,13,17,0
22450,3,13,16,0
22450,4,13,15,0
22450,5,13,15,0
22450,6,13,15,0
22450,7,13,15,0
22450,8,13,15,0
22450,9,13,15,0
22450,10,12,15,0
22450,11,11,15,0
22450,12,10,15,0
22450,13,10,15,0
22450,14,10,14,0
22450,15,10,14,0
22450,16,10,14,0
22450,17,10,15,0
22450,18,10,15,0
22450,19,11,15,0
22450,20,11,15,0
22450,21,11,15,0
22450,22,11,14,0
22450,23,11,14,0
22450,24,11,14,0
22450,25,11,15,0
22450,26,11,16,0
22450,27,11,16,0
22450,28,11,16,0
22450,29,11,16,0
22450,30,11,16,0
22450,31,11,16,0
22450,32,10,16,0
22450,33,10,16,0
22450,34,10,17,0
22450,35,10,17,0
22450,36,10,17,0
22450,37,11,17,0
22450,38,11,17,0
22450,39,11,18,0
22450,40,11,18,0
22450,41,12,18,0
22450,42,13,18,0
22450,43,13,18,0
22450,44,13,18,0
22450,45,13,18,1
22500,0,16,15,0
22500,1,17,15,0
22500,2,18,15,0
22500,3,18,15,0
22500,4,18,15,0
22500,5,18,15,0
22500,6,18,15,0
22500,7,18,16,0
22500,8,18,16,0
22500,9,18,16,0
22500,10,18,16,0
22500,11,18,16,0
22500,12,18,16,0
22500,13,18,16,0
22500,14,18,16,0
22500,15,17,16,0
22500,16,16,16,0
22500,17,15,16,0
22500,18,15,16,0
22500,19,15,16,0
22500,20,15,16,0
22500,21,14,16,0
22500,22,14,16,0
22500,23,14,16,0
22500,24,14,16,0
22500,25,14,16,0
22500,26,14,16,0
22500,27,14,15,0
22500,28,14,14,0
22500,29,14,14,0
22500,30,14,14,1
22550,0,13,18,0
22550,1,13,18,0
22550,2,13,18,0
22550,3,13,18,0
22550,4,13,18,0
22550,5,13,18,0
22550,6,13,18,0
22550,7,13,18,0
22550,8,13,18,0
22550,9,13,18,0
22550,10,13,18,0
22550,11,13,18,0
22550,12,13,17,0
22550,13,13,16,0
22550,14,13,16,0
22550,15,13,16,1
22600,0,1,1,0
22600,1,1,1,0
22600,2,1,1,0
22600,3,1,1,0
22600,4,1,1,0
22600,5,1,1,0
22600,6,1,1,0
22600,7,1,1,0
22600,8,1,1,0
22600,9,1,1,0
22600,10,1,1,0
22600,11,1,1,0
22600,12,1,1,0
22600,13,1,1,0
22600,14,2,1,0
22600,15,2,1,0
22600,16,2,1,0
22600,17,2,1,0
22600,18,2,1,0
22600,19,2,2,0
22600,20,2,3,0
22600,21,2,3,0
22600,22,3,3,1
22650,0,10,4,0
22650,1,10,5,0
22650,2,10,6,0
22650,3,10,6,0
22650,4,10,6,0
22650,5,10,6,0
22650,6,10,6,0
22650,7,10,6,0
22650,8,10,6,0
22650,9,10,6,0
22650,10,10,6,0
22650,11,10,6,0
22650,12,10,6,0
22700,0,15,9,0
22700,1,15,9,0
22700,2,14,9,0
22700,3,14,9,0
22700,4,14,10,0
22700,5,14,11,0
22700,6,14,11,0
22700,7,14,11,0
22700,8,14,11,0
22700,9,14,11,0
22700,10,14,11,0
22700,11,14,11,0
22700,12,14,11,0
22700,13,14,11,0
22700,14,14,11,0
22700,15,14,11,0
22700,16,14,11,0
22700,17,14,12,0
22700,18,14,12,0
22700,19,13,12,0
22700,20,12,12,0
22700,21,12,12,0
22700,22,12,12,0
22700,23,11,12,0
22700,24,11,12,0
22700,25,11,12,0
22700,26,11,12,0
22700,27,11,12,1
22750,0,15,4,0
22750,1,15,5,0
22750,2,15,5,0
22750,3,15,5,0
22750,4,15,5,0
22750,5,15,5,0
22750,6,15,5,0
22750,7,16,5,0
22750,8,17,5,0
22750,9,17,5,0
22750,10,17,5,0
22750,11,17,6,0
22750,12,17,7,0
22750,13,17,7,0
22750,14,18,7,0
22750,15,18,7,0
22750,16,18,7,0
22750,17,18,7,0
22750,18,18,7,0
22750,19,18,7,0
22750,20,18,8,0
22750,21,18,8,0
22750,22,18,9,0
22750,23,18,9,0
22750,24,18,9,0
22750,25,18,9,0
22750,26,18,9,0
22750,27,18,9,0
22750,28,18,9,0
22750,29,18,9,0
22750,30,18,8,0
22750,31,18,8,0
22750,32,18,8,0
22750,33,18,8,0
22750,34,18,8,0
22750,35,18,8,0
22750,36,18,8,0
22750,37,18,8,0
22750,38,18,7,0
22750,39,18,6,0
22750,40,18,5,0
22750,41,18,4,0
22750,42,18,4,0
22750,43,18,4,0
22750,44,18,4,0
22750,45,18,3,0
22750,46,18,3,0
22750,47,18,3,0
22750,48,18,2,0
22750,49,18,2,0
22750,50,18,2,0
22750,51,18,1,0
22750,52,18,1,0
22750,53,18,1,0
22750,54,18,1,0
22750,55,18,1,0
22750,56,17,1,0
22750,57,16,1,0
22750,58,16,1,0
22750,59,16,1,0
22750,60,16,1,0
22750,61,16,2,0
22750,62,16,3,0
22750,63,16,3,0
22750,64,16,3,0
22750,65,16,3,0
22750,66,16,3,0
22800,0,5,7,0
22800,1,6,7,0
22800,2,6,7,0
22800,3,6,7,0
22800,4,6,7,0
22800,5,6,7,0
22800,6,6,7,0
22800,7,6,7,0
22800,8,6,7,0
22800,9,7,7,0
22800,10,8,7,0
22800,11,8,7,0
22800,12,8,7,0
22800,13,8,7,0
22800,14,8,7,0
22800,15,8,7,0
22800,16,9,7,0
22800,17,10,7,0
22800,18,11,7,0
22800,19,11,7,0
22800,20,11,7,0
22800,21,12,7,0
22800,22,12,7,0
22800,23,12,7,0
22800,24,12,7,1
22850,0,2,3,0
22850,1,2,3,0
22850,2,2,4,0
22850,3,2,4,0
22850,4,3,4,0
22850,5,4,4,0
22850,6,4,4,0
22850,7,4,4,0
22850,8,4,4,0
22850,9,4,4,0
22850,10,4,3,0
22850,11,4,2,0
22850,12,4,1,0
22850,13,4,1,0
22850,14,4,1,0
22850,15,4,1,0
22850,16,4,1,0
22850,17,4,1,0
22850,18,4,1,0
22850,19,4,1,0
22850,20,5,1,0
22850,21,6,1,0
22850,22,7,1,0
22850,23,7,1,0
22850,24,7,1,0
22850,25,8,1,0
22850,26,8,1,0
22850,27,8,1,0
22850,28,8,2,0
22850,29,8,2,0
22850,30,8,2,0
22850,31,8,2,0
22850,32,7,2,0
22850,33,6,2,0
22850,34,5,2,0
22850,35,4,2,0
22850,36,4,2,0
22850,37,4,2,0
22850,38,4,2,0
22850,39,4,3,0
22850,40,4,4,0
22850,41,4,4,0
22850,42,4,4,0
22850,43,4,4,0
22850,44,4,4,0
22900,0,10,5,0
22900,1,10,5,0
22900,2,10,5,0
22900,3,10,6,0
22900,4,10,6,0
22900,5,10,6,0
22900,6,10,6,0
22900,7,10,6,0
22900,8,10,6,0
22900,9,10,6,0
22900,10,9,6,0
22900,11,9,6,0
22900,12,9,6,0
22900,13,10,6,0
22900,14,10,6,0
22900,15,10,6,0
22900,16,10,6,0
22900,17,11,6,0
22900,18,12,6,0
22900,19,13,6,0
22900,20,14,6,0
22900,21,15,6,0
22900,22,16,6,0
22900,23,17,6,0
22900,24,17,6,0
22900,25,17,6,0
22900,26,18,6,0
22900,27,18,6,0
22900,28,18,6,0
22900,29,17,6,0
22900,30,17,6,0
22900,31,17,6,0
22900,32,17,6,0
22950,0,15,14,0
22950,1,15,14,0
22950,2,15,14,0
22950,3,15,14,0
22950,4,15,14,0
22950,5,15,14,0
22950,6,15,14,0
22950,7,15,14,0
22950,8,15,14,0
22950,9,15,14,0
22950,10,15,14,0
22950,11,15,14,0
22950,12,15,13,0
22950,13,15,13,0
22950,14,15,13,0
22950,15,15,13,0
22950,16,15,13,0
22950,17,15,13,0
22950,18,15,13,0
22950,19,15,13,0
22950,20,15,13,0
22950,21,15,13,0
22950,22,15,13,0
22950,23,15,13,0
22950,24,15,13,0
22950,25,15,13,1
23000,0,11,15,0
23000,1,11,15,0
23000,2,11,15,0
23000,3,11,15,0
23000,4,11,14,0
23000,5,11,14,0
23000,6,11,14,0
23000,7,10,14,0
23000,8,9,14,0
23000,9,8,14,0
23000,10,8,14,0
23000,11,8,14,0
23000,12,8,14,0
23000,13,8,15,0
23000,14,8,15,0
23000,15,8,15,0
23000,16,8,15,0
23000,17,8,15,0
23000,18,9,15,0
23000,19,10,15,0
23000,20,10,15,0
23000,21,10,15,0
23000,22,10,15,0
23000,23,10,15,0
23000,24,10,15,0
23000,25,10,16,0
23000,26,10,16,0
23000,27,10,16,0
23000,28,10,16,0
23000,29,10,16,0
23000,30,10,16,1
23050,0,13,6,0
23050,1,13,6,0
23050,2,13,6,0
23050,3,13,7,0
23050,4,13,7,0
23050,5,13,8,0
23050,6,13,8,0
23050,7,13,8,0
23050,8,13,8,0
23050,9,13,8,0
23050,10,13,7,0
23050,11,13,7,0
23050,12,14,7,0
23050,13,15,7,0
23050,14,15,7,0
23050,15,15,7,0
23050,16,15,7,0
23050,17,15,7,0
23050,18,15,7,0
23050,19,15,7,0
23050,20,15,7,0
23050,21,15,7,0
23050,22,15,8,0
23050,23,15,8,0
23050,24,16,8,0
23050,25,16,8,0
23050,26,16,8,0
23050,27,16,8,1
23100,0,5,5,0
23100,1,5,6,0
23100,2,5,6,0
23100,3,6,6,0
23100,4,6,6,0
23100,5,6,6,0
23100,6,6,6,0
23100,7,6,6,0
23100,8,6,6,0
23100,9,6,6,0
23100,10,6,5,0
23100,11,6,5,0
23100,12,6,5,0
23100,13,6,4,0
23100,14,6,3,0
23100,15,6,3,0
23100,16,6,3,0
23100,17,6,2,0
23100,18,6,2,0
23100,19,6,2,0
23100,20,6,2,0
23100,21,6,2,0
23100,22,6,1,0
23100,23,6,1,0
23100,24,5,1,0
23100,25,5,1,0
23100,26,5,1,0
23100,27,5,1,1
23150,0,1,18,0
23150,1,1,18,0
23150,2,2,18,0
23150,3,3,18,0
23150,4,3,18,0
23150,5,3,18,0
23150,6,3,18,0
23150,7,3,18,0
23150,8,3,18,0
23150,9,3,18,0
23150,10,3,18,0
23150,11,3,18,0
23150,12,3,18,0
23150,13,4,18,0
23150,14,4,18,0
23150,15,4,18,0
23150,16,4,18,0
23150,17,4,18,0
23150,18,4,18,0
23150,19,4,18,0
23150,20,4,18,0
23150,21,4,18,0
23150,22,4,18,0
23150,23,4,18,0
23150,24,4,17,0
23150,25,4,16,0
23150,26,4,16,0
23150,27,4,16,0
23150,28,4,16,0
23150,29,4,16,0
23150,30,4,16,0
23150,31,4,16,1
23200,0,7,16,0
23200,1,7,16,0
23200,2,7,16,0
23200,3,7,16,0
23200,4,7,16,0
23200,5,6,16,0
23200,6,6,16,0
23200,7,6,17,0
23200,8,6,18,0
23200,9,6,18,0
23200,10,6,18,0
23200,11,6,18,0
23200,12,6,18,0
23200,13,6,18,0
23200,14,6,18,0
23200,15,6,18,0
23200,16,6,18,0
23200,17,6,18,0
23200,18,6,18,0
23250,0,4,3,0
23250,1,4,3,0
23250,2,4,3,0
23250,3,4,3,0
23250,4,4,3,0
23250,5,4,3,0
23250,6,4,2,0
23250,7,4,2,0
23250,8,4,2,0
23250,9,4,2,0
23250,10,4,2,0
23250,11,4,2,0
23250,12,4,2,0
23250,13,4,2,0
23250,14,3,2,0
23250,15,3,2,0
23250,16,3,2,0
23250,17,3,2,0
23250,18,3,2,0
23250,19,3,1,0
23250,20,3,1,0
23250,21,3,1,0
23250,22,3,1,0
23250,23,3,1,0
23250,24,2,1,0
23250,25,1,1,0
23250,26,1,1,0
23250,27,1,1,0
23250,28,1,1,0
23250,29,1,1,0
23250,30,1,1,0
23250,31,1,1,0
23250,32,1,1,0
23300,0,2,2,0
23300,1,3,2,0
23300,2,4,2,0
23300,3,5,2,0
23300,4,6,2,0
23300,5,6,2,0
23300,6,6,2,0
23300,7,6,2,0
23300,8,6,2,0
23300,9,7,2,0
23300,10,7,2,0
23300,11,7,2,0
23300,12,7,2,0
23300,13,7,2,0
23300,14,7,2,0
23300,15,7,2,0
23300,16,7,3,0
23300,17,7,3,0
23300,18,7,3,0
23300,19,7,3,0
23300,20,7,3,0
23300,21,7,3,0
23300,22,6,3,0
23300,23,6,3,0
23300,24,6,3,0
23300,25,6,3,0
23300,26,6,3,0
23300,27,5,3,0
23300,28,4,3,0
23300,29,4,3,1
23350,0,16,10,0
23350,1,16,10,0
23350,2,16,11,0
23350,3,16,11,1
23400,0,2,18,0
23400,1,2,18,0
23400,2,2,17,0
23400,3,2,17,0
23400,4,2,17,0
23400,5,3,17,0
23400,6,4,17,0
23400,7,4,17,0
23400,8,4,16,0
23400,9,4,16,0
23400,10,4,16,1
23450,0,12,7,0
23450,1,12,7,0
23450,2,11,7,0
23450,3,11,7,0
23450,4,11,8,0
23450,5,11,9,0
23450,6,11,9,0
23450,7,11,9,0
23450,8,11,10,0
23450,9,11,11,0
23450,10,11,12,0
23450,11,11,12,0
23450,12,11,12,0
23450,13,11,11,0
23450,14,11,11,0
23450,15,11,11,0
23450,16,11,11,0
23450,17,11,10,0
23450,18,11,10,0
23450,19,11,10,0
23450,20,11,10,0
23450,21,11,10,0
23450,22,11,9,1
23500,0,14,13,0
23500,1,14,13,0
23500,2,13,13,0
23500,3,12,13,0
23500,4,12,13,0
23500,5,12,13,0
23500,6,12,13,0
23550,0,4,16,0
23550,1,4,16,0
23550,2,4,16,0
23550,3,4,16,0
23550,4,4,16,0
23550,5,4,16,0
23550,6,4,16,0
23550,7,4,16,0
23550,8,4,16,0
23550,9,4,16,0
23550,10,4,16,0
23550,11,4,16,0
23550,12,4,16,0
23550,13,4,16,0
23550,14,4,16,0
23550,15,4,16,0
23550,16,4,16,0
23550,17,4,16,0
23550,18,4,16,0
23600,0,14,14,0
23600,1,13,14,0
23600,2,13,14,0
23600,3,13,14,0
23600,4,12,14,0
23600,5,12,14,0
23600,6,12,15,0
23600,7,12,15,0
23600,8,12,15,0
23600,9,13,15,0
23600,10,13,15,0
23600,11,13,14,0
23600,12,13,13,0
23600,13,13,12,0
23600,14,13,12,0
23600,15,14,12,0
23600,16,15,12,0
23600,17,16,12,0
23600,18,16,12,0
23600,19,16,12,0
23600,20,16,12,0
23600,21,16,13,0
23600,22,16,13,0
23600,23,16,13,0
23600,24,16,13,0
23600,25,16,13,0
23650,0,10,4,0
23650,1,10,4,0
23650,2,10,4,0
23650,3,9,4,0
23650,4,9,4,0
23650,5,9,4,0
23650,6,9,4,0
23650,7,9,4,0
23650,8,9,4,0
23650,9,9,4,0
23650,10,8,4,0
23650,11,8,4,0
23650,12,8,4,0
23650,13,8,4,0
23650,14,8,4,0
23650,15,9,4,0
23650,16,9,4,0
23650,17,9,4,0
23650,18,9,4,0
23700,0,16,17,0
23700,1,16,17,0
23700,2,16,17,0
23700,3,16,17,0
23700,4,16,16,0
23700,5,16,15,0
23700,6,16,15,0
23700,7,16,15,0
23700,8,16,14,0
23700,9,16,14,0
23700,10,16,14,0
23700,11,16,14,0
23700,12,16,14,0
23700,13,16,14,0
23700,14,16,14,0
23700,15,16,14,0
23700,16,16,14,0
23700,17,16,14,0
23700,18,16,14,0
23700,19,16,14,0
23700,20,16,14,0
23700,21,16,14,0
23700,22,16,14,0
23700,23,15,14,0
23700,24,15,14,0
23700,25,15,14,0
23700,26,15,14,0
23700,27,15,13,0
23700,28,15,13,0
23700,29,15,13,0
23700,30,15,13,0
23700,31,15,13,0
23750,0,5,14,0
23750,1,5,14,0
23750,2,5,14,0
23750,3,5,14,0
23750,4,5,15,0
23750,5,5,15,0
23750,6,6,15,0
23750,7,6,15,0
23750,8,6,16,0
23750,9,6,17,0
23750,10,6,17,0
23750,11,6,17,0
23750,12,6,17,0
23750,13,6,17,0
23800,0,3,4,0
23800,1,3,4,0
23800,2,3,4,0
23800,3,3,5,0
23800,4,3,6,0
23800,5,3,6,0
23800,6,3,6,0
23800,7,3,6,0
23800,8,3,6,0
23800,9,3,6,0
23800,10,3,6,0
23800,11,3,6,0
23800,12,3,6,0
23800,13,3,6,0
23800,14,3,7,0
23800,15,3,8,0
23800,16,3,9,0
23800,17,3,9,0
23800,18,3,9,0
23800,19,3,8,0
23800,20,3,8,0
23800,21,3,8,0
23800,22,3,8,0
23800,23,3,8,0
23800,24,3,8,0
23800,25,3,8,0
23800,26,3,8,0
23800,27,3,7,0
23800,28,3,6,0
23800,29,3,6,0
23800,30,3,6,0
23800,31,3,5,0
23800,32,3,5,0
23800,33,3,5,0
23800,34,3,6,0
23800,35,3,6,0
23800,36,3,6,0
23800,37,3,6,0
23800,38,3,6,0
23850,0,13,6,0
23850,1,13,6,0
23850,2,13,6,0
23850,3,13,6,0
23850,4,13,6,0
23850,5,12,6,0
23850,6,12,6,0
23850,7,12,6,0
23850,8,12,7,0
23850,9,12,7,0
23850,10,12,7,0
23850,11,12,7,0
23850,12,12,7,0
23850,13,12,7,0
23850,14,12,7,0
23850,15,12,6,0
23850,16,12,6,0
23850,17,12,6,0
23850,18,12,6,0
23850,19,11,6,0
23850,20,11,6,0
23850,21,11,7,0
23850,22,11,7,0
23850,23,11,7,0
23850,24,12,7,0
23850,25,13,7,0
23850,26,13,7,0
23850,27,13,8,0
23850,28,13,9,0
23850,29,13,10,0
23850,30,13,10,0
23850,31,14,10,0
23850,32,15,10,0
23850,33,15,10,0
23850,34,15,10,0
23850,35,15,11,0
23850,36,15,12,0
23850,37,15,13,0
23850,38,15,13,0
23850,39,15,13,0
23850,40,15,13,0
23850,41,15,13,0
23850,42,15,13,1
23900,0,11,9,0
23900,1,12,9,0
23900,2,12,9,0
23900,3,12,9,0
23900,4,12,9,0
23900,5,12,9,0
23900,6,12,10,0
23900,7,12,10,0
23900,8,12,10,0
23900,9,12,9,0
23900,10,12,9,0
23900,11,13,9,0
23900,12,13,9,0
23900,13,13,8,0
23900,14,13,8,0
23900,15,13,8,0
23900,16,13,9,0
23900,17,13,10,0
23900,18,13,11,0
23900,19,13,12,0
23900,20,13,12,0
23900,21,14,12,0
23900,22,14,12,0
23900,23,14,12,0
23900,24,14,12,0
23900,25,14,12,0
23900,26,14,12,0
23900,27,14,12,0
23900,28,14,12,0
23950,0,8,4,0
23950,1,8,4,0
23950,2,8,4,0
23950,3,8,4,0
23950,4,8,4,0
23950,5,8,4,0
23950,6,9,4,0
23950,7,10,4,0
23950,8,11,4,0
23950,9,12,4,0
23950,10,13,4,0
23950,11,13,4,0
23950,12,13,4,0
23950,13,13,4,0
23950,14,13,4,0
23950,15,13,4,1
24000,0,9,16,0
24000,1,9,16,0
24000,2,9,16,0
24000,3,9,16,0
24000,4,9,16,0
24000,5,9,16,0
24000,6,9,16,0
24000,7,9,16,0
24000,8,9,16,0
24000,9,9,15,0
24000,10,9,15,0
24000,11,9,15,0
24000,12,9,15,0
24000,13,9,15,0
24000,14,9,15,0
24000,15,9,15,0
24000,16,8,15,0
24000,17,8,15,0
24000,18,8,16,0
24000,19,8,17,0
24000,20,8,17,0
24000,21,8,17,0
24000,22,8,18,0
24000,23,8,18,0
24000,24,9,18,0
24000,25,9,18,0
24000,26,9,18,0
24000,27,9,18,0
24000,28,9,18,0
24000,29,9,18,0
24050,0,14,18,0
24050,1,14,18,0
24050,2,14,18,0
24050,3,14,18,0
24050,4,14,18,0
24050,5,14,18,0
24050,6,14,18,0
24050,7,14,18,0
24050,8,14,18,0
24050,9,14,18,0
24050,10,14,18,0
24050,11,14,18,0
24050,12,14,18,0
24050,13,14,18,0
24050,14,14,17,0
24050,15,14,17,0
24050,16,14,17,0
24050,17,14,17,0
24050,18,14,17,0
24050,19,14,17,0
24050,20,14,17,0
24050,21,14,17,0
24050,22,14,17,0
24050,23,15,17,0
24050,24,16,17,0
24050,25,16,17,0
24050,26,16,18,0
24050,27,16,18,0
24050,28,17,18,0
24050,29,17,18,0
24050,30,17,18,0
24050,31,17,18,0
24050,32,17,18,0
24050,33,17,18,0
24050,34,17,18,0
24050,35,17,18,0
24050,36,17,18,0
24050,37,17,18,0
24050,38,17,18,0
24100,0,13,18,0
24100,1,13,18,0
24100,2,13,18,0
24100,3,13,18,0
24100,4,13,18,0
24100,5,13,18,0
24100,6,13,18,0
24100,7,13,18,0
24100,8,13,18,0
24100,9,14,18,0
24100,10,15,18,0
24100,11,16,18,0
24100,12,17,18,0
24100,13,18,18,0
24100,14,18,18,0
24100,15,18,18,0
24100,16,18,18,0
24100,17,18,18,0
24100,18,18,18,0
24100,19,18,18,1
24150,0,7,6,0
24150,1,6,6,0
24150,2,6,6,0
24150,3,6,6,0
24150,4,5,6,0
24150,5,5,6,0
24150,6,5,6,0
24150,7,5,6,0
24150,8,5,6,0
24150,9,4,6,0
24150,10,4,6,0
24150,11,4,7,0
24150,12,4,7,0
24150,13,4,7,0
24150,14,4,7,0
24150,15,4,7,0
24200,0,12,2,0
24200,1,11,2,0
24200,2,11,2,0
24200,3,10,2,0
24200,4,10,2,0
24200,5,10,3,0
24200,6,10,3,0
24200,7,10,3,0
24200,8,10,4,0
24200,9,10,5,0
24200,10,10,6,0
24200,11,10,6,0
24200,12,10,6,0
24200,13,10,6,0
24200,14,10,6,0
24200,15,10,7,1
24250,0,1,14,0
24250,1,1,14,0
24250,2,1,14,0
24250,3,1,14,0
24250,4,1,14,0
24250,5,1,14,0
24250,6,1,14,0
24250,7,1,14,0
24250,8,1,14,0
24250,9,1,14,0
24250,10,1,14,0
24250,11,1,14,0
24250,12,1,14,0
24250,13,1,14,0
24250,14,1,14,0
24250,15,1,14,0
24250,16,2,14,0
24250,17,2,14,0
24250,18,2,13,0
24250,19,2,13,0
24250,20,2,13,0
24250,21,1,13,0
24250,22,1,13,0
24250,23,1,14,0
24250,24,1,14,0
24250,25,1,14,0
24250,26,1,14,0
24250,27,1,14,0
24250,28,1,14,0
24250,29,1,14,0
24250,30,1,14,0
24250,31,1,14,0
24250,32,1,14,0
24250,33,1,14,0
24250,34,1,14,0
24250,35,1,14,0
24300,0,17,1,0
24300,1,17,1,0
24300,2,17,1,0
24300,3,17,1,0
24300,4,17,1,0
24300,5,17,1,0
24300,6,17,1,0
24300,7,17,1,0
24300,8,17,1,0
24300,9,17,1,0
24300,10,18,1,0
24300,11,18,1,0
24300,12,18,1,0
24300,13,18,1,0
24300,14,17,1,0
24300,15,16,1,0
24300,16,15,1,0
24300,17,15,1,0
24300,18,15,1,0
24300,19,15,1,0
24300,20,15,1,0
24300,21,15,1,0
24300,22,15,1,0
24300,23,15,1,0
24300,24,15,1,0
24300,25,15,1,0
24300,26,15,1,0
24300,27,15,1,0
24300,28,15,1,0
24300,29,15,1,0
24300,30,15,1,0
24300,31,15,1,0
24300,32,15,1,1
24350,0,8,1,0
24350,1,8,1,0
24350,2,9,1,0
24350,3,10,1,0
24350,4,10,1,0
24350,5,10,1,0
24350,6,10,1,0
24350,7,11,1,0
24350,8,12,1,0
24350,9,13,1,0
24350,10,13,1,0
24350,11,13,1,0
24350,12,13,1,1
24400,0,15,17,0
24400,1,15,17,0
24400,2,15,17,0
24400,3,15,17,0
24400,4,15,18,0
24400,5,15,18,0
24400,6,15,18,0
24400,7,15,18,0
24400,8,15,18,0
24400,9,15,18,0
24400,10,15,18,0
24400,11,15,18,0
24400,12,15,18,0
24400,13,15,18,0
24400,14,15,18,0
24400,15,15,18,0
24400,16,15,18,0
24400,17,15,18,0
24400,18,15,17,0
24400,19,15,17,0
24400,20,15,17,0
24400,21,15,17,0
24400,22,16,17,0
24400,23,16,17,0
24400,24,16,17,0
24400,25,16,17,0
24400,26,16,16,0
24400,27,16,16,0
24400,28,15,16,0
24400,29,15,16,0
24400,30,15,16,0
24400,31,15,16,0
24400,32,15,17,0
24400,33,15,17,0
24400,34,16,17,0
24400,35,17,17,0
24400,36,17,17,0
24400,37,17,17,0
24400,38,17,17,0
24400,39,18,17,0
24400,40,18,17,0
24400,41,18,18,0
24400,42,18,18,0
24400,43,18,18,0
24400,44,18,17,0
24400,45,18,16,0
24400,46,18,16,0
24400,47,18,16,0
24400,48,18,16,0
24400,49,18,16,0
24400,50,18,16,0
24400,51,18,17,0
24400,52,18,17,0
24400,53,18,17,0
24400,54,18,18,0
24400,55,18,18,0
24400,56,18,18,0
24400,57,18,18,0
24400,58,18,18,0
24400,59,18,18,0
24400,60,18,18,0
24400,61,18,18,0
24450,0,8,4,0
24450,1,8,4,0
24450,2,8,4,0
24450,3,9,4,0
24450,4,10,4,0
24450,5,11,4,0
24450,6,12,4,0
24450,7,13,4,0
24450,8,13,4,0
24450,9,13,5,0
24450,10,13,5,1
24500,0,8,3,0
24500,1,8,3,0
24500,2,8,3,0
24500,3,8,3,0
24500,4,8,3,0
24500,5,8,4,0
24500,6,8,4,0
24500,7,8,4,0
24500,8,8,4,0
24500,9,9,4,0
24500,10,9,4,0
24500,11,9,4,0
24500,12,9,4,0
24500,13,9,4,0
24500,14,8,4,0
24500,15,8,4,0
24500,16,8,4,0
24500,17,8,5,1
24550,0,7,3,0
24550,1,7,3,0
24550,2,7,3,0
24550,3,7,3,0
24550,4,7,3,0
24550,5,7,3,0
24550,6,7,3,0
24550,7,7,3,0
24550,8,7,2,0
24550,9,7,2,0
24550,10,7,2,0
24550,11,7,1,0
24550,12,7,1,0
24550,13,7,1,0
24550,14,7,1,0
24550,15,7,1,0
24550,16,7,1,0
24550,17,7,1,0
24550,18,7,1,0
24550,19,7,1,0
24550,20,7,1,0
24550,21,7,1,0
24550,22,7,1,0
24550,23,7,1,0
24550,24,7,1,0
24550,25,7,1,0
24550,26,7,1,0
24550,27,7,1,0
24550,28,7,1,0
24550,29,7,1,0
24550,30,7,1,0
24550,31,7,1,0
24550,32,7,2,0
24550,33,7,2,0
24550,34,7,2,0
24550,35,7,2,0
24550,36,7,2,0
24550,37,7,2,0
24550,38,7,2,0
24550,39,7,1,0
24550,40,7,1,0
24550,41,7,1,0
24550,42,7,1,0
24550,43,7,1,0
24550,44,7,1,0
24550,45,7,1,0
24550,46,7,1,0
24550,47,7,1,0
24550,48,6,1,1
24600,0,1,2,0
24600,1,1,2,0
24600,2,1,2,0
24600,3,1,2,0
24600,4,1,2,0
24600,5,1,3,0
24600,6,1,4,0
24600,7,1,4,0
24600,8,1,4,0
24600,9,1,5,0
24600,10,1,6,0
24600,11,1,7,0
24600,12,1,7,0
24600,13,1,7,0
24600,14,1,7,0
24600,15,1,7,0
24600,16,1,7,0
24600,17,1,6,0
24600,18,1,6,0
24600,19,2,6,0
24600,20,2,6,0
24600,21,2,6,0
24600,22,2,6,0
24600,23,2,6,0
24600,24,2,6,0
24600,25,2,6,0
24600,26,2,6,0
24600,27,2,6,0
24600,28,2,6,0
24600,29,3,6,0
24600,30,3,6,0
24600,31,3,7,0
24600,32,3,8,0
24600,33,3,8,0
24600,34,4,8,0
24600,35,4,8,0
24600,36,4,9,0
24600,37,4,9,0
24600,38,4,9,0
24600,39,5,9,0
24600,40,5,9,0
24600,41,5,9,0
24600,42,4,9,0
24600,43,4,9,0
24600,44,4,9,0
24600,45,3,9,0
24600,46,2,9,0
24600,47,2,9,0
24600,48,2,9,0
24600,49,2,9,1
24650,0,12,2,0
24650,1,12,2,0
24650,2,12,2,0
24650,3,12,3,0
24650,4,12,4,0
24650,5,12,5,0
24650,6,12,6,0
24650,7,12,7,0
24650,8,12,7,0
24650,9,12,7,0
24650,10,12,7,0
24650,11,12,6,0
24650,12,12,6,0
24650,13,12,6,0
24650,14,12,6,0
24650,15,12,6,0
24650,16,12,5,0
24650,17,12,4,0
24650,18,12,4,0
24650,19,12,3,0
24650,20,12,2,0
24650,21,12,1,0
24650,22,12,1,0
24650,23,13,1,0
24650,24,13,1,0
24650,25,13,2,0
24650,26,13,3,0
24650,27,13,4,0
24650,28,13,4,0
24650,29,13,4,0
24650,30,13,4,0
24650,31,13,4,0
24700,0,13,12,0
24700,1,13,11,0
24700,2,13,10,0
24700,3,13,10,0
24700,4,13,10,0
24700,5,13,9,0
24700,6,13,9,0
24700,7,13,9,0
24700,8,13,9,0
24700,9,13,9,0
24700,10,13,9,0
24700,11,13,9,0
24700,12,13,9,1
24750,0,17,12,0
24750,1,17,12,0
24750,2,17,12,0
24750,3,17,12,0
24750,4,17,12,0
24750,5,17,12,0
24750,6,17,12,0
24750,7,17,12,0
24750,8,17,12,0
24750,9,17,12,0
24750,10,17,12,0
24750,11,17,12,0
24750,12,17,12,0
24750,13,17,11,0
24750,14,17,10,0
24750,15,17,10,0
24750,16,17,10,0
24750,17,17,11,0
24750,18,17,12,0
24750,19,17,12,0
24750,20,17,12,0
24750,21,17,11,0
24750,22,17,11,0
24750,23,17,11,0
24750,24,17,11,0
24750,25,17,11,0
24750,26,18,11,0
24750,27,18,11,0
24750,28,18,11,0
24750,29,18,12,0
24750,30,18,13,0
24750,31,18,13,0
24750,32,18,13,0
24750,33,18,13,0
24750,34,18,13,0
24800,0,18,17,0
24800,1,18,17,0
24800,2,18,16,0
24800,3,18,15,0
24800,4,18,14,0
24800,5,18,13,0
24800,6,18,12,0
24800,7,18,12,0
24800,8,18,12,0
24800,9,18,12,0
24800,10,18,12,0
24800,11,18,11,0
24800,12,18,11,0
24800,13,17,11,0
24800,14,16,11,0
24800,15,16,11,0
24800,16,16,10,0
24800,17,16,10,0
24800,18,16,10,0
24800,19,16,10,0
24800,20,16,11,0
24800,21,16,12,0
24800,22,16,12,0
24800,23,15,12,0
24800,24,15,12,0
24800,25,15,11,0
24800,26,15,10,0
24800,27,15,10,0
24800,28,15,10,0
24800,29,16,10,0
24800,30,17,10,0
24800,31,17,10,0
24800,32,17,10,0
24800,33,17,10,0
24800,34,17,10,0
24800,35,17,10,0
24800,36,17,10,0
24800,37,17,10,1
24850,0,3,10,0
24850,1,4,10,0
24850,2,5,10,0
24850,3,6,10,0
24850,4,7,10,0
24850,5,7,10,0
24850,6,7,10,0
24850,7,7,10,0
24850,8,7,10,0
24850,9,7,10,0
24850,10,7,10,0
24850,11,7,10,0
24850,12,7,10,0
24850,13,7,11,0
24850,14,7,12,0
24850,15,7,12,0
24850,16,7,12,0
24850,17,7,12,0
24850,18,7,12,0
24850,19,7,12,0
24850,20,7,12,0
24850,21,7,12,0
24850,22,7,12,0
24850,23,7,12,0
24850,24,7,12,0
24850,25,6,12,0
24850,26,6,12,0
24850,27,6,12,0
24850,28,6,12,0
24850,29,5,12,0
24850,30,4,12,0
24850,31,4,12,0
24850,32,4,12,1
24900,0,11,3,0
24900,1,11,3,0
24900,2,11,3,0
24900,3,11,3,0
24900,4,11,4,0
24900,5,11,5,0
24900,6,11,5,0
24900,7,10,5,0
24900,8,10,5,0
24900,9,10,5,0
24900,10,9,5,0
24900,11,8,5,0
24900,12,8,5,0
24900,13,7,5,0
24900,14,7,5,0
24900,15,7,5,0
24900,16,7,5,0
24900,17,7,5,0
24900,18,7,5,0
24900,19,7,5,0
24900,20,7,5,0
24900,21,7,4,0
24900,22,7,4,0
24900,23,7,4,0
24900,24,8,4,0
24900,25,8,4,0
24900,26,8,4,0
24900,27,9,4,0
24900,28,9,4,1
24950,0,14,8,0
24950,1,14,8,0
24950,2,15,8,0
24950,3,15,8,0
24950,4,15,9,0
24950,5,15,9,0
24950,6,15,9,0
24950,7,15,9,0
24950,8,15,9,0
24950,9,15,10,0
24950,10,15,10,0
24950,11,15,10,0
24950,12,15,10,0
24950,13,15,10,0
25000,0,16,14,0
25000,1,16,14,0
25000,2,16,14,0
25050,0,5,15,0
25050,1,5,15,0
25050,2,5,15,0
25050,3,5,15,0
25050,4,5,15,0
25050,5,5,15,0
25050,6,5,15,0
25050,7,6,15,0
25050,8,6,15,0
25050,9,6,15,0
25050,10,6,15,0
25100,0,3,14,0
25100,1,3,14,0
25100,2,3,14,0
25100,3,3,14,0
25100,4,3,13,0
25100,5,3,13,0
25100,6,3,13,0
25100,7,3,13,0
25100,8,3,13,0
25100,9,3,12,0
25100,10,3,11,0
25100,11,3,11,0
25100,12,3,11,0
25100,13,3,11,0
25100,14,4,11,0
25100,15,5,11,0
25100,16,6,11,0
25100,17,6,11,0
25100,18,6,10,0
25100,19,6,10,0
25100,20,6,10,0
25100,21,6,10,0
25100,22,6,10,0
25100,23,6,10,1
25150,0,16,4,0
25150,1,16,5,0
25150,2,16,5,0
25200,0,12,10,0
25200,1,12,10,0
25200,2,12,10,0
25200,3,12,10,0
25200,4,12,10,0
25200,5,12,9,0
25200,6,12,9,0
25200,7,12,9,0
25200,8,12,9,0
25200,9,12,9,0
25200,10,12,9,0
25200,11,12,9,0
25200,12,12,9,0
25200,13,12,9,0
25200,14,12,9,0
25200,15,12,9,0
25200,16,12,9,0
25200,17,12,10,0
25200,18,12,11,0
25200,19,12,12,0
25200,20,12,12,0
25200,21,12,12,0
25200,22,12,13,0
25200,23,12,13,0
25200,24,12,13,0
25200,25,12,14,0
25200,26,12,15,0
25200,27,12,15,0
25200,28,13,15,0
25200,29,13,15,0
25200,30,13,15,0
25200,31,13,14,0
25200,32,13,14,0
25200,33,13,14,0
25200,34,13,14,0
25200,35,12,14,0
25200,36,12,14,0
25200,37,12,14,0
25200,38,13,14,0
25200,39,13,14,0
25200,40,13,14,0
25200,41,13,14,0
25200,42,13,14,0
25200,43,13,14,0
25200,44,13,15,0
25200,45,13,15,0
25200,46,14,15,0
25200,47,14,15,0
25200,48,14,15,0
25200,49,14,15,0
25250,0,2,15,0
25250,1,1,15,0
25250,2,1,15,0
25250,3,1,15,0
25250,4,1,15,0
25250,5,1,15,0
25250,6,1,15,0
25250,7,1,14,0
25250,8,1,13,0
25250,9,1,13,0
25250,10,1,13,0
25250,11,1,13,0
25250,12,1,13,0
25250,13,1,13,0
25250,14,1,13,0
25250,15,1,13,0
25250,16,1,13,0
25250,17,1,13,0
25250,18,1,13,0
25250,19,1,13,0
25250,20,1,13,0
25250,21,1,13,0
25250,22,1,12,0
25250,23,1,11,0
25250,24,1,10,0
25250,25,1,10,0
25250,26,1,10,0
25250,27,1,10,0
25250,28,1,10,0
25300,0,4,11,0
25300,1,4,11,0
25300,2,5,11,0
25300,3,5,11,0
25300,4,5,10,0
25300,5,5,10,0
25300,6,6,10,0
25300,7,6,10,0
25300,8,6,10,0
25300,9,6,10,0
25300,10,6,10,0
25300,11,6,10,0
25300,12,5,10,0
25300,13,5,10,0
25300,14,5,10,0
25300,15,4,10,0
25300,16,3,10,0
25300,17,2,10,0
25300,18,2,10,0
25300,19,2,10,0
25300,20,2,10,0
25300,21,2,10,0
25300,22,2,10,0
25300,23,2,10,0
25300,24,2,10,0
25300,25,2,10,0
25300,26,2,9,0
25300,27,2,9,0
25300,28,2,9,0
25300,29,2,9,0
25300,30,2,9,0
25300,31,2,9,1
25350,0,14,7,0
25350,1,14,7,0
25350,2,14,8,0
25350,3,14,8,0
25350,4,13,8,0
25350,5,12,8,0
25350,6,12,8,0
25350,7,12,8,0
25350,8,12,8,0
25350,9,12,8,0
25350,10,12,8,0
25350,11,12,8,0
25350,12,12,8,0
25350,13,12,8,0
25350,14,12,8,0
25350,15,12,8,0
25350,16,12,7,0
25350,17,12,7,0
25350,18,13,7,0
25350,19,13,7,0
25350,20,13,7,0
25350,21,13,7,0
25350,22,13,7,0
25350,23,13,7,0
25400,0,7,2,0
25400,1,8,2,0
25400,2,8,2,0
25400,3,8,2,0
25400,4,8,2,0
25400,5,8,2,0
25400,6,8,2,0
25400,7,8,2,0
25400,8,8,2,0
25400,9,8,2,0
25400,10,8,2,0
25400,11,8,2,0
25400,12,8,1,0
25400,13,8,1,0
25400,14,9,1,0
25400,15,9,1,0
25400,16,9,1,0
25400,17,9,1,0
25400,18,9,1,0
25400,19,9,1,0
25400,20,9,1,0
25400,21,9,1,0
25400,22,9,1,0
25400,23,8,1,0
25400,24,8,1,0
25400,25,8,1,0
25400,26,8,1,0
25400,27,8,1,0
25400,28,8,1,0
25400,29,8,1,0
25400,30,8,1,0
25400,31,8,1,0
25400,32,8,1,0
25400,33,7,1,0
25400,34,7,1,0
25400,35,7,1,0
25400,36,7,1,0
25400,37,7,1,0
25400,38,7,1,0
25400,39,7,1,1
25450,0,13,3,0
25450,1,13,3,0
25450,2,13,3,0
25450,3,13,3,0
25450,4,13,3,0
25450,5,14,3,0
25450,6,14,3,0
25450,7,14,2,0
25450,8,14,2,0
25450,9,14,2,0
25450,10,14,1,0
25450,11,14,1,0
25450,12,14,1,0
25450,13,14,2,0
25450,14,14,2,0
25450,15,14,2,0
25450,16,14,2,0
25450,17,14,2,0
25450,18,15,2,0
25450,19,16,2,0
25450,20,16,2,0
25450,21,16,1,0
25450,22,16,1,0
25450,23,16,1,0
25450,24,16,1,0
25450,25,17,1,0
25450,26,17,1,0
25450,27,17,1,0
25450,28,17,1,0
25450,29,17,1,0
25450,30,17,1,0
25500,0,17,12,0
25500,1,17,12,0
25500,2,16,12,0
25500,3,15,12,0
25500,4,15,12,0
25500,5,15,12,0
25500,6,15,12,0
25500,7,14,12,0
25500,8,13,12,0
25500,9,12,12,0
25500,10,11,12,0
25500,11,11,12,0
25500,12,11,13,0
25500,13,11,13,0
25500,14,10,13,0
25500,15,9,13,0
25500,16,9,13,0
25500,17,9,13,0
25500,18,8,13,0
25500,19,8,13,0
25500,20,8,13,0
25500,21,8,13,0
25500,22,8,13,0
25500,23,8,13,0
25500,24,8,13,0
25500,25,8,13,0
25500,26,8,13,0
25500,27,8,13,0
25500,28,8,13,0
25500,29,8,13,1
25550,0,18,4,0
25550,1,18,4,0
25550,2,18,4,0
25550,3,17,4,0
25550,4,17,4,0
25550,5,17,4,0
25550,6,17,4,0
25550,7,17,4,0
25550,8,17,4,0
25550,9,17,4,0
25550,10,17,3,0
25550,11,17,3,0
25550,12,16,3,0
25550,13,16,3,0
25550,14,16,3,0
25550,15,16,3,0
25550,16,16,3,1
25600,0,14,11,0
25600,1,14,11,0
25600,2,14,11,0
25600,3,14,10,0
25600,4,14,10,0
25600,5,14,10,0
25600,6,14,10,0
25600,7,14,10,0
25600,8,14,10,0
25600,9,14,9,0
25600,10,14,9,0
25600,11,15,9,0
25600,12,16,9,0
25600,13,17,9,0
25600,14,18,9,0
25600,15,18,9,0
25600,16,18,10,0
25600,17,18,10,0
25600,18,18,10,0
25600,19,18,10,0
25600,20,18,10,0
25600,21,18,10,1
25650,0,5,4,0
25650,1,5,4,0
25650,2,5,3,0
25650,3,5,2,0
25650,4,5,1,0
25650,5,5,1,0
25650,6,6,1,0
25650,7,7,1,0
25650,8,8,1,0
25650,9,8,1,0
25650,10,8,1,0
25650,11,8,1,0
25650,12,8,1,0
25650,13,7,1,0
25650,14,7,1,0
25650,15,7,1,0
25650,16,7,1,0
25650,17,7,1,0
25650,18,7,1,0
25650,19,6,1,0
25650,20,5,1,0
25650,21,5,1,0
25650,22,5,1,0
25650,23,6,1,0
25650,24,6,1,0
25650,25,6,1,0
25650,26,6,1,0
25650,27,6,1,0
25650,28,6,1,0
25650,29,6,1,0
25650,30,6,1,0
25650,31,6,1,0
25650,32,6,1,0
25650,33,6,2,0
25650,34,6,2,0
25650,35,7,2,0
25650,36,8,2,0
25650,37,8,2,0
25650,38,8,1,0
25650,39,8,1,0
25650,40,8,1,0
25650,41,8,1,0
25650,42,8,1,0
25700,0,17,10,0
25700,1,17,10,0
25700,2,17,10,0
25700,3,17,10,0
25700,4,17,10,0
25700,5,17,10,0
25700,6,17,11,0
25700,7,17,11,0
25700,8,17,11,0
25700,9,17,12,0
25700,10,17,12,0
25700,11,17,12,0
25700,12,16,12,0
25700,13,15,12,0
25700,14,15,12,0
25700,15,15,12,0
25700,16,15,12,0
25700,17,15,12,0
25700,18,15,12,0
25700,19,15,11,1
25750,0,13,9,0
25750,1,13,9,0
25750,2,13,9,0
25750,3,13,9,0
25750,4,12,9,0
25750,5,12,9,0
25750,6,12,9,0
25750,7,13,9,0
25750,8,13,9,0
25750,9,13,9,0
25750,10,13,9,0
25750,11,13,9,0
25750,12,13,9,0
25750,13,13,9,0
25750,14,13,9,0
25750,15,13,10,0
25750,16,13,11,0
25750,17,13,12,0
25750,18,13,13,0
25750,19,13,13,0
25750,20,12,13,0
25750,21,11,13,0
25750,22,11,13,0
25750,23,11,13,0
25750,24,11,14,0
25750,25,11,15,0
25750,26,11,16,0
25750,27,11,17,0
25750,28,11,18,0
25750,29,11,18,0
25750,30,11,18,0
25750,31,11,17,0
25750,32,11,17,0
25750,33,11,17,0
25750,34,11,17,0
25750,35,11,17,0
25800,0,18,2,0
25800,1,18,2,0
25850,0,17,14,0
25850,1,17,14,0
25850,2,17,14,0
25850,3,17,14,0
25850,4,17,13,0
25850,5,17,13,0
25850,6,17,13,0
25850,7,17,13,0
25850,8,18,13,0
25850,9,18,13,0
25850,10,18,13,0
25850,11,18,13,0
25850,12,18,12,0
25850,13,18,12,0
25850,14,18,12,0
25850,15,18,12,0
25850,16,18,13,0
25850,17,18,13,0
25850,18,18,13,0
25850,19,18,13,0
25850,20,18,13,0
25850,21,18,12,0
25850,22,18,11,0
25850,23,18,10,0
25850,24,18,10,0
25850,25,18,10,0
25850,26,18,10,0
25850,27,18,10,0
25850,28,17,10,0
25850,29,17,10,0
25850,30,17,10,0
25850,31,18,10,0
25850,32,18,10,0
25850,33,18,10,0
25850,34,18,10,0
25850,35,18,10,0
25850,36,18,10,0
25850,37,18,10,0
25850,38,18,9,0
25850,39,18,8,0
25850,40,18,8,0
25850,41,18,8,0
25850,42,18,9,0
25850,43,18,9,0
25850,44,18,9,0
25850,45,18,9,0
25850,46,18,9,0
25850,47,18,9,0
25850,48,18,9,0
25900,0,18,10,0
25900,1,18,9,0
25900,2,18,8,0
25900,3,18,8,0
25900,4,18,8,0
25900,5,18,8,0
25900,6,18,8,0
25900,7,18,8,0
25900,8,18,8,0
25900,9,18,8,0
25900,10,18,8,0
25900,11,18,8,0
25900,12,18,8,0
25900,13,18,8,0
25900,14,18,8,0
25950,0,10,5,0
25950,1,10,5,0
25950,2,11,5,0
25950,3,12,5,0
25950,4,12,5,0
25950,5,12,5,0
25950,6,12,5,0
26000,0,10,7,0
26000,1,10,7,0
26000,2,10,7,0
26000,3,10,7,0
26000,4,10,7,0
26000,5,10,6,0
26000,6,10,6,0
26000,7,10,6,0
26000,8,10,6,0
26000,9,10,6,0
26050,0,13,2,0
26050,1,13,2,0
26050,2,13,2,0
26050,3,13,2,0
26050,4,13,2,0
26050,5,13,2,0
26050,6,14,2,0
26050,7,14,2,0
26050,8,14,2,0
26050,9,14,2,0
26050,10,14,2,0
26050,11,14,2,0
26050,12,14,2,0
26050,13,14,2,0
26050,14,14,2,0
26050,15,14,2,0
26050,16,14,3,0
26050,17,14,4,0
26050,18,14,5,0
26050,19,14,5,0
26050,20,14,5,0
26050,21,14,5,0
26050,22,14,5,0
26050,23,14,5,0
26050,24,14,6,0
26050,25,14,7,0
26050,26,14,8,0
26050,27,14,9,0
26050,28,14,9,0
26050,29,15,9,0
26050,30,15,9,0
26050,31,15,10,0
26050,32,15,11,0
26050,33,15,11,0
26050,34,15,11,0
26050,35,15,11,0
26050,36,15,11,0
26050,37,15,11,0
26050,38,15,10,0
26050,39,15,10,0
26050,40,16,10,0
26050,41,17,10,0
26050,42,17,10,0
26050,43,17,10,1
26100,0,3,18,0
26100,1,3,18,0
26100,2,2,18,0
26100,3,2,18,0
26100,4,2,17,0
26100,5,2,17,0
26100,6,2,17,0
26100,7,2,16,0
26100,8,2,15,0
26100,9,2,14,0
26100,10,2,13,0
26100,11,2,12,0
26100,12,2,11,0
26100,13,2,10,0
26100,14,2,9,0
26100,15,2,9,0
26100,16,3,9,0
26100,17,3,9,0
26100,18,3,9,0
26100,19,3,9,0
26100,20,3,9,0
26100,21,3,10,0
26100,22,3,10,0
26100,23,4,10,0
26100,24,5,10,0
26100,25,6,10,0
26100,26,6,10,0
26100,27,6,9,0
26100,28,6,9,0
26100,29,6,9,0
26100,30,6,9,0
26100,31,6,9,0
26150,0,5,10,0
26150,1,5,10,0
26150,2,6,10,0
26150,3,7,10,0
26150,4,8,10,0
26150,5,8,10,0
26150,6,8,10,0
26150,7,8,10,0
26150,8,7,10,0
26150,9,7,10,0
26150,10,7,10,0
26150,11,7,10,0
26150,12,7,9,0
26150,13,7,8,0
26150,14,7,7,0
26150,15,7,6,0
26150,16,7,6,0
26150,17,7,6,0
26150,18,7,6,0
26150,19,7,6,0
26150,20,7,6,0
26150,21,7,6,0
26150,22,7,6,0
26150,23,7,6,1
26200,0,18,11,0
26200,1,18,11,0
26200,2,17,11,0
26200,3,16,11,0
26200,4,16,11,0
26200,5,16,11,0
26200,6,16,11,0
26200,7,16,11,0
26200,8,16,11,0
26200,9,16,11,0
26200,10,16,11,0
26200,11,16,11,0
26200,12,16,11,0
26200,13,16,11,0
26200,14,16,11,0
26200,15,16,11,0
26200,16,16,11,0
26200,17,16,11,0
26200,18,16,11,0
26200,19,16,11,0
26200,20,15,11,0
26200,21,15,11,0
26200,22,15,12,0
26200,23,15,13,0
26200,24,15,14,0
26200,25,15,14,0
26200,26,15,14,0
26200,27,15,14,0
26200,28,15,14,0
26200,29,15,14,0
26200,30,15,14,0
26200,31,15,14,0
26200,32,15,15,0
26200,33,15,16,0
26200,34,15,16,0
26200,35,15,16,0
26200,36,15,16,0
26200,37,15,16,0
26200,38,15,15,0
26200,39,15,15,0
26200,40,15,15,0
26200,41,15,15,0
26200,42,15,15,0
26200,43,15,15,0
26200,44,15,14,0
26200,45,15,13,0
26200,46,15,12,0
26200,47,15,11,0
26200,48,15,10,0
26200,49,15,9,0
26200,50,15,9,0
26200,51,15,9,0
26200,52,15,10,0
26200,53,15,10,0
26200,54,15,10,0
26200,55,15,10,0
26200,56,15,9,0
26200,57,15,8,0
26200,58,15,8,0
26200,59,15,8,0
26200,60,15,7,0
26200,61,15,6,0
26200,62,15,5,0
26200,63,15,4,0
26200,64,15,4,0
26200,65,15,3,0
26200,66,15,2,0
26200,67,15,1,0
26200,68,15,1,0
26200,69,15,1,0
26200,70,15,1,0
26200,71,15,1,1
26250,0,18,3,0
26250,1,18,2,0
26250,2,18,1,0
26250,3,18,1,0
26250,4,18,1,0
26250,5,18,2,0
26250,6,18,2,0
26250,7,18,2,0
26250,8,18,2,0
26250,9,18,2,0
26250,10,18,2,0
26250,11,18,2,0
26250,12,18,2,0
26250,13,18,2,0
26250,14,18,2,1
26300,0,11,10,0
26300,1,11,10,0
26300,2,11,10,0
26300,3,11,10,0
26300,4,11,10,0
26300,5,11,10,0
26300,6,11,10,0
26300,7,10,10,0
26300,8,10,10,0
26300,9,10,10,0
26300,10,10,10,0
26300,11,10,10,0
26300,12,10,10,0
26300,13,10,9,0
26300,14,10,9,0
26300,15,10,9,0
26300,16,10,9,0
26300,17,10,9,0
26300,18,10,9,0
26300,19,10,9,0
26300,20,9,9,0
26300,21,9,9,0
26300,22,9,10,0
26300,23,9,11,0
26300,24,9,11,0
26300,25,9,11,0
26300,26,9,12,0
26300,27,9,12,0
26300,28,9,12,0
26300,29,9,12,0
26300,30,9,12,0
26350,0,9,8,0
26350,1,9,8,0
26350,2,9,8,0
26350,3,9,8,0
26350,4,9,8,0
26350,5,9,8,0
26350,6,9,8,0
26350,7,9,8,0
26350,8,9,8,0
26350,9,9,8,0
26350,10,9,8,0
26350,11,9,8,0
26350,12,9,8,0
26350,13,9,8,0
26350,14,9,8,0
26350,15,9,8,0
26350,16,9,8,0
26350,17,9,8,0
26350,18,9,8,0
26350,19,9,8,0
26350,20,9,8,0
26350,21,9,8,0
26350,22,9,8,0
26350,23,9,8,0
26350,24,9,8,0
26350,25,9,8,0
26350,26,9,8,0
26350,27,9,8,0
26350,28,9,8,0
26350,29,9,8,0
26350,30,8,8,0
26350,31,7,8,0
26350,32,6,8,0
26350,33,6,8,0
26350,34,6,8,0
26350,35,6,8,0
26350,36,6,8,0
26350,37,6,8,0
26350,38,6,8,1
26400,0,4,16,0
26400,1,4,16,0
26400,2,4,16,0
26400,3,4,16,0
26400,4,4,16,0
26400,5,4,15,0
26400,6,4,14,0
26400,7,4,14,0
26400,8,4,14,0
26400,9,4,14,0
26400,10,4,14,0
26400,11,4,14,0
26400,12,4,14,0
26400,13,3,14,0
26400,14,2,14,0
26400,15,1,14,0
26400,16,1,14,0
26400,17,1,14,0
26400,18,1,14,0
26400,19,1,14,0
26400,20,1,14,0
26400,21,1,14,0
26400,22,1,14,0
26400,23,1,14,0
26400,24,1,14,0
26450,0,18,2,0
26450,1,18,2,0
26450,2,17,2,0
26450,3,17,2,0
26450,4,17,2,0
26450,5,16,2,0
26450,6,15,2,0
26450,7,14,2,0
26450,8,13,2,0
26450,9,13,2,0
26450,10,13,2,0
26450,11,12,2,0
26450,12,11,2,0
26450,13,11,2,0
26450,14,11,2,0
26450,15,10,2,0
26450,16,9,2,0
26450,17,8,2,0
26450,18,8,2,0
26450,19,8,2,0
26450,20,8,2,0
26450,21,8,2,0
26450,22,8,2,0
26450,23,8,2,0
26450,24,8,2,0
26450,25,8,2,0
26450,26,8,3,0
26450,27,8,3,0
26450,28,9,3,0
26450,29,10,3,0
26450,30,10,3,0
26450,31,10,3,0
26450,32,11,3,1
26500,0,18,15,0
26500,1,18,15,0
26500,2,17,15,0
26500,3,16,15,0
26500,4,15,15,0
26500,5,15,15,0
26500,6,15,15,0
26500,7,15,15,0
26500,8,15,15,0
26500,9,15,15,0
26500,10,15,15,0
26500,11,15,15,0
26500,12,15,15,0
26500,13,15,15,0
26500,14,15,15,0
26500,15,15,15,0
26500,16,15,15,0
26500,17,15,16,0
26500,18,15,17,0
26500,19,15,18,0
26500,20,15,18,0
26500,21,14,18,0
26500,22,14,18,0
26500,23,14,18,0
26500,24,14,18,0
26500,25,14,18,0
26500,26,14,18,0
26500,27,14,18,0
26500,28,14,18,0
26500,29,14,18,0
26500,30,14,18,0
26500,31,14,18,0
26500,32,13,18,0
26500,33,13,18,0
26500,34,13,18,0
26500,35,13,18,1
26550,0,9,16,0
26550,1,8,16,0
26550,2,7,16,0
26550,3,7,16,0
26550,4,7,16,0
26550,5,7,16,0
26550,6,7,15,0
26550,7,7,14,0
26550,8,7,14,0
26550,9,7,14,0
26550,10,7,14,0
26550,11,7,14,0
26550,12,8,14,0
26550,13,9,14,0
26550,14,10,14,0
26550,15,11,14,0
26550,16,12,14,0
26550,17,13,14,0
26550,18,13,14,0
26550,19,13,14,0
26550,20,13,14,0
26550,21,13,14,0
26550,22,13,13,0
26550,23,13,12,0
26550,24,13,12,0
26550,25,12,12,0
26550,26,11,12,0
26550,27,10,12,0
26550,28,10,12,0
26550,29,10,12,0
26550,30,10,13,0
26550,31,10,14,0
26550,32,10,15,0
26550,33,10,16,0
26550,34,10,17,0
26550,35,10,18,0
26550,36,10,18,0
26550,37,10,18,0
26550,38,10,18,0
26550,39,10,18,0
26550,40,10,18,0
26550,41,10,18,1
26600,0,16,12,0
26600,1,16,13,0
26600,2,16,13,0
26600,3,16,13,0
26600,4,16,12,0
26600,5,16,11,0
26600,6,16,10,0
26600,7,16,10,0
26600,8,16,10,0
26600,9,16,10,0
26600,10,16,10,0
26600,11,16,9,0
26600,12,16,8,0
26600,13,16,8,0
26600,14,15,8,0
26600,15,15,8,0
26600,16,15,9,0
26600,17,15,9,0
26600,18,15,9,0
26600,19,15,9,0
26600,20,15,9,0
26600,21,15,9,0
26600,22,15,10,0
26600,23,15,11,0
26600,24,15,12,0
26600,25,15,13,0
26600,26,15,14,0
26600,27,15,14,0
26600,28,15,14,0
26600,29,15,13,0
26600,30,15,13,0
26600,31,15,13,0
26600,32,15,13,0
26600,33,15,13,0
26600,34,15,13,0
26600,35,15,12,0
26600,36,15,11,0
26600,37,15,10,0
26600,38,15,9,0
26600,39,15,9,0
26600,40,15,9,0
26600,41,15,8,0
26600,42,15,8,0
26600,43,15,8,0
26600,44,15,8,0
26600,45,15,8,0
26600,46,15,8,1
26650,0,16,7,0
26650,1,16,7,0
26650,2,17,7,0
26650,3,18,7,0
26650,4,18,7,0
26650,5,18,6,0
26650,6,18,6,0
26650,7,18,6,0
26650,8,18,6,0
26650,9,18,6,0
26700,0,8,3,0
26700,1,8,4,0
26700,2,8,4,0
26700,3,8,4,0
26700,4,8,5,0
26700,5,8,5,0
26700,6,8,5,0
26700,7,8,5,0
26700,8,8,6,0
26700,9,8,6,0
26700,10,7,6,0
26700,11,6,6,0
26700,12,6,6,0
26700,13,6,6,0
26700,14,6,6,0
26700,15,6,6,0
26700,16,6,6,0
26700,17,6,6,0
26700,18,7,6,0
26700,19,7,6,0
26700,20,7,6,0
26700,21,7,6,0
26750,0,5,7,0
26750,1,5,7,0
26750,2,4,7,0
26750,3,4,7,0
26750,4,4,6,0
26750,5,4,5,0
26750,6,4,5,0
26750,7,4,5,0
26750,8,4,5,0
26750,9,3,5,0
26750,10,3,5,0
26750,11,3,6,0
26750,12,3,7,0
26750,13,3,8,0
26750,14,3,8,0
26750,15,3,8,0
26750,16,2,8,0
26750,17,2,8,0
26750,18,2,8,0
26750,19,1,8,0
26750,20,1,8,0
26750,21,1,8,0
26750,22,1,8,0
26750,23,1,8,0
26750,24,1,8,0
26750,25,1,8,0
26750,26,1,8,0
26750,27,1,9,0
26750,28,1,10,0
26750,29,1,11,0
26750,30,1,11,0
26750,31,1,12,0
26750,32,1,12,0
26750,33,1,12,0
26750,34,1,12,0
26750,35,1,12,0
26750,36,1,11,0
26750,37,1,10,0
26750,38,1,9,0
26750,39,1,8,0
26750,40,1,8,0
26750,41,1,8,0
26750,42,1,8,0
26750,43,1,8,0
26800,0,11,3,0
26800,1,11,3,0
26800,2,12,3,0
26800,3,12,3,0
26800,4,12,3,0
26800,5,12,3,0
26800,6,12,4,0
26800,7,12,4,0
26800,8,12,4,0
26800,9,13,4,0
26800,10,13,4,0
26800,11,13,4,0
26800,12,14,4,0
26800,13,15,4,0
26800,14,15,4,0
26800,15,15,4,0
26800,16,16,4,0
26800,17,16,4,0
26800,18,16,4,0
26800,19,16,4,0
26800,20,16,4,0
26800,21,16,4,0
26800,22,17,4,0
26800,23,18,4,0
26800,24,18,4,0
26800,25,18,3,0
26800,26,18,2,0
26800,27,18,2,0
26800,28,18,2,0
26800,29,18,1,0
26800,30,18,1,0
26800,31,18,1,0
26800,32,18,1,0
26850,0,12,6,0
26850,1,11,6,0
26850,2,11,6,0
26850,3,11,6,0
26850,4,11,7,0
26850,5,11,8,0
26850,6,11,9,0
26850,7,11,10,0
26850,8,11,11,0
26850,9,11,12,0
26850,10,11,13,0
26850,11,11,14,0
26850,12,11,14,0
26850,13,11,14,0
26850,14,11,14,0
26850,15,10,14,0
26850,16,10,14,0
26850,17,10,14,0
26850,18,10,14,0
26900,0,15,8,0
26900,1,15,9,0
26900,2,15,10,0
26900,3,15,10,0
26900,4,15,10,0
26900,5,15,11,0
26900,6,15,11,0
26900,7,15,11,0
26900,8,15,12,0
26900,9,15,13,0
26900,10,15,13,0
26900,11,15,13,0
26900,12,15,13,0
26900,13,14,13,0
26900,14,14,13,0
26900,15,13,13,0
26900,16,13,13,0
26900,17,13,14,0
26900,18,13,14,1
26950,0,18,11,0
26950,1,18,11,0
26950,2,18,11,0
26950,3,18,11,0
26950,4,18,11,0
26950,5,18,11,0
26950,6,18,11,0
26950,7,18,11,0
26950,8,18,11,0
26950,9,18,11,0
26950,10,18,11,0
26950,11,18,11,0
26950,12,18,11,0
26950,13,18,11,0
26950,14,18,10,0
26950,15,18,10,0
26950,16,18,10,0
26950,17,18,10,0
26950,18,18,9,0
26950,19,18,8,0
26950,20,18,7,0
26950,21,18,6,0
26950,22,18,5,0
26950,23,18,4,0
26950,24,18,3,0
26950,25,18,2,0
26950,26,18,2,0
26950,27,18,2,0
26950,28,18,2,0
26950,29,18,2,0
26950,30,18,2,0
26950,31,18,2,0
26950,32,18,2,0
26950,33,18,2,0
27000,0,11,4,0
27000,1,11,4,0
27000,2,12,4,0
27000,3,12,4,0
27000,4,12,5,0
27000,5,12,5,0
27000,6,12,5,0
27000,7,12,5,0
27000,8,12,5,0
27000,9,12,5,0
27000,10,12,5,0
27000,11,12,6,0
27000,12,12,6,0
27000,13,12,6,0
27000,14,12,6,0
27000,15,12,6,0
27000,16,12,6,0
27000,17,12,6,0
27000,18,12,6,1
27050,0,16,15,0
27050,1,16,15,0
27050,2,16,15,0
27050,3,16,15,0
27050,4,16,16,0
27050,5,16,16,0
27050,6,16,16,0
27050,7,16,16,0
27050,8,17,16,0
27050,9,18,16,0
27050,10,18,16,0
27050,11,18,16,0
27050,12,18,16,0
27050,13,18,16,0
27050,14,18,16,0
27050,15,18,15,0
27050,16,18,15,0
27050,17,18,15,0
27100,0,2,16,0
27100,1,1,16,0
27100,2,1,16,0
27100,3,1,16,0
27100,4,1,16,0
27100,5,1,16,0
27100,6,1,16,0
27100,7,1,16,0
27100,8,1,16,0
27100,9,1,16,0
27100,10,1,16,0
27100,11,2,16,0
27100,12,2,16,0
27100,13,2,17,0
27100,14,2,18,0
27100,15,2,18,0
27100,16,2,18,0
27100,17,2,18,0
27100,18,2,18,0
27100,19,2,18,0
27100,20,2,18,0
27100,21,2,18,0
27100,22,2,18,0
27100,23,1,18,0
27100,24,1,18,0
27100,25,1,17,0
27100,26,1,16,0
27100,27,1,15,0
27100,28,1,15,0
27100,29,1,15,0
27100,30,1,15,0
27100,31,1,15,0
27150,0,10,18,0
27150,1,9,18,0
27150,2,8,18,0
27150,3,7,18,0
27150,4,7,18,0
27150,5,7,18,0
27150,6,7,18,0
27150,7,7,18,0
27150,8,7,18,0
27150,9,8,18,0
27150,10,8,18,0
27150,11,8,18,0
27150,12,9,18,0
27150,13,10,18,0
27150,14,10,18,0
27150,15,10,18,0
27150,16,10,18,0
27150,17,10,18,0
27150,18,10,18,0
27150,19,10,18,0
27150,20,10,18,0
27150,21,10,18,0
27150,22,10,18,0
27150,23,10,18,0
27150,24,9,18,1
27200,0,9,6,0
27200,1,9,6,0
27200,2,9,6,0
27200,3,9,6,0
27200,4,9,6,0
27200,5,9,6,0
27200,6,9,6,0
27200,7,9,6,0
27200,8,9,6,0
27200,9,9,6,0
27200,10,9,6,0
27200,11,9,6,0
27200,12,9,6,0
27200,13,9,6,0
27200,14,9,6,0
27200,15,9,6,0
27200,16,9,6,0
27200,17,9,6,0
27200,18,9,6,0
27200,19,9,6,0
27200,20,9,7,0
27200,21,9,8,0
27200,22,9,8,0
27200,23,9,8,0
27200,24,9,9,0
27200,25,9,9,0
27200,26,8,9,0
27200,27,8,9,0
27200,28,8,9,0
27250,0,12,15,0
27250,1,12,15,0
27250,2,12,15,0
27250,3,12,15,0
27250,4,12,15,0
27250,5,12,15,0
27250,6,12,14,0
27250,7,12,13,0
27250,8,12,12,0
27250,9,12,11,0
27250,10,12,10,0
27250,11,12,10,0
27250,12,12,10,0
27250,13,12,10,0
27250,14,12,10,0
27250,15,12,11,0
27250,16,12,11,0
27250,17,12,11,1
27300,0,2,2,0
27300,1,2,2,0
27300,2,2,2,0
27300,3,3,2,0
27300,4,3,2,0
27300,5,3,3,0
27300,6,3,3,0
27300,7,3,3,0
27300,8,3,3,0
27300,9,3,3,0
27300,10,3,3,0
27300,11,3,3,0
27300,12,3,3,0
27300,13,3,3,0
27300,14,3,3,0
27300,15,3,3,0
27300,16,3,3,0
27300,17,3,3,0
27300,18,3,3,0
27300,19,3,3,0
27300,20,3,3,0
27300,21,3,3,0
27300,22,3,3,0
27300,23,3,3,0
27300,24,3,3,0
27300,25,3,4,0
27300,26,3,4,0
27300,27,4,4,0
27300,28,4,4,0
27300,29,4,4,0
27300,30,4,4,0
27300,31,4,4,0
27300,32,4,4,0
27300,33,4,4,0
27300,34,3,4,0
27300,35,3,4,0
27300,36,3,4,0
27300,37,3,4,0
27300,38,3,4,0
27300,39,3,4,0
27300,40,3,4,0
27300,41,3,4,0
27300,42,3,4,0
27300,43,3,3,0
27300,44,3,2,0
27300,45,3,2,0
27300,46,3,2,0
27300,47,3,2,0
27300,48,3,2,0
27300,49,3,1,1
27350,0,18,11,0
27350,1,18,11,0
27350,2,17,11,0
27350,3,17,11,0
27350,4,17,11,0
27350,5,17,11,0
27350,6,17,11,0
27350,7,17,11,0
27350,8,17,11,0
27350,9,17,11,0
27350,10,17,11,0
27350,11,17,11,0
27350,12,17,11,0
27350,13,17,11,0
27350,14,17,11,0
27350,15,17,11,0
27350,16,17,11,0
27350,17,17,10,0
27350,18,17,9,0
27350,19,17,8,0
27350,20,17,7,0
27350,21,17,6,0
27350,22,17,6,0
27350,23,17,6,0
27350,24,17,7,0
27350,25,17,7,0
27350,26,17,7,0
27350,27,17,7,0
27350,28,17,7,0
27350,29,17,6,1
27400,0,1,2,0
27400,1,1,2,0
27400,2,1,2,0
27400,3,1,2,0
27400,4,1,2,0
27400,5,1,2,0
27400,6,2,2,0
27400,7,2,2,0
27400,8,2,1,0
27400,9,2,1,0
27400,10,3,1,0
27400,11,4,1,0
27400,12,4,1,0
27400,13,4,1,0
27400,14,3,1,0
27400,15,3,1,0
27400,16,3,1,0
27400,17,3,1,0
27400,18,3,1,0
27400,19,3,1,0
27400,20,3,1,0
27400,21,3,1,0
27400,22,3,1,0
27400,23,3,1,0
27400,24,3,1,0
27400,25,3,1,0
27450,0,8,18,0
27450,1,8,18,0
27450,2,8,18,0
27450,3,8,18,0
27450,4,8,18,0
27450,5,9,18,0
27450,6,9,18,0
27450,7,9,18,0
27450,8,10,18,0
27450,9,11,18,0
27450,10,11,18,0
27450,11,11,18,0
27450,12,10,18,0
27450,13,10,18,0
27450,14,10,18,0
27450,15,10,18,0
27450,16,10,17,0
27450,17,10,16,0
27450,18,10,16,0
27450,19,10,16,0
27450,20,10,15,0
27450,21,10,15,0
27450,22,10,15,0
27450,23,9,15,0
27450,24,9,15,0
27450,25,9,14,0
27450,26,9,14,0
27450,27,10,14,0
27450,28,11,14,0
27450,29,11,14,0
27450,30,11,15,0
27450,31,11,16,0
27450,32,11,16,0
27450,33,11,17,0
27450,34,11,18,0
27450,35,11,18,0
27450,36,11,18,0
27450,37,11,18,0
27450,38,11,18,0
27450,39,11,17,0
27450,40,11,16,0
27450,41,11,15,0
27450,42,11,15,0
27450,43,11,15,0
27450,44,11,15,0
27450,45,11,14,0
27450,46,11,13,0
27450,47,11,13,0
27450,48,11,13,0
27450,49,11,12,0
27450,50,11,11,0
27450,51,11,11,0
27450,52,11,11,0
27450,53,11,11,0
27450,54,11,11,0
27500,0,15,4,0
27500,1,15,5,0
27500,2,15,6,0
27500,3,15,6,0
27500,4,16,6,0
27500,5,16,6,0
27500,6,16,6,0
27500,7,16,6,0
27500,8,16,6,0
27500,9,16,6,0
27500,10,16,7,0
27500,11,16,7,0
27500,12,16,7,0
27550,0,18,7,0
27550,1,18,7,0
27550,2,18,7,0
27550,3,18,7,0
27550,4,18,7,0
27550,5,18,7,0
27550,6,18,7,0
27550,7,18,7,0
27550,8,18,7,0
27550,9,18,7,0
27550,10,18,7,0
27550,11,18,7,0
27550,12,18,7,0
27550,13,18,7,0
27550,14,18,6,0
27550,15,18,5,0
27550,16,18,5,0
27550,17,17,5,0
27550,18,16,5,0
27550,19,15,5,0
27550,20,15,5,0
27550,21,15,5,0
27550,22,15,5,0
27550,23,15,5,0
27550,24,16,5,0
27550,25,16,5,0
27550,26,16,5,0
27550,27,16,5,0
27550,28,16,5,0
27550,29,16,5,0
27600,0,8,4,0
27600,1,8,4,0
27600,2,8,4,0
27650,0,1,2,0
27650,1,1,2,0
27650,2,1,2,0
27650,3,1,1,0
27650,4,1,1,0
27650,5,1,1,0
27650,6,1,1,0
27650,7,1,1,0
27650,8,2,1,0
27650,9,2,1,0
27650,10,2,1,0
27650,11,2,1,0
27650,12,2,1,0
27650,13,2,1,0
27650,14,2,1,0
27650,15,3,1,0
27650,16,4,1,0
27650,17,5,1,0
27650,18,6,1,0
27650,19,7,1,0
27650,20,7,1,0
27650,21,7,2,0
27650,22,7,2,0
27650,23,7,2,0
27650,24,7,3,0
27650,25,7,3,0
27650,26,7,3,0
27650,27,6,3,0
27650,28,5,3,0
27650,29,5,3,0
27650,30,5,2,0
27650,31,5,1,0
27650,32,5,1,0
27650,33,4,1,0
27650,34,3,1,0
27650,35,2,1,0
27650,36,2,1,0
27650,37,2,1,0
27650,38,2,1,0
27650,39,2,1,0
27650,40,2,1,0
27650,41,2,1,0
27650,42,2,1,1
27700,0,11,6,0
27700,1,11,6,0
27700,2,11,6,0
27700,3,11,6,0
27700,4,11,6,0
27700,5,11,6,0
27700,6,11,6,0
27700,7,11,6,0
27700,8,11,5,0
27700,9,11,4,0
27700,10,11,3,0
27700,11,11,3,0
27700,12,11,3,0
27700,13,11,3,0
27700,14,11,3,0
27700,15,12,3,0
27700,16,13,3,0
27700,17,14,3,0
27700,18,15,3,0
27700,19,16,3,0
27700,20,17,3,0
27700,21,18,3,0
27700,22,18,3,0
27700,23,18,3,0
27700,24,18,3,0
27700,25,18,3,0
27700,26,18,3,0
27700,27,18,3,0
27700,28,18,3,0
27750,0,10,13,0
27750,1,10,13,0
27750,2,10,13,0
27750,3,11,13,0
27750,4,11,13,0
27750,5,11,12,0
27750,6,11,12,0
27750,7,11,12,0
27750,8,11,12,0
27750,9,12,12,0
27750,10,12,12,0
27750,11,12,12,0
27750,12,12,12,0
27750,13,12,12,0
27750,14,11,12,0
27750,15,11,12,0
27750,16,11,13,0
27750,17,11,13,0
27750,18,11,13,0
27750,19,11,13,0
27750,20,11,13,0
27750,21,11,13,0
27750,22,12,13,0
27750,23,13,13,0
27750,24,13,13,0
27750,25,13,13,0
27750,26,13,13,0
27800,0,3,11,0
27800,1,3,11,0
27800,2,4,11,0
27800,3,5,11,0
27800,4,6,11,0
27800,5,7,11,0
27800,6,8,11,0
27800,7,9,11,0
27800,8,9,11,0
27800,9,9,12,0
27800,10,9,12,0
27800,11,9,12,0
27850,0,5,17,0
27850,1,4,17,0
27850,2,4,17,0
27850,3,4,16,0
27850,4,4,15,0
27850,5,4,14,0
27850,6,4,13,0
27850,7,4,13,0
27850,8,4,13,0
27850,9,4,13,0
27850,10,4,13,0
27850,11,4,13,0
27850,12,4,13,0
27850,13,4,13,0
27850,14,4,13,0
27850,15,4,14,0
27850,16,4,14,0
27850,17,4,14,0
27850,18,4,14,0
27850,19,4,14,0
27850,20,5,14,0
27850,21,5,14,0
27850,22,5,13,1
27900,0,12,8,0
27900,1,12,8,0
27900,2,12,8,0
27900,3,11,8,0
27900,4,11,8,0
27900,5,11,8,0
27900,6,11,8,0
27900,7,11,8,0
27900,8,11,8,0
27900,9,11,7,0
27900,10,11,6,0
27900,11,11,6,0
27900,12,11,6,0
27900,13,11,6,0
27900,14,11,6,0
27950,0,16,16,0
27950,1,16,15,0
27950,2,16,15,0
27950,3,16,15,0
27950,4,16,15,0
27950,5,16,15,0
27950,6,16,15,0
27950,7,16,14,0
27950,8,16,14,0
27950,9,16,14,0
27950,10,16,14,0
27950,11,16,14,0
27950,12,16,14,0
27950,13,16,14,0
27950,14,16,15,0
27950,15,16,15,0
27950,16,17,15,0
27950,17,17,15,0
27950,18,17,15,0
27950,19,16,15,0
27950,20,16,15,0
27950,21,16,14,0
27950,22,16,14,0
27950,23,16,14,0
27950,24,17,14,0
27950,25,17,14,0
27950,26,17,13,0
27950,27,17,12,0
27950,28,17,11,0
27950,29,17,11,0
27950,30,17,11,0
27950,31,17,10,0
27950,32,17,9,0
27950,33,17,9,0
27950,34,17,9,0
28000,0,1,3,0
28000,1,1,3,0
28000,2,1,3,0
28000,3,1,3,0
28000,4,1,3,0
28000,5,2,3,0
28000,6,3,3,0
28000,7,4,3,0
28000,8,4,3,0
28000,9,4,3,0
28000,10,4,3,0
28000,11,4,4,0
28000,12,4,5,0
28000,13,4,6,0
28000,14,4,6,0
28000,15,3,6,0
28000,16,3,6,0
28000,17,3,6,0
28000,18,3,6,0
28000,19,3,7,0
28000,20,3,7,0
28000,21,4,7,0
28000,22,5,7,0
28000,23,5,7,0
28000,24,5,7,0
28000,25,5,8,0
28000,26,5,8,0
28000,27,6,8,0
28000,28,7,8,0
28000,29,7,8,0
28000,30,7,7,0
28000,31,7,6,0
28000,32,7,5,0
28000,33,7,5,0
28000,34,7,5,0
28000,35,7,5,0
28000,36,7,5,0
28050,0,8,16,0
28050,1,8,16,0
28050,2,8,16,0
28050,3,9,16,0
28050,4,10,16,0
28050,5,11,16,0
28050,6,11,16,0
28050,7,11,16,0
28050,8,12,16,0
28050,9,12,16,0
28050,10,12,16,0
28050,11,12,16,0
28050,12,12,16,0
28050,13,12,16,0
28050,14,12,16,0
28050,15,12,16,0
28050,16,12,16,0
28050,17,12,16,0
28050,18,11,16,0
28050,19,10,16,0
28050,20,10,16,0
28050,21,10,16,0
28050,22,11,16,0
28050,23,11,16,0
28050,24,11,16,0
28050,25,11,16,0
28100,0,9,11,0
28100,1,9,11,0
28100,2,9,11,0
28100,3,8,11,0
28100,4,8,11,0
28100,5,8,11,0
28150,0,18,2,0
28150,1,18,2,0
28150,2,18,2,0
28150,3,18,2,0
28150,4,18,2,0
28150,5,18,3,0
28150,6,18,4,0
28150,7,18,4,0
28150,8,17,4,0
28150,9,17,4,0
28150,10,17,4,0
28150,11,17,4,0
28200,0,2,12,0
28200,1,2,12,0
28200,2,2,12,0
28200,3,2,12,0
28200,4,2,12,0
28200,5,2,12,0
28200,6,2,12,0
28200,7,2,12,0
28200,8,2,12,0
28200,9,2,12,0
28200,10,3,12,0
28200,11,3,12,0
28200,12,3,12,0
28200,13,3,12,0
28200,14,3,12,0
28200,15,3,12,0
28200,16,3,13,0
28200,17,3,13,0
28200,18,4,13,0
28200,19,4,13,0
28200,20,4,14,0
28200,21,4,14,0
28200,22,4,14,0
28250,0,5,12,0
28250,1,5,12,0
28250,2,5,13,0
28250,3,5,14,0
28250,4,5,14,0
28250,5,5,14,0
28250,6,5,15,0
28250,7,5,16,0
28250,8,5,17,0
28250,9,5,18,0
28250,10,5,18,0
28250,11,5,18,0
28250,12,5,18,0
28250,13,5,18,0
28250,14,5,18,0
28250,15,4,18,0
28250,16,4,18,0
28250,17,4,18,0
28250,18,3,18,0
28250,19,2,18,0
28250,20,1,18,0
28250,21,1,18,0
28250,22,1,18,0
28250,23,1,18,0
28250,24,1,17,0
28250,25,1,17,0
28250,26,1,17,0
28250,27,1,17,0
28250,28,1,17,0
28300,0,16,12,0
28300,1,16,13,0
28300,2,16,13,0
28300,3,16,13,0
28300,4,16,13,0
28300,5,16,13,0
28300,6,16,13,0
28300,7,16,13,0
28300,8,16,13,0
28300,9,16,13,0
28300,10,17,13,0
28300,11,17,13,0
28300,12,17,12,0
28300,13,17,12,0
28300,14,17,12,0
28300,15,17,12,0
28300,16,16,12,0
28300,17,15,12,0
28300,18,15,12,0
28300,19,15,13,0
28300,20,15,13,0
28300,21,15,13,0
28300,22,15,14,0
28300,23,15,14,0
28300,24,15,14,0
28300,25,15,14,0
28300,26,15,14,0
28300,27,15,15,1
28350,0,6,17,0
28350,1,6,17,0
28350,2,6,17,0
28350,3,6,17,0
28350,4,6,16,0
28350,5,6,16,0
28350,6,6,16,0
28350,7,7,16,0
28350,8,7,16,0
28350,9,7,17,0
28350,10,7,18,0
28350,11,7,18,0
28350,12,6,18,0
28350,13,6,18,0
28350,14,6,18,0
28350,15,7,18,1
28400,0,15,1,0
28400,1,15,1,0
28400,2,15,2,0
28400,3,15,2,0
28400,4,15,2,0
28400,5,15,2,0
28400,6,15,2,0
28400,7,15,2,0
28400,8,15,2,0
28400,9,15,2,0
28400,10,15,1,0
28400,11,15,1,0
28400,12,15,1,0
28400,13,15,1,0
28400,14,15,1,0
28400,15,15,2,1
28450,0,18,12,0
28450,1,18,12,0
28450,2,18,12,0
28450,3,17,12,0
28450,4,17,12,0
28450,5,17,12,0
28450,6,17,12,0
28450,7,17,12,0
28450,8,17,13,0
28450,9,17,13,0
28450,10,17,13,0
28450,11,17,14,0
28450,12,17,15,0
28450,13,17,16,0
28450,14,17,17,0
28450,15,17,17,0
28450,16,16,17,0
28450,17,15,17,0
28450,18,15,17,0
28450,19,15,17,0
28450,20,15,17,0
28450,21,15,17,0
28450,22,15,17,0
28450,23,15,17,0
28450,24,15,16,0
28450,25,15,15,0
28450,26,15,15,0
28450,27,16,15,0
28450,28,16,15,0
28450,29,16,14,0
28450,30,16,14,0
28450,31,16,14,0
28450,32,16,14,0
28450,33,15,14,0
28450,34,15,14,0
28450,35,15,14,0
28450,36,15,14,0
28450,37,15,14,0
28450,38,15,14,0
28450,39,15,14,0
28450,40,15,14,0
28450,41,15,14,0
28450,42,15,14,0
28450,43,15,14,0
28450,44,15,14,0
28450,45,15,14,0
28450,46,15,14,0
28450,47,15,14,0
28450,48,15,15,0
28450,49,15,15,0
28450,50,16,15,0
28450,51,17,15,0
28450,52,17,15,0
28450,53,17,14,0
28450,54,17,13,0
28450,55,17,13,0
28450,56,17,13,0
28450,57,17,13,0
28450,58,17,13,0
28500,0,13,16,0
28500,1,13,16,0
28500,2,12,16,0
28500,3,11,16,0
28500,4,10,16,0
28500,5,10,16,0
28500,6,10,16,0
28500,7,10,16,0
28500,8,10,16,0
28500,9,10,16,0
28500,10,10,16,0
28500,11,10,16,0
28500,12,10,16,0
28500,13,10,16,0
28500,14,10,16,0
28500,15,10,15,0
28500,16,10,14,0
28500,17,10,14,0
28500,18,10,14,0
28500,19,10,14,0
28500,20,10,14,0
28550,0,15,16,0
28550,1,14,16,0
28550,2,13,16,0
28550,3,12,16,0
28550,4,12,16,0
28550,5,12,15,0
28550,6,12,14,0
28550,7,12,14,0
28550,8,12,14,0
28550,9,12,14,0
28550,10,12,14,0
28550,11,12,14,0
28550,12,12,14,0
28550,13,12,14,0
28550,14,12,14,0
28550,15,12,14,0
28550,16,12,14,0
28550,17,12,14,0
28550,18,12,14,0
28600,0,2,9,0
28600,1,2,9,0
28600,2,2,9,0
28600,3,2,8,0
28600,4,2,8,0
28600,5,2,8,0
28600,6,2,8,0
28600,7,2,9,0
28600,8,2,9,0
28600,9,1,9,0
28600,10,1,9,0
28600,11,1,9,0
28600,12,1,9,0
28600,13,1,9,0
28600,14,1,9,0
28600,15,1,9,0
28600,16,1,9,0
28600,17,1,9,0
28600,18,1,9,0
28600,19,1,9,0
28600,20,1,9,0
28600,21,1,10,0
28600,22,1,11,0
28600,23,1,12,0
28600,24,1,13,0
28600,25,1,13,0
28600,26,1,13,0
28600,27,1,13,0
28600,28,1,13,0
28600,29,1,13,0
28600,30,1,13,0
28650,0,9,13,0
28650,1,8,13,0
28650,2,8,13,0
28650,3,8,13,0
28650,4,8,12,0
28650,5,8,11,0
28650,6,8,11,0
28650,7,8,11,0
28650,8,8,10,0
28650,9,8,10,0
28650,10,8,10,0
28650,11,8,9,0
28650,12,8,9,0
28650,13,8,8,0
28650,14,8,7,0
28650,15,8,6,0
28650,16,8,5,0
28650,17,8,4,0
28650,18,8,3,0
28650,19,8,2,0
28650,20,8,2,0
28650,21,8,2,0
28650,22,8,2,0
28650,23,8,2,0
28650,24,8,2,0
28650,25,7,2,0
28650,26,7,2,0
28650,27,7,2,0
28650,28,7,2,0
28650,29,7,2,0
28650,30,7,2,0
28650,31,7,2,0
28650,32,7,2,0
28650,33,7,2,0
28650,34,7,2,0
28650,35,7,2,0
28650,36,7,2,0
28650,37,7,2,0
28650,38,7,2,0
28650,39,7,2,0
28650,40,7,3,0
28650,41,7,3,0
28650,42,8,3,0
28650,43,9,3,0
28650,44,9,3,0
28650,45,9,4,0
28650,46,9,4,0
28650,47,9,4,0
28650,48,9,4,0
28650,49,9,4,0
28650,50,9,4,0
28650,51,9,4,1
28700,0,8,10,0
28700,1,8,10,0
28700,2,8,10,0
28700,3,8,10,0
28700,4,8,10,0
28700,5,7,10,0
28700,6,6,10,0
28700,7,5,10,0
28700,8,5,10,0
28700,9,5,10,0
28700,10,4,10,0
28700,11,3,10,0
28700,12,3,10,0
28700,13,3,11,0
28700,14,3,11,0
28700,15,3,11,0
28700,16,3,11,0
28700,17,3,11,0
28700,18,2,11,0
28700,19,1,11,0
28700,20,1,11,0
28700,21,1,10,0
28700,22,1,9,0
28700,23,1,8,0
28700,24,1,7,0
28700,25,1,7,0
28700,26,1,7,0
28700,27,1,7,0
28700,28,2,7,0
28700,29,2,7,0
28700,30,2,7,0
28700,31,2,7,0
28700,32,2,7,0
28700,33,2,7,0
28700,34,2,7,0
28700,35,2,7,0
28700,36,2,7,0
28700,37,2,7,0
28700,38,2,7,0
28700,39,2,7,0
28700,40,2,7,0
28700,41,2,8,0
28700,42,2,8,0
28700,43,2,8,0
28700,44,2,8,0
28700,45,2,8,0
28700,46,2,8,0
28750,0,17,16,0
28750,1,17,15,0
28750,2,17,14,0
28750,3,17,13,0
28750,4,17,12,0
28750,5,17,12,0
28750,6,17,12,0
28750,7,17,12,0
28750,8,17,12,0
28750,9,17,12,0
28750,10,17,12,0
28750,11,18,12,0
28750,12,18,12,0
28750,13,18,12,0
28750,14,18,12,0
28750,15,18,12,0
28750,16,18,12,0
28750,17,18,12,0
28750,18,18,12,0
28750,19,18,12,0
28750,20,17,12,0
28750,21,16,12,0
28750,22,16,12,0
28750,23,16,12,1
28800,0,16,15,0
28800,1,17,15,0
28800,2,17,15,0
28800,3,17,15,0
28800,4,16,15,0
28800,5,15,15,0
28800,6,14,15,0
28800,7,14,15,0
28800,8,14,15,0
28800,9,13,15,0
28800,10,13,15,0
28800,11,13,15,0
28800,12,13,15,0
28800,13,13,15,0
28800,14,12,15,0
28800,15,12,15,0
28800,16,12,15,0
28800,17,12,15,0
28850,0,10,7,0
28850,1,10,7,0
28850,2,10,7,0
28850,3,10,8,0
28850,4,10,8,0
28850,5,10,8,0
28850,6,10,8,0
28850,7,10,8,0
28850,8,10,8,0
28850,9,10,8,0
28850,10,10,8,0
28850,11,10,8,0
28850,12,10,7,0
28850,13,10,7,0
28850,14,10,7,0
28850,15,10,7,0
28850,16,10,7,0
28900,0,7,15,0
28900,1,6,15,0
28900,2,6,15,0
28900,3,6,15,0
28900,4,6,15,0
28900,5,6,14,0
28900,6,6,14,0
28900,7,6,14,0
28900,8,6,14,0
28900,9,6,14,0
28900,10,6,14,0
28900,11,6,14,0
28900,12,7,14,0
28900,13,8,14,0
28900,14,8,14,0
28900,15,8,14,0
28900,16,7,14,0
28900,17,6,14,0
28900,18,6,14,0
28900,19,6,14,0
28900,20,7,14,0
28900,21,7,14,0
28900,22,7,14,0
28900,23,7,14,0
28900,24,7,14,0
28900,25,7,14,0
28900,26,7,14,0
28900,27,6,14,0
28900,28,6,14,0
28900,29,6,14,0
28900,30,6,14,0
28950,0,17,4,0
28950,1,17,5,0
28950,2,17,6,0
28950,3,17,7,0
28950,4,17,7,0
28950,5,17,7,0
28950,6,17,7,0
28950,7,17,7,0
28950,8,17,7,0
28950,9,17,6,0
28950,10,17,6,0
28950,11,17,6,0
28950,12,17,5,0
28950,13,17,5,0
28950,14,17,5,0
28950,15,17,5,0
28950,16,17,5,0
28950,17,17,6,0
28950,18,17,6,0
28950,19,17,6,0
28950,20,17,6,0
28950,21,17,6,0
28950,22,18,6,0
28950,23,18,6,0
28950,24,18,6,0
28950,25,18,6,0
28950,26,18,6,0
28950,27,18,5,0
28950,28,18,4,0
28950,29,18,4,0
28950,30,18,4,0
28950,31,18,4,0
28950,32,18,4,0
29000,0,3,15,0
29000,1,4,15,0
29000,2,5,15,0
29000,3,5,15,0
29000,4,5,14,0
29000,5,5,13,0
29000,6,5,12,0
29000,7,5,11,0
29000,8,5,11,0
29000,9,5,11,0
29000,10,5,10,0
29000,11,5,10,0
29000,12,5,10,0
29000,13,5,9,0
29000,14,5,9,0
29000,15,5,9,0
29000,16,5,9,0
29000,17,5,9,0
29000,18,5,9,0
29000,19,5,9,0
29050,0,5,2,0
29050,1,5,2,0
29050,2,5,2,0
29050,3,5,1,0
29050,4,5,1,0
29050,5,5,1,0
29050,6,5,1,0
29050,7,5,1,0
29050,8,5,1,0
29050,9,5,1,0
29050,10,5,1,0
29050,11,5,1,0
29050,12,5,1,0
29050,13,5,1,0
29050,14,5,1,0
29050,15,5,1,0
29050,16,5,1,0
29050,17,5,1,0
29050,18,5,1,0
29050,19,5,1,0
29050,20,5,1,0
29050,21,5,1,0
29050,22,4,1,0
29050,23,4,1,0
29050,24,4,1,0
29050,25,4,1,0
29050,26,4,1,0
29050,27,4,1,0
29050,28,4,1,0
29050,29,4,1,0
29050,30,4,1,0
29050,31,4,1,0
29050,32,4,1,0
29050,33,4,1,0
29050,34,4,1,0
29050,35,4,1,0
29050,36,4,1,0
29050,37,4,1,0
29050,38,4,1,0
29050,39,4,1,0
29050,40,3,1,0
29050,41,2,1,0
29050,42,1,1,0
29050,43,1,1,0
29050,44,1,1,0
29050,45,1,1,0
29050,46,1,1,0
29050,47,1,1,0
29050,48,1,1,0
29050,49,1,1,0
29050,50,1,2,0
29050,51,1,2,0
29050,52,1,2,0
29050,53,1,2,0
29050,54,1,2,0
29100,0,3,8,0
29100,1,3,8,0
29100,2,2,8,0
29100,3,2,8,0
29100,4,2,8,0
29100,5,2,8,0
29100,6,2,7,0
29100,7,2,7,0
29100,8,2,7,0
29100,9,1,7,0
29100,10,1,7,0
29100,11,1,6,0
29100,12,1,5,0
29100,13,1,4,0
29100,14,1,3,0
29100,15,1,2,0
29100,16,1,1,0
29100,17,1,1,0
29100,18,1,1,0
29100,19,1,1,0
29100,20,1,2,0
29100,21,1,3,0
29100,22,1,4,0
29100,23,1,5,0
29100,24,1,5,0
29100,25,1,5,0
29100,26,1,4,0
29100,27,1,4,0
29100,28,1,4,0
29100,29,1,5,0
29100,30,1,6,0
29100,31,1,6,0
29100,32,1,6,0
29100,33,1,5,0
29100,34,1,5,0
29100,35,1,5,0
29100,36,1,6,0
29100,37,1,7,0
29100,38,1,8,0
29100,39,1,8,0
29100,40,1,8,0
29100,41,1,8,0
29100,42,1,8,0
29100,43,1,8,0
29100,44,1,8,0
29100,45,1,8,0
29100,46,1,9,0
29100,47,1,10,0
29100,48,1,11,0
29100,49,1,12,0
29100,50,1,13,0
29100,51,1,13,0
29100,52,1,13,0
29100,53,1,12,0
29100,54,1,12,0
29100,55,1,12,0
29100,56,1,12,0
29100,57,1,11,0
29100,58,1,11,0
29100,59,1,11,0
29100,60,1,12,0
29100,61,1,13,0
29100,62,1,13,0
29100,63,1,13,0
29100,64,1,12,0
29100,65,1,11,0
29100,66,1,10,0
29100,67,1,10,0
29100,68,1,10,0
29100,69,1,11,0
29100,70,1,12,0
29100,71,1,13,0
29100,72,1,13,0
29100,73,1,13,0
29100,74,1,12,0
29100,75,1,12,0
29100,76,1,12,0
29100,77,1,12,0
29100,78,1,13,0
29100,79,1,14,0
29100,80,1,15,0
29100,81,1,16,0
29100,82,1,17,0
29100,83,1,18,0
29100,84,1,18,0
29100,85,1,18,0
29100,86,1,17,0
29100,87,1,17,0
29100,88,2,17,0
29100,89,2,17,0
29100,90,2,16,0
29100,91,2,16,0
29100,92,3,16,0
29100,93,3,16,0
29100,94,4,16,0
29100,95,5,16,0
29100,96,5,16,1
29150,0,12,4,0
29150,1,12,4,0
29150,2,12,4,0
29150,3,12,4,0
29150,4,12,4,0
29150,5,12,4,0
29150,6,12,4,0
29150,7,12,4,0
29150,8,12,4,0
29150,9,13,4,0
29150,10,13,4,0
29150,11,13,4,0
29150,12,14,4,0
29150,13,15,4,0
29150,14,16,4,0
29150,15,16,4,0
29150,16,16,4,0
29150,17,16,4,0
29150,18,16,4,0
29150,19,16,4,0
29150,20,16,4,0
29150,21,16,4,1
29200,0,16,13,0
29200,1,16,13,0
29200,2,16,13,0
29200,3,16,13,0
29200,4,16,13,0
29200,5,16,13,0
29200,6,16,14,0
29200,7,16,14,0
29200,8,17,14,0
29200,9,17,14,0
29200,10,17,14,0
29200,11,17,14,0
29200,12,18,14,0
29200,13,18,14,0
29200,14,18,14,0
29200,15,18,14,0
29200,16,18,14,0
29200,17,18,14,0
29200,18,18,14,0
29200,19,18,14,0
29200,20,18,14,0
29200,21,18,14,0
29200,22,18,14,0
29200,23,18,14,0
29200,24,18,14,0
29200,25,18,14,0
29250,0,5,7,0
29250,1,5,7,0
29250,2,5,7,0
29250,3,5,7,0
29250,4,5,7,0
29250,5,5,7,0
29250,6,5,7,0
29250,7,5,7,0
29250,8,6,7,0
29250,9,7,7,0
29250,10,8,7,0
29250,11,9,7,0
29250,12,9,7,0
29250,13,9,7,0
29250,14,8,7,0
29250,15,7,7,0
29250,16,6,7,0
29250,17,6,7,0
29250,18,6,7,0
29250,19,6,7,0
29250,20,6,7,0
29250,21,6,7,0
29250,22,6,7,0
29250,23,6,7,0
29250,24,6,7,0
29250,25,6,7,0
29300,0,16,2,0
29300,1,16,2,0
29300,2,16,2,0
29300,3,16,3,0
29300,4,16,4,0
29300,5,16,4,0
29300,6,16,4,0
29300,7,16,3,0
29300,8,16,2,0
29300,9,16,2,0
29300,10,16,2,0
29300,11,16,3,0
29300,12,16,4,0
29300,13,16,5,0
29300,14,16,6,0
29300,15,16,6,0
29300,16,16,6,0
29300,17,16,5,0
29300,18,16,5,0
29300,19,16,5,0
29300,20,16,5,0
29300,21,16,5,0
29300,22,16,5,0
29300,23,16,5,0
29300,24,16,5,0
29300,25,16,4,0
29300,26,16,3,0
29300,27,16,2,0
29300,28,16,1,0
29300,29,16,1,0
29300,30,17,1,0
29300,31,18,1,0
29300,32,18,1,0
29300,33,18,1,0
29300,34,18,1,0
29300,35,18,1,0
29300,36,18,1,0
29300,37,18,2,0
29300,38,18,3,0
29300,39,18,4,0
29300,40,18,5,0
29300,41,18,5,0
29300,42,18,5,0
29300,43,18,6,0
29300,44,18,7,0
29300,45,18,7,0
29300,46,18,7,0
29300,47,18,7,0
29300,48,18,7,0
29300,49,18,7,1
29350,0,16,2,0
29350,1,16,2,0
29350,2,16,1,0
29350,3,16,1,0
29350,4,16,1,0
29350,5,16,2,0
29350,6,16,3,0
29350,7,16,4,0
29350,8,16,5,0
29350,9,16,5,0
29350,10,15,5,0
29350,11,15,5,0
29350,12,14,5,0
29350,13,14,5,0
29350,14,14,5,0
29350,15,14,5,0
29350,16,14,5,0
29350,17,14,5,0
29350,18,14,5,0
29350,19,14,5,0
29350,20,14,4,0
29350,21,14,4,0
29350,22,14,4,0
29350,23,14,4,0
29350,24,15,4,0
29350,25,15,4,0
29350,26,15,4,0
29350,27,15,4,0
29350,28,15,4,0
29350,29,15,4,0
29350,30,14,4,0
29350,31,13,4,0
29350,32,13,4,0
29350,33,13,3,0
29350,34,13,2,0
29350,35,13,2,0
29350,36,13,2,0
29350,37,13,1,0
29350,38,13,1,0
29350,39,13,1,0
29350,40,13,1,0
29350,41,13,1,0
29350,42,13,1,0
29350,43,13,1,0
29350,44,13,1,0
29350,45,13,1,0
29350,46,13,1,1
29400,0,8,11,0
29400,1,8,11,0
29400,2,8,11,0
29400,3,8,11,0
29400,4,8,11,0
29400,5,8,11,0
29400,6,8,12,0
29400,7,8,13,0
29400,8,8,14,0
29400,9,8,15,0
29400,10,8,16,0
29400,11,8,17,0
29400,12,8,17,0
29400,13,8,17,0
29400,14,8,17,0
29400,15,8,18,0
29400,16,8,18,0
29400,17,7,18,0
29400,18,6,18,0
29400,19,5,18,0
29400,20,5,18,0
29400,21,5,18,0
29400,22,5,18,0
29400,23,5,18,0
29400,24,5,18,0
29450,0,8,18,0
29450,1,8,18,0
29450,2,8,18,0
29450,3,8,18,0
29450,4,8,18,0
29450,5,9,18,0
29450,6,9,18,0
29450,7,9,18,0
29450,8,9,17,0
29450,9,9,16,0
29450,10,9,16,0
29450,11,9,16,0
29450,12,9,17,0
29450,13,9,17,0
29450,14,10,17,0
29450,15,11,17,0
29450,16,12,17,0
29450,17,12,17,0
29450,18,12,17,0
29450,19,11,17,0
29450,20,11,17,0
29450,21,11,17,0
29450,22,11,17,0
29450,23,11,16,0
29450,24,11,16,0
29450,25,11,16,0
29450,26,11,16,0
29450,27,11,16,0
29500,0,5,3,0
29500,1,5,3,0
29500,2,5,3,0
29500,3,5,3,0
29500,4,5,3,0
29500,5,5,3,0
29500,6,5,3,0
29500,7,5,3,0
29500,8,5,3,0
29500,9,5,3,0
29500,10,5,3,0
29500,11,5,3,0
29500,12,5,3,0
29550,0,13,13,0
29550,1,13,12,0
29550,2,13,11,0
29550,3,13,10,0
29550,4,13,9,0
29550,5,13,8,0
29550,6,13,7,0
29550,7,13,6,0
29550,8,13,5,0
29550,9,13,5,0
29550,10,13,5,0
29550,11,13,5,0
29550,12,13,5,0
29550,13,13,5,0
29550,14,13,5,1
29600,0,15,14,0
29600,1,15,14,0
29600,2,15,13,0
29600,3,15,13,0
29600,4,15,13,0
29600,5,15,12,0
29600,6,15,12,0
29600,7,15,12,0
29600,8,15,12,0
29600,9,15,12,0
29600,10,15,12,0
29600,11,15,12,0
29650,0,15,2,0
29650,1,15,2,0
29650,2,14,2,0
29650,3,14,2,0
29650,4,14,2,0
29650,5,14,2,0
29650,6,14,2,0
29650,7,13,2,0
29650,8,13,2,0
29650,9,13,2,0
29650,10,13,2,0
29650,11,13,2,0
29650,12,13,2,0
29650,13,13,3,0
29650,14,13,3,0
29650,15,12,3,0
29650,16,11,3,0
29650,17,10,3,0
29650,18,9,3,0
29650,19,9,3,0
29650,20,9,3,0
29650,21,9,3,0
29700,0,6,16,0
29700,1,6,16,0
29700,2,6,16,0
29700,3,6,16,0
29700,4,7,16,0
29700,5,8,16,0
29700,6,8,16,0
29700,7,8,16,0
29700,8,8,16,0
29700,9,8,16,0
29700,10,8,16,0
29700,11,8,16,0
29700,12,8,16,0
29700,13,8,16,0
29700,14,8,16,0
29700,15,8,16,0
29700,16,8,16,0
29700,17,9,16,0
29700,18,10,16,0
29700,19,10,16,0
29700,20,10,16,0
29700,21,10,16,0
29700,22,10,16,0
29700,23,10,16,0
29700,24,10,16,0
29700,25,10,16,0
29700,26,10,15,0
29700,27,10,15,0
29700,28,10,15,0
29700,29,11,15,0
29700,30,11,15,0
29700,31,11,16,0
29700,32,11,16,1
29750,0,3,2,0
29750,1,3,2,0
29750,2,3,2,0
29750,3,3,3,0
29750,4,3,4,0
29750,5,3,4,0
29750,6,3,4,0
29750,7,3,5,0
29750,8,3,5,0
29750,9,3,5,0
29750,10,3,5,0
29750,11,3,5,0
29750,12,3,5,0
29750,13,3,5,0
29750,14,2,5,0
29750,15,1,5,0
29750,16,1,5,0
29750,17,1,5,0
29750,18,1,5,0
29750,19,1,5,0
29750,20,1,5,0
29800,0,12,12,0
29800,1,12,12,0
29800,2,12,12,0
29800,3,13,12,0
29800,4,14,12,0
29800,5,15,12,0
29800,6,16,12,0
29800,7,16,12,0
29800,8,16,12,0
29800,9,16,12,0
29800,10,16,12,0
29800,11,16,12,0
29800,12,15,12,0
29800,13,14,12,0
29800,14,13,12,0
29800,15,12,12,0
29800,16,12,12,0
29800,17,12,13,0
29800,18,12,13,0
29800,19,12,13,0
29800,20,12,13,0
29800,21,12,14,0
29800,22,12,14,0
29800,23,11,14,0
29800,24,11,14,0
29800,25,11,13,0
29800,26,11,12,0
29800,27,11,11,0
29800,28,11,10,0
29800,29,11,10,0
29800,30,11,10,0
29800,31,11,10,0
29800,32,11,10,0
29850,0,3,18,0
29850,1,2,18,0
29850,2,2,18,0
29850,3,2,18,0
29850,4,3,18,0
29850,5,3,18,0
29850,6,3,17,0
29850,7,3,17,0
29850,8,3,17,0
29850,9,3,17,0
29850,10,3,17,0
29850,11,3,17,0
29850,12,3,17,0
29850,13,3,17,0
29850,14,3,17,0
29850,15,3,17,0
29850,16,3,17,0
29850,17,3,17,1
29900,0,14,5,0
29900,1,13,5,0
29900,2,12,5,0
29900,3,11,5,0
29900,4,10,5,0
29900,5,9,5,0
29900,6,8,5,0
29900,7,8,5,0
29900,8,8,6,0
29900,9,8,7,0
29900,10,8,8,0
29900,11,8,8,0
29900,12,8,8,0
29900,13,8,8,0
29900,14,8,8,0
29950,0,12,15,0
29950,1,12,15,0
29950,2,12,15,0
29950,3,12,15,0
29950,4,12,15,0
29950,5,12,15,0
29950,6,12,15,0
29950,7,12,15,0
29950,8,12,15,0
29950,9,12,15,0
29950,10,12,15,0
29950,11,12,15,0
29950,12,12,15,0
29950,13,12,16,0
29950,14,12,16,0
29950,15,12,16,0
29950,16,12,15,0
29950,17,12,15,0
29950,18,12,15,0
30000,0,18,8,0
30000,1,17,8,0
30000,2,17,8,0
30000,3,17,8,0
30000,4,18,8,0
30000,5,18,8,0
30000,6,18,8,0
30000,7,18,8,0
30000,8,18,8,0
30000,9,18,8,0
30000,10,18,8,0
30000,11,18,8,0
30000,12,18,8,0
30000,13,17,8,0
30000,14,17,8,0
30000,15,17,8,0
30000,16,17,8,0
30000,17,17,8,0
30000,18,17,8,0
30000,19,17,8,0
30000,20,17,8,0
30000,21,17,8,0
30000,22,17,8,0
30000,23,17,8,0
30000,24,17,9,0
30000,25,17,9,0
30000,26,16,9,0
30000,27,15,9,0
30000,28,15,9,0
30000,29,15,8,0
30000,30,15,7,0
30000,31,15,7,0
30000,32,15,7,0
30000,33,15,7,0
30000,34,15,7,0
30050,0,13,17,0
30050,1,13,17,0
30050,2,13,16,0
30050,3,13,15,0
30050,4,13,14,0
30050,5,13,14,0
30050,6,13,14,0
30050,7,13,14,0
30050,8,12,14,0
30050,9,12,14,0
30050,10,12,13,0
30050,11,12,13,0
30050,12,12,13,0
30050,13,12,13,1
30100,0,16,12,0
30100,1,16,12,0
30100,2,16,12,0
30100,3,16,11,0
30100,4,16,11,0
30100,5,16,11,0
30100,6,16,11,0
30100,7,16,11,0
30100,8,16,11,0
30100,9,16,11,0
30100,10,16,11,0
30100,11,16,11,0
30100,12,16,11,0
30100,13,16,11,0
30100,14,16,11,0
30100,15,16,11,0
30100,16,16,11,0
30100,17,16,11,0
30100,18,16,12,1
30150,0,7,10,0
30150,1,7,10,0
30150,2,7,10,0
30150,3,7,10,0
30150,4,7,10,0
30150,5,7,10,0
30150,6,7,10,0
30150,7,7,10,0
30150,8,7,10,0
30150,9,7,11,0
30150,10,7,11,0
30150,11,7,11,0
30150,12,7,10,0
30150,13,7,10,0
30150,14,7,9,1
30200,0,2,9,0
30200,1,3,9,0
30200,2,3,9,0
30200,3,3,8,0
30200,4,3,8,1
30250,0,15,11,0
30250,1,15,11,0
30250,2,15,11,0
30250,3,15,11,0
30250,4,15,11,0
30250,5,15,11,0
30250,6,15,11,0
30250,7,16,11,0
30250,8,17,11,0
30250,9,17,11,0
30250,10,17,11,0
30250,11,17,11,0
30250,12,17,11,0
30250,13,17,11,0
30250,14,17,11,0
30250,15,17,11,0
30300,0,15,7,0
30300,1,15,7,0
30300,2,15,7,0
30300,3,15,7,0
30300,4,15,7,0
30300,5,15,7,0
30300,6,15,7,0
30300,7,15,7,0
30300,8,15,7,0
30300,9,15,6,0
30300,10,15,5,0
30300,11,15,4,0
30300,12,15,4,0
30300,13,15,4,0
30300,14,15,3,0
30300,15,15,2,0
30300,16,15,2,0
30300,17,16,2,0
30300,18,16,2,0
30300,19,16,2,0
30300,20,16,2,0
30300,21,16,2,0
30300,22,16,1,0
30300,23,16,1,0
30300,24,17,1,0
30300,25,18,1,0
30300,26,18,1,0
30300,27,18,1,0
30300,28,18,1,0
30300,29,17,1,0
30300,30,17,1,0
30300,31,17,2,0
30300,32,17,2,0
30300,33,18,2,1
30350,0,12,14,0
30350,1,13,14,0
30350,2,14,14,0
30350,3,15,14,0
30350,4,15,14,0
30350,5,15,14,0
30350,6,15,13,0
30350,7,15,13,0
30350,8,15,13,0
30350,9,15,13,1
30400,0,14,12,0
30400,1,15,12,0
30400,2,15,12,0
30400,3,15,12,0
30400,4,14,12,0
30400,5,14,12,0
30400,6,14,12,0
30400,7,14,12,0
30400,8,14,12,0
30400,9,14,12,0
30400,10,14,12,0
30400,11,14,12,0
30400,12,14,12,0
30400,13,14,12,0
30400,14,14,11,0
30400,15,14,11,0
30400,16,14,11,0
30400,17,14,11,0
30400,18,14,11,0
30400,19,14,11,0
30400,20,14,10,0
30400,21,14,9,0
30400,22,14,8,0
30400,23,14,7,0
30400,24,14,6,0
30400,25,14,5,0
30400,26,14,4,0
30400,27,14,3,0
30400,28,14,2,0
30400,29,14,2,0
30400,30,14,1,0
30400,31,14,1,0
30400,32,14,1,0
30400,33,14,2,0
30400,34,14,3,0
30400,35,14,4,0
30400,36,14,5,0
30400,37,14,6,0
30400,38,14,7,0
30400,39,14,7,0
30400,40,14,7,0
30400,41,14,8,0
30400,42,14,8,0
30400,43,14,8,0
30400,44,14,8,0
30400,45,14,8,0
30450,0,1,10,0
30450,1,1,10,0
30450,2,1,10,0
30450,3,1,10,0
30450,4,1,10,0
30500,0,7,7,0
30500,1,7,7,0
30500,2,7,8,0
30500,3,7,8,0
30500,4,7,8,0
30500,5,7,8,0
30500,6,7,7,0
30500,7,7,6,0
30500,8,7,5,0
30500,9,7,5,0
30500,10,7,5,0
30500,11,7,4,0
30500,12,7,3,0
30500,13,7,2,0
30500,14,7,1,0
30500,15,7,1,0
30500,16,7,1,0
30500,17,7,1,0
30500,18,7,1,0
30500,19,7,1,1
30550,0,17,16,0
30550,1,17,16,0
30550,2,18,16,0
30550,3,18,16,0
30550,4,18,16,0
30550,5,18,16,0
30550,6,18,16,0
30550,7,18,16,0
30550,8,18,16,0
30550,9,17,16,0
30550,10,16,16,0
30550,11,16,16,0
30550,12,16,16,0
30550,13,16,16,0
30550,14,16,15,0
30550,15,16,15,0
30550,16,16,15,0
30550,17,16,15,0
30550,18,16,15,0
30550,19,15,15,0
30550,20,15,15,0
30550,21,15,16,0
30550,22,15,17,0
30550,23,15,17,0
30550,24,15,17,0
30550,25,15,16,0
30550,26,15,16,0
30550,27,15,16,0
30550,28,15,16,0
30550,29,15,16,0
30600,0,1,16,0
30600,1,1,16,0
30600,2,1,15,0
30600,3,1,15,0
30600,4,1,15,0
30600,5,1,15,0
30600,6,1,15,0
30600,7,1,15,0
30600,8,2,15,0
30600,9,2,15,0
30600,10,2,15,0
30600,11,3,15,0
30600,12,4,15,0
30600,13,5,15,0
30600,14,6,15,0
30600,15,7,15,0
30600,16,8,15,0
30600,17,9,15,0
30600,18,9,15,0
30600,19,9,15,0
30600,20,9,15,0
30600,21,9,15,0
30600,22,9,15,1
30650,0,11,4,0
30650,1,12,4,0
30650,2,12,4,0
30650,3,12,5,0
30650,4,12,5,0
30650,5,11,5,0
30650,6,10,5,0
30650,7,10,5,0
30650,8,10,5,0
30650,9,10,5,0
30650,10,10,5,0
30650,11,10,5,0
30650,12,10,5,0
30650,13,10,5,0
30650,14,9,5,0
30650,15,9,5,0
30650,16,9,5,0
30650,17,8,5,1
30700,0,6,3,0
30700,1,5,3,0
30700,2,4,3,0
30700,3,3,3,0
30700,4,2,3,0
30700,5,2,3,0
30700,6,2,3,0
30700,7,1,3,0
30700,8,1,3,0
30700,9,1,3,0
30700,10,1,3,0
30700,11,1,4,0
30700,12,1,5,0
30700,13,1,5,0
30700,14,1,5,0
30700,15,1,5,0
30700,16,2,5,0
30700,17,2,5,0
30700,18,2,5,0
30750,0,10,14,0
30750,1,10,14,0
30750,2,10,14,0
30750,3,10,13,0
30750,4,10,12,0
30750,5,10,12,0
30750,6,10,12,0
30750,7,10,12,0
30750,8,10,12,0
30750,9,10,11,0
30750,10,10,10,0
30750,11,10,9,0
30750,12,10,9,0
30750,13,10,9,0
30750,14,10,9,0
30750,15,10,9,0
30750,16,10,10,0
30750,17,10,10,0
30750,18,10,10,0
30750,19,10,10,0
30750,20,10,10,0
30800,0,18,2,0
30800,1,18,2,0
30800,2,18,2,0
30800,3,18,2,0
30800,4,18,2,0
30800,5,18,2,0
30800,6,18,2,0
30800,7,18,2,0
30800,8,18,2,0
30800,9,18,2,0
30800,10,18,2,0
30800,11,18,2,0
30800,12,18,2,0
30800,13,18,2,0
30800,14,18,2,0
30800,15,18,2,0
30850,0,4,7,0
30850,1,4,8,0
30850,2,4,8,0
30850,3,4,8,0
30850,4,4,8,0
30850,5,4,8,0
30850,6,4,8,0
30850,7,4,8,0
30850,8,4,8,0
30850,9,4,8,0
30850,10,4,8,0
30850,11,4,8,0
30850,12,4,8,0
30850,13,4,8,0
30900,0,15,6,0
30900,1,15,7,0
30900,2,15,8,0
30900,3,15,8,0
30900,4,15,8,0
30900,5,15,8,0
30900,6,15,8,0
30900,7,15,8,0
30900,8,15,8,0
30900,9,15,8,0
30900,10,15,8,0
30900,11,15,8,0
30900,12,15,8,0
30950,0,6,17,0
30950,1,6,17,0
30950,2,6,17,0
30950,3,6,17,0
30950,4,6,17,0
30950,5,6,17,0
30950,6,6,17,0
30950,7,6,17,0
30950,8,6,17,0
30950,9,6,17,0
30950,10,6,17,0
30950,11,6,17,0
30950,12,7,17,0
30950,13,8,17,0
30950,14,9,17,0
30950,15,10,17,0
30950,16,11,17,0
30950,17,12,17,0
30950,18,13,17,0
30950,19,13,17,0
30950,20,14,17,0
30950,21,14,17,0
30950,22,14,17,0
30950,23,14,17,0
30950,24,14,18,0
30950,25,14,18,0
30950,26,14,18,0
30950,27,14,18,0
30950,28,14,18,0
30950,29,14,18,0
30950,30,14,18,0
30950,31,14,18,0
30950,32,14,18,0
31000,0,18,2,0
31000,1,18,2,0
31000,2,18,3,0
31000,3,18,3,0
31000,4,18,3,0
31000,5,18,3,0
31000,6,18,3,0
31000,7,18,3,0
31000,8,18,3,0
31000,9,18,3,0
31000,10,18,3,0
31000,11,18,3,0
31000,12,18,3,0
31000,13,18,3,0
31000,14,18,4,0
31000,15,18,4,0
31000,16,18,4,0
31000,17,18,5,0
31000,18,18,5,0
31000,19,18,5,0
31000,20,18,6,0
31000,21,18,7,0
31000,22,18,7,0
31000,23,18,7,0
31000,24,18,7,0
31000,25,18,7,0
31050,0,18,10,0
31050,1,18,10,0
31050,2,18,10,0
31050,3,18,10,0
31050,4,18,10,0
31050,5,18,10,0
31050,6,18,10,0
31050,7,18,10,0
31050,8,18,10,0
31050,9,18,10,0
31050,10,18,10,0
31050,11,18,11,0
31050,12,18,12,0
31050,13,18,13,0
31050,14,18,14,0
31050,15,18,14,0
31050,16,18,14,0
31050,17,18,14,0
31050,18,18,14,0
31050,19,18,13,1
31100,0,15,16,0
31100,1,15,16,0
31100,2,15,16,0
31100,3,15,16,0
31100,4,15,16,0
31100,5,15,16,0
31100,6,15,16,0
31100,7,15,16,0
31100,8,15,16,0
31100,9,15,16,0
31100,10,15,16,0
31100,11,15,16,0
31100,12,15,16,0
31100,13,15,16,0
31100,14,14,16,0
31100,15,13,16,0
31100,16,13,16,0
31100,17,13,16,0
31100,18,13,16,0
31100,19,13,16,0
31100,20,13,16,0
31100,21,13,16,0
31100,22,13,16,0
31100,23,13,16,0
31100,24,13,16,0
31100,25,13,16,0
31100,26,12,16,0
31100,27,12,16,0
31100,28,12,17,0
31100,29,12,17,1
31150,0,16,16,0
31150,1,16,16,0
31150,2,15,16,0
31150,3,14,16,0
31150,4,14,16,0
31150,5,14,16,0
31150,6,14,16,0
31150,7,14,16,0
31150,8,14,16,0
31150,9,14,16,0
31150,10,14,16,0
31150,11,14,16,1
31200,0,6,13,0
31200,1,6,13,0
31200,2,6,13,0
31200,3,5,13,0
31200,4,5,13,0
31200,5,5,12,0
31200,6,5,11,0
31200,7,5,11,0
31200,8,5,11,0
31200,9,5,11,0
31200,10,5,11,0
31200,11,5,11,0
31200,12,5,11,0
31250,0,7,15,0
31250,1,7,14,0
31250,2,7,13,0
31250,3,7,12,0
31250,4,7,12,0
31250,5,7,11,0
31250,6,7,11,0
31250,7,7,11,0
31250,8,7,11,0
31250,9,7,11,0
31250,10,7,11,0
31250,11,7,11,0
31250,12,7,11,0
31250,13,7,11,0
31250,14,7,11,0
31250,15,7,11,0
31250,16,7,10,0
31250,17,7,10,0
31250,18,7,10,0
31250,19,7,10,0
31250,20,7,11,0
31250,21,7,12,0
31250,22,7,13,0
31250,23,7,14,0
31250,24,7,15,0
31250,25,7,15,0
31250,26,7,15,0
31250,27,7,14,0
31250,28,7,14,0
31250,29,7,14,0
31250,30,7,14,0
31250,31,7,14,0
31300,0,17,15,0
31300,1,17,15,0
31300,2,17,15,0
31300,3,17,15,0
31300,4,17,15,0
31300,5,17,15,0
31300,6,16,15,0
31300,7,16,15,0
31300,8,16,15,0
31300,9,16,15,0
31300,10,16,15,0
31300,11,16,15,0
31300,12,16,15,0
31300,13,16,15,0
31300,14,16,15,0
31300,15,16,15,0
31350,0,8,9,0
31350,1,8,9,0
31350,2,8,10,0
31350,3,8,11,0
31350,4,8,11,0
31350,5,8,11,0
31350,6,8,10,0
31350,7,8,10,0
31350,8,7,10,0
31350,9,7,10,0
31350,10,7,10,0
31350,11,7,9,0
31350,12,7,8,0
31350,13,7,8,0
31350,14,7,8,0
31350,15,7,8,0
31350,16,8,8,0
31350,17,9,8,0
31350,18,9,8,0
31350,19,9,8,0
31350,20,9,7,0
31350,21,9,6,0
31350,22,9,5,0
31350,23,9,4,0
31350,24,9,3,0
31350,25,9,2,0
31350,26,9,1,0
31350,27,9,1,0
31350,28,9,1,0
31350,29,9,1,0
31350,30,9,1,0
31350,31,9,1,0
31350,32,9,1,0
31400,0,6,4,0
31400,1,7,4,0
31400,2,8,4,0
31400,3,9,4,0
31400,4,10,4,0
31400,5,11,4,0
31400,6,11,4,0
31400,7,11,5,0
31400,8,11,6,0
31400,9,11,6,0
31400,10,11,6,0
31400,11,11,6,0
31400,12,11,6,0
31400,13,11,6,0
31400,14,11,6,0
31450,0,3,7,0
31450,1,3,7,0
31450,2,3,7,0
31450,3,3,7,0
31450,4,3,7,0
31450,5,3,7,0
31450,6,3,8,0
31450,7,3,8,0
31450,8,3,8,0
31450,9,3,9,0
31450,10,3,9,0
31450,11,3,9,0
31450,12,3,9,0
31450,13,3,9,0
31450,14,3,9,0
31450,15,3,10,0
31450,16,3,10,0
31450,17,3,10,0
31450,18,3,9,0
31450,19,3,8,0
31450,20,3,7,0
31450,21,3,7,0
31450,22,3,7,0
31450,23,3,7,0
31450,24,3,7,0
31500,0,8,3,0
31500,1,8,3,0
31500,2,8,3,0
31550,0,15,10,0
31550,1,15,10,0
31550,2,15,9,0
31550,3,15,8,0
31550,4,15,8,0
31550,5,15,8,0
31550,6,15,7,0
31550,7,15,6,0
31550,8,15,6,0
31550,9,15,6,0
31550,10,15,5,0
31550,11,15,4,0
31550,12,15,3,0
31550,13,15,3,0
31550,14,15,3,0
31550,15,15,3,0
31550,16,15,3,0
31600,0,4,17,0
31600,1,4,17,0
31600,2,4,17,0
31600,3,3,17,0
31600,4,3,17,0
31600,5,3,17,0
31600,6,4,17,0
31600,7,4,17,0
31600,8,4,17,0
31600,9,4,17,0
31600,10,4,17,0
31600,11,4,18,0
31600,12,4,18,0
31600,13,3,18,0
31600,14,3,18,0
31600,15,3,18,0
31600,16,3,18,1
31650,0,9,13,0
31650,1,9,13,0
31650,2,8,13,0
31650,3,8,13,0
31650,4,8,14,0
31650,5,8,14,0
31650,6,8,14,0
31650,7,8,14,0
31650,8,7,14,0
31650,9,7,14,0
31650,10,7,14,0
31650,11,6,14,0
31650,12,6,14,0
31650,13,6,14,0
31650,14,6,14,0
31650,15,6,14,0
31650,16,6,14,0
31650,17,6,14,0
31650,18,6,14,0
31650,19,6,14,0
31650,20,6,13,0
31650,21,6,13,0
31650,22,7,13,0
31650,23,8,13,0
31650,24,8,13,0
31650,25,8,14,0
31650,26,8,15,0
31650,27,8,16,0
31650,28,8,16,0
31650,29,8,16,0
31650,30,8,16,0
31650,31,8,16,0
31700,0,8,12,0
31700,1,8,11,0
31700,2,8,10,0
31700,3,8,9,0
31700,4,8,9,0
31700,5,8,9,0
31700,6,8,9,0
31700,7,8,9,0
31700,8,8,9,0
31700,9,8,10,0
31700,10,8,11,0
31700,11,8,12,0
31700,12,8,13,0
31700,13,8,14,0
31700,14,8,14,0
31700,15,8,14,0
31700,16,8,14,0
31700,17,8,14,0
31700,18,8,14,0
31700,19,8,14,0
31700,20,8,14,0
31700,21,8,13,0
31700,22,8,13,0
31700,23,9,13,0
31700,24,9,13,0
31700,25,9,14,0
31700,26,9,14,0
31700,27,8,14,0
31700,28,7,14,0
31700,29,7,14,0
31700,30,7,14,0
31700,31,7,14,0
31750,0,14,18,0
31750,1,14,18,0
31750,2,14,18,0
31750,3,14,18,0
31750,4,14,18,0
31750,5,14,17,0
31750,6,14,16,0
31750,7,14,16,0
31750,8,14,16,0
31750,9,14,16,0
31750,10,14,16,0
31750,11,14,16,0
31750,12,14,16,0
31750,13,14,16,0
31750,14,14,17,0
31750,15,14,18,0
31750,16,14,18,0
31750,17,15,18,0
31750,18,15,18,0
31750,19,15,18,0
31750,20,15,18,0
31750,21,15,18,0
31750,22,15,18,0
31750,23,15,18,0
31750,24,15,18,0
31750,25,15,18,0
31750,26,15,18,0
31800,0,6,13,0
31800,1,6,12,0
31800,2,6,12,0
31800,3,6,12,0
31800,4,6,12,0
31800,5,5,12,0
31800,6,5,12,0
31800,7,5,12,0
31800,8,4,12,0
31800,9,4,12,0
31800,10,4,12,0
31800,11,4,12,0
31800,12,4,12,0
31800,13,4,12,0
31800,14,4,12,0
31800,15,4,12,0
31800,16,4,12,0
31800,17,4,11,0
31800,18,4,11,0
31800,19,3,11,0
31800,20,2,11,0
31800,21,2,11,0
31800,22,2,10,0
31800,23,2,9,0
31800,24,2,9,0
31800,25,2,9,0
31800,26,2,9,0
31800,27,2,9,0
31850,0,6,3,0
31850,1,6,3,0
31850,2,6,4,0
31850,3,6,5,0
31850,4,6,6,0
31850,5,6,6,0
31850,6,6,7,0
31850,7,6,7,0
31850,8,6,7,0
31850,9,6,7,0
31850,10,6,7,0
31850,11,6,7,0
31850,12,6,7,0
31850,13,6,6,0
31850,14,6,6,0
31850,15,6,6,0
31850,16,6,7,0
31850,17,6,8,0
31850,18,6,8,0
31850,19,6,8,0
31850,20,6,8,0
31850,21,6,8,0
31850,22,6,8,0
31850,23,6,8,0
31850,24,6,8,0
31850,25,6,8,0
31850,26,6,8,0
31850,27,6,8,0
31850,28,6,8,0
31850,29,6,8,0
31850,30,6,8,0
31850,31,6,8,0
31850,32,6,8,0
31850,33,6,8,0
31850,34,6,8,0
31850,35,6,8,0
31900,0,10,13,0
31900,1,10,13,0
31900,2,10,13,0
31900,3,10,13,0
31950,0,16,3,0
31950,1,15,3,0
31950,2,15,3,0
31950,3,15,3,0
31950,4,14,3,0
31950,5,13,3,0
31950,6,12,3,0
31950,7,11,3,0
31950,8,11,3,0
31950,9,11,3,0
31950,10,11,3,0
31950,11,11,3,0
31950,12,10,3,0
31950,13,9,3,0
31950,14,9,3,0
31950,15,9,4,0
31950,16,9,4,0
31950,17,9,4,0
31950,18,9,3,0
31950,19,9,3,0
31950,20,9,3,0
31950,21,9,4,0
31950,22,9,4,0
31950,23,9,4,0
31950,24,9,5,0
31950,25,9,5,0
31950,26,10,5,0
31950,27,10,5,0
31950,28,10,4,0
31950,29,10,4,0
31950,30,11,4,0
31950,31,11,4,0
31950,32,11,5,0
31950,33,11,5,0
31950,34,11,5,0
31950,35,11,4,0
31950,36,11,4,0
31950,37,11,4,0
31950,38,11,5,0
31950,39,11,5,0
31950,40,11,5,0
31950,41,11,5,0
31950,42,11,5,0
31950,43,11,6,1
32000,0,1,8,0
32000,1,1,8,0
32000,2,2,8,0
32000,3,3,8,0
32000,4,4,8,0
32000,5,5,8,0
32000,6,6,8,0
32000,7,7,8,0
32000,8,7,8,0
32000,9,7,8,0
32000,10,7,8,0
32000,11,7,8,0
32000,12,7,8,0
32000,13,7,8,0
32000,14,7,8,0
32000,15,7,8,0
32000,16,7,8,0
32000,17,7,8,0
32000,18,7,8,0
32050,0,11,12,0
32050,1,11,12,0
32050,2,11,12,0
32050,3,11,12,0
32050,4,11,11,0
32050,5,11,10,0
32050,6,11,10,0
32050,7,11,10,0
32050,8,11,10,0
32050,9,11,10,0
32050,10,11,10,0
32050,11,10,10,0
32050,12,10,10,0
32050,13,10,10,0
32100,0,2,1,0
32100,1,2,1,0
32100,2,2,1,0
32100,3,2,1,0
32100,4,2,2,0
32100,5,2,3,0
32100,6,2,3,0
32100,7,2,3,0
32100,8,2,4,0
32100,9,2,5,0
32100,10,2,6,0
32100,11,2,6,0
32100,12,3,6,0
32100,13,3,6,0
32100,14,3,7,0
32100,15,3,7,0
32100,16,3,7,0
32100,17,3,8,0
32100,18,3,9,0
32100,19,3,10,0
32100,20,3,11,0
32100,21,3,11,0
32100,22,3,11,0
32100,23,3,11,0
32100,24,3,11,0
32100,25,3,11,0
32100,26,3,11,0
32100,27,3,12,0
32100,28,3,12,0
32100,29,3,12,0
32100,30,3,12,0
32100,31,3,12,0
32150,0,2,10,0
32150,1,2,10,0
32150,2,2,10,0
32200,0,15,18,0
32200,1,15,18,0
32200,2,15,17,0
32200,3,15,17,0
32200,4,15,17,0
32200,5,15,17,0
32200,6,15,17,0
32200,7,15,17,0
32200,8,15,17,0
32200,9,15,16,0
32200,10,15,15,0
32200,11,15,15,0
32200,12,15,15,0
32200,13,15,15,0
32200,14,15,15,0
32200,15,15,15,0
32200,16,15,15,1
32250,0,18,17,0
32250,1,18,17,0
32250,2,18,16,0
32250,3,18,15,0
32250,4,18,14,0
32250,5,18,13,0
32250,6,18,12,0
32250,7,18,11,0
32250,8,18,10,0
32250,9,18,10,0
32250,10,17,10,0
32250,11,16,10,0
32250,12,16,10,0
32250,13,16,10,0
32250,14,16,10,0
32250,15,16,10,0
32250,16,16,10,0
32250,17,16,10,0
32250,18,16,11,0
32250,19,16,12,0
32250,20,16,13,0
32250,21,16,14,0
32250,22,16,15,0
32250,23,16,16,0
32250,24,16,17,0
32250,25,16,18,0
32250,26,16,18,0
32250,27,16,18,0
32250,28,16,18,0
32250,29,16,18,0
32250,30,16,18,0
32250,31,15,18,0
32250,32,15,18,0
32250,33,15,18,0
32250,34,14,18,0
32250,35,14,18,0
32250,36,14,18,0
32250,37,14,18,0
32300,0,2,5,0
32300,1,2,5,0
32300,2,2,5,0
32350,0,18,7,0
32350,1,18,7,0
32350,2,17,7,0
32350,3,16,7,0
32350,4,15,7,0
32350,5,14,7,0
32350,6,14,7,0
32350,7,14,7,0
32350,8,14,7,0
32350,9,14,7,0
32350,10,13,7,0
32350,11,13,7,0
32350,12,13,7,0
32350,13,13,7,0
32350,14,13,7,0
32350,15,13,7,0
32350,16,13,7,0
32350,17,13,7,0
32350,18,13,7,0
32350,19,13,7,0
32350,20,13,7,0
32350,21,13,6,0
32350,22,13,5,0
32350,23,13,5,0
32350,24,13,5,0
32350,25,13,5,0
32350,26,13,5,1
32400,0,8,7,0
32400,1,8,8,0
32400,2,8,9,0
32400,3,8,10,0
32400,4,8,11,0
32400,5,8,11,0
32400,6,9,11,0
32400,7,9,11,0
32400,8,9,11,0
32400,9,9,11,0
32400,10,9,10,0
32400,11,9,10,0
32400,12,9,10,0
32400,13,9,10,0
32400,14,9,10,0
32450,0,17,4,0
32450,1,17,4,0
32450,2,17,4,0
32450,3,17,4,0
32450,4,16,4,0
32450,5,16,4,0
32450,6,16,4,0
32450,7,15,4,0
32450,8,14,4,0
32450,9,13,4,0
32450,10,12,4,0
32450,11,12,4,0
32450,12,12,5,0
32450,13,12,5,0
32450,14,12,5,0
32450,15,12,5,1
32500,0,12,11,0
32500,1,12,11,0
32500,2,11,11,0
32500,3,10,11,0
32500,4,10,11,0
32500,5,10,11,0
32500,6,10,11,0
32500,7,10,12,0
32500,8,10,12,0
32500,9,11,12,0
32500,10,11,12,0
32500,11,12,12,0
32500,12,13,12,0
32500,13,13,12,0
32500,14,13,11,0
32500,15,13,10,0
32500,16,13,9,0
32500,17,13,8,0
32500,18,13,7,0
32500,19,13,6,0
32500,20,13,6,0
32500,21,13,6,0
32500,22,13,6,0
32500,23,13,6,0
32550,0,9,18,0
32550,1,9,18,0
32550,2,9,18,0
32550,3,10,18,0
32550,4,11,18,0
32550,5,12,18,0
32550,6,12,18,0
32550,7,12,18,0
32550,8,12,18,0
32550,9,11,18,0
32550,10,11,18,0
32550,11,11,18,0
32550,12,11,18,0
32550,13,11,18,0
32550,14,10,18,0
32550,15,9,18,0
32550,16,9,18,0
32550,17,9,18,0
32550,18,9,18,0
32550,19,9,18,0
32550,20,10,18,0
32550,21,10,18,0
32550,22,10,18,0
32550,23,10,18,0
32550,24,10,18,0
32550,25,10,18,0
32550,26,10,18,0
32550,27,10,18,0
32550,28,10,18,0
32550,29,10,18,0
32550,30,10,18,0
32550,31,10,18,0
32550,32,10,18,0
32550,33,10,18,0
32550,34,10,18,0
32550,35,10,18,0
32550,36,10,18,0
32550,37,10,17,0
32550,38,10,17,0
32550,39,9,17,0
32550,40,9,17,0
32550,41,9,17,0
32550,42,9,17,0
32550,43,9,16,1
32600,0,18,2,0
32600,1,18,2,0
32600,2,18,2,0
32600,3,17,2,0
32600,4,16,2,0
32600,5,16,2,0
32600,6,16,2,0
32600,7,16,2,0
32600,8,16,2,0
32600,9,16,2,0
32600,10,16,2,0
32600,11,16,2,0
32600,12,16,2,0
32600,13,16,2,0
32600,14,16,2,0
32600,15,16,2,0
32650,0,13,4,0
32650,1,13,4,0
32650,2,13,4,0
32650,3,13,4,0
32650,4,13,4,0
32650,5,13,4,0
32650,6,13,4,0
32650,7,13,4,0
32650,8,13,4,0
32650,9,13,4,0
32650,10,13,4,0
32650,11,13,4,0
32650,12,13,5,0
32650,13,13,5,0
32650,14,13,5,0
32650,15,13,5,0
32650,16,13,5,0
32650,17,13,5,0
32650,18,13,5,0
32700,0,4,14,0
32700,1,4,14,0
32700,2,4,13,0
32700,3,4,12,0
32700,4,4,11,0
32700,5,4,11,0
32700,6,3,11,0
32700,7,3,11,0
32700,8,3,11,0
32700,9,3,11,1
32750,0,2,15,0
32750,1,2,15,0
32750,2,3,15,0
32750,3,4,15,0
32750,4,4,15,0
32750,5,4,15,0
32750,6,4,15,0
32750,7,4,15,0
32750,8,5,15,0
32750,9,6,15,0
32750,10,6,15,0
32750,11,6,14,0
32750,12,6,14,0
32750,13,6,14,0
32750,14,6,14,0
32750,15,6,14,0
32750,16,6,15,0
32750,17,6,16,0
32750,18,6,16,0
32750,19,6,16,0
32750,20,6,16,0
32750,21,6,16,0
32750,22,5,16,0
32750,23,4,16,0
32750,24,3,16,0
32750,25,2,16,0
32750,26,1,16,0
32750,27,1,16,0
32750,28,1,17,0
32750,29,1,18,0
32750,30,1,18,0
32750,31,1,18,0
32750,32,1,18,0
32750,33,1,18,0
32800,0,6,15,0
32800,1,6,15,0
32800,2,6,15,0
32800,3,6,15,0
32800,4,6,15,0
32800,5,6,15,0
32800,6,6,15,0
32800,7,6,15,0
32800,8,6,15,0
32800,9,6,16,0
32800,10,6,16,0
32800,11,7,16,0
32800,12,8,16,0
32800,13,9,16,0
32800,14,9,16,0
32800,15,9,16,0
32800,16,9,16,0
32800,17,8,16,0
32800,18,7,16,0
32800,19,6,16,0
32800,20,5,16,0
32800,21,4,16,0
32800,22,4,16,0
32800,23,4,16,0
32800,24,3,16,0
32800,25,3,16,0
32800,26,3,16,0
32800,27,2,16,0
32800,28,2,16,0
32800,29,2,16,0
32800,30,2,16,0
32800,31,2,16,0
32800,32,2,16,0
32800,33,2,16,0
32800,34,2,16,0
32800,35,2,16,0
32800,36,2,16,0
32850,0,10,11,0
32850,1,10,11,0
32850,2,10,11,0
32850,3,10,11,0
32850,4,10,12,0
32850,5,10,12,0
32850,6,10,12,0
32850,7,10,12,0
32850,8,10,12,0
32850,9,10,12,0
32850,10,10,12,0
32850,11,10,12,0
32850,12,10,12,0
32900,0,2,10,0
32900,1,2,10,0
32900,2,2,10,0
32900,3,2,10,0
32900,4,2,10,0
32900,5,2,10,0
32900,6,2,10,0
32900,7,2,10,0
32900,8,2,9,0
32900,9,2,9,0
32900,10,2,9,0
32900,11,2,9,0
32900,12,2,9,0
32900,13,2,9,0
32900,14,2,9,0
32900,15,2,9,0
32900,16,1,9,0
32900,17,1,9,0
32900,18,1,9,0
32900,19,1,9,0
32900,20,1,8,0
32900,21,1,8,0
32900,22,1,8,0
32900,23,1,9,0
32900,24,1,9,0
32900,25,1,9,0
32900,26,1,9,0
32900,27,1,9,0
32900,28,1,9,0
32900,29,1,9,0
32900,30,1,9,0
32900,31,1,9,0
32900,32,1,9,0
32900,33,1,9,0
32900,34,1,9,0
32900,35,1,9,0
32950,0,14,16,0
32950,1,14,16,0
32950,2,14,16,0
32950,3,14,16,0
32950,4,13,16,0
32950,5,13,16,0
32950,6,13,16,0
32950,7,13,16,0
32950,8,13,16,0
32950,9,12,16,0
32950,10,12,16,0
32950,11,12,16,0
32950,12,12,16,0
32950,13,12,16,0
32950,14,11,16,0
32950,15,11,16,0
32950,16,11,16,0
33000,0,13,7,0
33000,1,13,7,0
33000,2,13,7,0
33000,3,14,7,0
33000,4,14,7,0
33000,5,14,6,0
33000,6,14,6,0
33000,7,14,6,0
33000,8,14,6,0
33000,9,14,6,0
33000,10,15,6,0
33000,11,16,6,0
33000,12,17,6,0
33000,13,18,6,0
33000,14,18,6,0
33000,15,18,6,0
33000,16,18,6,0
33000,17,18,6,0
33000,18,18,6,0
33000,19,18,6,0
33000,20,18,6,0
33000,21,18,6,0
33000,22,18,6,0
33000,23,18,6,0
33000,24,18,6,1
33050,0,2,15,0
33050,1,2,15,0
33050,2,2,15,0
33050,3,2,15,0
33050,4,2,15,0
33050,5,2,15,0
33050,6,2,15,0
33050,7,2,15,0
33050,8,2,15,0
33050,9,2,14,0
33050,10,2,14,0
33050,11,3,14,0
33050,12,4,14,0
33050,13,5,14,0
33050,14,6,14,0
33050,15,7,14,0
33050,16,8,14,0
33050,17,8,14,0
33050,18,8,14,0
33050,19,7,14,0
33050,20,7,14,0
33050,21,7,14,0
33050,22,7,14,0
33100,0,5,3,0
33100,1,5,3,0
33100,2,5,3,0
33100,3,5,3,0
33100,4,5,3,0
33100,5,5,3,0
33100,6,5,4,0
33100,7,5,4,0
33100,8,6,4,0
33100,9,6,4,0
33100,10,6,4,0
33100,11,7,4,0
33100,12,7,4,0
33100,13,7,4,0
33100,14,7,4,0
33150,0,1,7,0
33150,1,1,7,0
33150,2,1,7,0
33150,3,1,7,0
33150,4,1,7,0
33150,5,1,7,0
33150,6,1,7,0
33150,7,1,7,0
33150,8,1,7,0
33150,9,1,7,0
33150,10,1,7,0
33150,11,1,7,0
33150,12,2,7,0
33150,13,2,7,0
33150,14,2,7,0
33150,15,2,7,0
33150,16,1,7,0
33150,17,1,7,0
33150,18,1,6,0
33150,19,1,5,0
33150,20,1,4,0
33150,21,1,3,0
33150,22,1,2,0
33150,23,1,2,0
33150,24,1,2,0
33150,25,1,2,0
33150,26,1,2,0
33200,0,11,1,0
33200,1,11,1,0
33200,2,11,1,0
33200,3,11,1,0
33200,4,11,1,0
33250,0,15,17,0
33250,1,15,17,0
33250,2,16,17,0
33250,3,17,17,0
33250,4,18,17,0
33250,5,18,17,0
33250,6,18,16,0
33250,7,18,16,0
33250,8,18,16,0
33250,9,18,16,0
33250,10,18,16,0
33250,11,18,16,0
33250,12,18,16,0
33250,13,18,16,0
33250,14,18,17,0
33250,15,18,17,0
33250,16,17,17,0
33250,17,16,17,0
33250,18,15,17,0
33250,19,15,17,0
33250,20,15,17,0
33250,21,15,17,0
33300,0,4,5,0
33300,1,4,5,0
33300,2,4,6,0
33300,3,4,7,0
33300,4,4,7,0
33300,5,5,7,0
33300,6,6,7,0
33300,7,6,7,0
33300,8,6,7,0
33300,9,7,7,0
33300,10,7,7,0
33300,11,7,7,0
33300,12,7,7,0
33350,0,13,10,0
33350,1,13,10,0
33350,2,13,9,0
33350,3,13,8,0
33350,4,13,7,0
33350,5,13,7,0
33350,6,13,7,0
33350,7,13,7,0
33350,8,13,8,0
33350,9,13,9,0
33350,10,13,10,0
33350,11,13,11,0
33350,12,13,12,0
33350,13,13,13,0
33350,14,13,13,0
33350,15,13,13,0
33350,16,13,14,0
33350,17,13,14,0
33350,18,13,14,0
33350,19,13,14,0
33350,20,12,14,0
33350,21,12,14,0
33350,22,12,14,0
33350,23,12,14,0
33400,0,5,9,0
33400,1,5,9,0
33400,2,5,9,0
33400,3,5,9,0
33400,4,5,9,0
33400,5,5,9,0
33400,6,5,9,0
33400,7,5,9,0
33400,8,5,9,0
33400,9,6,9,0
33400,10,7,9,0
33400,11,7,9,0
33400,12,7,9,1
33450,0,6,16,0
33450,1,7,16,0
33450,2,8,16,0
33450,3,9,16,0
33450,4,10,16,0
33450,5,10,16,0
33450,6,10,16,0
33450,7,10,16,0
33450,8,10,15,0
33450,9,10,15,0
33450,10,10,15,1
33500,0,15,13,0
33500,1,15,13,0
33500,2,15,13,0
33500,3,14,13,0
33500,4,14,13,0
33550,0,15,15,0
33550,1,15,15,0
33550,2,15,15,0
33550,3,15,15,0
33550,4,14,15,0
33550,5,13,15,0
33550,6,12,15,0
33550,7,11,15,0
33550,8,11,15,0
33550,9,11,15,1
33600,0,4,15,0
33600,1,5,15,0
33600,2,6,15,0
33600,3,6,15,0
33600,4,6,15,0
33600,5,6,15,0
33600,6,6,16,0
33600,7,6,16,0
33600,8,6,16,0
33650,0,12,5,0
33650,1,12,5,0
33650,2,13,5,0
33650,3,13,5,0
33650,4,13,4,0
33650,5,13,4,0
33650,6,13,4,0
33650,7,13,4,0
33650,8,13,4,0
33650,9,13,4,0
33650,10,13,4,0
33650,11,13,3,0
33650,12,13,2,0
33650,13,13,2,0
33650,14,13,2,0
33650,15,13,2,0
33650,16,13,2,0
33700,0,2,3,0
33700,1,2,4,0
33700,2,2,5,0
33700,3,2,6,0
33700,4,2,7,0
33700,5,2,7,0
33700,6,2,7,0
33700,7,2,7,0
33700,8,2,7,0
33700,9,2,7,0
33700,10,2,7,0
33700,11,2,7,0
33700,12,2,7,0
33700,13,2,7,0
33700,14,2,8,0
33700,15,2,9,0
33700,16,2,9,0
33700,17,2,9,0
33700,18,1,9,0
33700,19,1,9,0
33700,20,1,8,0
33700,21,1,8,0
33700,22,1,8,0
33700,23,1,8,0
33700,24,1,8,0
33700,25,1,8,0
33700,26,1,9,0
33700,27,1,9,0
33700,28,1,9,0
33700,29,1,9,1
33750,0,1,11,0
33750,1,1,11,0
33750,2,1,11,0
33750,3,2,11,0
33750,4,3,11,0
33750,5,3,11,0
33750,6,3,11,0
33750,7,3,11,0
33750,8,3,11,0
33750,9,3,11,0
33750,10,3,12,0
33750,11,3,12,0
33750,12,3,12,0
33750,13,3,12,0
33750,14,3,12,0
33750,15,3,12,0
33750,16,2,12,0
33750,17,2,12,0
33750,18,2,12,0
33750,19,2,12,0
33750,20,2,12,0
33750,21,2,12,0
33800,0,5,6,0
33800,1,5,6,0
33800,2,5,6,0
33800,3,5,6,0
33850,0,17,4,0
33850,1,17,4,0
33850,2,17,4,0
33850,3,17,4,0
33850,4,17,4,0
33850,5,17,4,0
33850,6,17,4,0
33850,7,17,5,0
33850,8,17,5,0
33850,9,18,5,0
33850,10,18,5,0
33850,11,18,5,0
33850,12,18,5,0
33850,13,18,5,0
33850,14,18,5,0
33850,15,18,5,0
33850,16,18,5,0
33850,17,18,5,0
33850,18,17,5,0
33850,19,17,5,0
33850,20,17,5,0
33850,21,18,5,0
33850,22,18,5,0
33850,23,18,4,0
33850,24,18,4,0
33850,25,18,4,0
33850,26,18,4,0
33850,27,18,4,0
33850,28,18,4,0
33850,29,18,4,0
33850,30,18,4,0
33850,31,18,3,0
33850,32,18,2,0
33850,33,18,1,0
33850,34,18,1,0
33850,35,18,1,0
33850,36,18,1,0
33850,37,18,1,0
33850,38,18,1,0
33850,39,18,1,1
33900,0,6,15,0
33900,1,6,15,0
33900,2,5,15,0
33900,3,4,15,0
33900,4,4,15,0
33900,5,4,16,0
33900,6,4,16,0
33900,7,4,16,0
33900,8,4,16,0
33900,9,4,16,0
33900,10,4,16,0
33900,11,4,16,0
33900,12,4,16,0
33900,13,4,16,0
33950,0,10,10,0
33950,1,10,10,0
33950,2,10,10,0
33950,3,10,9,0
33950,4,10,9,0
33950,5,9,9,0
33950,6,9,9,0
33950,7,9,9,0
33950,8,9,9,0
33950,9,9,10,0
33950,10,9,10,0
33950,11,9,10,0
33950,12,9,11,0
33950,13,9,11,0
33950,14,9,11,0
34000,0,2,1,0
34000,1,2,1,0
34000,2,2,1,0
34000,3,2,1,0
34000,4,1,1,0
34000,5,1,1,0
34000,6,1,1,0
34000,7,1,1,0
34000,8,1,1,0
34000,9,1,1,0
34000,10,1,1,0
34000,11,1,1,0
34000,12,1,1,0
34000,13,1,1,0
34000,14,1,1,0
34000,15,1,1,0
34000,16,2,1,0
34000,17,2,1,0
34000,18,2,1,0
34000,19,2,1,0
34000,20,2,1,0
34000,21,2,1,0
34000,22,2,1,0
34000,23,2,1,0
34000,24,2,1,0
34000,25,2,1,0
34000,26,2,1,0
34000,27,2,1,0
34000,28,2,1,0
34000,29,2,1,0
34000,30,2,1,0
34000,31,2,1,0
34000,32,2,1,0
34000,33,2,1,0
34000,34,2,1,0
34000,35,2,1,0
34000,36,2,1,0
34000,37,2,1,0
34000,38,2,1,0
34000,39,2,1,0
34000,40,2,1,0
34000,41,2,1,0
34000,42,2,1,0
34000,43,2,1,0
34000,44,2,1,0
34000,45,2,2,0
34000,46,2,2,0
34000,47,2,2,0
34000,48,2,2,0
34000,49,1,2,1
34050,0,11,16,0
34050,1,11,16,0
34050,2,12,16,0
34050,3,13,16,0
34050,4,13,16,0
34050,5,13,16,0
34050,6,13,16,0
34050,7,13,16,0
34050,8,13,16,0
34050,9,13,15,0
34050,10,13,15,0
34050,11,13,15,0
34050,12,13,16,0
34050,13,13,16,0
34050,14,13,16,0
34050,15,13,15,0
34050,16,13,15,0
34050,17,13,15,0
34050,18,13,16,0
34050,19,13,16,0
34050,20,13,16,0
34050,21,13,16,0
34050,22,13,16,0
34050,23,13,16,1
34100,0,18,5,0
34100,1,18,5,0
34100,2,18,5,0
34100,3,18,5,0
34100,4,18,5,0
34100,5,18,4,0
34100,6,18,4,0
34100,7,18,4,0
34100,8,18,4,0
34100,9,18,4,0
34100,10,18,4,0
34100,11,18,4,0
34100,12,18,5,0
34100,13,18,5,0
34100,14,18,5,0
34100,15,18,5,0
34100,16,18,5,0
34100,17,18,5,0
34100,18,18,5,0
34150,0,6,14,0
34150,1,7,14,0
34150,2,8,14,0
34150,3,9,14,0
34150,4,9,14,0
34150,5,9,14,0
34150,6,9,15,0
34150,7,9,16,0
34150,8,9,16,0
34150,9,8,16,0
34150,10,8,16,0
34150,11,8,17,0
34150,12,8,18,0
34150,13,8,18,0
34150,14,8,18,0
34150,15,8,18,0
34150,16,8,18,0
34150,17,8,18,0
34150,18,8,18,1
34200,0,3,7,0
34200,1,4,7,0
34200,2,5,7,0
34200,3,5,7,0
34200,4,5,8,0
34200,5,5,8,0
34200,6,5,8,0
34200,7,5,7,0
34200,8,5,7,0
34200,9,6,7,0
34200,10,7,7,0
34200,11,7,7,0
34200,12,7,7,0
34200,13,7,7,0
34200,14,7,7,0
34200,15,7,6,0
34200,16,7,6,0
34200,17,8,6,0
34200,18,8,6,0
34200,19,8,5,0
34200,20,8,5,0
34200,21,7,5,0
34200,22,7,5,0
34200,23,7,4,0
34200,24,7,4,0
34200,25,7,4,0
34200,26,8,4,0
34200,27,9,4,0
34200,28,9,4,0
34200,29,9,5,0
34200,30,9,6,0
34200,31,9,7,0
34200,32,9,8,0
34200,33,9,9,0
34200,34,9,10,0
34200,35,9,10,0
34200,36,9,10,0
34200,37,9,10,0
34200,38,9,10,0
34250,0,16,9,0
34250,1,16,9,0
34250,2,15,9,0
34250,3,15,9,0
34250,4,15,9,0
34250,5,16,9,0
34250,6,16,9,0
34250,7,16,9,0
34250,8,17,9,0
34250,9,17,9,0
34250,10,17,9,0
34250,11,18,9,0
34250,12,18,9,0
34250,13,18,9,0
34250,14,18,9,0
34250,15,18,9,0
34250,16,18,9,0
34250,17,18,9,0
34250,18,18,9,0
34250,19,18,9,0
34250,20,18,9,0
34250,21,18,9,0
34250,22,18,9,0
34250,23,18,9,0
34250,24,18,9,0
34250,25,18,9,0
34250,26,18,9,1
34300,0,12,10,0
34300,1,12,10,0
34300,2,12,10,0
34300,3,12,10,0
34300,4,11,10,0
34300,5,11,10,0
34300,6,11,10,0
34300,7,12,10,0
34300,8,12,10,0
34300,9,12,10,0
34300,10,12,10,0
34300,11,12,10,0
34300,12,12,10,0
34300,13,12,10,0
34300,14,12,10,0
34300,15,11,10,0
34300,16,11,10,0
34300,17,11,10,0
34300,18,11,10,0
34300,19,11,11,0
34300,20,11,11,0
34300,21,11,11,0
34300,22,11,11,0
34350,0,5,16,0
34350,1,5,16,0
34350,2,5,16,0
34350,3,5,16,0
34350,4,5,16,0
34350,5,5,15,0
34350,6,5,14,0
34350,7,5,13,0
34350,8,5,12,0
34350,9,5,12,0
34350,10,5,12,0
34350,11,5,11,0
34350,12,5,10,0
34350,13,5,9,0
34350,14,5,9,0
34350,15,6,9,0
34350,16,7,9,0
34350,17,7,9,0
34350,18,7,9,0
34350,19,7,9,0
34400,0,14,9,0
34400,1,14,9,0
34400,2,13,9,0
34400,3,13,9,0
34400,4,12,9,0
34400,5,11,9,0
34400,6,10,9,0
34400,7,9,9,0
34400,8,8,9,0
34400,9,8,9,0
34400,10,8,9,0
34400,11,8,9,0
34400,12,8,9,0
34400,13,8,9,0
34400,14,8,8,0
34400,15,8,7,0
34400,16,8,7,0
34400,17,8,7,1
34450,0,10,6,0
34450,1,10,6,0
34450,2,10,6,0
34450,3,11,6,0
34450,4,11,6,0
34450,5,11,6,0
34450,6,11,6,0
34450,7,11,6,0
34450,8,11,6,0
34450,9,11,6,0
34450,10,11,6,0
34450,11,11,7,0
34450,12,11,7,0
34450,13,11,7,0
34450,14,11,7,1
34500,0,7,10,0
34500,1,6,10,0
34500,2,5,10,0
34500,3,4,10,0
34500,4,3,10,0
34500,5,3,10,0
34500,6,3,10,0
34500,7,3,10,0
34500,8,3,10,0
34500,9,2,10,0
34500,10,2,10,0
34500,11,2,10,0
34500,12,2,10,0
34550,0,13,10,0
34550,1,13,10,0
34550,2,13,10,0
34550,3,13,10,0
34550,4,13,10,0
34550,5,12,10,0
34550,6,11,10,0
34550,7,11,10,0
34550,8,11,10,0
34550,9,11,10,0
34550,10,11,10,0
34550,11,11,10,0
34550,12,11,11,0
34550,13,11,11,0
34550,14,10,11,0
34550,15,9,11,0
34550,16,9,11,0
34550,17,9,11,0
34550,18,9,11,0
34600,0,3,15,0
34600,1,3,15,0
34600,2,2,15,0
34600,3,2,15,0
34600,4,2,14,0
34600,5,2,14,0
34600,6,2,14,0
34600,7,2,14,0
34600,8,3,14,0
34600,9,3,14,0
34600,10,3,14,0
34650,0,1,16,0
34650,1,1,16,0
34650,2,1,16,0
34650,3,2,16,0
34650,4,2,16,0
34650,5,2,16,0
34650,6,2,16,0
34650,7,2,16,0
34650,8,2,16,0
34650,9,2,16,0
34650,10,1,16,0
34650,11,1,16,0
34650,12,1,16,0
34650,13,2,16,0
34650,14,2,16,0
34650,15,2,16,0
34650,16,2,16,0
34650,17,3,16,0
34650,18,3,16,0
34650,19,3,17,0
34650,20,3,17,1
34700,0,13,17,0
34700,1,13,16,0
34700,2,13,15,0
34700,3,13,14,0
34700,4,13,13,0
34700,5,13,13,0
34700,6,13,13,0
34700,7,13,13,0
34700,8,13,13,0
34700,9,13,13,0
34700,10,13,13,0
34750,0,5,15,0
34750,1,5,15,0
34750,2,5,14,0
34750,3,5,13,0
34750,4,5,12,0
34750,5,5,11,0
34750,6,5,10,0
34750,7,5,9,0
34750,8,5,9,0
34750,9,6,9,0
34750,10,6,9,0
34750,11,6,9,0
34750,12,6,9,0
34750,13,6,9,0
34750,14,6,9,0
34750,15,6,9,0
34750,16,6,9,0
34800,0,4,17,0
34800,1,4,17,0
34800,2,4,17,0
34800,3,4,17,0
34800,4,4,16,0
34800,5,4,15,0
34800,6,4,15,0
34800,7,4,15,1
34850,0,10,10,0
34850,1,10,10,0
34850,2,9,10,0
34850,3,9,10,0
34850,4,9,10,0
34850,5,10,10,0
34850,6,10,10,0
34850,7,10,10,0
34850,8,10,10,0
34850,9,10,10,0
34850,10,10,10,0
34850,11,10,10,0
34850,12,10,10,1
34900,0,10,2,0
34900,1,10,2,0
34900,2,11,2,0
34900,3,11,2,0
34900,4,11,2,0
34900,5,12,2,0
34900,6,13,2,0
34900,7,13,2,0
34900,8,13,3,0
34900,9,13,4,0
34900,10,13,4,0
34900,11,13,4,0
34900,12,13,4,0
34900,13,13,4,0
34900,14,14,4,0
34900,15,14,4,0
34900,16,14,5,0
34900,17,14,5,1
34950,0,3,4,0
34950,1,3,4,0
34950,2,3,4,0
34950,3,3,4,0
34950,4,3,4,0
34950,5,4,4,0
34950,6,5,4,0
34950,7,5,4,0
34950,8,5,5,0
34950,9,5,5,0
34950,10,5,5,0
34950,11,5,5,0
34950,12,5,5,0
34950,13,5,5,0
34950,14,5,5,0
34950,15,5,5,0
34950,16,5,5,0
34950,17,5,5,0
34950,18,5,5,0
35000,0,9,10,0
35000,1,9,10,0
35000,2,9,10,0
35050,0,2,13,0
35050,1,2,13,0
35050,2,3,13,0
35050,3,4,13,0
35050,4,4,13,0
35050,5,4,13,0
35050,6,4,13,0
35050,7,4,13,0
35050,8,4,13,0
35050,9,4,13,0
35050,10,4,13,0
35050,11,4,13,0
35050,12,4,13,0
35050,13,4,13,0
35050,14,4,13,0
35050,15,4,13,0
35050,16,4,13,0
35050,17,4,13,0
35050,18,4,13,0
35100,0,17,14,0
35100,1,17,14,0
35100,2,17,14,0
35100,3,16,14,0
35100,4,16,14,0
35100,5,16,14,0
35100,6,16,14,0
35100,7,16,14,0
35100,8,15,14,0
35100,9,14,14,0
35100,10,14,14,0
35100,11,14,14,0
35100,12,14,14,0
35100,13,14,15,0
35100,14,14,15,0
35100,15,14,15,0
35100,16,14,15,0
35100,17,13,15,0
35100,18,13,15,0
35100,19,13,15,0
35100,20,13,14,0
35100,21,13,14,0
35100,22,13,14,0
35100,23,13,14,0
35100,24,13,14,0
35100,25,13,13,1
35150,0,8,3,0
35150,1,8,3,0
35150,2,8,3,0
35150,3,8,4,0
35150,4,8,5,0
35150,5,8,6,0
35150,6,8,6,0
35150,7,8,6,0
35200,0,7,7,0
35200,1,7,7,0
35200,2,7,7,0
35200,3,7,7,0
35200,4,7,8,0
35200,5,7,8,0
35200,6,7,8,0
35200,7,7,9,0
35200,8,7,9,0
35200,9,7,9,0
35200,10,7,10,0
35200,11,7,10,0
35200,12,7,10,0
35200,13,7,10,1
35250,0,1,4,0
35250,1,1,4,0
35250,2,1,4,0
35250,3,1,4,0
35250,4,1,4,0
35250,5,1,4,0
35250,6,1,4,0
35250,7,1,4,0
35250,8,1,4,0
35250,9,1,4,0
35250,10,2,4,0
35250,11,3,4,0
35250,12,3,4,0
35250,13,3,4,0
35250,14,3,4,0
35250,15,3,4,0
35250,16,3,4,0
35250,17,3,4,0
35250,18,3,4,0
35250,19,3,4,0
35250,20,3,4,0
35250,21,2,4,0
35250,22,2,4,0
35250,23,2,5,0
35250,24,2,6,0
35250,25,2,7,0
35250,26,2,8,0
35250,27,2,8,0
35250,28,2,8,0
35250,29,2,8,0
35250,30,2,9,0
35250,31,2,10,0
35250,32,2,11,0
35250,33,2,12,0
35250,34,2,13,0
35250,35,2,14,0
35250,36,2,15,0
35250,37,2,16,0
35250,38,2,16,0
35250,39,2,16,0
35250,40,2,16,0
35250,41,2,16,0
35300,0,5,7,0
35300,1,5,7,0
35300,2,6,7,0
35300,3,6,7,0
35300,4,7,7,0
35300,5,8,7,0
35300,6,8,7,0
35300,7,8,8,0
35300,8,8,8,0
35300,9,8,8,0
35300,10,8,8,0
35300,11,7,8,0
35300,12,6,8,0
35300,13,6,8,0
35300,14,6,8,0
35300,15,6,8,0
35300,16,6,8,0
35300,17,6,8,0
35300,18,6,8,0
35300,19,6,8,0
35300,20,6,8,0
35300,21,6,8,0
35350,0,10,5,0
35350,1,10,5,0
35350,2,10,6,0
35350,3,10,7,0
35350,4,10,8,0
35350,5,10,9,0
35350,6,10,9,0
35350,7,11,9,0
35350,8,11,9,0
35350,9,11,9,0
35350,10,11,9,0
35350,11,11,9,0
35350,12,12,9,0
35350,13,12,9,0
35350,14,12,9,0
35350,15,12,8,0
35350,16,12,8,0
35350,17,13,8,0
35350,18,14,8,0
35350,19,15,8,0
35350,20,16,8,0
35350,21,17,8,0
35350,22,17,8,0
35350,23,17,8,0
35350,24,17,8,0
35350,25,17,8,0
35350,26,17,8,0
35400,0,12,16,0
35400,1,12,15,0
35400,2,12,15,0
35400,3,11,15,0
35400,4,11,15,0
35400,5,11,15,0
35400,6,11,15,0
35400,7,11,15,0
35400,8,11,15,0
35400,9,11,15,0
35400,10,11,15,0
35450,0,7,1,0
35450,1,8,1,0
35450,2,8,1,0
35450,3,8,1,0
35450,4,9,1,0
35450,5,10,1,0
35450,6,10,1,0
35450,7,10,1,0
35450,8,10,1,0
35450,9,10,1,0
35450,10,10,1,0
35450,11,10,1,0
35450,12,11,1,0
35450,13,11,1,0
35450,14,11,1,0
35450,15,11,1,0
35450,16,11,1,0
35450,17,11,1,0
35450,18,12,1,0
35450,19,12,1,0
35450,20,12,1,0
35450,21,12,1,0
35450,22,12,2,0
35450,23,12,2,0
35450,24,12,2,0
35500,0,11,1,0
35500,1,11,1,0
35500,2,11,1,0
35500,3,11,1,0
35500,4,11,1,0
35500,5,11,1,0
35500,6,11,1,0
35500,7,12,1,0
35500,8,13,1,0
35500,9,14,1,0
35500,10,15,1,0
35500,11,16,1,0
35500,12,16,1,0
35500,13,16,1,0
35500,14,17,1,0
35500,15,17,1,0
35500,16,17,1,0
35500,17,17,1,0
35500,18,17,2,0
35500,19,17,2,0
35500,20,17,2,0
35500,21,17,2,0
35500,22,17,2,0
35500,23,17,2,0
35500,24,17,2,0
35550,0,7,5,0
35550,1,7,6,0
35550,2,7,6,0
35550,3,7,7,0
35550,4,7,7,0
35550,5,7,7,0
35550,6,7,7,0
35550,7,7,7,0
35550,8,7,7,0
35550,9,7,7,0
35550,10,7,7,0
35550,11,8,7,0
35550,12,8,7,0
35550,13,8,7,0
35550,14,8,7,0
35550,15,9,7,0
35550,16,9,7,0
35550,17,9,6,0
35550,18,9,6,0
35550,19,9,6,0
35550,20,9,5,0
35550,21,9,4,0
35550,22,9,3,0
35550,23,9,3,0
35550,24,9,3,0
35600,0,10,11,0
35600,1,10,11,0
35600,2,10,10,0
35600,3,10,10,0
35600,4,10,10,0
35600,5,10,10,0
35600,6,10,10,0
35600,7,10,10,0
35600,8,10,10,0
35600,9,10,10,0
35600,10,10,11,0
35600,11,10,11,0
35600,12,10,11,0
35600,13,10,10,0
35600,14,10,10,0
35600,15,9,10,0
35600,16,8,10,0
35600,17,7,10,0
35600,18,7,10,0
35600,19,7,10,0
35600,20,7,10,1
35650,0,2,13,0
35650,1,2,13,0
35650,2,2,13,0
35700,0,5,1,0
35700,1,5,1,0
35700,2,6,1,0
35700,3,7,1,0
35700,4,7,1,0
35700,5,7,1,0
35700,6,7,1,0
35700,7,7,2,0
35700,8,7,2,0
35700,9,7,2,1
35750,0,4,12,0
35750,1,4,12,0
35750,2,4,12,0
35750,3,4,12,0
35750,4,4,11,0
35750,5,4,11,0
35750,6,4,11,0
35750,7,4,11,0
35750,8,4,11,0
35750,9,4,10,0
35750,10,4,10,0
35750,11,4,10,0
35750,12,5,10,0
35750,13,5,10,0
35750,14,5,10,0
35750,15,5,10,0
35750,16,5,9,0
35750,17,5,9,0
35750,18,5,9,0
35750,19,5,10,0
35750,20,5,10,0
35750,21,5,10,0
35750,22,5,10,0
35750,23,5,10,0
35750,24,5,10,0
35750,25,5,10,0
35750,26,5,10,0
35750,27,5,10,0
35750,28,5,10,0
35750,29,5,10,0
35750,30,5,10,0
35750,31,5,10,0
35750,32,5,10,0
35750,33,5,10,0
35750,34,5,10,0
35750,35,5,10,0
35750,36,5,10,0
35750,37,5,10,0
35750,38,5,10,0
35750,39,5,10,0
35750,40,5,10,0
35750,41,5,10,0
35750,42,5,10,0
35750,43,5,9,0
35750,44,5,8,0
35750,45,5,7,0
35750,46,5,7,0
35750,47,5,7,1
35800,0,7,12,0
35800,1,7,12,0
35800,2,7,12,0
35800,3,7,13,0
35800,4,7,13,0
35800,5,7,13,0
35800,6,7,13,0
35800,7,8,13,0
35800,8,9,13,0
35800,9,9,13,0
35800,10,9,12,0
35800,11,9,11,0
35800,12,9,11,0
35800,13,9,11,0
35800,14,9,11,0
35800,15,9,11,0
35850,0,5,15,0
35850,1,5,15,0
35850,2,5,14,0
35850,3,5,13,0
35850,4,5,13,0
35850,5,5,13,0
35850,6,5,13,0
35850,7,5,13,0
35850,8,5,13,0
35850,9,5,13,0
35850,10,5,13,0
35850,11,5,13,0
35850,12,5,13,0
35850,13,5,13,0
35850,14,5,13,0
35850,15,5,13,0
35850,16,5,12,0
35850,17,5,12,0
35850,18,5,12,0
35850,19,5,12,0
35850,20,5,12,0
35900,0,11,14,0
35900,1,11,14,0
35900,2,11,14,0
35900,3,11,14,0
35900,4,11,14,0
35900,5,11,14,0
35900,6,11,14,0
35900,7,11,14,0
35900,8,11,14,0
35900,9,11,14,0
35900,10,11,14,0
35900,11,11,14,0
35900,12,11,15,0
35900,13,11,15,0
35900,14,11,15,0
35900,15,11,15,0
35900,16,11,15,0
35950,0,7,4,0
35950,1,7,4,0
35950,2,7,4,0
35950,3,7,4,0
36000,0,1,6,0
36000,1,1,6,0
36000,2,1,6,0
36000,3,1,6,0
36000,4,1,6,0
36000,5,1,6,1
36050,0,10,5,0
36050,1,10,5,0
36050,2,10,5,0
36050,3,10,5,0
36050,4,10,5,0
36050,5,10,5,0
36050,6,10,5,0
36050,7,10,5,0
36050,8,10,5,0
36050,9,10,5,0
36050,10,10,5,0
36050,11,10,5,0
36050,12,10,5,0
36050,13,10,5,0
36050,14,10,5,0
36050,15,10,5,0
36050,16,10,5,0
36050,17,10,5,0
36050,18,10,5,0
36050,19,10,5,0
36050,20,10,5,0
36050,21,10,5,0
36050,22,10,5,0
36050,23,10,5,0
36050,24,10,5,0
36050,25,10,5,0
36050,26,10,5,0
36050,27,10,5,0
36050,28,10,5,0
36050,29,10,5,0
36050,30,10,5,0
36050,31,10,5,0
36050,32,10,5,0
36050,33,10,5,0
36050,34,10,5,0
36050,35,10,5,0
36050,36,10,5,0
36050,37,10,5,0
36100,0,7,9,0
36100,1,7,9,0
36100,2,7,8,0
36100,3,7,8,0
36100,4,7,8,0
36100,5,7,8,0
36100,6,7,8,0
36100,7,7,8,0
36100,8,7,8,0
36100,9,6,8,0
36100,10,5,8,0
36100,11,4,8,0
36100,12,3,8,0
36100,13,2,8,0
36100,14,1,8,0
36100,15,1,8,0
36100,16,1,8,0
36100,17,1,8,0
36100,18,1,8,0
36100,19,1,8,0
36150,0,1,8,0
36150,1,1,8,0
36150,2,1,8,0
36150,3,1,8,0
36150,4,2,8,0
36150,5,2,8,0
36150,6,2,8,0
36150,7,2,8,0
36150,8,2,8,0
36150,9,2,7,0
36150,10,2,6,0
36150,11,2,6,0
36150,12,2,6,0
36150,13,2,5,0
36150,14,2,5,0
36150,15,2,5,0
36150,16,2,5,0
36150,17,2,5,0
36150,18,2,5,0
36150,19,2,5,0
36150,20,2,5,0
36150,21,2,5,0
36150,22,2,5,0
36150,23,2,5,0
36150,24,2,5,0
36150,25,2,5,0
36150,26,2,5,0
36150,27,3,5,0
36150,28,4,5,0
36150,29,5,5,0
36150,30,5,5,0
36150,31,5,5,0
36150,32,5,5,0
36200,0,4,9,0
36200,1,4,8,0
36200,2,4,7,0
36200,3,4,7,0
36200,4,4,7,0
36200,5,4,6,0
36200,6,4,5,0
36200,7,4,4,0
36200,8,4,3,0
36200,9,4,3,0
36200,10,4,3,0
36200,11,4,3,0
36200,12,4,3,0
36200,13,4,3,0
36200,14,4,3,0
36200,15,4,3,0
36200,16,4,3,0
36250,0,16,8,0
36250,1,16,8,0
36250,2,16,9,0
36250,3,16,9,0
36250,4,16,9,0
36250,5,16,9,0
36250,6,16,9,0
36250,7,16,10,0
36250,8,16,10,0
36250,9,16,10,0
36250,10,16,10,0
36250,11,15,10,0
36250,12,14,10,0
36250,13,14,10,0
36250,14,14,10,0
36250,15,14,10,0
36250,16,14,10,1
36300,0,4,8,0
36300,1,4,8,0
36300,2,3,8,0
36300,3,3,8,0
36300,4,3,8,0
36300,5,4,8,0
36300,6,4,8,0
36300,7,4,8,0
36300,8,4,8,0
36300,9,4,8,0
36300,10,4,8,0
36300,11,4,8,0
36300,12,4,8,0
36300,13,4,8,0
36300,14,4,8,0
36300,15,4,8,0
36300,16,4,8,0
36300,17,4,8,0
36300,18,4,8,0
36300,19,4,8,0
36300,20,4,8,0
36350,0,7,13,0
36350,1,7,13,0
36350,2,7,13,0
36350,3,7,13,0
36350,4,7,13,0
36350,5,7,12,0
36350,6,7,11,0
36350,7,7,10,0
36350,8,7,9,0
36350,9,7,8,0
36350,10,7,8,0
36350,11,7,8,0
36350,12,7,8,0
36350,13,7,8,0
36350,14,7,7,0
36350,15,7,7,0
36350,16,7,7,0
36350,17,7,7,0
36350,18,7,7,0
36350,19,7,7,0
36350,20,7,7,0
36400,0,4,16,0
36400,1,4,15,0
36400,2,4,14,0
36400,3,4,13,0
36400,4,4,12,0
36400,5,4,12,0
36400,6,3,12,0
36400,7,3,12,0
36400,8,3,11,0
36400,9,3,10,0
36400,10,3,9,0
36400,11,3,9,0
36400,12,3,9,0
36400,13,3,9,0
36400,14,3,9,0
36400,15,2,9,0
36400,16,1,9,0
36400,17,1,9,0
36400,18,1,10,0
36400,19,1,11,0
36400,20,1,12,0
36400,21,1,13,0
36400,22,1,13,0
36400,23,1,13,0
36400,24,1,13,0
36400,25,1,13,0
36400,26,1,13,0
36400,27,1,13,0
36450,0,7,17,0
36450,1,7,16,0
36450,2,7,16,0
36450,3,7,16,0
36450,4,7,16,0
36450,5,7,16,0
36450,6,7,16,0
36450,7,7,16,0
36450,8,7,16,0
36450,9,6,16,0
36450,10,6,16,0
36450,11,6,16,0
36450,12,6,16,0
36450,13,6,16,0
36450,14,6,16,0
36450,15,6,16,0
36450,16,6,16,0
36500,0,12,9,0
36500,1,12,10,0
36500,2,12,10,0
36500,3,12,10,0
36500,4,12,9,0
36500,5,12,9,0
36500,6,11,9,0
36500,7,11,9,0
36500,8,11,9,0
36500,9,11,9,0
36500,10,11,9,0
36500,11,11,9,0
36500,12,11,9,0
36500,13,11,9,0
36550,0,8,18,0
36550,1,8,18,0
36550,2,8,18,0
36550,3,8,18,0
36550,4,8,18,0
36600,0,11,2,0
36600,1,11,2,0
36600,2,11,2,0
36600,3,11,2,0
36600,4,11,2,0
36600,5,11,2,0
36600,6,12,2,0
36600,7,12,2,0
36600,8,12,2,0
36650,0,5,4,0
36650,1,5,4,0
36650,2,5,4,0
36650,3,5,4,0
36650,4,5,4,0
36650,5,5,4,0
36650,6,5,4,0
36650,7,5,4,0
36650,8,5,4,0
36650,9,5,4,0
36650,10,5,4,0
36650,11,5,4,0
36650,12,5,4,0
36650,13,5,4,0
36650,14,5,4,0
36650,15,5,4,0
36650,16,5,5,0
36650,17,5,5,0
36650,18,4,5,0
36650,19,3,5,0
36650,20,2,5,0
36650,21,1,5,0
36650,22,1,5,0
36650,23,1,5,0
36650,24,1,5,0
36650,25,1,5,0
36650,26,1,5,0
36700,0,5,15,0
36700,1,5,15,0
36700,2,5,15,0
36700,3,5,14,0
36700,4,5,14,0
36700,5,5,14,0
36700,6,5,14,0
36700,7,5,14,0
36700,8,5,14,0
36700,9,5,14,0
36700,10,5,15,0
36700,11,5,15,0
36700,12,5,15,0
36700,13,5,15,0
36700,14,5,15,0
36700,15,5,15,0
36700,16,5,14,1
36750,0,12,15,0
36750,1,12,15,0
36750,2,12,15,0
36750,3,12,15,0
36750,4,12,15,0
36750,5,12,15,0
36750,6,11,15,0
36750,7,11,15,0
36750,8,11,14,0
36750,9,11,14,0
36750,10,11,14,0
36750,11,11,14,0
36750,12,10,14,0
36750,13,10,14,0
36750,14,10,14,0
36750,15,10,14,0
36800,0,16,3,0
36800,1,16,3,0
36800,2,16,3,0
36800,3,16,3,0
36800,4,16,3,0
36800,5,16,4,0
36800,6,16,5,0
36800,7,16,5,0
36800,8,16,5,0
36800,9,16,6,0
36800,10,16,6,0
36800,11,16,6,0
36800,12,16,6,0
36800,13,15,6,0
36800,14,15,6,0
36800,15,15,6,0
36800,16,15,6,0
36800,17,15,6,0
36800,18,15,6,0
36800,19,15,6,0
36800,20,15,6,0
36850,0,2,2,0
36850,1,2,2,0
36850,2,2,2,0
36850,3,2,2,0
36900,0,17,4,0
36900,1,17,4,0
36900,2,17,4,0
36900,3,17,4,0
36900,4,16,4,0
36900,5,15,4,0
36900,6,15,4,0
36900,7,15,4,0
36900,8,15,4,0
36900,9,15,4,0
36900,10,14,4,0
36900,11,14,4,0
36900,12,14,4,0
36900,13,14,4,0
36950,0,10,6,0
36950,1,11,6,0
36950,2,11,6,0
36950,3,11,6,0
36950,4,11,6,0
36950,5,11,7,0
36950,6,11,8,0
36950,7,11,8,0
36950,8,11,8,0
36950,9,11,9,1
37000,0,17,15,0
37000,1,17,15,0
37000,2,17,15,0
37000,3,17,15,0
37000,4,17,15,0
37000,5,17,15,0
37000,6,16,15,0
37000,7,16,15,0
37000,8,16,15,0
37000,9,16,15,0
37000,10,16,15,0
37000,11,16,15,0
37000,12,16,15,0
37000,13,16,15,0
37000,14,16,15,0
37000,15,16,15,0
37000,16,16,15,0
37000,17,16,15,0
37000,18,16,15,0
37000,19,16,15,0
37000,20,16,15,0
37000,21,16,15,0
37000,22,16,15,0
37000,23,16,15,0
37000,24,16,15,0
37000,25,15,15,0
37000,26,15,15,0
37000,27,15,15,0
37000,28,15,15,0
37000,29,15,15,0
37000,30,14,15,0
37000,31,13,15,0
37000,32,13,15,0
37000,33,13,14,0
37000,34,13,14,0
37000,35,13,14,0
37050,0,7,15,0
37050,1,7,15,0
37050,2,6,15,0
37050,3,5,15,0
37050,4,4,15,0
37050,5,4,15,0
37050,6,4,14,0
37050,7,4,14,0
37050,8,4,14,0
37050,9,4,13,0
37050,10,4,13,0
37050,11,4,13,0
37050,12,4,13,0
37050,13,4,13,0
37050,14,4,13,0
37050,15,4,13,0
37100,0,9,17,0
37100,1,9,17,0
37100,2,9,17,0
37100,3,9,17,0
37100,4,9,16,0
37100,5,9,15,0
37100,6,9,14,0
37100,7,9,14,0
37100,8,9,14,0
37100,9,9,14,0
37100,10,9,14,0
37100,11,9,13,0
37100,12,9,13,0
37100,13,9,13,0
37150,0,15,18,0
37150,1,15,18,0
37150,2,14,18,0
37150,3,13,18,0
37150,4,12,18,0
37150,5,11,18,0
37150,6,10,18,0
37150,7,9,18,0
37150,8,9,18,0
37150,9,9,18,0
37150,10,9,18,0
37150,11,9,17,0
37150,12,9,16,0
37150,13,9,16,0
37150,14,9,16,0
37200,0,6,12,0
37200,1,6,12,0
37200,2,6,12,0
37200,3,7,12,0
37200,4,8,12,0
37200,5,9,12,0
37200,6,10,12,0
37200,7,10,12,0
37200,8,10,13,0
37200,9,10,13,0
37200,10,10,13,0
37200,11,10,14,0
37200,12,10,14,0
37200,13,10,14,0
37200,14,10,14,0
37200,15,10,14,0
37200,16,10,14,0
37200,17,10,14,0
37250,0,5,1,0
37250,1,5,2,0
37250,2,5,2,0
37250,3,5,2,0
37250,4,5,2,0
37250,5,5,2,0
37250,6,5,2,0
37250,7,5,1,0
37250,8,5,1,0
37250,9,5,1,0
37250,10,5,1,0
37250,11,6,1,0
37250,12,7,1,0
37250,13,8,1,0
37250,14,8,1,0
37250,15,8,1,0
37250,16,8,1,0
37250,17,8,1,0
37250,18,7,1,0
37250,19,7,1,0
37250,20,7,1,0
37300,0,1,1,0
37300,1,2,1,0
37300,2,3,1,0
37300,3,4,1,0
37300,4,5,1,0
37300,5,6,1,0
37300,6,7,1,0
37300,7,8,1,0
37300,8,8,1,0
37300,9,8,1,0
37300,10,9,1,0
37300,11,10,1,0
37300,12,11,1,0
37300,13,11,1,0
37300,14,11,1,0
37300,15,11,1,0
37300,16,11,1,0
37300,17,11,1,0
37300,18,11,1,0
37300,19,11,1,0
37300,20,11,1,0
37300,21,11,1,0
37300,22,11,1,0
37300,23,11,1,0
37300,24,11,1,0
37300,25,11,1,0
37300,26,11,1,0
37300,27,11,1,0
37300,28,11,1,1
37350,0,14,2,0
37350,1,14,2,0
37350,2,15,2,0
37350,3,16,2,0
37350,4,17,2,0
37350,5,17,2,0
37350,6,17,2,0
37350,7,17,3,0
37350,8,17,3,0
37350,9,16,3,0
37350,10,15,3,0
37350,11,15,3,0
37350,12,15,3,0
37350,13,15,3,0
37350,14,15,3,0
37350,15,15,3,0
37350,16,15,3,0
37350,17,15,3,0
37350,18,15,3,0
37350,19,15,3,0
37400,0,15,5,0
37400,1,15,5,0
37400,2,15,6,0
37400,3,15,6,0
37400,4,15,6,0
37400,5,15,6,0
37400,6,15,6,0
37400,7,15,6,0
37400,8,15,6,0
37400,9,15,6,0
37400,10,15,6,0
37400,11,15,6,0
37400,12,15,6,0
37400,13,15,6,0
37400,14,15,7,0
37400,15,15,8,0
37400,16,15,9,0
37400,17,15,10,0
37400,18,15,11,0
37400,19,15,11,0
37400,20,15,11,0
37400,21,15,11,0
37400,22,15,11,0
37400,23,15,11,0
37400,24,15,11,0
37400,25,15,11,0
37400,26,15,11,0
37400,27,15,11,0
37400,28,15,11,0
37400,29,15,11,0
37400,30,15,11,0
37400,31,15,11,0
37400,32,15,11,0
37450,0,8,10,0
37450,1,8,10,0
37450,2,8,10,0
37450,3,8,10,0
37450,4,8,10,0
37450,5,8,10,0
37450,6,8,10,0
37450,7,8,10,0
37450,8,8,10,0
37450,9,8,10,0
37450,10,8,10,0
37450,11,8,10,0
37450,12,8,11,0
37450,13,8,11,0
37450,14,7,11,0
37450,15,7,11,0
37450,16,7,12,0
37450,17,7,13,0
37450,18,7,13,0
37450,19,7,13,0
37450,20,7,13,0
37450,21,7,13,0
37500,0,4,9,0
37500,1,4,9,0
37500,2,4,9,0
37500,3,4,9,0
37500,4,4,8,0
37500,5,4,7,0
37500,6,4,6,0
37500,7,4,6,0
37500,8,4,6,0
37500,9,4,6,0
37500,10,4,6,0
37500,11,4,7,0
37500,12,4,7,0
37500,13,4,7,0
37500,14,4,7,0
37500,15,4,7,0
37500,16,4,7,0
37500,17,4,7,0
37550,0,5,16,0
37550,1,5,15,0
37550,2,5,14,0
37550,3,5,13,0
37550,4,5,13,0
37550,5,5,13,0
37550,6,5,13,0
37550,7,5,13,0
37550,8,5,13,0
37550,9,5,13,0
37550,10,5,13,0
37550,11,5,13,0
37550,12,5,13,0
37550,13,6,13,0
37550,14,6,13,0
37550,15,6,13,0
37550,16,6,13,0
37550,17,6,13,0
37550,18,6,13,0
37550,19,6,13,0
37550,20,6,13,0
37550,21,6,13,0
37550,22,6,13,0
37550,23,6,13,0
37550,24,7,13,0
37550,25,7,13,0
37550,26,7,13,0
37550,27,7,13,0
37600,0,17,16,0
37600,1,17,16,0
37600,2,17,16,0
37600,3,17,16,0
37600,4,17,16,0
37600,5,17,16,0
37600,6,17,16,0
37600,7,17,16,0
37600,8,16,16,0
37600,9,16,16,0
37600,10,16,16,0
37600,11,16,16,0
37600,12,16,16,0
37600,13,16,16,0
37600,14,16,16,0
37600,15,15,16,0
37600,16,15,16,0
37600,17,15,16,0
37600,18,14,16,0
37600,19,14,16,0
37600,20,14,16,0
37600,21,14,16,0
37600,22,14,16,0
37600,23,14,16,0
37600,24,14,16,0
37600,25,13,16,0
37600,26,13,16,0
37600,27,13,16,0
37600,28,13,16,0
37600,29,13,16,0
37600,30,12,16,0
37600,31,12,16,0
37600,32,12,15,0
37600,33,12,15,0
37600,34,12,15,0
37600,35,12,15,0
37600,36,12,15,0
37600,37,12,15,0
37600,38,12,15,0
37600,39,12,15,0
37600,40,12,15,0
37600,41,12,14,0
37600,42,12,14,0
37600,43,12,14,0
37600,44,12,14,0
37600,45,12,14,0
37650,0,3,2,0
37650,1,3,2,0
37650,2,4,2,0
37650,3,5,2,0
37650,4,5,2,0
37650,5,5,3,0
37650,6,5,3,0
37650,7,5,3,0
37700,0,17,11,0
37700,1,17,11,0
37700,2,16,11,0
37700,3,15,11,0
37700,4,15,11,0
37700,5,15,10,0
37700,6,15,9,0
37700,7,15,9,0
37700,8,15,9,0
37750,0,17,10,0
37750,1,17,10,0
37750,2,17,11,0
37750,3,17,12,0
37750,4,17,13,0
37750,5,17,14,0
37750,6,17,14,0
37750,7,16,14,0
37750,8,16,14,0
37750,9,16,14,0
37750,10,15,14,0
37750,11,15,14,0
37750,12,15,14,0
37750,13,15,14,0
37800,0,12,16,0
37800,1,11,16,0
37800,2,10,16,0
37800,3,9,16,0
37800,4,9,16,0
37800,5,9,16,0
37800,6,8,16,0
37800,7,8,16,0
37800,8,8,16,0
37800,9,8,16,0
37800,10,8,16,0
37800,11,8,16,0
37800,12,8,16,0
37800,13,8,16,0
37800,14,8,16,0
37800,15,8,16,0
37800,16,8,16,0
37800,17,8,16,0
37800,18,8,16,0
37800,19,8,16,1
37850,0,17,10,0
37850,1,17,10,0
37850,2,17,10,0
37850,3,16,10,0
37850,4,15,10,0
37850,5,15,10,0
37850,6,15,10,0
37850,7,15,10,0
37850,8,16,10,0
37850,9,17,10,0
37850,10,18,10,0
37850,11,18,10,0
37850,12,18,11,0
37850,13,18,12,0
37850,14,18,13,0
37850,15,18,13,0
37850,16,18,13,0
37850,17,18,13,0
37850,18,18,13,0
37850,19,18,13,0
37850,20,18,13,0
37850,21,18,13,0
37850,22,18,13,0
37900,0,17,5,0
37900,1,17,5,0
37900,2,17,5,0
37900,3,17,5,0
37900,4,17,5,0
37900,5,17,5,0
37900,6,16,5,0
37900,7,15,5,0
37900,8,15,5,0
37900,9,15,5,0
37900,10,15,5,0
37950,0,3,8,0
37950,1,3,8,0
37950,2,3,8,0
38000,0,11,1,0
38000,1,11,2,0
38000,2,11,2,0
38000,3,11,2,0
38000,4,11,2,0
38000,5,11,2,0
38000,6,11,2,0
38000,7,11,2,0
38050,0,9,6,0
38050,1,9,6,0
38050,2,9,6,0
38050,3,9,6,0
38050,4,9,7,0
38050,5,9,7,0
38050,6,9,7,0
38100,0,10,12,0
38100,1,10,12,0
38100,2,11,12,0
38100,3,11,12,0
38100,4,11,13,0
38100,5,11,14,0
38100,6,11,14,0
38100,7,11,14,0
38100,8,11,14,0
38100,9,11,14,0
38100,10,11,14,0
38100,11,11,13,0
38100,12,11,12,0
38100,13,11,11,0
38100,14,11,10,0
38100,15,11,10,0
38100,16,11,10,0
38100,17,11,9,0
38100,18,11,9,0
38100,19,11,9,0
38100,20,11,9,0
38100,21,11,9,0
38150,0,4,1,0
38150,1,4,1,0
38150,2,5,1,0
38150,3,6,1,0
38150,4,7,1,0
38150,5,8,1,0
38150,6,9,1,0
38150,7,10,1,0
38150,8,11,1,0
38150,9,11,1,0
38150,10,11,2,0
38150,11,11,2,0
38150,12,11,2,0
38150,13,11,3,0
38150,14,11,3,0
38150,15,11,3,0
38150,16,11,3,0
38150,17,11,3,0
38150,18,11,3,0
38150,19,11,3,0
38150,20,11,3,1
38200,0,17,4,0
38200,1,17,4,0
38250,0,2,7,0
38250,1,2,7,0
38250,2,2,7,0
38250,3,2,7,0
38250,4,2,7,0
38250,5,2,7,0
38250,6,2,7,0
38250,7,2,6,0
38250,8,2,5,0
38250,9,2,5,0
38250,10,2,5,0
38300,0,15,12,0
38300,1,15,12,0
38300,2,15,12,0
38300,3,15,12,0
38300,4,15,12,0
38300,5,15,12,0
38300,6,15,12,0
38300,7,15,12,0
38300,8,15,12,0
38300,9,15,12,0
38300,10,15,12,0
38350,0,3,5,0
38350,1,3,5,0
38350,2,3,5,0
38350,3,4,5,0
38350,4,5,5,0
38350,5,6,5,0
38350,6,7,5,0
38350,7,8,5,0
38350,8,9,5,0
38350,9,10,5,0
38350,10,10,5,0
38350,11,10,6,0
38350,12,10,7,0
38350,13,10,8,0
38350,14,10,8,0
38350,15,10,8,1
38400,0,11,12,0
38400,1,11,12,0
38400,2,11,12,0
38400,3,11,12,0
38400,4,11,12,0
38400,5,11,12,0
38400,6,11,12,0
38400,7,10,12,0
38400,8,9,12,0
38400,9,9,12,0
38400,10,9,12,0
38400,11,9,12,0
38400,12,9,11,0
38400,13,9,10,0
38400,14,9,10,0
38400,15,9,10,0
38450,0,7,15,0
38450,1,7,14,0
38450,2,7,13,0
38450,3,7,12,0
38450,4,7,12,0
38450,5,7,12,0
38450,6,7,11,0
38450,7,7,11,0
38450,8,7,11,0
38450,9,7,11,0
38450,10,7,11,0
38450,11,7,11,0
38450,12,7,11,0
38450,13,7,11,0
38450,14,7,11,0
38450,15,7,10,0
38450,16,7,10,0
38450,17,7,10,0
38450,18,7,10,1
38500,0,3,14,0
38500,1,4,14,0
38500,2,5,14,0
38500,3,5,14,0
38500,4,5,14,0
38500,5,5,14,0
38500,6,5,14,0
38500,7,5,14,0
38500,8,5,14,0
38500,9,5,14,0
38500,10,5,14,0
38500,11,5,14,0
38500,12,5,14,0
38500,13,5,14,0
38500,14,5,14,0
38500,15,5,14,0
38500,16,4,14,0
38500,17,3,14,0
38500,18,2,14,0
38500,19,1,14,0
38500,20,1,14,0
38500,21,1,13,0
38500,22,1,12,0
38500,23,1,11,0
38500,24,1,10,0
38500,25,1,10,0
38500,26,1,10,0
38500,27,1,10,0
38500,28,1,10,0
38500,29,1,10,0
38500,30,1,10,0
38550,0,5,6,0
38550,1,5,6,0
38550,2,5,5,0
38550,3,5,5,0
38550,4,5,5,0
38550,5,5,5,0
38550,6,5,5,0
38550,7,5,5,0
38550,8,5,5,0
38550,9,5,5,0
38550,10,5,5,0
38550,11,5,6,0
38550,12,5,6,0
38550,13,6,6,0
38550,14,7,6,0
38550,15,7,6,0
38550,16,7,5,0
38550,17,7,5,0
38550,18,7,5,0
38550,19,7,5,0
38550,20,7,6,0
38550,21,7,7,0
38550,22,7,8,0
38550,23,7,9,0
38550,24,7,10,0
38550,25,7,11,0
38550,26,7,12,0
38550,27,7,12,0
38550,28,7,12,0
38550,29,7,11,0
38550,30,7,10,0
38550,31,7,10,0
38550,32,7,9,0
38550,33,7,8,0
38550,34,7,7,0
38550,35,7,6,0
38550,36,7,5,0
38550,37,7,4,0
38550,38,7,3,0
38550,39,7,2,0
38550,40,7,1,0
38550,41,7,1,0
38550,42,6,1,0
38550,43,6,1,0
38550,44,6,2,0
38550,45,6,2,1
38600,0,11,10,0
38600,1,11,10,0
38600,2,11,10,0
38600,3,11,10,0
38600,4,11,10,0
38600,5,11,10,0
38600,6,10,10,0
38600,7,10,10,0
38600,8,10,10,0
38600,9,10,10,0
38600,10,10,11,0
38600,11,10,11,0
38600,12,10,11,0
38600,13,10,11,0
38600,14,9,11,0
38600,15,9,11,0
38600,16,9,12,0
38600,17,9,13,1
38650,0,18,17,0
38650,1,18,17,0
38650,2,17,17,0
38650,3,16,17,0
38650,4,15,17,0
38650,5,14,17,0
38650,6,14,17,0
38650,7,14,17,0
38650,8,14,17,0
38650,9,14,17,0
38650,10,14,17,0
38650,11,14,17,0
38650,12,14,16,0
38650,13,14,16,0
38650,14,14,16,0
38650,15,14,17,0
38650,16,14,18,0
38650,17,14,18,0
38650,18,14,18,0
38650,19,14,17,0
38650,20,14,17,0
38650,21,15,17,0
38650,22,15,17,0
38650,23,15,17,0
38650,24,15,17,1
38700,0,18,11,0
38700,1,18,11,0
38700,2,18,11,0
38700,3,18,12,0
38700,4,18,13,0
38700,5,18,14,0
38700,6,18,15,0
38700,7,18,15,0
38700,8,18,15,1
38750,0,11,2,0
38750,1,12,2,0
38750,2,12,2,0
38750,3,12,2,0
38750,4,12,2,0
38750,5,12,2,0
38750,6,12,3,0
38750,7,12,4,0
38750,8,12,4,0
38750,9,12,4,0
38750,10,12,4,0
38750,11,12,4,0
38750,12,12,4,0
38750,13,11,4,0
38750,14,11,4,0
38750,15,11,4,0
38750,16,11,4,0
38750,17,11,4,0
38750,18,11,4,0
38750,19,11,4,0
38750,20,11,4,0
38750,21,11,4,0
38750,22,11,4,0
38750,23,11,4,0
38750,24,11,4,0
38750,25,11,4,0
38750,26,10,4,0
38750,27,10,4,0
38750,28,10,4,0
38750,29,10,4,0
38750,30,10,4,0
38750,31,10,4,0
38800,0,10,9,0
38800,1,10,9,0
38800,2,10,8,0
38800,3,10,8,0
38800,4,10,8,0
38800,5,10,8,0
38800,6,10,8,0
38800,7,10,8,0
38800,8,10,8,0
38850,0,2,10,0
38850,1,2,10,0
38850,2,2,10,0
38850,3,2,10,0
38850,4,2,10,0
38850,5,2,10,0
38850,6,2,10,0
38850,7,2,10,0
38850,8,2,10,0
38900,0,10,16,0
38900,1,10,16,0
38900,2,10,16,0
38950,0,4,4,0
38950,1,4,4,0
38950,2,5,4,0
38950,3,6,4,0
38950,4,7,4,0
38950,5,8,4,0
38950,6,9,4,0
38950,7,10,4,0
38950,8,10,4,0
38950,9,10,4,0
38950,10,10,4,0
38950,11,10,4,0
38950,12,10,4,0
38950,13,10,4,0
38950,14,10,4,0
38950,15,10,4,0
38950,16,10,4,0
38950,17,10,4,0
38950,18,10,4,0
39000,0,1,16,0
39000,1,1,16,0
39000,2,2,16,0
39000,3,3,16,0
39000,4,4,16,0
39000,5,5,16,0
39000,6,6,16,0
39000,7,6,16,0
39000,8,6,16,0
39000,9,6,16,0
39000,10,6,17,0
39000,11,6,17,0
39000,12,6,17,0
39000,13,6,17,0
39000,14,6,17,0
39000,15,6,18,0
39000,16,6,18,0
39000,17,6,18,0
39000,18,6,18,0
39000,19,6,18,0
39050,0,12,8,0
39050,1,12,9,0
39050,2,12,9,0
39050,3,12,9,1
39100,0,7,11,0
39100,1,7,11,0
39100,2,7,11,0
39100,3,8,11,0
39100,4,9,11,0
39100,5,9,11,0
39100,6,9,12,0
39100,7,9,12,0
39100,8,9,12,0
39100,9,9,12,0
39100,10,9,12,0
39100,11,9,13,0
39100,12,9,14,0
39100,13,9,14,0
39100,14,9,14,0
39100,15,9,14,0
39100,16,9,14,0
39150,0,10,11,0
39150,1,10,11,0
39150,2,10,10,0
39150,3,10,9,0
39150,4,10,8,0
39150,5,10,7,0
39150,6,10,6,0
39150,7,10,5,0
39150,8,10,5,0
39150,9,10,5,0
39150,10,10,4,0
39150,11,10,4,0
39150,12,10,4,0
39200,0,16,14,0
39200,1,16,14,0
39200,2,16,14,0
39250,0,10,3,0
39250,1,10,3,0
39250,2,10,4,0
39250,3,10,5,0
39250,4,10,5,0
39250,5,10,5,0
39250,6,10,5,0
39250,7,9,5,0
39250,8,9,5,0
39250,9,9,5,0
39250,10,9,5,0
39300,0,3,14,0
39300,1,3,14,0
39300,2,3,15,0
39300,3,3,15,0
39300,4,3,15,0
39300,5,3,16,0
39300,6,3,16,0
39300,7,3,16,0
39300,8,3,16,0
39300,9,4,16,0
39300,10,4,16,0
39300,11,4,16,0
39300,12,4,16,0
39300,13,4,16,0
39300,14,4,16,0
39300,15,4,16,0
39300,16,4,16,0
39300,17,4,16,0
39300,18,4,16,0
39300,19,4,16,0
39300,20,4,16,0
39300,21,4,16,0
39300,22,4,16,0
39300,23,4,16,0
39300,24,4,16,0
39300,25,4,16,0
39300,26,4,16,0
39300,27,4,16,0
39300,28,4,16,0
39300,29,4,16,0
39300,30,4,16,0
39300,31,4,16,0
39300,32,4,16,0
39300,33,4,16,0
39300,34,4,16,0
39300,35,4,16,0
39300,36,4,16,0
39300,37,4,16,0
39300,38,4,16,0
39300,39,4,16,0
39300,40,4,16,0
39300,41,4,16,0
39300,42,4,16,0
39300,43,4,16,0
39300,44,4,16,0
39300,45,4,16,0
39300,46,4,16,0
39300,47,4,16,0
39300,48,4,16,0
39300,49,4,16,0
39300,50,4,16,0
39300,51,4,17,0
39300,52,4,17,0
39300,53,4,17,1
39350,0,5,12,0
39350,1,5,13,0
39350,2,5,14,0
39350,3,5,15,0
39350,4,5,16,0
39350,5,5,17,0
39350,6,5,18,0
39350,7,5,18,0
39350,8,4,18,0
39350,9,3,18,0
39350,10,2,18,0
39350,11,2,18,0
39350,12,2,17,0
39350,13,2,17,0
39350,14,2,17,0
39350,15,2,17,0
39350,16,2,17,0
39350,17,2,17,0
39350,18,2,17,0
39350,19,2,17,0
39350,20,2,17,0
39350,21,2,17,0
39350,22,2,17,0
39400,0,10,17,0
39400,1,9,17,0
39400,2,9,17,0
39400,3,9,16,0
39400,4,9,15,0
39400,5,9,14,0
39400,6,9,14,0
39400,7,8,14,0
39400,8,7,14,0
39400,9,7,14,0
39400,10,7,14,0
39400,11,7,14,0
39400,12,7,14,0
39400,13,7,14,0
39400,14,7,14,0
39400,15,7,14,0
39450,0,6,18,0
39450,1,6,18,0
39450,2,6,17,0
39450,3,6,16,0
39450,4,6,16,0
39450,5,6,16,0
39450,6,6,16,0
39450,7,6,16,0
39450,8,6,16,0
39450,9,6,16,0
39450,10,6,16,0
39450,11,6,16,0
39450,12,6,15,0
39450,13,6,15,0
39450,14,6,15,0
39450,15,6,15,0
39450,16,6,15,0
39500,0,15,13,0
39500,1,15,13,0
39500,2,15,12,0
39500,3,15,11,0
39500,4,15,11,0
39500,5,15,11,0
39500,6,15,10,0
39500,7,15,9,0
39500,8,15,8,0
39500,9,15,7,0
39500,10,15,7,0
39500,11,15,7,0
39500,12,15,7,0
39500,13,14,7,0
39500,14,13,7,0
39500,15,12,7,0
39500,16,12,7,0
39500,17,12,6,0
39500,18,12,6,0
39500,19,12,6,0
39500,20,12,6,0
39500,21,12,6,0
39550,0,15,11,0
39550,1,15,11,0
39550,2,15,12,0
39550,3,15,13,0
39550,4,15,14,0
39550,5,15,15,0
39550,6,15,16,0
39550,7,15,17,0
39550,8,15,18,0
39550,9,15,18,0
39550,10,15,18,0
39550,11,15,17,0
39550,12,15,17,0
39550,13,15,17,0
39550,14,15,17,0
39550,15,15,17,0
39550,16,15,16,0
39550,17,15,16,0
39550,18,15,16,0
39550,19,15,16,0
39550,20,15,16,0
39600,0,12,7,0
39600,1,12,8,0
39600,2,12,8,0
39600,3,12,8,0
39600,4,12,8,0
39600,5,12,8,0
39600,6,12,8,0
39600,7,12,8,0
39600,8,12,8,0
39600,9,12,8,0
39600,10,12,8,0
39600,11,12,8,0
39650,0,18,9,0
39650,1,18,9,0
39650,2,18,9,0
39650,3,18,9,0
39650,4,18,9,0
39650,5,18,9,0
39650,6,18,9,0
39650,7,18,9,0
39650,8,18,9,0
39650,9,18,9,0
39650,10,18,9,0
39650,11,18,9,0
39650,12,18,9,0
39650,13,18,8,0
39650,14,18,8,0
39650,15,18,8,0
39650,16,18,9,0
39650,17,18,10,0
39650,18,18,11,0
39650,19,18,12,0
39650,20,18,13,0
39650,21,18,14,0
39650,22,18,14,0
39650,23,18,14,0
39650,24,18,13,0
39650,25,18,13,0
39650,26,18,13,0
39650,27,18,13,0
39650,28,18,13,0
39700,0,6,1,0
39700,1,6,1,0
39700,2,6,1,0
39700,3,6,2,0
39700,4,6,2,0
39700,5,6,2,0
39700,6,6,3,0
39700,7,6,4,0
39700,8,6,5,0
39700,9,6,6,0
39700,10,6,6,0
39700,11,7,6,0
39700,12,8,6,0
39700,13,8,6,0
39700,14,8,6,1
39750,0,14,6,0
39750,1,14,6,0
39750,2,14,7,0
39750,3,14,8,0
39750,4,14,9,0
39750,5,14,9,0
39750,6,14,9,0
39750,7,14,10,0
39750,8,14,10,0
39750,9,14,10,0
39750,10,14,10,0
39750,11,14,10,0
39750,12,14,10,0
39750,13,14,10,0
39750,14,14,10,0
39750,15,14,10,0
39750,16,14,10,0
39750,17,14,10,0
39800,0,4,11,0
39800,1,4,11,0
39800,2,5,11,0
39800,3,6,11,0
39800,4,7,11,0
39800,5,8,11,0
39800,6,9,11,0
39800,7,10,11,0
39800,8,10,11,0
39800,9,10,11,0
39800,10,10,11,0
39800,11,10,10,0
39800,12,10,10,0
39800,13,10,10,0
39800,14,10,11,0
39800,15,10,11,0
39800,16,10,11,0
39800,17,10,11,0
39800,18,10,11,0
39800,19,10,12,0
39800,20,10,12,0
39800,21,10,12,0
39800,22,10,12,0
39800,23,10,12,0
39850,0,2,10,0
39850,1,2,10,0
39850,2,2,10,0
39900,0,1,16,0
39900,1,1,16,0
39900,2,1,15,0
39900,3,1,14,0
39900,4,1,13,0
39900,5,1,13,0
39900,6,1,13,0
39900,7,1,13,0
39900,8,2,13,0
39900,9,3,13,0
39900,10,4,13,0
39900,11,4,13,0
39900,12,4,12,0
39900,13,4,12,0
39900,14,4,12,0
39950,0,1,16,0
39950,1,1,16,0
39950,2,1,16,0
39950,3,1,16,0
39950,4,2,16,0
39950,5,3,16,0
39950,6,3,16,0
39950,7,3,16,0
39950,8,4,16,0
39950,9,4,16,0
39950,10,4,16,0
39950,11,4,16,0
40000,0,5,13,0
40000,1,5,12,0
40000,2,5,11,0
40000,3,5,11,0
40000,4,5,11,0
40000,5,5,11,0
40000,6,5,11,0
40000,7,5,10,0
40000,8,5,9,0
40000,9,5,9,0
40000,10,5,9,0
40000,11,5,9,0
40000,12,5,9,0
40050,0,10,13,0
40050,1,10,13,0
40050,2,11,13,0
40050,3,12,13,0
40050,4,12,13,0
40050,5,12,12,0
40050,6,12,12,0
40050,7,12,12,0
40050,8,12,12,0
40050,9,12,12,0
40050,10,12,12,0
40050,11,12,12,0
40050,12,12,13,0
40050,13,12,13,0
40050,14,12,13,0
40050,15,12,13,0
40050,16,12,13,0
40100,0,8,7,0
40100,1,8,7,0
40100,2,8,8,0
40100,3,8,9,0
40100,4,8,10,0
40100,5,8,10,0
40100,6,8,10,0
40100,7,8,10,0
40100,8,9,10,0
40100,9,10,10,0
40100,10,11,10,0
40100,11,11,10,0
40100,12,11,10,0
40100,13,11,10,0
40150,0,7,11,0
40150,1,7,11,0
40150,2,7,10,0
40150,3,7,10,0
40150,4,7,10,0
40150,5,7,10,0
40150,6,7,10,0
40150,7,7,10,0
40150,8,7,10,0
40200,0,10,10,0
40200,1,10,10,0
40200,2,11,10,0
40200,3,12,10,0
40200,4,13,10,0
40200,5,13,10,0
40200,6,13,9,0
40200,7,13,9,0
40200,8,13,9,0
40200,9,13,9,0
40200,10,13,9,0
40200,11,13,9,0
40200,12,13,9,0
40250,0,7,2,0
40250,1,7,2,0
40250,2,7,3,0
40250,3,7,3,0
40250,4,7,3,0
40250,5,7,4,0
40250,6,7,4,0
40250,7,7,4,0
40250,8,7,5,0
40250,9,7,5,0
40250,10,7,5,0
40250,11,7,5,0
40250,12,7,4,0
40250,13,7,3,0
40250,14,7,2,0
40250,15,7,1,0
40250,16,7,1,0
40250,17,7,1,0
40250,18,7,1,0
40250,19,7,1,1
40300,0,11,15,0
40300,1,11,15,0
40350,0,11,7,0
40350,1,11,7,0
40350,2,11,8,0
40350,3,11,9,0
40350,4,11,10,0
40350,5,11,10,0
40350,6,12,10,0
40350,7,13,10,0
40350,8,13,10,0
40350,9,13,10,0
40350,10,13,10,0
40400,0,11,15,0
40400,1,11,15,0
40400,2,11,15,0
40400,3,10,15,0
40400,4,9,15,0
40400,5,8,15,0
40400,6,8,15,0
40400,7,8,15,0
40400,8,8,15,0
40450,0,5,15,0
40450,1,5,15,0
40450,2,5,16,0
40450,3,5,16,0
40450,4,5,16,0
40450,5,5,17,0
40450,6,5,17,0
40450,7,5,17,0
40500,0,16,11,0
40500,1,16,10,0
40500,2,16,9,0
40500,3,16,8,0
40500,4,16,7,0
40500,5,16,7,0
40500,6,15,7,0
40500,7,14,7,0
40500,8,13,7,0
40500,9,12,7,0
40500,10,11,7,0
40500,11,11,7,0
40500,12,11,8,0
40500,13,11,9,0
40500,14,11,9,0
40500,15,11,9,0
40500,16,11,9,0
40500,17,11,9,0
40500,18,11,9,0
40500,19,11,9,1
40550,0,9,3,0
40550,1,10,3,0
40550,2,10,3,0
40550,3,10,3,0
40550,4,10,3,0
40550,5,10,3,0
40550,6,10,3,0
40550,7,10,3,0
40550,8,11,3,0
40550,9,12,3,0
40550,10,12,3,0
40550,11,12,3,0
40550,12,12,3,0
40550,13,12,3,0
40550,14,12,3,0
40550,15,12,3,0
40550,16,12,3,0
40600,0,9,17,0
40600,1,9,17,0
40600,2,9,16,0
40600,3,9,15,0
40600,4,9,15,0
40600,5,9,15,0
40600,6,9,15,0
40600,7,9,15,0
40600,8,9,15,0
40600,9,10,15,0
40600,10,10,15,0
40600,11,10,15,0
40650,0,17,15,0
40650,1,16,15,0
40650,2,15,15,0
40650,3,15,15,0
40650,4,15,16,0
40650,5,15,16,0
40650,6,14,16,0
40650,7,14,16,0
40650,8,14,16,0
40650,9,14,16,0
40650,10,14,16,0
40650,11,14,16,0
40700,0,2,5,0
40700,1,2,5,0
40700,2,3,5,0
40700,3,4,5,0
40700,4,5,5,0
40700,5,5,5,0
40700,6,5,5,0
40700,7,5,5,0
40700,8,5,5,0
40700,9,5,5,0
40700,10,5,5,1
40750,0,3,6,0
40750,1,3,6,0
40750,2,4,6,0
40750,3,5,6,0
40750,4,6,6,0
40750,5,6,6,0
40750,6,6,6,0
40750,7,6,6,0
40750,8,6,6,0
40750,9,6,6,0
40750,10,6,6,0
40750,11,6,6,0
40750,12,6,7,0
40750,13,6,7,0
40750,14,6,7,0
40750,15,6,7,0
40750,16,6,7,0
40800,0,8,1,0
40800,1,8,1,0
40800,2,8,1,0
40800,3,8,1,0
40800,4,8,1,0
40800,5,8,1,0
40800,6,8,1,0
40800,7,8,1,0
40800,8,8,1,0
40800,9,8,1,0
40800,10,8,1,0
40800,11,8,1,0
40800,12,8,1,0
40800,13,8,1,0
40800,14,8,1,0
40800,15,8,1,0
40800,16,8,1,0
40800,17,8,1,0
40800,18,8,1,0
40800,19,8,1,0
40800,20,8,1,0
40800,21,8,1,0
40800,22,8,1,0
40800,23,8,2,0
40800,24,8,2,0
40800,25,9,2,0
40800,26,10,2,0
40800,27,10,2,0
40800,28,10,2,0
40800,29,11,2,0
40800,30,11,2,0
40800,31,11,2,0
40800,32,11,2,0
40850,0,15,6,0
40850,1,15,5,0
40850,2,15,4,0
40850,3,15,4,0
40850,4,14,4,0
40850,5,13,4,0
40850,6,12,4,0
40850,7,12,4,0
40850,8,12,4,0
40850,9,12,4,0
40850,10,12,4,0
40850,11,12,4,0
40850,12,12,4,0
40850,13,12,4,0
40850,14,12,4,0
40850,15,12,4,0
40850,16,12,4,0
40850,17,12,4,0
40900,0,10,18,0
40900,1,10,18,0
40900,2,10,18,0
40900,3,10,17,0
40900,4,10,17,0
40900,5,10,17,0
40900,6,10,16,0
40900,7,10,16,0
40900,8,10,16,0
40950,0,8,6,0
40950,1,8,6,0
40950,2,8,7,0
40950,3,8,8,0
40950,4,8,9,0
40950,5,8,10,0
40950,6,8,10,0
40950,7,8,10,0
40950,8,8,10,0
40950,9,8,10,0
40950,10,8,11,0
40950,11,8,11,0
40950,12,8,11,0
41000,0,11,10,0
41000,1,11,10,0
41000,2,11,10,0
41000,3,11,10,0
41000,4,11,10,0
41000,5,11,10,0
41000,6,11,11,0
41000,7,11,11,0
41000,8,11,11,0
41050,0,12,18,0
41050,1,12,18,0
41050,2,12,18,0
41050,3,11,18,0
41050,4,10,18,0
41050,5,9,18,0
41050,6,9,18,0
41050,7,9,18,0
41050,8,9,18,0
41050,9,9,18,0
41050,10,9,18,0
41100,0,8,15,0
41100,1,8,15,0
41100,2,8,14,0
41100,3,8,13,0
41100,4,8,12,0
41100,5,8,11,0
41100,6,8,10,0
41100,7,8,10,0
41100,8,8,10,0
41100,9,8,9,0
41100,10,8,9,0
41100,11,8,9,0
41100,12,8,8,0
41100,13,8,8,0
41100,14,8,8,0
41100,15,8,8,0
41100,16,8,8,0
41100,17,8,8,0
41100,18,8,8,0
41150,0,1,15,0
41150,1,1,15,0
41150,2,1,15,0
41150,3,1,15,0
41150,4,1,14,0
41150,5,1,13,0
41150,6,1,12,0
41150,7,1,12,0
41150,8,1,12,0
41150,9,1,11,0
41150,10,1,11,0
41150,11,1,11,0
41200,0,7,18,0
41200,1,7,18,0
41200,2,7,18,0
41200,3,7,18,0
41200,4,7,18,0
41200,5,7,18,0
41200,6,7,18,0
41200,7,7,18,0
41200,8,7,18,0
41200,9,7,18,0
41200,10,7,18,0
41200,11,7,18,0
41200,12,6,18,0
41200,13,6,18,0
41200,14,6,18,0
41200,15,5,18,0
41200,16,5,18,0
41200,17,5,17,0
41200,18,5,16,0
41200,19,5,16,0
41200,20,5,16,0
41200,21,5,16,0
41200,22,5,16,0
41250,0,17,3,0
41250,1,17,3,0
41250,2,17,4,0
41250,3,17,5,0
41250,4,17,6,0
41250,5,17,6,0
41250,6,17,6,0
41250,7,17,7,0
41250,8,17,7,0
41250,9,17,7,0
41250,10,17,8,0
41250,11,17,8,0
41250,12,17,8,0
41250,13,17,8,0
41250,14,17,8,0
41250,15,17,8,0
41250,16,17,8,0
41300,0,18,14,0
41300,1,18,14,0
41300,2,17,14,0
41300,3,16,14,0
41300,4,15,14,0
41300,5,14,14,0
41300,6,13,14,0
41300,7,12,14,0
41300,8,11,14,0
41300,9,10,14,0
41300,10,9,14,0
41300,11,9,14,0
41300,12,9,14,0
41300,13,8,14,0
41300,14,8,14,0
41300,15,8,14,0
41300,16,8,14,0
41350,0,16,15,0
41350,1,16,15,0
41350,2,16,15,0
41400,0,8,18,0
41400,1,8,17,0
41400,2,8,16,0
41400,3,8,15,0
41400,4,8,14,0
41400,5,8,13,0
41400,6,8,13,0
41400,7,8,13,0
41400,8,8,13,0
41400,9,8,13,0
41400,10,8,13,0
41400,11,8,13,0
41450,0,7,4,0
41450,1,7,4,0
41450,2,7,4,0
41450,3,8,4,0
41450,4,9,4,0
41450,5,10,4,0
41450,6,10,4,0
41450,7,10,4,0
41450,8,11,4,0
41450,9,12,4,0
41450,10,12,4,0
41450,11,12,4,1
41500,0,18,11,0
41500,1,18,11,0
41500,2,18,11,0
41500,3,18,10,0
41500,4,18,10,0
41500,5,17,10,0
41500,6,16,10,0
41500,7,16,10,0
41500,8,16,10,0
41500,9,16,10,0
41550,0,11,3,0
41550,1,11,3,0
41550,2,11,3,0
41550,3,12,3,0
41550,4,13,3,0
41550,5,13,3,0
41550,6,13,3,0
41550,7,13,3,0
41550,8,13,3,0
41550,9,13,3,0
41600,0,8,5,0
41600,1,8,6,0
41600,2,8,7,0
41600,3,8,7,0
41600,4,9,7,0
41600,5,10,7,0
41600,6,11,7,0
41600,7,12,7,0
41600,8,12,7,0
41600,9,12,7,0
41600,10,13,7,0
41600,11,14,7,0
41600,12,14,7,0
41600,13,14,7,0
41600,14,14,7,0
41650,0,6,13,0
41650,1,6,13,0
41650,2,6,13,0
41650,3,6,13,0
41650,4,6,13,0
41650,5,6,13,0
41650,6,6,13,0
41650,7,6,13,0
41650,8,6,13,0
41650,9,6,13,0
41650,10,6,14,0
41650,11,6,14,0
41650,12,6,14,0
41650,13,6,15,0
41650,14,6,15,0
41650,15,5,15,0
41650,16,4,15,0
41650,17,4,15,0
41650,18,4,15,0
41650,19,4,15,0
41700,0,5,17,0
41700,1,5,16,0
41700,2,5,16,0
41700,3,5,16,0
41700,4,5,16,0
41700,5,5,16,0
41700,6,5,16,0
41700,7,5,16,0
41700,8,5,16,0
41700,9,5,16,0
41700,10,5,16,0
41700,11,5,16,0
41700,12,5,16,0
41700,13,5,16,0
41700,14,5,16,0
41700,15,5,15,0
41700,16,5,15,0
41700,17,5,15,0
41700,18,5,14,0
41700,19,5,14,0
41700,20,5,14,0
41700,21,5,13,0
41700,22,5,13,0
41700,23,5,13,0
41700,24,5,13,0
41700,25,5,13,0
41700,26,5,13,0
41700,27,5,13,0
41750,0,1,7,0
41750,1,1,7,0
41750,2,1,7,0
41750,3,2,7,0
41750,4,3,7,0
41750,5,4,7,0
41750,6,5,7,0
41750,7,6,7,0
41750,8,7,7,0
41750,9,8,7,0
41750,10,8,7,0
41750,11,8,7,0
41750,12,9,7,0
41750,13,9,7,0
41750,14,9,7,0
41750,15,9,7,0
41800,0,2,17,0
41800,1,2,17,0
41800,2,2,17,0
41850,0,5,14,0
41850,1,5,14,0
41850,2,5,14,0
41850,3,4,14,0
41850,4,4,14,0
41850,5,4,14,1
41900,0,6,9,0
41900,1,6,9,0
41900,2,6,10,0
41900,3,6,10,0
41900,4,6,10,0
41900,5,6,10,0
41900,6,6,10,0
41900,7,6,10,0
41900,8,6,10,0
41900,9,6,10,0
41900,10,6,10,0
41900,11,6,10,0
41900,12,6,10,0
41900,13,6,10,0
41900,14,6,10,0
41950,0,12,5,0
41950,1,12,5,0
41950,2,12,5,0
41950,3,12,5,0
41950,4,12,5,0
41950,5,12,5,0
41950,6,12,5,0
41950,7,12,5,0
41950,8,12,5,0
41950,9,13,5,0
41950,10,13,5,0
41950,11,13,5,0
41950,12,13,5,0
42000,0,6,6,0
42000,1,6,5,0
42000,2,6,5,0
42000,3,6,5,0
42000,4,6,6,0
42000,5,6,6,0
42000,6,6,6,0
42000,7,6,7,0
42000,8,6,8,0
42000,9,6,8,0
42000,10,7,8,0
42000,11,8,8,0
42000,12,8,8,0
42000,13,8,9,0
42000,14,8,9,0
42000,15,8,9,0
42050,0,14,8,0
42050,1,14,7,0
42050,2,14,6,0
42050,3,14,5,0
42050,4,14,4,0
42050,5,14,4,0
42050,6,14,4,0
42100,0,17,4,0
42100,1,17,4,0
42100,2,17,4,0
42150,0,7,15,0
42150,1,8,15,0
42150,2,9,15,0
42150,3,10,15,0
42150,4,11,15,0
42150,5,12,15,0
42150,6,12,15,0
42150,7,12,15,0
42150,8,11,15,0
42150,9,10,15,0
42150,10,10,15,0
42150,11,10,14,0
42150,12,10,13,0
42150,13,10,13,0
42150,14,10,13,0
42200,0,2,13,0
42200,1,2,13,0
42200,2,2,12,0
42200,3,2,11,0
42200,4,2,10,0
42200,5,2,10,0
42200,6,2,10,0
42200,7,2,10,0
42200,8,2,10,0
42200,9,2,9,0
42200,10,2,8,0
42200,11,2,8,0
42200,12,2,8,0
42200,13,2,8,0
42200,14,2,8,0
42200,15,2,8,0
42200,16,2,8,0
42200,17,2,8,0
42200,18,2,8,0
42200,19,2,8,0
42200,20,2,8,0
42200,21,2,8,0
42200,22,2,8,0
42200,23,2,7,0
42200,24,2,7,0
42200,25,2,7,0
42200,26,2,7,0
42200,27,2,7,0
42250,0,17,18,0
42250,1,17,18,0
42250,2,17,18,0
42300,0,8,17,0
42300,1,9,17,0
42300,2,9,17,0
42300,3,9,17,0
42300,4,9,17,0
42300,5,9,17,0
42300,6,9,17,0
42300,7,9,17,0
42300,8,9,17,0
42300,9,9,17,0
42300,10,9,17,0
42300,11,9,17,0
42300,12,9,17,0
42300,13,9,17,0
42300,14,9,17,0
42300,15,9,16,0
42300,16,9,16,0
42300,17,9,16,0
42300,18,9,16,0
42300,19,9,16,0
42300,20,9,15,0
42300,21,9,15,0
42300,22,9,14,0
42300,23,9,13,0
42300,24,9,13,0
42300,25,10,13,0
42300,26,11,13,0
42300,27,12,13,0
42300,28,13,13,0
42300,29,13,13,0
42300,30,13,12,0
42300,31,13,12,0
42300,32,13,12,0
42300,33,13,12,0
42300,34,13,12,0
42350,0,11,1,0
42350,1,11,1,0
42350,2,11,2,0
42350,3,11,3,0
42350,4,11,4,0
42350,5,11,5,0
42350,6,11,6,0
42350,7,11,7,0
42350,8,11,7,0
42350,9,11,7,0
42350,10,11,8,0
42350,11,11,8,0
42350,12,11,8,0
42350,13,11,8,0
42350,14,11,8,0
42350,15,11,8,0
42350,16,11,9,0
42350,17,11,9,0
42350,18,10,9,0
42350,19,10,9,0
42350,20,10,8,0
42350,21,10,7,0
42350,22,10,6,0
42350,23,10,5,0
42350,24,10,4,0
42350,25,10,4,0
42350,26,10,4,0
42350,27,10,4,0
42350,28,10,3,0
42350,29,10,2,0
42350,30,10,1,0
42350,31,10,1,0
42350,32,10,1,0
42350,33,10,1,0
42350,34,10,1,0
42350,35,10,1,1
42400,0,16,12,0
42400,1,16,12,0
42400,2,16,12,0
42400,3,16,12,0
42400,4,16,12,0
42400,5,15,12,0
42400,6,14,12,0
42400,7,13,12,0
42400,8,12,12,0
42400,9,11,12,0
42400,10,10,12,0
42400,11,10,12,0
42400,12,10,12,0
42400,13,10,12,0
42400,14,10,12,0
42400,15,10,12,0
42400,16,10,12,0
42400,17,10,12,0
42400,18,10,12,0
42400,19,10,12,0
42400,20,10,12,0
42400,21,10,12,0
42400,22,10,12,0
42400,23,10,12,0
42400,24,10,12,0
42400,25,10,12,0
42400,26,10,12,0
42450,0,18,4,0
42450,1,18,5,0
42450,2,18,6,0
42450,3,18,6,0
42450,4,18,6,0
42450,5,18,6,0
42450,6,18,6,0
42450,7,18,6,0
42450,8,18,6,0
42450,9,18,6,0
42450,10,18,6,0
42450,11,18,6,0
42450,12,18,6,0
42450,13,18,6,0
42450,14,18,6,0
42450,15,18,6,0
42450,16,18,6,0
42450,17,18,6,0
42450,18,18,6,0
42450,19,18,6,0
42450,20,18,6,0
42450,21,18,6,0
42450,22,18,6,0
42500,0,6,18,0
42500,1,6,18,0
42500,2,6,17,0
42500,3,6,16,0
42500,4,6,15,0
42500,5,6,14,0
42500,6,6,13,0
42500,7,6,13,0
42500,8,6,13,0
42500,9,6,12,0
42500,10,6,11,0
42500,11,6,10,0
42500,12,6,9,0
42500,13,6,8,0
42500,14,6,8,0
42500,15,6,8,0
42500,16,6,7,0
42500,17,6,7,0
42500,18,6,7,0
42500,19,6,7,0
42500,20,6,7,0
42500,21,6,7,0
42500,22,6,7,0
42500,23,6,7,0
42500,24,6,7,0
42500,25,6,7,0
42500,26,6,7,0
42550,0,17,11,0
42550,1,17,11,0
42550,2,17,11,0
42550,3,17,10,0
42550,4,17,10,0
42550,5,17,10,0
42550,6,17,10,0
42550,7,17,10,0
42550,8,17,10,0
42550,9,17,10,0
42600,0,3,15,0
42600,1,3,15,0
42600,2,3,14,0
42600,3,3,13,0
42600,4,3,12,0
42600,5,3,11,0
42600,6,3,10,0
42600,7,3,9,0
42600,8,3,8,0
42600,9,3,7,0
42600,10,3,7,0
42600,11,3,7,0
42600,12,3,7,0
42600,13,3,7,0
42600,14,3,6,0
42600,15,3,6,0
42600,16,3,6,0
42650,0,2,14,0
42650,1,2,14,0
42650,2,2,14,0
42650,3,2,14,0
42650,4,2,14,0
42650,5,2,14,0
42650,6,2,14,0
42650,7,2,14,0
42650,8,2,14,0
42650,9,1,14,0
42650,10,1,14,0
42650,11,1,14,0
42650,12,1,14,0
42650,13,1,15,0
42650,14,1,15,0
42650,15,1,15,0
42650,16,1,15,0
42650,17,1,15,0
42650,18,1,16,0
42650,19,1,16,0
42650,20,1,16,0
42650,21,1,16,0
42650,22,1,16,0
42700,0,2,10,0
42700,1,2,10,0
42700,2,2,10,0
42700,3,2,10,0
42700,4,2,10,0
42700,5,2,10,0
42700,6,2,10,0
42700,7,2,10,0
42700,8,2,10,0
42700,9,2,10,0
42700,10,2,10,0
42700,11,2,10,0
42700,12,2,10,0
42700,13,2,10,0
42700,14,2,10,0
42700,15,2,10,0
42700,16,2,10,0
42700,17,2,10,0
42700,18,3,10,0
42700,19,4,10,0
42700,20,4,10,0
42700,21,4,10,0
42700,22,4,10,0
42700,23,4,10,0
42700,24,4,10,0
42700,25,4,10,0
42700,26,4,10,0
42750,0,4,8,0
42750,1,4,8,0
42750,2,4,8,0
42750,3,4,8,0
42750,4,4,8,0
42750,5,4,8,0
42750,6,4,9,0
42750,7,4,10,0
42750,8,4,11,0
42750,9,4,11,0
42750,10,3,11,0
42750,11,2,11,0
42750,12,1,11,0
42750,13,1,11,0
42750,14,1,11,0
42750,15,1,11,0
42750,16,1,11,0
42750,17,1,11,0
42800,0,3,4,0
42800,1,3,4,0
42800,2,3,4,0
42800,3,3,4,0
42800,4,4,4,0
42800,5,5,4,0
42800,6,5,4,0
42800,7,5,4,0
42800,8,5,4,0
42800,9,5,4,0
42800,10,5,4,0
42800,11,5,4,0
42800,12,5,4,0
42800,13,5,5,0
42800,14,5,5,0
42800,15,5,5,0
42800,16,5,5,0
42800,17,5,5,0
42850,0,4,5,0
42850,1,4,5,0
42850,2,4,4,0
42850,3,4,4,0
42850,4,4,4,0
42850,5,4,4,0
42850,6,4,4,0
42850,7,4,4,0
42850,8,3,4,0
42850,9,3,4,0
42850,10,3,4,0
42850,11,3,4,0
42850,12,3,4,0
42850,13,3,4,0
42900,0,10,18,0
42900,1,10,18,0
42900,2,10,18,0
42900,3,9,18,0
42900,4,8,18,0
42900,5,7,18,0
42900,6,6,18,0
42900,7,5,18,0
42900,8,5,18,0
42900,9,5,17,0
42900,10,5,17,0
42900,11,5,17,0
42900,12,5,17,0
42900,13,5,17,0
42950,0,4,7,0
42950,1,5,7,0
42950,2,6,7,0
42950,3,6,7,0
42950,4,6,7,0
42950,5,6,7,0
42950,6,6,7,0
42950,7,6,7,0
42950,8,6,7,0
42950,9,6,7,0
43000,0,16,10,0
43000,1,16,10,0
43000,2,16,10,0
43000,3,16,10,0
43000,4,16,10,0
43000,5,16,10,0
43000,6,16,10,0
43000,7,16,10,0
43000,8,16,10,0
43000,9,16,10,0
43000,10,16,10,0
43050,0,3,17,0
43050,1,3,17,0
43050,2,3,16,0
43050,3,3,15,0
43050,4,3,14,0
43050,5,3,13,0
43050,6,3,12,0
43050,7,3,11,0
43050,8,3,11,0
43050,9,3,11,0
43050,10,3,11,0
43050,11,3,11,0
43050,12,3,11,0
43050,13,3,11,0
43050,14,3,11,0
43050,15,3,11,0
43050,16,3,11,0
43050,17,3,11,0
43050,18,3,11,0
43050,19,3,10,0
43050,20,3,9,0
43050,21,3,9,0
43050,22,3,9,0
43050,23,3,8,0
43050,24,3,8,0
43050,25,3,8,0
43050,26,3,8,0
43050,27,3,8,0
43050,28,3,8,0
43050,29,3,8,0
43050,30,3,8,0
43050,31,3,8,0
43050,32,3,8,0
43050,33,3,8,0
43100,0,17,3,0
43100,1,17,3,0
43100,2,17,3,0
43100,3,17,3,0
43100,4,17,3,0
43100,5,17,3,0
43100,6,17,3,0
43100,7,17,3,0
43100,8,17,3,0
43100,9,17,3,0
43100,10,17,3,0
43100,11,17,4,0
43100,12,17,4,0
43100,13,17,4,0
43100,14,17,4,0
43100,15,17,4,0
43100,16,17,4,0
43100,17,17,4,0
43150,0,9,11,0
43150,1,9,11,0
43150,2,8,11,0
43150,3,7,11,0
43150,4,6,11,0
43150,5,6,11,0
43150,6,6,11,0
43150,7,6,11,0
43150,8,6,11,0
43150,9,6,11,0
43150,10,6,11,0
43150,11,6,11,0
43150,12,6,11,0
43150,13,6,11,0
43200,0,11,10,0
43200,1,12,10,0
43200,2,12,10,0
43200,3,12,11,0
43200,4,12,11,0
43200,5,12,11,0
43200,6,12,11,0
43200,7,12,11,0
43200,8,12,12,0
43200,9,12,12,0
43200,10,12,12,0
43200,11,12,12,0
43200,12,12,12,0
43250,0,1,10,0
43250,1,1,10,0
43250,2,1,10,0
43250,3,1,10,0
43250,4,1,10,0
43250,5,1,10,0
43250,6,1,10,0
43250,7,1,10,0
43250,8,1,10,0
43250,9,1,11,0
43250,10,1,11,0
43250,11,1,11,0
43250,12,1,11,0
43250,13,1,11,0
43300,0,18,12,0
43300,1,18,12,0
43300,2,18,13,0
43300,3,18,13,0
43300,4,18,13,0
43300,5,18,14,0
43300,6,18,14,0
43300,7,18,14,0
43350,0,15,7,0
43350,1,15,7,0
43350,2,15,7,0
43350,3,15,7,0
43350,4,15,7,0
43350,5,15,7,0
43350,6,15,7,0
43350,7,15,7,0
43350,8,15,7,0
43350,9,15,7,0
43350,10,15,7,0
43350,11,15,7,0
43350,12,15,8,0
43350,13,15,9,0
43350,14,15,10,0
43350,15,15,11,0
43350,16,15,11,0
43350,17,15,11,0
43350,18,15,12,0
43350,19,15,12,0
43350,20,15,12,0
43350,21,15,13,0
43350,22,15,13,0
43350,23,15,13,0
43350,24,15,14,0
43350,25,15,14,0
43350,26,15,14,0
43350,27,15,15,0
43350,28,15,15,0
43350,29,15,15,0
43350,30,15,16,0
43350,31,15,16,0
43350,32,15,16,0
43350,33,15,17,0
43350,34,15,17,0
43350,35,15,17,0
43350,36,15,18,0
43350,37,15,18,0
43350,38,15,18,0
43350,39,15,18,0
43350,40,15,18,0
43400,0,10,4,0
43400,1,10,4,0
43400,2,10,4,0
43400,3,10,4,0
43400,4,10,4,0
43400,5,10,5,0
43400,6,10,5,0
43400,7,10,5,0
43400,8,10,5,0
43400,9,10,5,0
43400,10,10,5,0
43400,11,9,5,0
43400,12,9,5,0
43400,13,9,5,0
43400,14,9,5,0
43400,15,9,5,0
43400,16,9,5,1
43450,0,18,13,0
43450,1,18,13,0
43450,2,18,13,0
43450,3,18,13,0
43450,4,18,13,0
43450,5,18,13,0
43450,6,18,13,0
43450,7,18,13,0
43450,8,18,13,0
43450,9,17,13,0
43450,10,16,13,0
43450,11,15,13,0
43450,12,14,13,0
43450,13,14,13,0
43450,14,14,13,0
43450,15,14,13,0
43450,16,14,13,0
43450,17,14,13,0
43450,18,14,13,0
43450,19,14,13,0
43450,20,14,13,0
43450,21,14,14,0
43450,22,14,15,0
43450,23,14,15,0
43450,24,15,15,0
43450,25,15,15,0
43450,26,15,15,0
43450,27,15,15,0
43450,28,15,15,0
43450,29,15,15,0
43450,30,15,15,0
43450,31,15,15,0
43450,32,15,15,0
43450,33,15,15,0
43500,0,11,11,0
43500,1,11,11,0
43500,2,11,10,0
43500,3,11,10,0
43500,4,11,10,0
43500,5,11,10,0
43500,6,12,10,0
43500,7,12,10,0
43500,8,12,10,0
43500,9,12,10,0
43500,10,12,10,0
43500,11,12,10,0
43500,12,12,10,0
43500,13,12,10,0
43550,0,1,8,0
43550,1,1,8,0
43550,2,1,8,0
43550,3,1,9,0
43550,4,1,9,0
43550,5,1,9,0
43550,6,1,10,0
43550,7,1,10,0
43550,8,1,10,0
43550,9,1,10,0
43550,10,1,10,0
43550,11,1,11,0
43550,12,1,11,0
43550,13,1,11,0
43550,14,1,11,0
43550,15,1,11,0
43600,0,5,1,0
43600,1,5,1,0
43600,2,6,1,0
43600,3,7,1,0
43600,4,7,1,0
43600,5,7,1,0
43600,6,7,1,0
43600,7,7,1,0
43600,8,8,1,0
43600,9,8,1,0
43600,10,8,2,0
43600,11,8,2,0
43600,12,8,2,0
43600,13,8,2,0
43600,14,8,2,0
43600,15,8,2,0
43600,16,8,2,0
43650,0,17,15,0
43650,1,17,15,0
43650,2,17,16,0
43650,3,17,16,0
43650,4,17,16,0
43650,5,17,17,0
43650,6,17,17,0
43650,7,17,17,0
43650,8,17,17,0
43650,9,16,17,0
43650,10,16,17,0
43650,11,16,17,0
43650,12,16,17,0
43650,13,16,17,0
43650,14,16,17,0
43650,15,16,17,0
43650,16,16,17,0
43700,0,18,6,0
43700,1,18,7,0
43700,2,18,8,0
43700,3,18,9,0
43700,4,18,10,0
43700,5,18,11,0
43700,6,18,12,0
43700,7,18,13,0
43700,8,18,14,0
43700,9,18,14,0
43700,10,18,14,0
43700,11,18,14,0
43700,12,18,14,0
43700,13,18,14,0
43700,14,17,14,0
43700,15,17,14,0
43700,16,17,14,0
43700,17,17,14,0
43750,0,17,5,0
43750,1,17,5,0
43750,2,17,5,0
43750,3,17,6,0
43750,4,17,7,0
43750,5,17,7,0
43750,6,16,7,0
43750,7,16,7,0
43750,8,16,7,0
43750,9,16,7,0
43750,10,16,7,0
43750,11,16,7,0
43750,12,16,7,0
43750,13,16,7,0
43750,14,16,7,0
43750,15,16,7,1
43800,0,16,17,0
43800,1,16,17,0
43800,2,15,17,0
43800,3,14,17,0
43800,4,13,17,0
43800,5,12,17,0
43800,6,11,17,0
43800,7,10,17,0
43800,8,9,17,0
43800,9,8,17,0
43800,10,8,17,0
43800,11,8,17,0
43800,12,8,17,0
43800,13,8,17,0
43800,14,8,17,0
43800,15,8,16,0
43800,16,8,16,0
43800,17,8,16,0
43800,18,8,16,0
43800,19,8,16,0
43800,20,8,15,0
43800,21,8,15,0
43800,22,8,15,0
43800,23,8,15,0
43800,24,8,15,0
43850,0,5,15,0
43850,1,5,15,0
43850,2,5,14,0
43850,3,5,13,0
43850,4,5,12,0
43850,5,5,11,0
43850,6,5,10,0
43850,7,5,10,0
43850,8,6,10,0
43850,9,6,10,0
43850,10,6,10,0
43850,11,6,10,0
43850,12,6,10,0
43850,13,6,10,0
43850,14,6,10,0
43850,15,6,10,0
43900,0,7,8,0
43900,1,7,8,0
43900,2,7,8,0
43900,3,7,7,0
43900,4,7,7,0
43900,5,7,7,0
43900,6,7,6,0
43900,7,7,5,0
43900,8,7,5,0
43900,9,7,5,0
43900,10,7,5,0
43900,11,7,5,0
43950,0,17,13,0
43950,1,17,13,0
43950,2,17,13,0
43950,3,17,13,0
43950,4,17,13,0
43950,5,17,13,0
43950,6,17,13,0
43950,7,17,13,0
43950,8,17,13,0
43950,9,17,13,0
43950,10,17,13,0
43950,11,17,13,0
43950,12,17,13,0
43950,13,17,12,0
43950,14,17,12,0
43950,15,17,12,0
43950,16,17,11,0
43950,17,17,11,0
43950,18,17,11,0
43950,19,17,11,0
43950,20,17,11,0
43950,21,17,10,0
43950,22,17,10,0
43950,23,16,10,0
43950,24,16,10,0
43950,25,16,10,0
43950,26,16,10,0
43950,27,16,11,0
43950,28,16,11,0
43950,29,16,11,0
43950,30,16,11,0
44000,0,6,13,0
44000,1,6,13,0
44000,2,6,12,0
44000,3,6,11,0
44000,4,6,10,0
44000,5,6,9,0
44000,6,6,8,0
44000,7,6,8,0
44000,8,6,8,0
44000,9,6,8,0
44000,10,7,8,0
44000,11,7,8,0
44000,12,7,8,0
44000,13,7,8,0
44000,14,7,8,0
44000,15,7,8,1
44050,0,10,14,0
44050,1,10,14,0
44050,2,11,14,0
44050,3,12,14,0
44050,4,12,14,0
44050,5,12,14,0
44050,6,12,14,0
44100,0,2,7,0
44100,1,2,7,0
44100,2,2,6,0
44100,3,2,5,0
44100,4,2,4,0
44100,5,2,4,0
44100,6,2,4,0
44100,7,2,4,0
44100,8,3,4,0
44100,9,4,4,0
44100,10,4,4,0
44100,11,4,4,0
44100,12,4,4,0
44150,0,4,13,0
44150,1,4,13,0
44150,2,3,13,0
44150,3,2,13,0
44150,4,2,13,0
44150,5,2,13,0
44150,6,2,13,0
44150,7,2,12,0
44150,8,2,12,0
44150,9,3,12,0
44150,10,3,12,0
44150,11,3,12,0
44150,12,3,12,0
44150,13,3,12,0
44150,14,3,12,0
44150,15,3,11,0
44150,16,3,11,0
44150,17,3,11,0
44150,18,3,11,0
44150,19,3,11,0
44200,0,8,8,0
44200,1,8,8,0
44200,2,8,7,0
44200,3,8,6,0
44200,4,8,6,0
44200,5,9,6,0
44200,6,9,6,0
44200,7,9,6,0
44200,8,9,6,0
44200,9,9,6,0
44200,10,9,6,0
44200,11,9,6,0
44200,12,9,6,0
44250,0,18,1,0
44250,1,18,1,0
44250,2,18,1,0
44250,3,18,1,0
44250,4,18,1,0
44250,5,17,1,0
44250,6,17,1,0
44250,7,17,1,0
44250,8,17,1,0
44250,9,17,1,0
44250,10,17,1,0
44250,11,17,1,0
44250,12,17,1,0
44300,0,17,17,0
44300,1,17,17,0
44300,2,16,17,0
44300,3,15,17,0
44300,4,14,17,0
44300,5,13,17,0
44300,6,12,17,0
44300,7,11,17,0
44300,8,10,17,0
44300,9,9,17,0
44300,10,8,17,0
44300,11,7,17,0
44300,12,7,17,0
44300,13,7,16,0
44300,14,7,15,0
44300,15,7,15,0
44300,16,7,15,1
44350,0,11,2,0
44350,1,11,2,0
44350,2,11,2,0
44350,3,11,2,0
44350,4,11,2,0
44350,5,11,3,0
44350,6,11,3,0
44350,7,11,3,0
44350,8,11,4,0
44350,9,11,4,0
44350,10,11,4,0
44400,0,11,18,0
44400,1,11,18,0
44400,2,11,18,0
44400,3,11,17,0
44400,4,11,16,0
44400,5,11,15,0
44400,6,11,14,0
44400,7,11,14,0
44400,8,11,14,0
44400,9,11,14,0
44400,10,10,14,0
44400,11,10,14,0
44400,12,10,14,0
44400,13,9,14,0
44400,14,9,14,0
44400,15,9,13,0
44400,16,9,13,0
44400,17,9,13,0
44400,18,9,13,0
44400,19,9,13,0
44400,20,9,13,0
44400,21,9,13,0
44400,22,9,13,0
44400,23,9,14,1
44450,0,6,7,0
44450,1,7,7,0
44450,2,7,7,0
44450,3,7,7,0
44450,4,7,7,0
44450,5,7,7,0
44450,6,7,7,0
44450,7,7,7,0
44450,8,7,7,0
44450,9,6,7,0
44450,10,6,7,0
44450,11,6,7,0
44450,12,6,7,0
44450,13,6,7,0
44450,14,6,7,0
44450,15,6,7,0
44450,16,6,7,0
44450,17,6,7,0
44450,18,6,7,0
44450,19,6,8,0
44450,20,6,8,0
44450,21,6,8,1
44500,0,18,18,0
44500,1,18,18,0
44500,2,18,18,0
44500,3,18,18,0
44500,4,18,18,0
44500,5,18,18,0
44500,6,18,18,0
44500,7,18,18,0
44500,8,18,18,0
44500,9,18,18,0
44500,10,18,18,0
44500,11,18,18,0
44500,12,18,18,0
44500,13,18,18,0
44500,14,18,18,0
44500,15,18,18,0
44500,16,18,18,0
44500,17,18,18,0
44500,18,17,18,0
44500,19,17,18,0
44500,20,17,18,0
44500,21,17,18,0
44500,22,17,18,0
44500,23,16,18,0
44500,24,16,18,0
44500,25,16,18,0
44500,26,16,18,0
44500,27,16,18,0
44500,28,16,18,0
44500,29,16,18,0
44500,30,16,18,0
44500,31,16,18,0
44500,32,16,18,0
44500,33,16,18,0
44500,34,16,18,0
44500,35,16,18,0
44500,36,16,18,0
44500,37,16,18,0
44500,38,16,18,0
44500,39,16,18,0
44550,0,2,8,0
44550,1,2,9,0
44550,2,2,10,0
44550,3,2,10,0
44550,4,2,10,0
44550,5,2,10,0
44550,6,2,10,0
44550,7,2,11,0
44550,8,2,11,0
44550,9,2,11,0
44550,10,2,11,0
44550,11,3,11,0
44550,12,3,11,0
44550,13,3,11,0
44550,14,3,11,0
44550,15,3,11,0
44550,16,3,11,0
44550,17,3,11,0
44550,18,2,11,0
44550,19,1,11,0
44550,20,1,11,0
44550,21,1,12,0
44550,22,1,13,0
44550,23,1,14,0
44550,24,1,14,0
44550,25,1,14,0
44550,26,1,14,0
44550,27,1,14,0
44550,28,1,14,0
44550,29,1,14,0
44550,30,1,14,0
44550,31,1,14,0
44600,0,9,3,0
44600,1,9,3,0
44600,2,9,3,0
44600,3,9,2,0
44600,4,9,1,0
44600,5,9,1,0
44600,6,9,1,0
44600,7,9,1,0
44600,8,9,1,0
44600,9,9,1,0
44600,10,9,1,0
44600,11,9,2,0
44600,12,9,3,0
44600,13,9,3,0
44600,14,9,3,0
44600,15,9,3,0
44600,16,9,3,0
44650,0,6,17,0
44650,1,6,17,0
44650,2,5,17,0
44650,3,5,17,0
44650,4,5,17,0
44650,5,4,17,0
44650,6,4,17,0
44650,7,4,17,0
44650,8,4,17,0
44650,9,4,16,0
44650,10,4,15,0
44650,11,4,14,0
44650,12,4,14,0
44650,13,4,14,0
44650,14,4,14,0
44650,15,4,14,0
44650,16,4,14,0
44650,17,4,15,0
44650,18,4,15,0
44650,19,3,15,0
44650,20,2,15,0
44650,21,1,15,0
44650,22,1,15,0
44650,23,1,16,0
44650,24,1,16,0
44650,25,1,16,0
44650,26,1,15,0
44650,27,1,15,0
44650,28,1,15,0
44700,0,17,13,0
44700,1,17,14,0
44700,2,17,14,0
44700,3,17,14,0
44700,4,17,14,0
44700,5,17,14,0
44700,6,17,14,0
44700,7,17,14,0
44700,8,17,14,0
44700,9,17,14,0
44700,10,17,14,0
44700,11,17,14,0
44700,12,17,14,0
44700,13,17,15,0
44700,14,17,15,0
44700,15,17,15,0
44700,16,17,15,0
44700,17,16,15,0
44700,18,16,15,0
44700,19,16,15,0
44700,20,16,15,0
44700,21,16,15,0
44700,22,16,15,0
44750,0,1,11,0
44750,1,1,12,0
44750,2,1,13,0
44750,3,1,14,0
44750,4,1,14,0
44750,5,2,14,0
44750,6,2,14,0
44750,7,2,14,0
44750,8,2,14,0
44750,9,2,13,0
44750,10,2,13,0
44750,11,2,13,0
44750,12,2,13,0
44750,13,2,13,0
44750,14,2,13,0
44750,15,3,13,0
44750,16,3,13,0
44750,17,3,13,0
44750,18,3,13,0
44750,19,3,13,0
44750,20,3,13,0
44750,21,3,13,0
44750,22,3,13,0
44750,23,3,13,0
44750,24,3,13,0
44750,25,3,13,0
44750,26,3,13,0
44750,27,3,13,0
44750,28,3,13,0
44750,29,3,13,0
44750,30,3,13,0
44750,31,3,13,0
44750,32,3,13,0
44750,33,3,13,0
44750,34,3,13,0
44750,35,3,13,0
44750,36,3,13,0
44750,37,3,13,0
44750,38,3,13,0
44750,39,3,13,0
44750,40,3,13,0
44750,41,3,13,0
44750,42,3,13,0
44750,43,3,13,0
44750,44,3,13,0
44750,45,3,13,0
44750,46,3,13,0
44750,47,3,13,0
44750,48,3,13,0
44750,49,3,13,0
44750,50,3,13,0
44750,51,3,13,0
44750,52,3,13,0
44750,53,3,13,0
44750,54,3,13,0
44750,55,3,13,0
44750,56,3,13,0
44750,57,3,13,0
44750,58,3,13,0
44750,59,3,13,0
44750,60,3,13,0
44750,61,3,13,0
44750,62,3,13,0
44750,63,3,13,0
44750,64,3,13,0
44750,65,3,13,0
44750,66,3,13,0
44750,67,3,13,0
44750,68,3,13,0
44750,69,3,13,0
44750,70,3,13,0
44750,71,3,13,0
44750,72,3,13,0
44750,73,3,13,0
44750,74,3,13,0
44750,75,3,13,0
44750,76,3,13,0
44750,77,3,13,0
44750,78,3,13,0
44750,79,3,13,0
44750,80,3,13,0
44750,81,3,13,0
44750,82,3,13,0
44750,83,3,13,0
44750,84,3,13,0
44750,85,3,13,0
44750,86,3,13,0
44750,87,3,13,0
44750,88,3,13,0
44750,89,3,13,0
44750,90,3,13,0
44750,91,3,13,0
44750,92,3,13,0
44750,93,3,13,0
44750,94,3,13,0
44750,95,3,13,0
44750,96,3,13,0
44750,97,3,13,0
44750,98,3,13,0
44750,99,3,13,0
44750,100,3,13,0
44750,101,3,13,0
44750,102,3,13,0
44750,103,3,13,0
44750,104,3,13,0
44750,105,3,13,0
44750,106,3,13,0
44750,107,3,13,0
44750,108,3,13,0
44750,109,3,13,0
44750,110,3,13,0
44750,111,3,13,0
44750,112,3,13,0
44750,113,3,13,0
44750,114,3,13,0
44750,115,3,13,0
44750,116,3,13,0
44750,117,3,13,0
44750,118,3,13,0
44750,119,3,13,0
44750,120,3,13,0
44750,121,3,13,0
44750,122,3,13,0
44750,123,3,13,0
44750,124,3,13,0
44750,125,3,13,0
44750,126,3,13,0
44750,127,3,13,0
44750,128,3,13,0
44750,129,3,13,0
44750,130,3,13,0
44750,131,3,13,0
44750,132,3,13,0
44750,133,3,13,0
44750,134,3,13,0
44750,135,3,13,0
44750,136,3,13,0
44750,137,3,13,0
44750,138,3,13,0
44750,139,3,13,0
44750,140,3,13,0
44750,141,3,13,0
44750,142,3,13,0
44750,143,3,13,0
44750,144,3,13,0
44750,145,3,13,0
44750,146,3,13,0
44750,147,3,13,0
44750,148,3,13,0
44750,149,3,13,0
44750,150,3,13,0
44750,151,3,13,0
44750,152,3,13,0
44750,153,3,13,0
44750,154,3,13,0
44750,155,3,13,0
44750,156,3,13,0
44750,157,3,13,0
44750,158,3,13,0
44750,159,3,13,0
44750,160,3,13,0
44750,161,3,13,0
44750,162,3,13,0
44750,163,3,13,0
44750,164,3,13,0
44750,165,3,13,0
44750,166,3,13,0
44750,167,3,13,0
44750,168,3,12,0
44750,169,3,12,0
44750,170,3,12,0
44750,171,3,12,0
44800,0,11,17,0
44800,1,11,17,0
44800,2,11,17,0
44800,3,12,17,0
44800,4,13,17,0
44800,5,14,17,0
44800,6,14,17,0
44800,7,14,17,0
44800,8,14,17,0
44850,0,17,7,0
44850,1,17,7,0
44850,2,16,7,0
44850,3,15,7,0
44850,4,14,7,0
44850,5,13,7,0
44850,6,12,7,0
44850,7,11,7,0
44850,8,10,7,0
44850,9,10,7,0
44850,10,10,6,0
44850,11,10,6,0
44850,12,9,6,0
44850,13,9,6,0
44850,14,9,6,0
44900,0,3,15,0
44900,1,3,15,0
44900,2,3,14,0
44900,3,3,13,0
44900,4,3,12,0
44900,5,3,11,0
44900,6,3,10,0
44900,7,3,10,0
44900,8,3,10,0
44900,9,3,10,0
44900,10,3,10,0
44900,11,3,9,0
44900,12,3,9,0
44900,13,3,9,0
44950,0,17,4,0
44950,1,17,4,0
44950,2,17,5,0
44950,3,17,6,0
44950,4,17,7,0
44950,5,17,8,0
44950,6,17,9,0
44950,7,17,10,0
44950,8,17,11,0
44950,9,17,12,0
44950,10,17,12,0
44950,11,17,12,0
44950,12,17,12,0
44950,13,17,12,0
44950,14,17,12,0
44950,15,17,12,0
44950,16,18,12,0
44950,17,18,12,0
44950,18,18,12,0
44950,19,18,12,0
44950,20,18,13,0
44950,21,18,14,0
44950,22,18,15,0
44950,23,18,16,0
44950,24,18,16,0
44950,25,18,17,0
44950,26,18,18,0
44950,27,18,18,0
44950,28,18,18,0
44950,29,18,17,0
44950,30,18,17,0
44950,31,18,17,0
44950,32,18,16,0
44950,33,18,16,0
44950,34,18,16,0
44950,35,18,16,0
44950,36,18,16,0
45000,0,15,9,0
45000,1,15,8,0
45000,2,15,7,0
45000,3,15,6,0
45000,4,15,6,0
45000,5,15,6,0
45000,6,15,7,0
45000,7,15,7,0
45000,8,15,7,0
45000,9,15,7,0
45000,10,15,7,0
45000,11,15,7,0
45000,12,14,7,0
45000,13,14,7,0
45000,14,14,7,1
45050,0,9,15,0
45050,1,9,15,0
45050,2,9,15,0
45050,3,9,15,0
45050,4,9,15,0
45050,5,9,15,0
45050,6,9,15,0
45050,7,9,15,0
45050,8,9,15,0
45050,9,9,15,0
45050,10,9,15,0
45050,11,9,15,0
45050,12,9,15,0
45050,13,9,15,0
45050,14,9,15,0
45050,15,9,15,0
45050,16,9,15,0
45050,17,9,15,0
45050,18,9,15,0
45050,19,9,15,0
45050,20,9,15,0
45050,21,9,15,0
45050,22,9,15,0
45050,23,9,15,0
45050,24,8,15,0
45050,25,8,15,0
45050,26,8,15,0
45100,0,1,14,0
45100,1,1,14,0
45100,2,1,14,0
45100,3,1,13,0
45100,4,1,12,0
45100,5,1,11,0
45100,6,1,10,0
45100,7,1,9,0
45100,8,1,8,0
45100,9,1,7,0
45100,10,1,6,0
45100,11,1,6,0
45100,12,1,6,0
45100,13,1,5,0
45100,14,1,5,0
45100,15,1,5,0
45100,16,1,4,0
45100,17,1,4,0
45100,18,1,4,0
45100,19,1,4,0
45100,20,1,4,0
45100,21,1,4,0
45100,22,1,4,0
45150,0,7,17,0
45150,1,7,18,0
45150,2,7,18,0
45150,3,7,18,1
45200,0,8,9,0
45200,1,9,9,0
45200,2,10,9,0
45200,3,11,9,0
45200,4,11,9,0
45200,5,11,9,0
45200,6,11,9,0
45250,0,16,4,0
45250,1,16,4,0
45250,2,16,4,0
45250,3,17,4,0
45250,4,18,4,0
45250,5,18,4,0
45250,6,18,5,0
45250,7,18,6,0
45250,8,18,7,0
45250,9,18,8,0
45250,10,18,9,0
45250,11,18,9,0
45250,12,18,9,0
45300,0,9,16,0
45300,1,9,16,0
45300,2,9,16,0
45300,3,8,16,0
45300,4,7,16,0
45300,5,6,16,0
45300,6,5,16,0
45300,7,4,16,0
45300,8,4,16,0
45300,9,4,15,0
45300,10,4,14,0
45300,11,4,13,0
45300,12,4,12,0
45300,13,4,12,0
45300,14,4,12,0
45350,0,7,18,0
45350,1,7,18,0
45350,2,6,18,0
45350,3,5,18,0
45350,4,4,18,0
45350,5,3,18,0
45350,6,2,18,0
45350,7,1,18,0
45350,8,1,18,0
45350,9,1,18,0
45400,0,16,17,0
45400,1,16,17,0
45400,2,15,17,0
45400,3,15,17,0
45400,4,15,17,0
45400,5,14,17,0
45400,6,13,17,0
45400,7,12,17,0
45400,8,12,17,0
45400,9,12,17,0
45400,10,11,17,0
45400,11,11,17,0
45400,12,11,17,0
45400,13,11,17,0
45450,0,13,14,0
45450,1,13,14,0
45450,2,13,14,0
45450,3,13,15,0
45450,4,13,16,0
45450,5,13,16,0
45450,6,13,16,0
45450,7,13,16,0
45450,8,13,16,0
45450,9,13,17,0
45450,10,13,17,0
45450,11,13,17,0
45450,12,13,17,0
45450,13,13,17,0
45450,14,13,17,0
45450,15,13,17,0
45500,0,9,9,0
45500,1,9,9,0
45500,2,9,9,0
45500,3,9,9,0
45500,4,9,8,0
45500,5,9,7,0
45500,6,9,7,0
45500,7,9,7,0
45500,8,9,7,0
45500,9,9,7,0
45500,10,9,7,0
45500,11,9,7,0
45500,12,9,7,0
45500,13,9,7,0
45500,14,9,8,0
45500,15,9,8,0
45500,16,9,8,0
45500,17,9,8,0
45500,18,9,8,0
45500,19,9,8,0
45500,20,9,8,0
45550,0,8,7,0
45550,1,8,7,0
45550,2,8,7,0
45550,3,8,8,0
45550,4,8,8,0
45550,5,8,8,0
45550,6,8,8,0
45550,7,8,8,0
45550,8,8,8,0
45550,9,8,8,0
45600,0,1,15,0
45600,1,1,15,0
45600,2,1,15,0
45600,3,1,14,0
45600,4,1,13,0
45600,5,1,13,0
45600,6,1,13,0
45600,7,1,12,0
45600,8,1,12,0
45600,9,1,12,0
45600,10,1,11,0
45600,11,1,11,0
45600,12,1,11,0
45600,13,1,11,0
45600,14,1,11,0
45600,15,1,11,0
45600,16,1,11,0
45650,0,11,1,0
45650,1,11,2,0
45650,2,11,3,0
45650,3,11,4,0
45650,4,11,4,0
45650,5,10,4,0
45650,6,9,4,0
45650,7,8,4,0
45650,8,7,4,0
45650,9,7,4,0
45650,10,7,4,0
45650,11,7,4,0
45700,0,18,7,0
45700,1,18,7,0
45700,2,18,8,0
45700,3,18,9,0
45700,4,18,10,0
45700,5,18,11,0
45700,6,18,12,0
45700,7,18,13,0
45700,8,18,14,0
45700,9,18,14,0
45700,10,17,14,0
45700,11,16,14,0
45700,12,15,14,0
45700,13,15,14,0
45700,14,15,14,0
45700,15,15,14,0
45700,16,15,14,0
45700,17,15,14,0
45750,0,18,8,0
45750,1,18,8,0
45750,2,18,8,0
45750,3,18,8,0
45750,4,18,8,0
45750,5,18,8,0
45750,6,18,8,0
45750,7,18,8,0
45750,8,18,8,0
45750,9,18,8,0
45750,10,17,8,0
45750,11,16,8,0
45750,12,15,8,0
45750,13,15,8,0
45750,14,15,8,0
45750,15,15,8,0
45800,0,12,16,0
45800,1,12,16,0
45800,2,12,15,0
45800,3,12,14,0
45800,4,12,14,0
45800,5,12,14,0
45800,6,12,14,0
45800,7,12,14,0
45800,8,12,14,0
45800,9,12,14,0
45850,0,2,16,0
45850,1,2,16,0
45850,2,2,16,0
45850,3,2,16,1
45900,0,11,14,0
45900,1,11,14,0
45900,2,11,14,0
45900,3,11,15,0
45900,4,11,16,0
45900,5,11,16,0
45900,6,11,16,0
45900,7,11,17,0
45900,8,11,17,0
45900,9,11,17,0
45900,10,11,17,0
45900,11,11,17,0
45900,12,11,17,0
45900,13,11,17,0
45950,0,4,11,0
45950,1,4,11,0
45950,2,4,11,0
45950,3,5,11,0
45950,4,6,11,0
45950,5,7,11,0
45950,6,7,11,0
45950,7,7,11,0
45950,8,8,11,0
45950,9,8,11,0
45950,10,8,11,0
45950,11,8,11,0
46000,0,6,5,0
46000,1,6,5,0
46000,2,6,6,0
46000,3,6,7,0
46000,4,6,8,0
46000,5,6,8,0
46000,6,6,8,0
46000,7,6,9,0
46000,8,6,9,0
46000,9,6,9,0
46000,10,6,10,0
46000,11,6,10,0
46000,12,6,10,0
46000,13,6,10,0
46000,14,5,10,0
46000,15,5,10,0
46000,16,5,10,0
46000,17,5,10,0
46000,18,5,10,0
46000,19,5,10,0
46000,20,5,10,0
46000,21,5,10,0
46000,22,5,10,0
46000,23,5,10,0
46000,24,5,10,0
46000,25,5,10,0
46000,26,5,10,0
46000,27,5,10,0
46000,28,5,10,0
46000,29,5,10,0
46000,30,5,10,0
46000,31,5,10,0
46000,32,5,10,0
46000,33,5,10,0
46000,34,5,10,0
46000,35,5,10,0
46000,36,5,10,0
46000,37,5,10,0
46000,38,5,10,0
46000,39,5,10,0
46000,40,5,10,0
46000,41,5,10,0
46000,42,5,10,0
46000,43,5,10,0
46000,44,5,10,0
46000,45,5,10,0
46000,46,5,10,0
46000,47,5,10,0
46000,48,5,10,0
46000,49,5,10,0
46000,50,5,10,0
46000,51,5,10,0
46000,52,5,10,0
46000,53,5,10,0
46000,54,5,9,0
46000,55,5,9,0
46000,56,5,9,0
46000,57,5,9,0
46050,0,9,11,0
46050,1,9,11,0
46050,2,9,11,0
46050,3,8,11,0
46050,4,7,11,0
46050,5,7,11,0
46050,6,7,11,0
46050,7,6,11,0
46050,8,5,11,0
46050,9,4,11,0
46050,10,4,11,0
46050,11,4,10,0
46050,12,4,10,0
46050,13,4,10,0
46050,14,4,10,0
46050,15,4,10,0
46100,0,14,15,0
46100,1,14,15,0
46100,2,14,15,0
46100,3,14,14,0
46100,4,14,13,0
46100,5,14,12,0
46100,6,14,12,0
46100,7,14,12,0
46100,8,14,12,0
46100,9,14,12,1
46150,0,10,4,0
46150,1,10,4,0
46150,2,10,4,0
46200,0,4,10,0
46200,1,4,9,0
46200,2,4,8,0
46200,3,4,7,0
46200,4,4,6,0
46200,5,4,6,0
46200,6,4,6,0
46200,7,4,6,0
46200,8,4,6,0
46250,0,15,6,0
46250,1,15,6,0
46250,2,15,6,0
46250,3,15,6,0
46250,4,15,6,0
46250,5,15,6,0
46250,6,15,6,0
46250,7,16,6,0
46250,8,16,6,0
46250,9,16,6,0
46250,10,16,6,0
46250,11,16,6,0
46250,12,16,6,0
46250,13,16,6,0
46250,14,16,6,0
46300,0,5,11,0
46300,1,5,11,0
46300,2,5,10,0
46300,3,5,9,0
46300,4,5,8,0
46300,5,5,7,0
46300,6,5,7,0
46300,7,5,7,0
46300,8,5,6,0
46300,9,5,6,0
46300,10,5,6,0
46300,11,5,6,0
46300,12,5,6,0
46300,13,5,6,0
46300,14,6,6,0
46300,15,6,6,0
46300,16,6,6,0
46300,17,6,5,0
46300,18,6,5,0
46300,19,5,5,0
46300,20,5,5,0
46300,21,5,6,0
46300,22,5,6,0
46300,23,4,6,0
46300,24,4,6,0
46300,25,4,7,0
46300,26,4,7,0
46300,27,4,7,0
46300,28,4,7,0
46300,29,4,7,0
46350,0,14,10,0
46350,1,14,10,0
46400,0,10,11,0
46400,1,10,11,0
46400,2,10,11,0
46400,3,10,11,0
46400,4,10,11,0
46400,5,10,11,0
46400,6,10,11,0
46400,7,10,11,0
46400,8,10,11,0
46400,9,10,11,0
46400,10,10,11,0
46400,11,10,11,0
46400,12,10,11,0
46400,13,10,11,0
46400,14,9,11,0
46400,15,8,11,0
46400,16,8,11,0
46400,17,8,11,1
46450,0,13,4,0
46450,1,13,4,0
46450,2,13,4,0
46450,3,13,4,0
46450,4,13,4,0
46450,5,13,4,0
46450,6,13,4,0
46450,7,13,4,0
46450,8,13,3,0
46450,9,13,3,0
46450,10,13,3,0
46450,11,13,3,0
46450,12,13,3,0
46450,13,13,3,0
46450,14,13,3,0
46450,15,13,2,0
46450,16,13,2,0
46450,17,13,2,0
46450,18,13,2,0
46450,19,13,2,0
46500,0,6,18,0
46500,1,6,18,0
46500,2,6,18,0
46500,3,6,18,0
46500,4,6,18,0
46550,0,4,2,0
46550,1,4,2,0
46550,2,4,2,0
46550,3,4,2,0
46550,4,4,2,0
46550,5,4,2,0
46550,6,5,2,0
46550,7,5,2,0
46550,8,5,1,0
46550,9,5,1,0
46550,10,5,1,1
46600,0,11,16,0
46600,1,11,15,0
46600,2,11,15,0
46600,3,10,15,0
46600,4,9,15,0
46600,5,8,15,0
46600,6,7,15,0
46600,7,7,15,0
46600,8,7,14,0
46600,9,7,14,0
46600,10,7,14,0
46650,0,13,9,0
46650,1,13,9,0
46650,2,13,9,0
46650,3,13,9,0
46650,4,13,9,0
46650,5,13,9,0
46650,6,13,9,0
46650,7,13,9,0
46650,8,12,9,0
46650,9,12,9,0
46650,10,12,9,0
46650,11,12,9,0
46650,12,12,9,0
46650,13,11,9,0
46650,14,10,9,0
46650,15,10,9,0
46650,16,10,9,1
46700,0,2,12,0
46700,1,2,12,0
46700,2,2,12,0
46700,3,2,12,0
46700,4,2,12,0
46700,5,1,12,0
46700,6,1,12,0
46700,7,1,12,1
46750,0,7,16,0
46750,1,7,16,0
46750,2,6,16,0
46750,3,5,16,0
46750,4,5,16,0
46750,5,5,16,0
46750,6,5,16,0
46750,7,5,16,0
46750,8,5,16,0
46750,9,5,16,0
46750,10,5,16,0
46750,11,5,16,0
46750,12,5,16,0
46750,13,5,16,0
46750,14,5,16,0
46750,15,5,16,0
46750,16,5,16,0
46750,17,5,16,0
46750,18,5,16,0
46750,19,6,16,0
46750,20,6,16,0
46750,21,6,16,0
46750,22,7,16,0
46750,23,7,16,0
46750,24,7,16,0
46750,25,7,16,0
46750,26,7,16,0
46750,27,7,16,0
46800,0,12,7,0
46800,1,12,6,0
46800,2,12,5,0
46800,3,12,4,0
46800,4,12,3,0
46800,5,12,2,0
46800,6,12,2,0
46800,7,12,2,0
46800,8,12,2,0
46800,9,12,2,0
46800,10,12,2,0
46800,11,13,2,0
46800,12,13,2,0
46800,13,13,2,0
46800,14,13,2,0
46800,15,13,2,0
46800,16,13,2,0
46850,0,18,2,0
46850,1,18,2,0
46850,2,18,2,0
46850,3,18,2,0
46850,4,18,2,0
46850,5,18,2,0
46850,6,18,2,0
46850,7,18,2,0
46850,8,18,2,0
46850,9,18,2,0
46850,10,18,2,0
46850,11,18,2,0
46850,12,18,2,0
46850,13,18,2,0
46850,14,18,2,0
46850,15,18,2,0
46850,16,18,2,0
46850,17,18,2,0
46850,18,18,2,0
46850,19,18,2,0
46850,20,18,2,0
46850,21,18,2,0
46850,22,18,2,0
46850,23,18,2,0
46850,24,18,2,0
46850,25,18,2,0
46850,26,18,2,0
46850,27,17,2,0
46850,28,17,2,0
46850,29,17,2,0
46850,30,17,2,0
46850,31,17,2,0
46850,32,17,2,0
46850,33,17,2,0
46850,34,16,2,0
46850,35,16,2,0
46850,36,16,2,0
46850,37,16,2,0
46900,0,5,3,0
46900,1,5,4,0
46900,2,5,5,0
46900,3,5,6,0
46900,4,5,6,0
46900,5,5,6,0
46900,6,5,7,0
46900,7,5,7,0
46900,8,5,7,0
46900,9,5,7,0
46900,10,5,7,0
46900,11,5,7,0
46900,12,5,7,0
46900,13,5,7,0
46900,14,5,8,0
46900,15,5,8,0
46900,16,5,8,0
46900,17,5,8,0
46900,18,5,8,0
46900,19,5,8,0
46900,20,5,8,0
46900,21,5,8,0
46900,22,5,8,0
46900,23,5,8,0
46900,24,5,8,0
46950,0,1,8,0
46950,1,1,8,0
46950,2,1,8,0
46950,3,1,8,0
46950,4,1,8,0
46950,5,1,8,0
46950,6,1,8,0
46950,7,2,8,0
46950,8,3,8,0
46950,9,4,8,0
46950,10,5,8,0
46950,11,5,8,0
46950,12,5,9,0
46950,13,5,9,0
46950,14,5,9,0
47000,0,6,16,0
47000,1,5,16,0
47000,2,5,16,0
47000,3,5,16,0
47000,4,4,16,0
47000,5,4,16,0
47000,6,4,16,0
47000,7,4,16,0
47000,8,4,15,0
47000,9,4,14,0
47000,10,4,13,0
47000,11,4,13,0
47000,12,4,13,0
47050,0,8,13,0
47050,1,8,13,0
47050,2,8,13,0
47050,3,8,13,0
47050,4,8,12,0
47050,5,8,11,0
47050,6,8,10,0
47050,7,8,9,0
47050,8,8,8,0
47050,9,8,7,0
47050,10,8,7,0
47050,11,9,7,0
47050,12,9,7,0
47050,13,9,7,0
47050,14,10,7,0
47050,15,10,7,0
47050,16,10,7,0
47050,17,10,7,0
47100,0,14,10,0
47100,1,14,9,0
47100,2,14,8,0
47100,3,14,7,0
47100,4,14,6,0
47100,5,14,6,0
47100,6,14,6,0
47100,7,14,5,0
47100,8,14,5,0
47100,9,14,5,0
47100,10,14,5,0
47100,11,14,5,0
47100,12,14,5,0
47100,13,14,5,0
47150,0,8,18,0
47150,1,9,18,0
47150,2,10,18,0
47150,3,11,18,0
47150,4,12,18,0
47150,5,13,18,0
47150,6,13,18,0
47150,7,13,18,0
47150,8,13,18,0
47200,0,3,6,0
47200,1,3,6,0
47200,2,3,5,0
47200,3,3,5,0
47200,4,3,5,0
47200,5,3,5,0
47200,6,4,5,0
47200,7,5,5,0
47200,8,6,5,0
47200,9,7,5,0
47200,10,7,5,0
47200,11,7,4,0
47200,12,7,4,0
47200,13,7,4,0
47250,0,9,8,0
47250,1,9,8,0
47250,2,8,8,0
47250,3,7,8,0
47250,4,7,8,0
47250,5,7,8,0
47250,6,7,8,0
47250,7,7,8,0
47250,8,7,8,0
47300,0,16,15,0
47300,1,16,14,0
47300,2,16,14,0
47300,3,16,14,0
47300,4,16,13,0
47300,5,16,13,0
47300,6,16,13,0
47300,7,16,13,0
47300,8,16,13,0
47300,9,16,13,0
47300,10,16,13,0
47350,0,2,17,0
47350,1,2,17,0
47350,2,2,17,0
47400,0,17,11,0
47400,1,17,11,0
47400,2,17,11,0
47400,3,17,11,0
47400,4,17,11,0
47400,5,17,11,0
47400,6,17,10,0
47400,7,17,10,0
47400,8,17,10,0
47400,9,17,9,0
47400,10,17,9,0
47400,11,17,9,0
47400,12,17,9,0
47400,13,16,9,0
47400,14,16,9,0
47400,15,16,9,0
47400,16,16,9,0
47400,17,16,9,0
47400,18,16,9,0
47450,0,8,2,0
47450,1,8,2,0
47450,2,7,2,0
47450,3,6,2,0
47450,4,5,2,0
47450,5,5,2,0
47450,6,5,2,0
47450,7,5,2,0
47450,8,5,2,0
47450,9,5,2,0
47500,0,12,12,0
47500,1,12,12,0
47500,2,12,12,0
47500,3,12,12,0
47500,4,12,12,0
47500,5,12,12,0
47500,6,12,12,0
47500,7,11,12,0
47500,8,11,12,0
47500,9,11,12,0
47500,10,11,12,0
47500,11,11,12,0
47500,12,11,12,0
47500,13,11,12,0
47500,14,11,12,0
47550,0,8,8,0
47550,1,8,7,0
47550,2,8,7,0
47550,3,9,7,0
47550,4,10,7,0
47550,5,11,7,0
47550,6,11,7,0
47550,7,11,7,0
47600,0,9,3,0
47600,1,9,3,0
47600,2,9,3,0
47600,3,9,3,0
47600,4,9,3,0
47600,5,9,3,0
47600,6,9,3,0
47600,7,9,3,0
47600,8,9,3,0
47600,9,9,4,0
47600,10,9,4,0
47600,11,9,4,0
47600,12,9,4,0
47600,13,9,4,0
47600,14,9,4,0
47600,15,9,4,0
47650,0,1,8,0
47650,1,1,8,0
47650,2,1,8,0
47650,3,1,8,0
47650,4,1,8,0
47650,5,1,8,0
47650,6,1,8,0
47650,7,1,8,0
47650,8,1,8,0
47650,9,1,8,0
47650,10,1,8,0
47650,11,1,8,0
47650,12,1,8,0
47650,13,1,8,0
47650,14,2,8,0
47650,15,2,8,0
47650,16,2,9,0
47650,17,2,9,0
47650,18,2,9,0
47700,0,5,3,0
47700,1,6,3,0
47700,2,7,3,0
47700,3,8,3,0
47700,4,9,3,0
47700,5,10,3,0
47700,6,10,3,0
47700,7,10,4,0
47700,8,10,5,0
47700,9,10,6,0
47700,10,10,6,0
47700,11,10,6,0
47700,12,10,6,0
47700,13,10,6,0
47700,14,10,6,0
47700,15,10,5,0
47700,16,10,5,0
47700,17,10,5,0
47700,18,10,4,0
47700,19,10,4,0
47700,20,10,4,0
47700,21,10,4,0
47700,22,10,4,0
47700,23,10,4,0
47700,24,10,4,0
47700,25,10,4,0
47700,26,10,4,0
47750,0,18,12,0
47750,1,18,12,0
47750,2,17,12,0
47750,3,16,12,0
47750,4,16,12,0
47750,5,16,11,0
47750,6,16,10,0
47750,7,16,10,0
47750,8,16,10,0
47750,9,16,10,0
47750,10,16,10,0
47750,11,16,10,0
47750,12,16,10,0
47800,0,1,10,0
47800,1,1,9,0
47800,2,1,8,0
47800,3,1,8,0
47800,4,2,8,0
47800,5,3,8,0
47800,6,4,8,0
47800,7,4,8,0
47800,8,4,8,0
47800,9,4,8,0
47850,0,17,4,0
47850,1,17,4,0
47850,2,17,5,0
47850,3,17,5,0
47850,4,17,5,0
47850,5,17,5,0
47850,6,16,5,0
47850,7,15,5,0
47850,8,14,5,0
47850,9,13,5,0
47850,10,12,5,0
47850,11,12,5,0
47850,12,12,5,0
47850,13,12,5,0
47900,0,17,14,0
47900,1,17,14,0
47900,2,17,14,0
47900,3,17,14,0
47900,4,16,14,0
47900,5,15,14,0
47900,6,14,14,0
47900,7,13,14,0
47900,8,13,14,0
47900,9,13,14,0
47900,10,12,14,0
47900,11,12,14,0
47900,12,12,14,0
47900,13,12,14,0
47950,0,1,9,0
47950,1,1,9,0
47950,2,2,9,0
47950,3,3,9,0
47950,4,3,9,0
47950,5,3,9,0
47950,6,4,9,0
47950,7,4,9,0
47950,8,4,9,0
47950,9,5,9,0
47950,10,5,9,0
47950,11,5,9,0
47950,12,5,9,0
48000,0,8,12,0
48000,1,8,12,0
48000,2,8,12,0
48000,3,8,12,0
48000,4,8,12,0
48000,5,8,12,0
48000,6,8,12,0
48000,7,8,12,0
48000,8,8,12,0
48000,9,8,12,0
48000,10,8,12,0
48000,11,8,12,0
48000,12,8,11,0
48000,13,8,10,0
48000,14,8,9,0
48000,15,8,8,0
48000,16,8,8,0
48000,17,9,8,0
48000,18,10,8,0
48000,19,10,8,0
48000,20,10,8,0
48000,21,10,8,0
48000,22,10,8,0
48000,23,10,8,1
48050,0,17,10,0
48050,1,17,10,0
48050,2,17,10,0
48050,3,17,9,0
48050,4,17,9,0
48050,5,17,9,0
48050,6,17,9,0
48050,7,17,9,0
48050,8,17,9,0
48050,9,17,9,0
48100,0,5,11,0
48100,1,5,11,0
48100,2,6,11,0
48100,3,7,11,0
48100,4,8,11,0
48100,5,8,11,0
48100,6,8,11,0
48100,7,9,11,0
48100,8,9,11,0
48100,9,9,11,0
48100,10,9,11,0
48150,0,14,9,0
48150,1,14,9,0
48150,2,14,9,0
48150,3,14,9,0
48150,4,13,9,0
48150,5,13,9,0
48150,6,13,9,0
48150,7,13,9,0
48200,0,6,8,0
48200,1,6,8,0
48200,2,6,8,0
48200,3,6,8,0
48200,4,6,8,0
48200,5,6,8,0
48200,6,7,8,0
48200,7,7,8,0
48200,8,7,8,0
48200,9,7,8,0
48200,10,7,8,0
48200,11,7,8,0
48200,12,7,8,0
48200,13,7,8,0
48250,0,12,15,0
48250,1,12,14,0
48250,2,12,13,0
48250,3,12,12,0
48250,4,12,12,0
48250,5,11,12,0
48250,6,10,12,0
48250,7,9,12,0
48250,8,8,12,0
48250,9,8,12,0
48250,10,8,12,0
48250,11,8,12,0
48300,0,3,18,0
48300,1,3,18,0
48300,2,3,18,0
48350,0,14,15,0
48350,1,14,15,0
48350,2,13,15,0
48350,3,12,15,0
48350,4,11,15,0
48350,5,10,15,0
48350,6,9,15,0
48350,7,9,15,0
48350,8,9,15,0
48350,9,9,15,0
48400,0,4,13,0
48400,1,4,13,0
48400,2,4,13,0
48400,3,4,13,0
48400,4,4,13,0
48400,5,4,13,0
48400,6,4,13,0
48400,7,4,13,0
48400,8,4,13,0
48400,9,4,13,0
48400,10,4,13,0
48400,11,4,14,0
48400,12,4,14,0
48400,13,4,14,0
48400,14,4,14,0
48400,15,4,14,0
48400,16,4,14,0
48400,17,4,13,0
48400,18,4,12,0
48400,19,4,11,0
48400,20,4,10,0
48400,21,4,9,0
48400,22,4,8,0
48400,23,4,7,0
48400,24,4,6,0
48400,25,4,5,0
48400,26,4,5,0
48400,27,4,5,0
48400,28,4,5,0
48400,29,4,5,0
48450,0,7,6,0
48450,1,7,6,0
48450,2,8,6,0
48450,3,9,6,0
48450,4,10,6,0
48450,5,10,6,0
48450,6,10,7,0
48450,7,10,7,0
48450,8,10,7,0
48500,0,2,9,0
48500,1,2,9,0
48500,2,2,8,0
48500,3,2,7,0
48500,4,2,7,0
48500,5,3,7,0
48500,6,4,7,0
48500,7,4,7,0
48500,8,4,8,0
48500,9,4,8,0
48500,10,5,8,0
48500,11,5,8,0
48500,12,5,8,0
48500,13,5,8,0
48550,0,5,10,0
48550,1,5,10,0
48550,2,5,9,0
48550,3,5,8,0
48550,4,5,7,0
48550,5,5,6,0
48550,6,5,6,0
48550,7,4,6,0
48550,8,4,6,0
48550,9,4,6,1
48600,0,8,17,0
48600,1,8,17,0
48600,2,8,16,0
48600,3,8,15,0
48600,4,8,15,0
48600,5,8,15,0
48600,6,8,14,0
48600,7,8,14,0
48600,8,9,14,0
48600,9,9,14,0
48600,10,9,14,0
48650,0,1,16,0
48650,1,1,16,0
48650,2,1,16,0
48650,3,1,16,0
48700,0,4,7,0
48700,1,4,7,0
48700,2,4,7,0
48700,3,4,7,0
48700,4,4,8,0
48700,5,4,8,0
48700,6,4,8,0
48700,7,4,9,0
48700,8,4,10,0
48700,9,4,11,0
48700,10,4,11,0
48700,11,4,11,0
48700,12,4,12,0
48700,13,4,13,0
48700,14,4,13,0
48700,15,4,13,0
48700,16,4,13,0
48700,17,4,13,0
48700,18,4,14,1
48750,0,7,9,0
48750,1,7,9,0
48750,2,7,9,0
48750,3,7,9,0
48750,4,8,9,0
48750,5,8,9,0
48750,6,8,9,0
48750,7,8,9,0
48750,8,8,9,0
48750,9,8,9,0
48750,10,8,9,0
48750,11,8,9,0
48750,12,8,9,0
48750,13,8,9,0
48750,14,8,9,0
48750,15,8,9,0
48750,16,8,9,0
48750,17,8,9,0
48750,18,8,9,0
48750,19,8,9,0
48750,20,8,9,0
48750,21,8,9,0
48750,22,8,9,0
48750,23,8,9,0
48750,24,8,9,0
48750,25,8,9,0
48750,26,8,9,0
48750,27,8,9,0
48750,28,8,9,0
48750,29,8,9,0
48750,30,8,9,0
48750,31,8,9,0
48800,0,16,6,0
48800,1,16,7,0
48800,2,16,7,0
48800,3,16,7,0
48800,4,16,7,0
48800,5,16,7,0
48800,6,16,8,0
48800,7,16,8,0
48800,8,16,8,0
48800,9,16,8,0
48800,10,16,8,0
48800,11,16,8,0
48800,12,16,8,0
48800,13,16,8,0
48800,14,16,8,0
48800,15,16,8,0
48800,16,16,8,0
48800,17,16,8,0
48800,18,16,8,0
48800,19,16,9,0
48800,20,16,9,0
48800,21,16,9,0
48800,22,16,9,0
48800,23,16,9,0
48800,24,16,9,0
48800,25,16,9,0
48800,26,16,8,0
48800,27,16,8,0
48800,28,17,8,0
48800,29,17,8,0
48800,30,17,8,0
48800,31,16,8,0
48800,32,16,8,0
48800,33,16,8,0
48800,34,16,8,0
48850,0,9,7,0
48850,1,9,7,0
48850,2,10,7,0
48850,3,11,7,0
48850,4,12,7,0
48850,5,12,7,0
48850,6,12,7,0
48850,7,12,7,0
48900,0,13,13,0
48900,1,13,13,0
48900,2,13,13,0
48900,3,13,13,0
48900,4,13,14,0
48900,5,13,14,0
48900,6,13,14,0
48900,7,13,14,0
48900,8,12,14,0
48900,9,11,14,0
48900,10,11,14,0
48900,11,11,14,0
48900,12,11,14,0
48950,0,3,14,0
48950,1,3,14,0
48950,2,3,14,0
48950,3,3,14,0
48950,4,3,14,0
48950,5,3,13,0
48950,6,3,13,0
48950,7,3,13,0
48950,8,3,12,0
48950,9,3,12,0
48950,10,4,12,0
48950,11,4,12,0
48950,12,4,12,0
48950,13,5,12,0
48950,14,5,12,0
48950,15,5,12,0
48950,16,5,12,0
49000,0,4,4,0
49000,1,4,4,0
49000,2,4,4,0
49000,3,4,4,0
49000,4,3,4,0
49000,5,3,4,0
49000,6,3,4,0
49000,7,3,4,0
49050,0,15,14,0
49050,1,15,14,0
49050,2,15,14,0
49050,3,15,14,0
49050,4,15,14,0
49050,5,15,14,0
49050,6,15,14,0
49050,7,15,14,0
49050,8,15,14,0
49050,9,15,13,0
49050,10,15,13,0
49050,11,15,13,0
49050,12,15,12,0
49050,13,15,12,0
49050,14,15,12,0
49050,15,15,12,0
49050,16,15,12,0
49050,17,15,12,0
49050,18,15,12,0
49100,0,14,14,0
49100,1,14,14,0
49100,2,14,14,0
49100,3,14,14,0
49100,4,14,14,0
49100,5,14,13,0
49100,6,14,13,0
49100,7,14,13,0
49100,8,14,13,0
49100,9,14,13,0
49100,10,14,12,0
49100,11,14,12,0
49100,12,14,12,0
49150,0,14,18,0
49150,1,13,18,0
49150,2,12,18,0
49150,3,11,18,0
49150,4,10,18,0
49150,5,9,18,0
49150,6,9,18,0
49150,7,9,18,0
49150,8,9,18,0
49150,9,9,18,0
49150,10,9,18,0
49150,11,9,18,0
49150,12,9,18,0
49150,13,9,18,0
49150,14,9,18,0
49150,15,9,18,0
49150,16,10,18,0
49150,17,11,18,0
49150,18,11,18,0
49150,19,11,18,0
49150,20,11,18,0
49200,0,12,14,0
49200,1,12,14,0
49200,2,12,14,0
49200,3,12,15,0
49200,4,12,15,0
49200,5,11,15,0
49200,6,11,15,0
49200,7,11,15,0
49200,8,10,15,0
49200,9,10,15,0
49200,10,10,15,0
49200,11,10,15,0
49250,0,12,15,0
49250,1,12,15,0
49300,0,3,13,0
49300,1,3,13,0
49300,2,3,12,0
49300,3,3,11,0
49300,4,3,10,0
49300,5,3,10,0
49300,6,4,10,0
49300,7,4,10,0
49300,8,4,10,0
49300,9,5,10,0
49300,10,5,10,0
49300,11,5,9,0
49300,12,5,9,0
49300,13,5,9,0
49300,14,5,9,0
49300,15,5,9,0
49350,0,3,3,0
49350,1,3,3,0
49350,2,3,3,0
49350,3,3,3,0
49350,4,4,3,0
49350,5,5,3,0
49350,6,6,3,0
49350,7,7,3,0
49350,8,7,3,0
49350,9,7,4,0
49350,10,7,4,0
49350,11,7,4,0
49350,12,7,4,0
49350,13,7,4,0
49350,14,7,4,0
49350,15,7,4,0
49400,0,10,3,0
49400,1,10,3,0
49400,2,10,3,0
49400,3,11,3,0
49400,4,12,3,0
49400,5,13,3,0
49400,6,14,3,0
49400,7,14,3,0
49400,8,14,4,0
49400,9,14,4,0
49400,10,14,4,0
49400,11,14,4,0
49400,12,14,4,0
49400,13,13,4,0
49400,14,13,4,0
49400,15,13,3,0
49400,16,13,2,0
49400,17,13,2,0
49400,18,13,2,0
49400,19,13,2,0
49400,20,13,2,0
49400,21,13,2,0
49400,22,13,2,1
49450,0,7,2,0
49450,1,7,2,0
49450,2,7,2,0
49450,3,7,2,0
49450,4,7,2,0
49450,5,7,2,0
49450,6,7,2,0
49450,7,7,2,0
49450,8,7,2,0
49450,9,7,3,0
49450,10,7,3,0
49450,11,6,3,0
49450,12,6,3,0
49450,13,6,3,0
49450,14,5,3,0
49450,15,5,3,0
49450,16,5,4,0
49450,17,5,4,0
49450,18,5,4,0
49450,19,5,4,0
49450,20,5,4,0
49450,21,5,4,1
49500,0,5,3,0
49500,1,5,3,0
49500,2,5,3,0
49500,3,5,3,0
49500,4,5,3,0
49500,5,5,3,0
49500,6,5,3,0
49500,7,5,3,0
49500,8,5,3,0
49500,9,5,3,0
49500,10,5,3,0
49500,11,5,3,0
49500,12,5,3,0
49500,13,5,3,0
49500,14,6,3,0
49500,15,7,3,0
49500,16,7,3,0
49500,17,7,3,0
49500,18,7,3,0
49500,19,7,3,0
49500,20,8,3,0
49500,21,8,3,0
49500,22,8,3,0
49500,23,8,3,0
49500,24,8,4,0
49500,25,8,4,0
49500,26,8,4,0
49500,27,8,4,0
49500,28,8,4,0
49500,29,8,4,0
49500,30,8,4,0
49500,31,8,4,0
49500,32,8,4,0
49500,33,8,4,0
49500,34,8,5,0
49500,35,8,5,0
49500,36,8,5,0
49500,37,8,4,0
49500,38,8,3,0
49500,39,8,3,0
49500,40,8,3,0
49500,41,8,3,0
49500,42,8,3,0
49550,0,6,9,0
49550,1,6,9,0
49550,2,6,9,0
49550,3,7,9,0
49550,4,7,9,0
49550,5,7,9,0
49550,6,8,9,0
49550,7,8,9,0
49550,8,8,8,0
49550,9,8,8,0
49550,10,8,8,0
49550,11,8,8,0
49550,12,9,8,0
49550,13,9,8,0
49550,14,9,8,0
49550,15,9,7,0
49550,16,9,7,0
49550,17,8,7,0
49550,18,8,7,0
49550,19,8,8,0
49550,20,8,8,0
49550,21,8,8,0
49550,22,8,7,0
49550,23,8,6,0
49550,24,8,6,0
49550,25,8,6,0
49550,26,8,6,0
49550,27,8,6,0
49600,0,13,2,0
49600,1,13,2,0
49600,2,13,3,0
49600,3,13,4,0
49600,4,13,4,0
49600,5,13,4,0
49600,6,13,4,0
49600,7,13,4,0
49600,8,14,4,0
49600,9,14,4,0
49600,10,14,3,0
49600,11,14,2,0
49600,12,14,2,0
49600,13,15,2,0
49600,14,16,2,0
49600,15,17,2,0
49600,16,17,2,0
49600,17,17,2,0
49600,18,17,2,0
49600,19,17,2,0
49600,20,17,3,0
49600,21,17,4,0
49600,22,17,5,0
49600,23,17,6,0
49600,24,17,6,0
49600,25,17,6,0
49600,26,17,7,0
49600,27,17,8,0
49600,28,17,9,0
49600,29,17,9,0
49600,30,17,9,0
49600,31,17,9,0
49600,32,17,9,0
49650,0,18,2,0
49650,1,18,2,0
49650,2,18,3,0
49650,3,18,4,0
49650,4,18,5,0
49650,5,18,6,0
49650,6,18,7,0
49650,7,18,8,0
49650,8,18,9,0
49650,9,18,10,0
49650,10,18,10,0
49650,11,18,10,0
49650,12,18,10,0
49650,13,17,10,0
49650,14,16,10,0
49650,15,15,10,0
49650,16,15,10,0
49650,17,15,11,0
49650,18,15,11,0
49650,19,15,11,0
49650,20,15,11,0
49650,21,15,11,0
49700,0,10,4,0
49700,1,10,4,0
49700,2,10,4,0
49700,3,10,4,0
49700,4,10,4,0
49700,5,10,4,0
49700,6,10,4,0
49700,7,10,4,0
49700,8,10,5,0
49700,9,10,5,0
49700,10,10,5,0
49700,11,10,5,0
49700,12,10,5,0
49700,13,10,5,0
49700,14,10,4,0
49700,15,10,3,0
49700,16,10,2,0
49700,17,10,1,0
49700,18,10,1,0
49700,19,9,1,0
49700,20,9,1,0
49700,21,9,1,0
49700,22,9,1,0
49700,23,9,1,0
49700,24,9,1,0
49750,0,15,3,0
49750,1,16,3,0
49750,2,17,3,0
49750,3,17,3,0
49750,4,17,3,1
49800,0,17,1,0
49800,1,17,1,0
49800,2,17,1,0
49800,3,17,1,0
49800,4,17,1,0
49800,5,17,1,0
49800,6,17,1,0
49800,7,17,1,0
49800,8,16,1,0
49800,9,15,1,0
49800,10,15,1,0
49800,11,15,1,0
49800,12,15,1,0
49850,0,4,14,0
49850,1,4,14,0
49850,2,4,13,0
49850,3,4,12,0
49850,4,4,11,0
49850,5,4,10,0
49850,6,4,9,0
49850,7,4,9,0
49850,8,5,9,0
49850,9,5,9,0
49850,10,5,9,0
49850,11,5,9,0
49850,12,5,8,0
49850,13,5,8,0
49850,14,5,8,0
49850,15,5,8,0
49850,16,5,8,0
49900,0,10,4,0
49900,1,10,4,0
49900,2,10,4,0
49900,3,10,4,0
49900,4,10,4,0
49900,5,10,4,0
49900,6,10,4,0
49900,7,10,4,0
49900,8,10,4,0
49900,9,10,4,0
49900,10,10,4,0
49900,11,10,4,0
49900,12,10,4,0
49900,13,10,4,0
49900,14,10,4,0
49900,15,10,4,0
49900,16,10,3,0
49900,17,10,3,0
49900,18,10,3,0
49900,19,10,2,0
49900,20,10,2,0
49900,21,10,2,0
49900,22,10,2,0
49900,23,9,2,0
49900,24,9,2,0
49900,25,9,2,0
49900,26,9,2,0
49900,27,9,3,0
49900,28,9,3,0
49900,29,9,3,0
49900,30,9,3,0
49900,31,9,3,0
49950,0,15,15,0
49950,1,15,15,0
49950,2,15,15,0
49950,3,15,15,0
49950,4,15,15,0
49950,5,15,15,0
49950,6,15,15,0
49950,7,15,15,0
49950,8,15,15,0
49950,9,15,15,0
49950,10,15,15,0
49950,11,15,15,0
49950,12,15,15,0
49950,13,15,14,0
49950,14,15,14,0
49950,15,15,14,0
49950,16,15,14,0
49950,17,15,14,0
49950,18,15,13,0
49950,19,15,13,0
49950,20,15,13,0
50000,0,10,5,0
50000,1,10,5,0
50000,2,10,5,0
50000,3,10,5,0
50000,4,10,5,0
50000,5,11,5,0
50000,6,11,5,0
50000,7,11,5,0
50000,8,12,5,0
50000,9,12,5,0
50000,10,12,5,0
50000,11,12,5,0
