episode,step,px,py,died
1,20,2,8,0
1,40,2,1,0
1,60,10,8,0
1,80,8,5,0
1,100,4,1,0
1,120,9,2,0
1,140,1,1,0
1,160,10,8,0
1,180,7,5,0
1,200,4,1,0
1,220,1,2,0
1,240,7,8,0
1,260,5,1,0
1,280,9,8,0
1,300,9,6,0
1,320,7,5,0
1,340,8,4,0
1,360,3,10,0
1,380,4,7,0
1,400,7,10,0
1,420,1,3,0
1,440,1,3,0
1,460,3,9,0
1,480,1,10,0
1,500,7,2,0
1,520,6,5,0
1,540,2,8,0
1,560,6,1,0
1,580,8,6,0
1,600,2,2,0
1,620,10,9,0
1,640,9,5,0
1,660,2,9,0
1,680,1,5,0
1,700,2,3,0
1,720,10,2,0
1,740,10,5,0
1,760,1,7,0
1,780,5,7,0
1,800,1,1,0
1,820,10,8,0
1,840,10,10,0
1,860,2,6,0
1,880,3,9,0
1,900,7,3,0
1,920,2,9,0
1,940,7,5,0
1,960,6,10,0
1,980,3,1,0
1,1000,4,8,0
1,1020,5,2,0
1,1040,9,10,0
1,1060,1,1,0
1,1080,7,8,0
1,1100,10,4,0
1,1120,1,8,0
1,1140,9,2,0
1,1160,9,3,0
1,1180,8,2,0
1,1200,9,1,0
1,1220,4,8,0
1,1240,1,4,0
1,1260,2,3,0
1,1280,7,3,0
1,1300,8,6,0
1,1320,8,9,0
1,1340,1,9,0
1,1360,6,1,0
1,1380,1,3,0
1,1400,6,8,0
1,1420,7,7,0
1,1440,3,5,0
1,1460,1,3,0
1,1480,4,5,0
1,1500,9,1,0
1,1520,1,4,0
1,1540,5,8,0
1,1560,5,10,0
1,1580,9,4,0
1,1600,1,7,0
1,1620,1,7,0
1,1640,8,2,0
1,1660,9,8,0
1,1680,5,7,0
1,1700,8,10,0
1,1720,10,4,0
1,1740,9,3,0
1,1760,6,1,0
1,1780,4,7,0
1,1800,5,2,0
1,1820,1,5,0
1,1840,5,1,0
1,1860,3,6,0
1,1880,4,3,0
1,1900,1,3,0
1,1920,3,8,0
1,1940,4,5,0
1,1960,7,7,0
1,1980,1,9,0
1,2000,3,7,0
1,2020,5,9,0
1,2040,3,1,0
1,2060,4,2,0
1,2080,2,2,0
1,2100,1,4,0
1,2120,4,7,0
1,2140,8,1,0
1,2160,3,4,0
1,2180,9,10,0
1,2200,2,7,0
1,2220,1,5,0
1,2240,8,3,0
1,2260,1,8,0
1,2280,2,2,0
1,2300,1,10,0
1,2320,8,4,0
1,2340,6,10,0
1,2360,7,1,0
1,2380,4,1,0
1,2400,7,2,0
1,2420,10,10,0
1,2440,8,2,0
1,2460,5,1,0
1,2480,3,2,0
1,2500,2,7,0
1,2520,10,1,0
1,2540,3,4,0
1,2560,4,9,0
1,2580,10,2,0
1,2600,7,9,0
1,2620,10,5,0
1,2640,1,10,0
1,2660,10,8,0
1,2680,7,6,0
1,2700,9,3,0
1,2720,1,7,0
1,2740,1,5,0
1,2760,3,5,0
1,2780,6,9,0
1,2800,4,5,0
1,2820,2,5,0
1,2840,8,2,0
1,2860,8,9,0
1,2880,2,8,0
1,2900,10,6,0
1,2920,1,7,0
1,2940,7,6,0
1,2960,8,1,0
1,2980,3,5,0
1,3000,7,10,0
1,3020,3,8,0
1,3040,5,7,0
1,3060,5,8,0
1,3080,5,10,0
1,3100,1,6,0
1,3120,9,9,0
1,3140,2,3,0
1,3160,3,8,0
1,3180,3,3,0
1,3200,10,3,0
1,3220,5,9,0
1,3240,3,3,0
1,3260,10,6,0
1,3280,1,10,0
1,3300,3,9,0
1,3320,7,6,0
1,3340,8,1,0
1,3360,8,6,0
1,3380,6,6,0
1,3400,2,8,0
1,3420,9,8,0
1,3440,4,1,0
1,3460,5,2,0
1,3480,9,9,0
1,3500,3,9,0
1,3520,10,8,0
1,3540,10,8,0
1,3560,2,3,0
1,3580,1,7,0
1,3600,7,8,0
1,3620,2,10,0
1,3640,8,4,0
1,3660,5,10,0
1,3680,7,9,0
1,3700,1,6,0
1,3720,7,1,0
1,3740,5,2,0
1,3760,5,2,0
1,3780,8,7,0
1,3800,5,8,0
1,3820,3,7,0
1,3840,10,10,0
1,3860,9,9,0
1,3880,3,10,0
1,3900,2,10,0
1,3920,2,8,0
1,3940,5,8,0
1,3960,2,8,0
1,3980,6,1,0
1,4000,8,4,0
1,4020,1,7,0
1,4040,10,1,0
1,4060,8,10,0
1,4080,5,1,0
1,4100,1,6,0
1,4120,10,2,0
1,4140,8,8,0
1,4160,4,7,0
1,4180,5,5,0
1,4200,6,5,0
1,4220,9,8,0
1,4240,9,7,0
1,4260,5,4,0
1,4280,1,1,0
1,4300,9,6,0
1,4320,6,10,0
1,4340,3,1,0
1,4360,9,7,0
1,4380,5,9,0
1,4400,10,1,0
1,4420,8,9,0
1,4440,1,1,0
1,4460,7,5,0
1,4480,4,9,0
1,4500,6,4,0
1,4520,10,5,0
1,4540,1,6,0
1,4560,8,2,0
1,4580,5,9,0
1,4600,5,8,0
1,4620,10,1,0
1,4640,6,10,0
1,4660,2,1,0
1,4680,3,10,0
1,4700,3,9,0
1,4720,6,10,0
1,4740,6,1,0
1,4760,3,3,0
1,4780,5,7,0
1,4800,7,3,0
1,4820,1,1,0
1,4840,9,1,0
1,4860,8,5,0
1,4880,3,9,0
1,4900,10,1,0
1,4920,1,7,0
1,4940,3,9,0
1,4960,3,1,0
1,4980,4,4,0
1,5000,6,5,0
1,5020,2,2,0
1,5040,2,6,0
1,5060,3,1,0
1,5080,6,5,0
1,5100,7,9,0
1,5120,2,7,0
1,5140,2,1,0
1,5160,2,6,0
1,5180,2,6,0
1,5200,10,5,0
1,5220,5,7,0
1,5240,1,9,0
1,5260,10,7,0
1,5280,3,7,0
1,5300,3,8,0
1,5320,10,7,0
1,5340,1,8,0
1,5360,10,6,0
1,5380,8,10,0
1,5400,3,8,0
1,5420,3,4,0
1,5440,10,4,0
1,5460,6,4,0
1,5480,10,3,0
1,5500,10,1,0
1,5520,1,7,0
1,5540,2,1,0
1,5560,9,10,0
1,5580,5,2,0
1,5600,1,10,0
1,5620,5,1,0
1,5640,4,2,0
1,5660,6,1,0
1,5680,1,2,0
1,5700,10,8,0
1,5720,8,7,0
1,5740,8,5,0
1,5760,5,3,0
1,5780,7,2,0
1,5800,1,9,0
1,5820,1,2,0
1,5840,9,2,0
1,5860,6,4,0
1,5880,5,2,0
1,5900,1,8,0
1,5920,10,9,0
1,5940,5,7,0
1,5960,10,9,0
1,5980,6,9,0
1,6000,10,10,0
1,6020,2,5,0
1,6040,1,8,0
1,6060,6,8,0
1,6080,5,8,0
1,6100,3,7,0
1,6120,1,3,0
1,6140,9,9,0
1,6160,7,2,0
1,6180,9,5,0
1,6200,2,4,0
1,6220,9,6,0
1,6240,8,2,0
1,6260,8,2,0
1,6280,6,5,0
1,6300,9,1,0
1,6320,10,2,0
1,6340,10,2,0
1,6360,10,7,0
1,6380,5,5,0
1,6400,2,3,0
1,6420,7,5,0
1,6440,3,4,0
1,6460,5,2,0
1,6480,9,7,0
1,6500,4,1,0
1,6520,2,10,0
1,6540,4,9,0
1,6560,10,5,0
1,6580,10,6,0
1,6600,2,1,0
1,6620,9,10,0
1,6640,8,5,0
1,6660,9,5,0
1,6680,1,1,0
1,6700,3,6,0
1,6720,1,9,0
1,6740,4,1,0
1,6760,9,3,0
1,6780,2,1,0
1,6800,9,1,0
1,6820,8,1,0
1,6840,4,6,0
1,6860,5,10,0
1,6880,7,1,0
1,6900,8,6,0
1,6920,9,6,0
1,6940,9,8,0
1,6960,2,3,0
1,6980,8,1,0
1,7000,2,9,0
1,7020,5,9,0
1,7040,4,9,0
1,7060,7,4,0
1,7080,10,10,0
1,7100,3,9,0
1,7120,1,1,0
1,7140,3,10,0
1,7160,8,10,0
1,7180,2,1,0
1,7200,1,9,0
1,7220,2,8,0
1,7240,3,10,0
1,7260,3,5,0
1,7280,3,10,0
1,7300,3,7,0
1,7320,9,1,0
1,7340,4,1,0
1,7360,6,2,0
1,7380,7,8,0
1,7400,10,9,0
1,7420,1,4,0
1,7440,8,3,0
1,7460,3,10,0
1,7480,1,1,0
1,7500,7,5,0
1,7520,2,10,0
1,7540,7,2,0
1,7560,10,10,0
1,7580,7,8,0
1,7600,1,1,0
1,7620,2,7,0
1,7640,2,7,0
1,7660,4,4,0
1,7680,5,9,0
1,7700,3,6,0
1,7720,5,3,0
1,7740,9,7,0
1,7760,1,1,0
1,7780,9,7,0
1,7800,8,6,0
1,7820,8,3,0
1,7840,8,9,0
1,7860,1,4,0
1,7880,3,3,0
1,7900,5,6,0
1,7920,3,10,0
1,7940,3,5,0
1,7960,3,1,0
1,7980,10,2,0
1,8000,6,8,0
1,8020,3,2,0
1,8040,7,5,0
1,8060,9,10,0
1,8080,6,1,0
1,8100,1,8,0
1,8120,7,4,0
1,8140,10,7,0
1,8160,9,6,0
1,8180,8,8,0
1,8200,1,2,0
1,8220,7,5,0
1,8240,10,2,0
1,8260,9,2,0
1,8280,6,4,0
1,8300,7,7,0
1,8320,8,9,0
1,8340,6,1,0
1,8360,4,5,0
1,8380,9,2,0
1,8400,1,10,0
1,8420,5,2,0
1,8440,2,1,0
1,8460,7,2,0
1,8480,3,1,0
1,8500,8,5,0
1,8520,2,7,0
1,8540,4,10,0
1,8560,9,1,0
1,8580,10,3,0
1,8600,5,9,0
1,8620,5,10,0
1,8640,3,8,0
1,8660,1,3,0
1,8680,4,8,0
1,8700,3,2,0
1,8720,1,3,0
1,8740,6,10,0
1,8760,8,5,0
1,8780,4,3,0
1,8800,7,5,0
1,8820,3,9,0
1,8840,5,1,0
1,8860,2,2,0
1,8880,3,8,0
1,8900,10,7,0
1,8920,4,7,0
1,8940,3,9,0
1,8960,1,3,0
1,8980,3,2,0
1,9000,1,10,0
1,9020,7,1,0
1,9040,7,1,0
1,9060,10,1,0
1,9080,1,3,0
1,9100,5,8,0
1,9120,6,6,0
1,9140,1,6,0
1,9160,3,9,0
1,9180,1,8,0
1,9200,3,9,0
1,9220,8,2,0
1,9240,7,9,0
1,9260,5,3,0
1,9280,4,9,0
1,9300,9,10,0
1,9320,5,10,0
1,9340,4,10,0
1,9360,3,4,0
1,9380,9,4,0
1,9400,2,6,0
1,9420,1,2,0
1,9440,1,4,0
1,9460,2,8,0
1,9480,9,3,0
1,9500,3,9,0
1,9520,10,2,0
1,9540,8,3,0
1,9560,5,2,0
1,9580,1,7,0
1,9600,1,10,0
1,9620,9,9,0
1,9640,2,5,0
1,9660,9,8,0
1,9680,7,7,0
1,9700,1,7,0
1,9720,2,2,0
1,9740,5,5,0
1,9760,10,6,0
1,9780,7,8,0
1,9800,10,4,0
1,9820,4,1,0
1,9840,2,7,0
1,9860,5,4,0
1,9880,4,4,0
1,9900,4,6,0
1,9920,3,4,0
1,9940,3,1,0
1,9960,2,4,0
1,9980,5,2,0
1,10000,7,10,0
1,10020,8,7,0
1,10040,1,1,0
1,10060,8,7,0
1,10080,10,5,0
1,10100,6,9,0
1,10120,7,10,0
1,10140,10,9,0
1,10160,10,10,0
1,10180,4,6,0
1,10200,3,8,0
1,10220,10,1,0
1,10240,2,4,0
1,10260,1,4,0
1,10280,8,10,0
1,10300,1,2,0
1,10320,1,3,0
1,10340,8,7,0
1,10360,9,10,0
1,10380,6,8,0
1,10400,8,9,0
1,10420,8,3,0
1,10440,3,5,0
1,10460,2,10,0
1,10480,4,8,0
1,10500,1,9,0
1,10520,2,4,0
1,10540,6,4,0
1,10560,7,5,0
1,10580,7,6,0
1,10600,1,10,0
1,10620,9,1,0
1,10640,7,9,0
1,10660,10,3,0
1,10680,10,8,0
1,10700,2,1,0
1,10720,10,1,0
1,10740,10,3,0
1,10760,3,10,0
1,10780,2,1,0
1,10800,1,2,0
1,10820,8,10,0
1,10840,3,5,0
1,10860,10,5,0
1,10880,1,5,0
1,10900,9,9,0
1,10920,9,10,0
1,10940,4,6,0
1,10960,8,4,0
1,10980,2,3,0
1,11000,5,1,0
1,11020,7,9,0
1,11040,7,5,0
1,11060,10,7,0
1,11080,1,7,0
1,11100,10,2,0
1,11120,3,7,0
1,11140,2,7,0
1,11160,2,4,0
1,11180,7,10,0
1,11200,8,3,0
1,11220,2,6,0
1,11240,1,8,0
1,11260,5,7,0
1,11280,10,6,0
1,11300,9,5,0
1,11320,6,8,0
1,11340,6,10,0
1,11360,5,7,0
1,11380,10,4,0
1,11400,1,3,0
1,11420,1,1,0
1,11440,8,9,0
1,11460,5,9,0
1,11480,3,2,0
1,11500,4,6,0
1,11520,3,7,0
1,11540,5,5,0
1,11560,6,3,0
1,11580,4,6,0
1,11600,6,8,0
1,11620,3,10,0
1,11640,8,1,0
1,11660,9,10,0
1,11680,7,2,0
1,11700,7,8,0
1,11720,6,10,0
1,11740,7,5,0
1,11760,3,7,0
1,11780,3,9,0
1,11800,4,6,0
1,11820,2,4,0
1,11840,8,3,0
1,11860,1,10,0
1,11880,9,5,0
1,11900,1,8,0
1,11920,3,6,0
1,11940,1,9,0
1,11960,1,10,0
1,11980,9,3,0
1,12000,9,4,0
1,12020,1,3,0
1,12040,4,8,0
1,12060,2,8,0
1,12080,1,9,0
1,12100,9,1,0
1,12120,5,1,0
1,12140,7,5,0
1,12160,4,6,0
1,12180,6,9,0
1,12200,7,3,0
1,12220,7,10,0
1,12240,7,3,0
1,12260,7,8,0
1,12280,4,5,0
1,12300,7,6,0
1,12320,1,3,0
1,12340,8,4,0
1,12360,2,3,0
1,12380,1,3,0
1,12400,2,9,0
1,12420,9,8,0
1,12440,8,10,0
1,12460,2,8,0
1,12480,7,5,0
1,12500,6,3,0
1,12520,3,3,0
1,12540,6,6,0
1,12560,5,5,0
1,12580,8,3,0
1,12600,1,5,0
1,12620,1,4,0
1,12640,1,5,0
1,12660,6,9,0
1,12680,2,6,0
1,12700,7,4,0
1,12720,1,2,0
1,12740,2,4,0
1,12760,7,1,0
1,12780,10,5,0
1,12800,8,1,0
1,12820,4,4,0
1,12840,1,4,0
1,12860,6,9,0
1,12880,10,3,0
1,12900,8,7,0
1,12920,3,8,0
1,12940,4,7,0
1,12960,4,8,0
1,12980,8,5,0
1,13000,4,3,0
1,13020,7,8,0
1,13040,9,2,0
1,13060,5,2,0
1,13080,4,2,0
1,13100,5,8,0
1,13120,1,9,0
1,13140,7,5,0
1,13160,7,4,0
1,13180,5,2,0
1,13200,4,9,0
1,13220,4,2,0
1,13240,1,3,0
1,13260,9,5,0
1,13280,7,8,0
1,13300,7,10,0
1,13320,8,10,0
1,13340,9,8,0
1,13360,10,1,0
1,13380,7,1,0
1,13400,7,4,0
1,13420,8,7,0
1,13440,4,5,0
1,13460,7,4,0
1,13480,1,8,0
1,13500,6,7,0
1,13520,2,10,0
1,13540,9,4,0
1,13560,5,3,0
1,13580,9,1,0
1,13600,4,2,0
1,13620,7,1,0
1,13640,3,10,0
1,13660,4,3,0
1,13680,1,6,0
1,13700,4,8,0
1,13720,7,10,0
1,13740,8,2,0
1,13760,10,9,0
1,13780,2,8,0
1,13800,7,6,0
1,13820,7,5,0
1,13840,4,5,0
1,13860,7,1,0
1,13880,9,10,0
1,13900,10,3,0
1,13920,4,1,0
1,13940,10,3,0
1,13960,7,7,0
1,13980,2,7,0
1,14000,4,2,0
1,14020,2,3,0
1,14040,9,10,0
1,14060,8,9,0
1,14080,5,10,0
1,14100,7,10,0
1,14120,7,4,0
1,14140,10,4,0
1,14160,3,1,0
1,14180,3,7,0
1,14200,2,2,0
1,14220,10,9,0
1,14240,1,8,0
1,14260,2,8,0
1,14280,2,1,0
1,14300,3,4,0
1,14320,7,9,0
1,14340,1,1,0
1,14360,10,10,0
1,14380,1,9,0
1,14400,10,7,0
1,14420,1,9,0
1,14440,5,9,0
1,14460,5,10,0
1,14480,4,1,0
1,14500,2,10,0
1,14520,9,3,0
1,14540,10,7,0
1,14560,10,6,0
1,14580,10,4,0
1,14600,8,9,0
1,14620,4,8,0
1,14640,2,4,0
1,14660,7,10,0
1,14680,10,9,0
1,14700,10,1,0
1,14720,6,3,0
1,14740,10,9,0
1,14760,4,4,0
1,14780,6,10,0
1,14800,4,7,0
1,14820,8,3,0
1,14840,9,5,0
1,14860,2,9,0
1,14880,1,2,0
1,14900,2,4,0
1,14920,2,2,0
1,14940,10,9,0
1,14960,10,5,0
1,14980,7,9,0
1,15000,9,7,0
1,15020,1,10,0
1,15040,6,9,0
1,15060,1,4,0
1,15080,6,10,0
1,15100,8,10,0
1,15120,9,6,0
1,15140,3,1,0
1,15160,9,2,0
1,15180,9,7,0
1,15200,1,6,0
1,15220,1,6,0
1,15240,7,9,0
1,15260,1,10,0
1,15280,9,4,0
1,15300,5,9,0
1,15320,9,1,0
1,15340,1,4,0
1,15360,6,9,0
1,15380,8,5,0
1,15400,6,9,0
1,15420,9,1,0
1,15440,2,4,0
1,15460,7,4,0
1,15480,5,1,0
1,15500,8,5,0
1,15520,2,6,0
1,15540,9,1,0
1,15560,10,2,0
1,15580,9,4,0
1,15600,2,10,0
1,15620,1,1,0
1,15640,6,7,0
1,15660,8,7,0
1,15680,8,9,0
1,15700,9,4,0
1,15720,8,2,0
1,15740,8,3,0
1,15760,1,9,0
1,15780,1,4,0
1,15800,5,6,0
1,15820,5,8,0
1,15840,4,9,0
1,15860,4,1,0
1,15880,4,10,0
1,15900,3,1,0
1,15920,4,8,0
1,15940,8,6,0
1,15960,3,4,0
1,15980,5,7,0
1,16000,3,10,0
1,16020,3,10,0
1,16040,1,10,0
1,16060,7,3,0
1,16080,8,1,0
1,16100,1,6,0
1,16120,2,6,0
1,16140,9,3,0
1,16160,4,5,0
1,16180,3,8,0
1,16200,4,9,0
1,16220,2,6,0
1,16240,9,10,0
1,16260,1,8,0
1,16280,2,3,0
1,16300,6,3,0
1,16320,4,10,0
1,16340,9,3,0
1,16360,6,6,0
1,16380,3,6,0
1,16400,4,2,0
1,16420,4,4,0
1,16440,4,4,0
1,16460,8,5,0
1,16480,10,9,0
1,16500,2,2,0
1,16520,5,1,0
1,16540,6,6,0
1,16560,1,2,0
1,16580,9,2,0
1,16600,2,5,0
1,16620,7,4,0
1,16640,8,5,0
1,16660,9,7,0
1,16680,5,4,0
1,16700,4,6,0
1,16720,5,6,0
1,16740,4,9,0
1,16760,5,6,0
1,16780,8,7,0
1,16800,9,9,0
1,16820,6,7,0
1,16840,3,5,0
1,16860,10,5,0
1,16880,9,6,0
1,16900,2,3,0
1,16920,2,4,0
1,16940,3,2,0
1,16960,8,7,0
1,16980,5,1,0
1,17000,4,5,0
1,17020,4,6,0
1,17040,8,5,0
1,17060,4,3,0
1,17080,3,3,0
1,17100,9,7,0
1,17120,10,8,0
1,17140,2,8,0
1,17160,6,9,0
1,17180,3,4,0
1,17200,7,1,0
1,17220,8,5,0
1,17240,4,1,0
1,17260,1,7,0
1,17280,5,4,0
1,17300,9,1,0
1,17320,10,6,0
1,17340,9,5,0
1,17360,2,10,0
1,17380,4,9,0
1,17400,9,9,0
1,17420,7,8,0
1,17440,9,8,0
1,17460,10,3,0
1,17480,5,10,0
1,17500,9,5,0
1,17520,1,5,0
1,17540,5,4,0
1,17560,9,3,0
1,17580,2,1,0
1,17600,3,4,0
1,17620,4,5,0
1,17640,3,7,0
1,17660,8,3,0
1,17680,2,9,0
1,17700,4,9,0
1,17720,9,8,0
1,17740,2,9,0
1,17760,2,5,0
1,17780,6,7,0
1,17800,6,6,0
1,17820,10,8,0
1,17840,3,6,0
1,17860,5,2,0
1,17880,6,9,0
1,17900,1,9,0
1,17920,3,7,0
1,17940,3,9,0
1,17960,9,6,0
1,17980,9,4,0
1,18000,5,8,0
1,18020,8,7,0
1,18040,8,9,0
1,18060,8,9,0
1,18080,6,8,0
1,18100,4,3,0
1,18120,9,5,0
1,18140,6,2,0
1,18160,9,6,0
1,18180,9,6,0
1,18200,10,5,0
1,18220,9,7,0
1,18240,10,10,0
1,18260,3,10,0
1,18280,9,1,0
1,18300,8,8,0
1,18320,7,2,0
1,18340,9,3,0
1,18360,4,1,0
1,18380,5,3,0
1,18400,3,7,0
1,18420,4,5,0
1,18440,1,5,0
1,18460,4,2,0
1,18480,10,3,0
1,18500,3,3,0
1,18520,2,2,0
1,18540,5,7,0
1,18560,10,7,0
1,18580,3,5,0
1,18600,3,7,0
1,18620,4,2,0
1,18640,8,4,0
1,18660,5,1,0
1,18680,4,1,0
1,18700,3,9,0
1,18720,2,8,0
1,18740,10,2,0
1,18760,9,6,0
1,18780,6,8,0
1,18800,9,3,0
1,18820,6,8,0
1,18840,5,4,0
1,18860,5,7,0
1,18880,5,8,0
1,18900,7,1,0
1,18920,1,5,0
1,18940,6,7,0
1,18960,4,5,0
1,18980,2,3,0
1,19000,1,4,0
1,19020,10,3,0
1,19040,3,10,0
1,19060,4,5,0
1,19080,10,6,0
1,19100,4,3,0
1,19120,9,8,0
1,19140,4,5,0
1,19160,2,2,0
1,19180,5,7,0
1,19200,9,3,0
1,19220,2,7,0
1,19240,5,9,0
1,19260,5,1,0
1,19280,2,1,0
1,19300,5,8,0
1,19320,4,3,0
1,19340,10,8,0
1,19360,5,4,0
1,19380,6,5,0
1,19400,3,10,0
1,19420,5,5,0
1,19440,8,1,0
1,19460,6,1,0
1,19480,10,8,0
1,19500,8,9,0
1,19520,9,8,0
1,19540,2,6,0
1,19560,9,2,0
1,19580,5,7,0
1,19600,6,7,0
1,19620,10,6,0
1,19640,9,9,0
1,19660,8,6,0
1,19680,5,4,0
1,19700,10,9,0
1,19720,6,2,0
1,19740,8,6,0
1,19760,6,8,0
1,19780,1,10,0
1,19800,3,10,0
1,19820,10,7,0
1,19840,6,3,0
1,19860,5,5,0
1,19880,7,1,0
1,19900,4,1,0
1,19920,1,7,0
1,19940,10,10,0
1,19960,9,6,0
1,19980,1,7,0
1,20000,7,7,0
1,20020,8,4,0
1,20040,10,5,0
1,20060,2,9,0
1,20080,10,1,0
1,20100,4,7,0
1,20120,10,8,0
1,20140,1,4,0
1,20160,10,4,0
1,20180,2,3,0
1,20200,2,10,0
1,20220,8,9,0
1,20240,7,6,0
1,20260,3,7,0
1,20280,7,5,0
1,20300,3,1,0
1,20320,7,3,0
1,20340,5,10,0
1,20360,2,2,0
1,20380,3,3,0
1,20400,6,3,0
1,20420,9,2,0
1,20440,10,6,0
1,20460,10,8,0
1,20480,2,8,0
1,20500,3,10,0
1,20520,8,8,0
1,20540,4,6,0
1,20560,3,4,0
1,20580,1,6,0
1,20600,2,2,0
1,20620,3,8,0
1,20640,8,10,0
1,20660,6,5,0
1,20680,9,4,0
1,20700,10,3,0
1,20720,5,1,0
1,20740,7,6,0
1,20760,8,2,0
1,20780,10,4,0
1,20800,7,1,0
1,20820,8,6,0
1,20840,3,7,0
1,20860,4,3,0
1,20880,9,9,0
1,20900,2,10,0
1,20920,5,5,0
1,20940,4,1,0
1,20960,4,10,0
1,20980,1,2,0
1,21000,7,9,0
1,21020,1,2,0
1,21040,2,1,0
1,21060,8,10,0
1,21080,9,5,0
1,21100,5,1,0
1,21120,5,5,0
1,21140,7,6,0
1,21160,1,5,0
1,21180,9,7,0
1,21200,10,1,0
1,21220,9,5,0
1,21240,7,4,0
1,21260,9,8,0
1,21280,1,9,0
1,21300,2,1,0
1,21320,9,9,0
1,21340,5,9,0
1,21360,2,5,0
1,21380,4,9,0
1,21400,8,2,0
1,21420,4,5,0
1,21440,8,7,0
1,21460,9,6,0
1,21480,3,4,0
1,21500,10,7,0
1,21520,6,2,0
1,21540,9,2,0
1,21560,4,4,0
1,21580,8,8,0
1,21600,8,2,0
1,21620,3,9,0
1,21640,6,4,0
1,21660,1,10,0
1,21680,7,5,0
1,21700,7,5,0
1,21720,8,8,0
1,21740,9,3,0
1,21760,5,7,0
1,21780,9,10,0
1,21800,7,10,0
1,21820,3,4,0
1,21840,9,5,0
1,21860,4,1,0
1,21880,6,4,0
1,21900,2,3,0
1,21920,3,10,0
1,21940,6,5,0
1,21960,7,8,0
1,21980,6,1,0
1,22000,7,1,0
1,22020,5,3,0
1,22040,2,9,0
1,22060,9,10,0
1,22080,7,6,0
1,22100,7,4,0
1,22120,5,3,0
1,22140,6,1,0
1,22160,1,4,0
1,22180,1,7,0
1,22200,2,6,0
1,22220,9,5,0
1,22240,1,3,0
1,22260,4,1,0
1,22280,4,3,0
1,22300,7,10,0
1,22320,9,5,0
1,22340,1,8,0
1,22360,7,7,0
1,22380,6,2,0
1,22400,10,5,0
1,22420,8,3,0
1,22440,4,8,0
1,22460,10,5,0
1,22480,10,8,0
1,22500,1,5,0
1,22520,5,3,0
1,22540,6,10,0
1,22560,2,9,0
1,22580,10,10,0
1,22600,2,3,0
1,22620,1,2,0
1,22640,4,10,0
1,22660,8,1,0
1,22680,1,7,0
1,22700,6,4,0
1,22720,4,4,0
1,22740,8,4,0
1,22760,4,3,0
1,22780,3,10,0
1,22800,5,1,0
1,22820,10,2,0
1,22840,1,3,0
1,22860,1,3,0
1,22880,7,2,0
1,22900,4,1,0
1,22920,7,4,0
1,22940,3,8,0
1,22960,3,1,0
1,22980,5,1,0
1,23000,7,9,0
1,23020,1,9,0
1,23040,4,8,0
1,23060,3,3,0
1,23080,9,4,0
1,23100,4,6,0
1,23120,6,7,0
1,23140,8,9,0
1,23160,4,2,0
1,23180,3,5,0
1,23200,1,8,0
1,23220,1,2,0
1,23240,6,2,0
1,23260,10,2,0
1,23280,3,3,0
1,23300,10,5,0
1,23320,1,2,0
1,23340,2,5,0
1,23360,9,1,0
1,23380,6,10,0
1,23400,10,10,0
1,23420,3,9,0
1,23440,5,6,0
1,23460,3,8,0
1,23480,1,1,0
1,23500,5,9,0
1,23520,7,4,0
1,23540,1,10,0
1,23560,2,2,0
1,23580,2,5,0
1,23600,10,5,0
1,23620,7,5,0
1,23640,9,1,0
1,23660,7,6,0
1,23680,10,9,0
1,23700,2,5,0
1,23720,1,8,0
1,23740,3,9,0
1,23760,2,5,0
1,23780,2,3,0
1,23800,5,8,0
1,23820,10,6,0
1,23840,8,3,0
1,23860,2,10,0
1,23880,4,4,0
1,23900,10,1,0
1,23920,9,8,0
1,23940,8,7,0
1,23960,2,3,0
1,23980,8,6,0
1,24000,5,3,0
1,24020,3,2,0
1,24040,10,9,0
1,24060,9,1,0
1,24080,3,8,0
1,24100,3,4,0
1,24120,5,9,0
1,24140,9,1,0
1,24160,3,10,0
1,24180,2,9,0
1,24200,2,2,0
1,24220,10,8,0
1,24240,1,2,0
1,24260,8,3,0
1,24280,5,7,0
1,24300,4,10,0
1,24320,10,1,0
1,24340,8,4,0
1,24360,4,7,0
1,24380,9,1,0
1,24400,9,7,0
1,24420,9,1,0
1,24440,8,10,0
1,24460,7,2,0
1,24480,2,9,0
1,24500,10,3,0
1,24520,6,3,0
1,24540,2,6,0
1,24560,10,3,0
1,24580,5,10,0
1,24600,7,8,0
1,24620,6,9,0
1,24640,3,1,0
1,24660,10,6,0
1,24680,8,1,0
1,24700,8,7,0
1,24720,9,1,0
1,24740,10,10,0
1,24760,1,7,0
1,24780,7,7,0
1,24800,6,2,0
1,24820,6,10,0
1,24840,4,8,0
1,24860,3,10,0
1,24880,3,7,0
1,24900,10,9,0
1,24920,2,8,0
1,24940,4,7,0
1,24960,7,8,0
1,24980,9,2,0
1,25000,2,10,0
1,25020,5,5,0
1,25040,1,1,0
1,25060,1,4,0
1,25080,9,9,0
1,25100,10,8,0
1,25120,5,9,0
1,25140,5,9,0
1,25160,8,2,0
1,25180,1,4,0
1,25200,5,9,0
1,25220,3,1,0
1,25240,10,5,0
1,25260,5,6,0
1,25280,3,8,0
1,25300,1,2,0
1,25320,1,2,0
1,25340,1,1,0
1,25360,3,9,0
1,25380,3,1,0
1,25400,8,8,0
1,25420,4,4,0
1,25440,2,3,0
1,25460,4,1,0
1,25480,9,5,0
1,25500,10,4,0
1,25520,3,4,0
1,25540,5,10,0
1,25560,7,8,0
1,25580,4,2,0
1,25600,4,8,0
1,25620,7,1,0
1,25640,5,9,0
1,25660,6,1,0
1,25680,1,6,0
1,25700,10,7,0
1,25720,8,8,0
1,25740,7,7,0
1,25760,9,1,0
1,25780,10,9,0
1,25800,8,6,0
1,25820,2,4,0
1,25840,7,3,0
1,25860,9,5,0
1,25880,2,5,0
1,25900,4,2,0
1,25920,1,5,0
1,25940,5,6,0
1,25960,6,4,0
1,25980,5,4,0
1,26000,7,3,0
1,26020,4,8,0
1,26040,6,7,0
1,26060,10,6,0
1,26080,7,3,0
1,26100,8,8,0
1,26120,10,7,0
1,26140,8,1,0
1,26160,7,4,0
1,26180,2,1,0
1,26200,8,8,0
1,26220,4,7,0
1,26240,5,6,0
1,26260,10,9,0
1,26280,6,6,0
1,26300,3,8,0
1,26320,6,10,0
1,26340,1,6,0
1,26360,10,2,0
1,26380,5,4,0
1,26400,9,9,0
1,26420,6,1,0
1,26440,6,3,0
1,26460,3,3,0
1,26480,9,7,0
1,26500,9,4,0
1,26520,4,2,0
1,26540,3,9,0
1,26560,3,7,0
1,26580,7,3,0
1,26600,10,3,0
1,26620,2,9,0
1,26640,8,2,0
1,26660,1,10,0
1,26680,2,6,0
1,26700,7,5,0
1,26720,7,10,0
1,26740,9,8,0
1,26760,2,1,0
1,26780,7,1,0
1,26800,10,1,0
1,26820,6,9,0
1,26840,3,3,0
1,26860,5,1,0
1,26880,2,9,0
1,26900,5,10,0
1,26920,10,7,0
1,26940,10,5,0
1,26960,5,2,0
1,26980,7,8,0
1,27000,5,4,0
1,27020,9,10,0
1,27040,9,6,0
1,27060,1,1,0
1,27080,1,2,0
1,27100,2,5,0
1,27120,4,9,0
1,27140,2,7,0
1,27160,3,10,0
1,27180,5,6,0
1,27200,8,10,0
1,27220,9,1,0
1,27240,7,10,0
1,27260,8,3,0
1,27280,7,7,0
1,27300,10,3,0
1,27320,6,9,0
1,27340,9,2,0
1,27360,6,7,0
1,27380,8,1,0
1,27400,3,1,0
1,27420,4,1,0
1,27440,3,10,0
1,27460,2,3,0
1,27480,1,5,0
1,27500,2,8,0
1,27520,5,2,0
1,27540,4,2,0
1,27560,3,1,0
1,27580,5,9,0
1,27600,3,1,0
1,27620,4,2,0
1,27640,3,4,0
1,27660,9,10,0
1,27680,6,2,0
1,27700,9,7,0
1,27720,4,7,0
1,27740,3,3,0
1,27760,2,1,0
1,27780,6,10,0
1,27800,9,6,0
1,27820,7,7,0
1,27840,6,6,0
1,27860,5,8,0
1,27880,4,10,0
1,27900,4,4,0
1,27920,2,10,0
1,27940,4,6,0
1,27960,1,1,0
1,27980,7,3,0
1,28000,6,3,0
1,28020,8,10,0
1,28040,8,3,0
1,28060,1,2,0
1,28080,7,2,0
1,28100,5,2,0
1,28120,9,7,0
1,28140,8,1,0
1,28160,10,6,0
1,28180,7,7,0
1,28200,3,7,0
1,28220,5,7,0
1,28240,10,1,0
1,28260,4,1,0
1,28280,10,9,0
1,28300,4,1,0
1,28320,4,2,0
1,28340,6,4,0
1,28360,4,8,0
1,28380,1,5,0
1,28400,9,2,0
1,28420,8,4,0
1,28440,4,3,0
1,28460,8,10,0
1,28480,10,1,0
1,28500,6,1,0
1,28520,6,1,0
1,28540,8,1,0
1,28560,1,3,0
1,28580,9,9,0
1,28600,9,1,0
1,28620,7,10,0
1,28640,6,9,0
1,28660,4,5,0
1,28680,3,3,0
1,28700,10,1,0
1,28720,7,10,0
1,28740,3,4,0
1,28760,9,1,0
1,28780,1,4,0
1,28800,4,6,0
1,28820,3,6,0
1,28840,2,6,0
1,28860,7,10,0
1,28880,10,6,0
1,28900,4,1,0
1,28920,7,7,0
1,28940,2,9,0
1,28960,4,2,0
1,28980,5,10,0
1,29000,4,8,0
1,29020,9,8,0
1,29040,7,8,0
1,29060,9,6,0
1,29080,7,9,0
1,29100,7,4,0
1,29120,3,9,0
1,29140,4,4,0
1,29160,10,7,0
1,29180,3,9,0
1,29200,4,1,0
1,29220,9,2,0
1,29240,10,9,0
1,29260,2,1,0
1,29280,7,7,0
1,29300,6,2,0
1,29320,9,6,0
1,29340,1,1,0
1,29360,9,2,0
1,29380,4,8,0
1,29400,6,8,0
1,29420,3,3,0
1,29440,7,1,0
1,29460,2,3,0
1,29480,5,3,0
1,29500,2,5,0
1,29520,4,9,0
1,29540,1,3,0
1,29560,3,5,0
1,29580,10,5,0
1,29600,5,5,0
1,29620,10,1,0
1,29640,3,9,0
1,29660,7,7,0
1,29680,7,5,0
1,29700,4,3,0
1,29720,1,3,0
1,29740,3,4,0
1,29760,1,4,0
1,29780,6,4,0
1,29800,10,5,0
1,29820,2,6,0
1,29840,2,10,0
1,29860,4,10,0
1,29880,9,3,0
1,29900,10,5,0
1,29920,1,1,0
1,29940,8,8,0
1,29960,4,6,0
1,29980,6,9,0
1,30000,6,7,0
1,30020,1,7,0
1,30040,8,8,0
1,30060,4,5,0
1,30080,10,7,0
1,30100,7,9,0
1,30120,4,7,0
1,30140,8,5,0
1,30160,9,9,0
1,30180,3,4,0
1,30200,8,10,0
1,30220,10,10,0
1,30240,10,1,0
1,30260,6,5,0
1,30280,6,9,0
1,30300,7,1,0
1,30320,5,6,0
1,30340,6,9,0
1,30360,6,5,0
1,30380,2,9,0
1,30400,7,9,0
1,30420,1,10,0
1,30440,1,3,0
1,30460,2,8,0
1,30480,4,4,0
1,30500,10,1,0
1,30520,5,5,0
1,30540,8,5,0
1,30560,3,9,0
1,30580,9,7,0
1,30600,8,6,0
1,30620,4,1,0
1,30640,10,10,0
1,30660,1,8,0
1,30680,9,3,0
1,30700,7,2,0
1,30720,8,10,0
1,30740,4,4,0
1,30760,1,7,0
1,30780,3,10,0
1,30800,8,10,0
1,30820,8,10,0
1,30840,10,3,0
1,30860,9,4,0
1,30880,6,8,0
1,30900,6,9,0
1,30920,10,9,0
1,30940,8,6,0
1,30960,10,7,0
1,30980,6,5,0
1,31000,3,7,0
1,31020,10,7,0
1,31040,2,10,0
1,31060,7,5,0
1,31080,9,3,0
1,31100,6,5,0
1,31120,2,1,0
1,31140,3,8,0
1,31160,6,4,0
1,31180,8,5,0
1,31200,1,5,0
1,31220,1,10,0
1,31240,8,7,0
1,31260,9,7,0
1,31280,7,2,0
1,31300,9,4,0
1,31320,2,6,0
1,31340,1,7,0
1,31360,5,7,0
1,31380,2,2,0
1,31400,10,7,0
1,31420,9,6,0
1,31440,8,7,0
1,31460,9,4,0
1,31480,7,4,0
1,31500,9,5,0
1,31520,1,8,0
1,31540,7,2,0
1,31560,4,1,0
1,31580,9,7,0
1,31600,4,4,0
1,31620,8,4,0
1,31640,8,1,0
1,31660,9,1,0
1,31680,8,8,0
1,31700,3,5,0
1,31720,3,10,0
1,31740,10,1,0
1,31760,5,9,0
1,31780,8,3,0
1,31800,8,6,0
1,31820,4,9,0
1,31840,7,2,0
1,31860,1,4,0
1,31880,9,1,0
1,31900,1,3,0
1,31920,8,2,0
1,31940,7,2,0
1,31960,10,3,0
1,31980,4,9,0
1,32000,8,3,0
1,32020,1,6,0
1,32040,3,3,0
1,32060,5,1,0
1,32080,8,6,0
1,32100,1,5,0
1,32120,2,2,0
1,32140,7,8,0
1,32160,1,3,0
1,32180,9,1,0
1,32200,4,6,0
1,32220,1,4,0
1,32240,2,10,0
1,32260,3,4,0
1,32280,5,3,0
1,32300,10,4,0
1,32320,9,5,0
1,32340,8,1,0
1,32360,7,10,0
1,32380,2,10,0
1,32400,3,1,0
1,32420,5,8,0
1,32440,5,1,0
1,32460,1,4,0
1,32480,2,5,0
1,32500,9,9,0
1,32520,3,4,0
1,32540,8,7,0
1,32560,8,6,0
1,32580,9,6,0
1,32600,4,6,0
1,32620,9,5,0
1,32640,1,5,0
1,32660,3,10,0
1,32680,7,8,0
1,32700,9,2,0
1,32720,8,3,0
1,32740,8,1,0
1,32760,1,1,0
1,32780,4,7,0
1,32800,6,10,0
1,32820,7,1,0
1,32840,5,10,0
1,32860,8,9,0
1,32880,9,8,0
1,32900,8,7,0
1,32920,2,4,0
1,32940,9,5,0
1,32960,5,7,0
1,32980,2,8,0
1,33000,9,4,0
1,33020,4,5,0
1,33040,8,3,0
1,33060,9,2,0
1,33080,8,3,0
1,33100,1,2,0
1,33120,8,4,0
1,33140,6,7,0
1,33160,1,10,0
1,33180,9,7,0
1,33200,10,7,0
1,33220,4,8,0
1,33240,10,4,0
1,33260,10,4,0
1,33280,7,6,0
1,33300,4,7,0
1,33320,9,10,0
1,33340,7,1,0
1,33360,10,8,0
1,33380,6,2,0
1,33400,2,3,0
1,33420,2,8,0
1,33440,10,2,0
1,33460,2,6,0
1,33480,10,7,0
1,33500,2,1,0
1,33520,4,6,0
1,33540,2,7,0
1,33560,1,3,0
1,33580,8,2,0
1,33600,6,5,0
1,33620,7,10,0
1,33640,2,3,0
1,33660,4,10,0
1,33680,10,5,0
1,33700,7,5,0
1,33720,7,7,0
1,33740,6,3,0
1,33760,3,1,0
1,33780,5,9,0
1,33800,7,4,0
1,33820,5,9,0
1,33840,2,6,0
1,33860,9,2,0
1,33880,9,10,0
1,33900,9,10,0
1,33920,7,5,0
1,33940,3,4,0
1,33960,4,6,0
1,33980,4,5,0
1,34000,9,10,0
1,34020,10,6,0
1,34040,10,10,0
1,34060,2,3,0
1,34080,6,1,0
1,34100,5,7,0
1,34120,7,7,0
1,34140,4,5,0
1,34160,2,5,0
1,34180,10,2,0
1,34200,8,9,0
1,34220,3,4,0
1,34240,5,6,0
1,34260,2,8,0
1,34280,9,3,0
1,34300,3,10,0
1,34320,7,3,0
1,34340,10,8,0
1,34360,9,1,0
1,34380,2,3,0
1,34400,9,9,0
1,34420,7,6,0
1,34440,7,9,0
1,34460,9,1,0
1,34480,1,3,0
1,34500,8,4,0
1,34520,9,8,0
1,34540,9,6,0
1,34560,3,8,0
1,34580,4,6,0
1,34600,4,5,0
1,34620,4,9,0
1,34640,5,3,0
1,34660,4,8,0
1,34680,9,2,0
1,34700,8,2,0
1,34720,9,10,0
1,34740,4,3,0
1,34760,7,10,0
1,34780,6,9,0
1,34800,2,4,0
1,34820,1,6,0
1,34840,4,3,0
1,34860,3,8,0
1,34880,1,4,0
1,34900,9,10,0
1,34920,7,3,0
1,34940,2,5,0
1,34960,5,4,0
1,34980,8,7,0
1,35000,5,10,0
1,35020,7,4,0
1,35040,10,6,0
1,35060,3,4,0
1,35080,7,6,0
1,35100,5,5,0
1,35120,7,5,0
1,35140,4,1,0
1,35160,5,1,0
1,35180,9,10,0
1,35200,5,2,0
1,35220,8,3,0
1,35240,5,10,0
1,35260,5,2,0
1,35280,9,1,0
1,35300,2,2,0
1,35320,1,5,0
1,35340,1,1,0
1,35360,7,5,0
1,35380,7,10,0
1,35400,1,9,0
1,35420,9,9,0
1,35440,2,4,0
1,35460,1,3,0
1,35480,5,10,0
1,35500,6,10,0
1,35520,8,2,0
1,35540,6,1,0
1,35560,5,1,0
1,35580,10,2,0
1,35600,4,4,0
1,35620,6,7,0
1,35640,10,9,0
1,35660,10,1,0
1,35680,3,3,0
1,35700,6,1,0
1,35720,9,8,0
1,35740,7,3,0
1,35760,2,10,0
1,35780,2,3,0
1,35800,10,10,0
1,35820,1,10,0
1,35840,10,1,0
1,35860,7,2,0
1,35880,4,10,0
1,35900,4,10,0
1,35920,3,9,0
1,35940,10,1,0
1,35960,2,1,0
1,35980,1,1,0
1,36000,2,1,0
1,36020,4,10,0
1,36040,6,3,0
1,36060,9,7,0
1,36080,1,2,0
1,36100,7,2,0
1,36120,10,6,0
1,36140,10,4,0
1,36160,1,3,0
1,36180,8,2,0
1,36200,4,10,0
1,36220,2,2,0
1,36240,4,10,0
1,36260,1,4,0
1,36280,9,3,0
1,36300,9,1,0
1,36320,1,9,0
1,36340,1,1,0
1,36360,2,3,0
1,36380,3,8,0
1,36400,3,7,0
1,36420,1,10,0
1,36440,4,2,0
1,36460,3,6,0
1,36480,1,2,0
1,36500,3,9,0
1,36520,5,3,0
1,36540,9,10,0
1,36560,1,7,0
1,36580,2,10,0
1,36600,9,8,0
1,36620,5,2,0
1,36640,8,2,0
1,36660,1,7,0
1,36680,8,3,0
1,36700,4,3,0
1,36720,1,2,0
1,36740,1,9,0
1,36760,10,3,0
1,36780,3,4,0
1,36800,9,3,0
1,36820,9,8,0
1,36840,8,2,0
1,36860,7,10,0
1,36880,1,10,0
1,36900,1,8,0
1,36920,5,6,0
1,36940,1,8,0
1,36960,10,5,0
1,36980,3,3,0
1,37000,1,10,0
1,37020,4,8,0
1,37040,3,6,0
1,37060,8,10,0
1,37080,9,3,0
1,37100,6,3,0
1,37120,6,8,0
1,37140,10,10,0
1,37160,10,4,0
1,37180,1,7,0
1,37200,4,3,0
1,37220,8,9,0
1,37240,5,2,0
1,37260,5,4,0
1,37280,6,2,0
1,37300,10,10,0
1,37320,9,7,0
1,37340,10,2,0
1,37360,4,7,0
1,37380,8,7,0
1,37400,9,6,0
1,37420,9,4,0
1,37440,6,9,0
1,37460,9,2,0
1,37480,5,1,0
1,37500,7,3,0
1,37520,7,4,0
1,37540,8,6,0
1,37560,6,1,0
1,37580,10,4,0
1,37600,4,9,0
1,37620,6,4,0
1,37640,7,2,0
1,37660,5,10,0
1,37680,6,5,0
1,37700,10,4,0
1,37720,9,7,0
1,37740,5,1,0
1,37760,10,1,0
1,37780,3,10,0
1,37800,1,7,0
1,37820,4,10,0
1,37840,5,6,0
1,37860,5,5,0
1,37880,10,5,0
1,37900,3,9,0
1,37920,5,9,0
1,37940,6,10,0
1,37960,2,10,0
1,37980,5,1,0
1,38000,3,2,0
1,38020,1,1,0
1,38040,8,6,0
1,38060,5,1,0
1,38080,8,4,0
1,38100,1,5,0
1,38120,2,2,0
1,38140,1,5,0
1,38160,4,3,0
1,38180,2,10,0
1,38200,7,3,0
1,38220,1,10,0
1,38240,4,7,0
1,38260,10,3,0
1,38280,1,6,0
1,38300,6,6,0
1,38320,8,2,0
1,38340,9,6,0
1,38360,8,10,0
1,38380,1,9,0
1,38400,5,4,0
1,38420,1,4,0
1,38440,6,8,0
1,38460,7,3,0
1,38480,1,2,0
1,38500,1,10,0
1,38520,4,9,0
1,38540,9,5,0
1,38560,10,2,0
1,38580,4,7,0
1,38600,4,5,0
1,38620,8,9,0
1,38640,10,4,0
1,38660,3,10,0
1,38680,5,7,0
1,38700,9,7,0
1,38720,3,9,0
1,38740,4,4,0
1,38760,3,4,0
1,38780,5,3,0
1,38800,10,6,0
1,38820,3,7,0
1,38840,9,7,0
1,38860,9,7,0
1,38880,9,8,0
1,38900,7,9,0
1,38920,10,4,0
1,38940,2,9,0
1,38960,7,7,0
1,38980,7,8,0
1,39000,1,7,0
1,39020,10,3,0
1,39040,3,8,0
1,39060,8,6,0
1,39080,1,5,0
1,39100,9,7,0
1,39120,5,3,0
1,39140,5,10,0
1,39160,9,5,0
1,39180,5,8,0
1,39200,6,9,0
1,39220,5,7,0
1,39240,8,3,0
1,39260,4,9,0
1,39280,8,1,0
1,39300,5,1,0
1,39320,4,4,0
1,39340,10,6,0
1,39360,8,10,0
1,39380,10,9,0
1,39400,2,10,0
1,39420,7,8,0
1,39440,5,6,0
1,39460,4,9,0
1,39480,8,1,0
1,39500,9,5,0
1,39520,7,7,0
1,39540,3,8,0
1,39560,7,3,0
1,39580,3,6,0
1,39600,4,10,0
1,39620,4,4,0
1,39640,5,2,0
1,39660,3,9,0
1,39680,3,3,0
1,39700,1,1,0
1,39720,1,10,0
1,39740,5,6,0
1,39760,1,10,0
1,39780,6,5,0
1,39800,10,1,0
1,39820,10,8,0
1,39840,7,2,0
1,39860,9,8,0
1,39880,3,2,0
1,39900,5,8,0
1,39920,9,3,0
1,39940,10,9,0
1,39960,9,9,0
1,39980,9,10,0
1,40000,9,3,0
1,40020,5,5,0
1,40040,9,5,0
1,40060,7,10,0
1,40080,1,10,0
1,40100,6,7,0
1,40120,1,1,0
1,40140,10,9,0
1,40160,5,3,0
1,40180,6,4,0
1,40200,9,8,0
1,40220,4,2,0
1,40240,3,7,0
1,40260,5,3,0
1,40280,1,5,0
1,40300,5,1,0
1,40320,4,6,0
1,40340,1,1,0
1,40360,3,2,0
1,40380,3,8,0
1,40400,1,6,0
1,40420,3,3,0
1,40440,7,3,0
1,40460,10,1,0
1,40480,10,2,0
1,40500,10,4,0
1,40520,1,10,0
1,40540,2,6,0
1,40560,2,9,0
1,40580,10,8,0
1,40600,10,9,0
1,40620,5,6,0
1,40640,4,1,0
1,40660,8,6,0
1,40680,7,6,0
1,40700,1,3,0
1,40720,10,9,0
1,40740,10,3,0
1,40760,7,7,0
1,40780,4,9,0
1,40800,7,6,0
1,40820,3,10,0
1,40840,3,3,0
1,40860,3,10,0
1,40880,2,8,0
1,40900,5,8,0
1,40920,8,1,0
1,40940,5,1,0
1,40960,1,3,0
1,40980,1,6,0
1,41000,9,4,0
1,41020,7,3,0
1,41040,7,9,0
1,41060,1,4,0
1,41080,7,9,0
1,41100,3,7,0
1,41120,2,1,0
1,41140,1,5,0
1,41160,4,9,0
1,41180,9,10,0
1,41200,7,5,0
1,41220,5,5,0
1,41240,4,3,0
1,41260,6,9,0
1,41280,10,10,0
1,41300,3,1,0
1,41320,10,1,0
1,41340,5,10,0
1,41360,10,6,0
1,41380,2,9,0
1,41400,8,10,0
1,41420,5,6,0
1,41440,10,4,0
1,41460,9,4,0
1,41480,1,7,0
1,41500,8,9,0
1,41520,5,4,0
1,41540,9,1,0
1,41560,2,8,0
1,41580,9,10,0
1,41600,9,6,0
1,41620,8,7,0
1,41640,9,10,0
1,41660,9,9,0
1,41680,6,1,0
1,41700,6,8,0
1,41720,4,3,0
1,41740,10,10,0
1,41760,5,10,0
1,41780,2,1,0
1,41800,2,10,0
1,41820,1,2,0
1,41840,8,3,0
1,41860,3,5,0
1,41880,4,1,0
1,41900,1,5,0
1,41920,1,1,0
1,41940,6,10,0
1,41960,10,1,0
1,41980,8,9,0
1,42000,4,6,0
1,42020,7,7,0
1,42040,3,2,0
1,42060,4,2,0
1,42080,1,1,0
1,42100,3,4,0
1,42120,1,5,0
1,42140,6,8,0
1,42160,2,6,0
1,42180,9,3,0
1,42200,7,2,0
1,42220,9,1,0
1,42240,1,9,0
1,42260,6,5,0
1,42280,6,5,0
1,42300,1,1,0
1,42320,2,7,0
1,42340,5,8,0
1,42360,2,6,0
1,42380,10,1,0
1,42400,10,5,0
1,42420,10,7,0
1,42440,7,3,0
1,42460,9,5,0
1,42480,10,10,0
1,42500,10,1,0
1,42520,3,5,0
1,42540,8,9,0
1,42560,3,2,0
1,42580,1,2,0
1,42600,2,5,0
1,42620,10,6,0
1,42640,5,8,0
1,42660,7,3,0
1,42680,1,10,0
1,42700,6,3,0
1,42720,10,2,0
1,42740,6,4,0
1,42760,9,5,0
1,42780,10,9,0
1,42800,4,8,0
1,42820,9,2,0
1,42840,1,10,0
1,42860,6,4,0
1,42880,7,5,0
1,42900,7,7,0
1,42920,9,4,0
1,42940,7,5,0
1,42960,5,4,0
1,42980,10,8,0
1,43000,3,1,0
1,43020,9,1,0
1,43040,3,1,0
1,43060,5,2,0
1,43080,7,10,0
1,43100,4,5,0
1,43120,5,9,0
1,43140,9,6,0
1,43160,8,6,0
1,43180,2,4,0
1,43200,6,10,0
1,43220,4,6,0
1,43240,5,8,0
1,43260,8,3,0
1,43280,1,6,0
1,43300,1,4,0
1,43320,7,5,0
1,43340,9,9,0
1,43360,2,4,0
1,43380,2,5,0
1,43400,3,10,0
1,43420,2,9,0
1,43440,2,1,0
1,43460,9,7,0
1,43480,5,2,0
1,43500,3,5,0
1,43520,2,5,0
1,43540,10,7,0
1,43560,1,4,0
1,43580,9,1,0
1,43600,2,8,0
1,43620,6,10,0
1,43640,8,8,0
1,43660,2,8,0
1,43680,1,8,0
1,43700,2,9,0
1,43720,9,8,0
1,43740,10,8,0
1,43760,2,4,0
1,43780,6,9,0
1,43800,2,2,0
1,43820,7,3,0
1,43840,9,2,0
1,43860,7,1,0
1,43880,5,10,0
1,43900,6,10,0
1,43920,9,7,0
1,43940,3,4,0
1,43960,10,7,0
1,43980,3,7,0
1,44000,8,1,0
1,44020,9,5,0
1,44040,4,2,0
1,44060,7,8,0
1,44080,1,10,0
1,44100,3,2,0
1,44120,10,4,0
1,44140,9,3,0
1,44160,8,7,0
1,44180,6,4,0
1,44200,1,10,0
1,44220,7,4,0
1,44240,1,4,0
1,44260,4,6,0
1,44280,10,2,0
1,44300,4,10,0
1,44320,10,2,0
1,44340,7,1,0
1,44360,3,4,0
1,44380,7,3,0
1,44400,10,2,0
1,44420,6,2,0
1,44440,6,8,0
1,44460,7,3,0
1,44480,9,5,0
1,44500,10,2,0
1,44520,9,2,0
1,44540,8,8,0
1,44560,1,10,0
1,44580,6,5,0
1,44600,6,9,0
1,44620,10,10,0
1,44640,7,2,0
1,44660,2,8,0
1,44680,8,6,0
1,44700,10,7,0
1,44720,10,6,0
1,44740,1,2,0
1,44760,3,10,0
1,44780,8,1,0
1,44800,6,5,0
1,44820,5,10,0
1,44840,10,9,0
1,44860,7,3,0
1,44880,5,10,0
1,44900,10,2,0
1,44920,1,3,0
1,44940,2,6,0
1,44960,7,6,0
1,44980,10,3,0
1,45000,7,8,0
1,45020,3,1,0
1,45040,9,10,0
1,45060,8,1,0
1,45080,2,6,0
1,45100,3,2,0
1,45120,7,2,0
1,45140,4,7,0
1,45160,1,3,0
1,45180,8,6,0
1,45200,10,3,0
1,45220,6,4,0
1,45240,8,2,0
1,45260,10,6,0
1,45280,10,5,0
1,45300,10,8,0
1,45320,10,3,0
1,45340,2,3,0
1,45360,9,3,0
1,45380,7,1,0
1,45400,1,1,0
1,45420,4,10,0
1,45440,8,5,0
1,45460,8,6,0
1,45480,4,7,0
1,45500,4,10,0
1,45520,9,2,0
1,45540,1,1,0
1,45560,8,2,0
1,45580,4,2,0
1,45600,7,1,0
1,45620,7,5,0
1,45640,10,6,0
1,45660,2,7,0
1,45680,7,4,0
1,45700,6,7,0
1,45720,1,6,0
1,45740,3,6,0
1,45760,1,10,0
1,45780,2,10,0
1,45800,7,10,0
1,45820,5,3,0
1,45840,5,1,0
1,45860,5,10,0
1,45880,5,8,0
1,45900,3,10,0
1,45920,3,9,0
1,45940,3,3,0
1,45960,10,10,0
1,45980,10,6,0
1,46000,10,1,0
1,46020,1,3,0
1,46040,2,7,0
1,46060,1,3,0
1,46080,5,8,0
1,46100,3,10,0
1,46120,9,8,0
1,46140,10,1,0
1,46160,6,5,0
1,46180,6,2,0
1,46200,3,2,0
1,46220,1,9,0
1,46240,1,7,0
1,46260,4,8,0
1,46280,6,4,0
1,46300,3,7,0
1,46320,5,4,0
1,46340,10,9,0
1,46360,4,10,0
1,46380,3,4,0
1,46400,4,6,0
1,46420,8,8,0
1,46440,1,1,0
1,46460,1,2,0
1,46480,1,4,0
1,46500,7,10,0
1,46520,10,6,0
1,46540,8,2,0
1,46560,1,4,0
1,46580,9,6,0
1,46600,6,6,0
1,46620,8,10,0
1,46640,9,4,0
1,46660,1,5,0
1,46680,1,8,0
1,46700,5,6,0
1,46720,8,9,0
1,46740,9,6,0
1,46760,1,6,0
1,46780,5,10,0
1,46800,3,4,0
1,46820,4,8,0
1,46840,5,2,0
1,46860,7,1,0
1,46880,10,6,0
1,46900,7,4,0
1,46920,5,4,0
1,46940,2,10,0
1,46960,1,2,0
1,46980,1,1,0
1,47000,9,7,0
1,47020,8,9,0
1,47040,1,2,0
1,47060,9,10,0
1,47080,5,10,0
1,47100,1,3,0
1,47120,2,9,0
1,47140,8,5,0
1,47160,9,1,0
1,47180,6,9,0
1,47200,10,8,0
1,47220,3,6,0
1,47240,7,3,0
1,47260,1,6,0
1,47280,6,10,0
1,47300,5,10,0
1,47320,7,2,0
1,47340,7,8,0
1,47360,3,10,0
1,47380,6,3,0
1,47400,9,1,0
1,47420,10,10,0
1,47440,2,10,0
1,47460,3,1,0
1,47480,3,6,0
1,47500,10,8,0
1,47520,5,7,0
1,47540,1,8,0
1,47560,5,10,0
1,47580,10,9,0
1,47600,1,8,0
1,47620,3,8,0
1,47640,8,10,0
1,47660,6,9,0
1,47680,3,1,0
1,47700,5,8,0
1,47720,2,5,0
1,47740,5,5,0
1,47760,8,2,0
1,47780,10,9,0
1,47800,4,9,0
1,47820,6,5,0
1,47840,1,10,0
1,47860,3,2,0
1,47880,5,1,0
1,47900,3,8,0
1,47920,9,10,0
1,47940,10,10,0
1,47960,10,6,0
1,47980,5,10,0
1,48000,1,1,0
1,48020,10,8,0
1,48040,1,8,0
1,48060,9,4,0
1,48080,7,4,0
1,48100,7,6,0
1,48120,4,2,0
1,48140,9,9,0
1,48160,1,8,0
1,48180,10,4,0
1,48200,3,1,0
1,48220,1,7,0
1,48240,1,1,0
1,48260,9,10,0
1,48280,1,3,0
1,48300,10,8,0
1,48320,8,7,0
1,48340,1,10,0
1,48360,4,3,0
1,48380,3,9,0
1,48400,3,1,0
1,48420,2,6,0
1,48440,10,2,0
1,48460,4,2,0
1,48480,10,1,0
1,48500,5,10,0
1,48520,1,4,0
1,48540,3,9,0
1,48560,1,9,0
1,48580,1,10,0
1,48600,9,1,0
1,48620,1,5,0
1,48640,2,9,0
1,48660,2,3,0
1,48680,4,2,0
1,48700,4,4,0
1,48720,10,2,0
1,48740,7,7,0
1,48760,6,6,0
1,48780,4,6,0
1,48800,3,10,0
1,48820,1,9,0
1,48840,5,10,0
1,48860,2,1,0
1,48880,5,5,0
1,48900,9,4,0
1,48920,8,2,0
1,48940,6,8,0
1,48960,6,6,0
1,48980,2,10,0
1,49000,5,4,0
1,49020,7,4,0
1,49040,8,6,0
1,49060,7,1,0
1,49080,3,10,0
1,49100,3,9,0
1,49120,3,1,0
1,49140,10,8,0
1,49160,7,9,0
1,49180,4,4,0
1,49200,5,6,0
1,49220,5,10,0
1,49240,9,10,0
1,49260,10,5,0
1,49280,1,9,0
1,49300,8,10,0
1,49320,4,9,0
1,49340,7,5,0
1,49360,9,1,0
1,49380,3,9,0
1,49400,3,8,0
1,49420,4,1,0
1,49440,3,10,0
1,49460,7,6,0
1,49480,6,1,0
1,49500,8,1,0
1,49520,1,2,0
1,49540,4,9,0
1,49560,9,8,0
1,49580,3,2,0
1,49600,8,9,0
1,49620,6,6,0
1,49640,10,1,0
1,49660,7,2,0
1,49680,6,10,0
1,49700,6,6,0
1,49720,7,1,0
1,49740,2,5,0
1,49760,2,6,0
1,49780,6,2,0
1,49800,3,9,0
1,49820,10,3,0
1,49840,9,6,0
1,49860,1,10,0
1,49880,5,3,0
1,49900,2,4,0
1,49920,9,3,0
1,49940,5,10,0
1,49960,10,8,0
1,49980,9,8,0
1,50000,3,9,0
1,50020,1,4,0
1,50040,2,2,0
1,50060,10,5,0
1,50080,8,1,0
1,50100,2,2,0
1,50120,4,6,0
1,50140,3,7,0
1,50160,2,5,0
1,50180,6,10,0
1,50200,4,10,0
1,50220,4,3,0
1,50240,3,10,0
1,50260,2,2,0
1,50280,5,7,0
1,50300,9,1,0
1,50320,8,7,0
1,50340,3,7,0
1,50360,8,3,0
1,50380,9,6,0
1,50400,8,7,0
1,50420,1,4,0
1,50440,7,8,0
1,50460,10,1,0
1,50480,5,3,0
1,50500,3,7,0
1,50520,9,7,0
1,50540,7,4,0
1,50560,3,3,0
1,50580,5,3,0
1,50600,1,5,0
1,50620,6,8,0
1,50640,5,2,0
1,50660,4,10,0
1,50680,4,4,0
1,50700,6,1,0
1,50720,4,1,0
1,50740,3,8,0
1,50760,5,9,0
1,50780,1,10,0
1,50800,1,1,0
1,50820,6,9,0
1,50840,1,9,0
1,50860,4,1,0
1,50880,2,1,0
1,50900,1,2,0
1,50920,6,1,0
1,50940,9,3,0
1,50960,5,6,0
1,50980,8,1,0
1,51000,2,3,0
1,51020,4,7,0
1,51040,2,7,0
1,51060,9,10,0
1,51080,6,1,0
1,51100,1,4,0
1,51120,6,9,0
1,51140,9,4,0
1,51160,8,4,0
1,51180,9,8,0
1,51200,5,1,0
1,51220,2,3,0
1,51240,10,10,0
1,51260,9,1,0
1,51280,7,10,0
1,51300,2,8,0
1,51320,4,3,0
1,51340,4,1,0
1,51360,10,6,0
1,51380,10,10,0
1,51400,1,7,0
1,51420,7,8,0
1,51440,9,2,0
1,51460,6,3,0
1,51480,1,7,0
1,51500,8,3,0
1,51520,9,8,0
1,51540,4,9,0
1,51560,10,10,0
1,51580,3,6,0
1,51600,8,9,0
1,51620,7,4,0
1,51640,6,4,0
1,51660,5,3,0
1,51680,10,1,0
1,51700,7,5,0
1,51720,4,7,0
1,51740,6,8,0
1,51760,1,2,0
1,51780,3,8,0
1,51800,8,9,0
1,51820,10,8,0
1,51840,10,4,0
1,51860,1,3,0
1,51880,1,7,0
1,51900,2,7,0
1,51920,6,9,0
1,51940,8,2,0
1,51960,3,10,0
1,51980,10,10,0
1,52000,10,8,0
1,52020,1,10,0
1,52040,1,7,0
1,52060,6,10,0
1,52080,9,8,0
1,52100,1,7,0
1,52120,10,1,0
1,52140,1,2,0
1,52160,10,7,0
1,52180,10,9,0
1,52200,6,1,0
1,52220,2,3,0
1,52240,4,10,0
1,52260,10,3,0
1,52280,2,9,0
1,52300,5,7,0
1,52320,8,9,0
1,52340,10,6,0
1,52360,5,3,0
1,52380,2,10,0
1,52400,8,2,0
1,52420,4,4,0
1,52440,1,2,0
1,52460,4,7,0
1,52480,4,10,0
1,52500,9,1,0
1,52520,8,2,0
1,52540,7,9,0
1,52560,1,4,0
1,52580,5,6,0
1,52600,10,8,0
1,52620,1,4,0
1,52640,10,3,0
1,52660,9,1,0
1,52680,8,1,0
1,52700,10,7,0
1,52720,7,7,0
1,52740,5,1,0
1,52760,7,5,0
1,52780,8,9,0
1,52800,4,6,0
1,52820,2,8,0
1,52840,10,9,0
1,52860,10,3,0
1,52880,4,9,0
1,52900,9,8,0
1,52920,1,5,0
1,52940,9,3,0
1,52960,10,8,0
1,52980,3,4,0
1,53000,1,3,0
1,53020,10,10,0
1,53040,10,9,0
1,53060,10,10,0
1,53080,10,3,0
1,53100,9,3,0
1,53120,7,9,0
1,53140,9,2,0
1,53160,7,1,0
1,53180,10,9,0
1,53200,9,9,0
1,53220,2,10,0
1,53240,7,7,0
1,53260,7,8,0
1,53280,1,8,0
1,53300,9,9,0
1,53320,3,10,0
1,53340,9,4,0
1,53360,9,10,0
1,53380,4,6,0
1,53400,9,9,0
1,53420,10,2,0
1,53440,7,6,0
1,53460,8,8,0
1,53480,8,10,0
1,53500,6,1,0
1,53520,5,1,0
1,53540,8,2,0
1,53560,4,1,0
1,53580,7,2,0
1,53600,7,3,0
1,53620,6,5,0
1,53640,7,1,0
1,53660,8,1,0
1,53680,10,6,0
1,53700,10,5,0
1,53720,6,9,0
1,53740,4,5,0
1,53760,6,2,0
1,53780,2,5,0
1,53800,9,1,0
1,53820,5,1,0
1,53840,3,5,0
1,53860,4,10,0
1,53880,2,4,0
1,53900,5,3,0
1,53920,6,7,0
1,53940,9,7,0
1,53960,10,3,0
1,53980,1,1,0
1,54000,6,8,0
1,54020,8,9,0
1,54040,5,5,0
1,54060,6,7,0
1,54080,1,1,0
1,54100,3,8,0
1,54120,3,2,0
1,54140,8,7,0
1,54160,6,9,0
1,54180,7,1,0
1,54200,1,3,0
1,54220,7,8,0
1,54240,6,6,0
1,54260,1,3,0
1,54280,5,2,0
1,54300,2,10,0
1,54320,5,5,0
1,54340,4,5,0
1,54360,3,6,0
1,54380,7,3,0
1,54400,1,5,0
1,54420,9,5,0
1,54440,1,3,0
1,54460,9,6,0
1,54480,9,6,0
1,54500,7,9,0
1,54520,7,8,0
1,54540,9,2,0
1,54560,3,10,0
1,54580,7,6,0
1,54600,7,10,0
1,54620,7,1,0
1,54640,9,9,0
1,54660,6,3,0
1,54680,9,1,0
1,54700,9,10,0
1,54720,1,1,0
1,54740,2,1,0
1,54760,4,10,0
1,54780,8,1,0
1,54800,8,6,0
1,54820,9,3,0
1,54840,7,4,0
1,54860,4,7,0
1,54880,5,1,0
1,54900,6,7,0
1,54920,9,7,0
1,54940,10,10,0
1,54960,8,1,0
1,54980,7,1,0
1,55000,6,2,0
1,55020,7,10,0
1,55040,8,1,0
1,55060,2,3,0
1,55080,9,1,0
1,55100,5,3,0
1,55120,4,3,0
1,55140,2,4,0
1,55160,9,10,0
1,55180,1,7,0
1,55200,2,5,0
1,55220,2,8,0
1,55240,1,2,0
1,55260,1,10,0
1,55280,10,6,0
1,55300,6,9,0
1,55320,5,9,0
1,55340,10,6,0
1,55360,1,10,0
1,55380,1,10,0
1,55400,6,3,0
1,55420,10,7,0
1,55440,9,3,0
1,55460,1,2,0
1,55480,4,5,0
1,55500,3,6,0
1,55520,9,1,0
1,55540,6,2,0
1,55560,9,8,0
1,55580,9,3,0
1,55600,5,1,0
1,55620,5,10,0
1,55640,10,10,0
1,55660,1,4,0
1,55680,6,10,0
1,55700,2,10,0
1,55720,5,3,0
1,55740,7,2,0
1,55760,3,4,0
1,55780,3,10,0
1,55800,3,1,0
1,55820,8,9,0
1,55840,8,4,0
1,55860,1,10,0
1,55880,7,1,0
1,55900,6,8,0
1,55920,6,2,0
1,55940,9,9,0
1,55960,10,1,0
1,55980,9,4,0
1,56000,9,9,0
1,56020,10,1,0
1,56040,8,1,0
1,56060,2,6,0
1,56080,1,9,0
1,56100,6,9,0
1,56120,1,8,0
1,56140,9,9,0
1,56160,2,8,0
1,56180,8,5,0
1,56200,10,8,0
1,56220,4,3,0
1,56240,1,5,0
1,56260,8,6,0
1,56280,10,5,0
1,56300,2,4,0
1,56320,1,3,0
1,56340,10,9,0
1,56360,4,3,0
1,56380,9,8,0
1,56400,1,7,0
1,56420,1,1,0
1,56440,1,4,0
1,56460,9,7,0
1,56480,7,9,0
1,56500,7,2,0
1,56520,1,8,0
1,56540,1,1,0
1,56560,9,9,0
1,56580,10,2,0
1,56600,9,8,0
1,56620,4,2,0
1,56640,10,5,0
1,56660,3,10,0
1,56680,10,6,0
1,56700,7,9,0
1,56720,4,7,0
1,56740,1,6,0
1,56760,9,3,0
1,56780,10,10,0
1,56800,8,3,0
1,56820,3,5,0
1,56840,7,1,0
1,56860,2,5,0
1,56880,7,2,0
1,56900,10,7,0
1,56920,1,2,0
1,56940,8,8,0
1,56960,1,1,0
1,56980,2,9,0
1,57000,10,1,0
1,57020,7,9,0
1,57040,4,10,0
1,57060,10,5,0
1,57080,9,1,0
1,57100,9,3,0
1,57120,5,9,0
1,57140,4,1,0
1,57160,1,1,0
1,57180,9,3,0
1,57200,1,9,0
1,57220,1,7,0
1,57240,6,8,0
1,57260,6,10,0
1,57280,6,9,0
1,57300,4,6,0
1,57320,9,1,0
1,57340,4,9,0
1,57360,7,9,0
1,57380,2,10,0
1,57400,4,4,0
1,57420,4,10,0
1,57440,6,6,0
1,57460,4,3,0
1,57480,6,9,0
1,57500,10,1,0
1,57520,7,4,0
1,57540,6,5,0
1,57560,10,10,0
1,57580,9,1,0
1,57600,2,10,0
1,57620,3,3,0
1,57640,1,1,0
1,57660,6,9,0
1,57680,3,10,0
1,57700,3,10,0
1,57720,1,2,0
1,57740,2,2,0
1,57760,1,8,0
1,57780,10,7,0
1,57800,1,8,0
1,57820,7,5,0
1,57840,2,5,0
1,57860,5,3,0
1,57880,9,2,0
1,57900,2,10,0
1,57920,6,9,0
1,57940,8,10,0
1,57960,7,2,0
1,57980,7,8,0
1,58000,8,2,0
1,58020,8,6,0
1,58040,6,8,0
1,58060,1,2,0
1,58080,1,10,0
1,58100,8,2,0
1,58120,1,4,0
1,58140,7,6,0
1,58160,2,10,0
1,58180,1,10,0
1,58200,8,3,0
1,58220,1,10,0
1,58240,5,3,0
1,58260,4,2,0
1,58280,2,10,0
1,58300,1,3,0
1,58320,7,7,0
1,58340,10,3,0
1,58360,9,4,0
1,58380,1,5,0
1,58400,8,1,0
1,58420,8,8,0
1,58440,3,7,0
1,58460,2,1,0
1,58480,1,5,0
1,58500,9,9,0
1,58520,5,7,0
1,58540,9,6,0
1,58560,9,1,0
1,58580,8,9,0
1,58600,5,9,0
1,58620,9,1,0
1,58640,10,2,0
1,58660,10,6,0
1,58680,10,10,0
1,58700,4,1,0
1,58720,9,1,0
1,58740,9,1,0
1,58760,8,3,0
1,58780,8,1,0
1,58800,3,9,0
1,58820,4,1,0
1,58840,1,5,0
1,58860,4,10,0
1,58880,8,8,0
1,58900,1,9,0
1,58920,2,1,0
1,58940,8,7,0
1,58960,1,3,0
1,58980,1,6,0
1,59000,6,1,0
1,59020,3,10,0
1,59040,10,3,0
1,59060,1,7,0
1,59080,2,10,0
1,59100,5,6,0
1,59120,7,2,0
1,59140,9,9,0
1,59160,1,4,0
1,59180,3,10,0
1,59200,3,10,0
1,59220,2,10,0
1,59240,3,10,0
1,59260,10,10,0
1,59280,7,9,0
1,59300,3,3,0
1,59320,1,3,0
1,59340,3,10,0
1,59360,10,1,0
1,59380,2,10,0
1,59400,4,2,0
1,59420,8,10,0
1,59440,1,8,0
1,59460,9,3,0
1,59480,5,10,0
1,59500,6,4,0
1,59520,10,9,0
1,59540,2,5,0
1,59560,1,7,0
1,59580,2,9,0
1,59600,7,2,0
1,59620,7,8,0
1,59640,1,1,0
1,59660,6,4,0
1,59680,7,8,0
1,59700,6,3,0
1,59720,6,9,0
1,59740,10,7,0
1,59760,4,6,0
1,59780,1,1,0
1,59800,8,2,0
1,59820,7,8,0
1,59840,3,3,0
1,59860,1,2,0
1,59880,1,1,0
1,59900,8,10,0
1,59920,10,8,0
1,59940,8,3,0
1,59960,1,10,0
1,59980,4,5,0
1,60000,8,7,0
1,60020,8,6,0
1,60040,2,8,0
1,60060,10,1,0
1,60080,5,4,0
1,60100,7,10,0
1,60120,6,6,0
1,60140,3,4,0
1,60160,4,9,0
1,60180,4,10,0
1,60200,7,8,0
1,60220,7,5,0
1,60240,7,10,0
1,60260,5,10,0
1,60280,8,10,0
1,60300,1,1,0
1,60320,1,8,0
1,60340,9,5,0
1,60360,1,4,0
1,60380,1,9,0
1,60400,1,8,0
1,60420,3,6,0
1,60440,7,9,0
1,60460,1,5,0
1,60480,4,5,0
1,60500,5,9,0
1,60520,10,9,0
1,60540,6,2,0
1,60560,3,10,0
1,60580,3,8,0
1,60600,8,1,0
1,60620,1,4,0
1,60640,10,7,0
1,60660,10,10,0
1,60680,4,2,0
1,60700,10,10,0
1,60720,1,5,0
1,60740,8,9,0
1,60760,10,1,0
1,60780,1,3,0
1,60800,2,1,0
1,60820,2,3,0
1,60840,1,7,0
1,60860,1,2,0
1,60880,1,3,0
1,60900,6,7,0
1,60920,8,3,0
1,60940,6,10,0
1,60960,3,10,0
1,60980,6,4,0
1,61000,3,1,0
1,61020,1,1,0
1,61040,1,2,0
1,61060,7,1,0
1,61080,1,2,0
1,61100,5,1,0
1,61120,5,6,0
1,61140,3,6,0
1,61160,5,9,0
1,61180,3,4,0
1,61200,10,7,0
1,61220,3,2,0
1,61240,10,10,0
1,61260,8,1,0
1,61280,9,7,0
1,61300,8,1,0
1,61320,2,9,0
1,61340,3,3,0
1,61360,6,10,0
1,61380,8,2,0
1,61400,4,4,0
1,61420,1,1,0
1,61440,8,7,0
1,61460,1,6,0
1,61480,1,3,0
1,61500,1,8,0
1,61520,9,1,0
1,61540,1,1,0
1,61560,2,1,0
1,61580,3,6,0
1,61600,10,6,0
1,61620,2,10,0
1,61640,10,8,0
1,61660,8,1,0
1,61680,1,2,0
1,61700,2,5,0
1,61720,4,1,0
1,61740,8,2,0
1,61760,4,9,0
1,61780,5,2,0
1,61800,1,3,0
1,61820,5,8,0
1,61840,5,8,0
1,61860,3,4,0
1,61880,1,8,0
1,61900,2,4,0
1,61920,3,1,0
1,61940,1,1,0
1,61960,2,6,0
1,61980,7,7,0
1,62000,2,10,0
1,62020,8,2,0
1,62040,1,3,0
1,62060,10,1,0
1,62080,9,9,0
1,62100,9,1,0
1,62120,8,10,0
1,62140,2,2,0
1,62160,1,8,0
1,62180,1,3,0
1,62200,8,1,0
1,62220,8,7,0
1,62240,8,10,0
1,62260,1,6,0
1,62280,1,4,0
1,62300,6,4,0
1,62320,6,2,0
1,62340,10,8,0
1,62360,10,8,0
1,62380,1,4,0
1,62400,1,2,0
1,62420,7,4,0
1,62440,9,10,0
1,62460,4,8,0
1,62480,9,5,0
1,62500,2,4,0
1,62520,8,2,0
1,62540,5,8,0
1,62560,10,6,0
1,62580,4,6,0
1,62600,10,1,0
1,62620,3,8,0
1,62640,6,7,0
1,62660,8,6,0
1,62680,4,6,0
1,62700,1,10,0
1,62720,3,1,0
1,62740,10,7,0
1,62760,2,1,0
1,62780,9,7,0
1,62800,10,4,0
1,62820,1,4,0
1,62840,9,8,0
1,62860,9,1,0
1,62880,1,1,0
1,62900,2,7,0
1,62920,2,6,0
1,62940,10,3,0
1,62960,5,3,0
1,62980,7,10,0
1,63000,10,8,0
1,63020,9,1,0
1,63040,9,8,0
1,63060,5,3,0
1,63080,5,2,0
1,63100,10,1,0
1,63120,9,4,0
1,63140,1,3,0
1,63160,3,10,0
1,63180,10,9,0
1,63200,10,2,0
1,63220,2,10,0
1,63240,7,10,0
1,63260,10,7,0
1,63280,1,7,0
1,63300,8,3,0
1,63320,8,1,0
1,63340,8,1,0
1,63360,5,10,0
1,63380,8,4,0
1,63400,9,4,0
1,63420,1,7,0
1,63440,1,1,0
1,63460,4,2,0
1,63480,2,7,0
1,63500,4,9,0
1,63520,4,1,0
1,63540,3,4,0
1,63560,1,8,0
1,63580,7,1,0
1,63600,9,9,0
1,63620,2,7,0
1,63640,1,8,0
1,63660,10,1,0
1,63680,7,3,0
1,63700,6,4,0
1,63720,6,3,0
1,63740,2,8,0
1,63760,1,10,0
1,63780,10,7,0
1,63800,3,4,0
1,63820,10,9,0
1,63840,10,5,0
1,63860,4,4,0
1,63880,1,1,0
1,63900,4,8,0
1,63920,3,2,0
1,63940,7,4,0
1,63960,7,6,0
1,63980,6,1,0
1,64000,5,8,0
1,64020,1,5,0
1,64040,1,2,0
1,64060,4,5,0
1,64080,10,3,0
1,64100,7,8,0
1,64120,1,10,0
1,64140,10,7,0
1,64160,2,10,0
1,64180,9,10,0
1,64200,7,4,0
1,64220,8,8,0
1,64240,9,1,0
1,64260,1,10,0
1,64280,9,7,0
1,64300,7,3,0
1,64320,4,10,0
1,64340,10,8,0
1,64360,10,2,0
1,64380,1,3,0
1,64400,10,3,0
1,64420,4,2,0
1,64440,10,6,0
1,64460,9,2,0
1,64480,8,5,0
1,64500,2,3,0
1,64520,10,2,0
1,64540,4,6,0
1,64560,10,9,0
1,64580,2,9,0
1,64600,2,5,0
1,64620,4,7,0
1,64640,10,8,0
1,64660,4,9,0
1,64680,10,1,0
1,64700,2,7,0
1,64720,6,2,0
1,64740,5,1,0
1,64760,1,7,0
1,64780,5,1,0
1,64800,10,8,0
1,64820,10,3,0
1,64840,2,3,0
1,64860,6,5,0
1,64880,3,10,0
1,64900,8,4,0
1,64920,9,5,0
1,64940,2,4,0
1,64960,3,2,0
1,64980,10,9,0
1,65000,10,4,0
1,65020,3,10,0
1,65040,8,5,0
1,65060,9,1,0
1,65080,1,4,0
1,65100,2,4,0
1,65120,2,2,0
1,65140,4,3,0
1,65160,2,10,0
1,65180,1,2,0
1,65200,8,1,0
1,65220,10,8,0
1,65240,6,4,0
1,65260,9,2,0
1,65280,4,10,0
1,65300,8,8,0
1,65320,9,10,0
1,65340,10,9,0
1,65360,9,4,0
1,65380,9,10,0
1,65400,6,3,0
1,65420,2,2,0
1,65440,7,1,0
1,65460,1,1,0
1,65480,1,10,0
1,65500,1,6,0
1,65520,7,1,0
1,65540,10,6,0
1,65560,10,10,0
1,65580,9,5,0
1,65600,1,10,0
1,65620,4,10,0
1,65640,7,9,0
1,65660,7,8,0
1,65680,1,1,0
1,65700,9,4,0
1,65720,3,9,0
1,65740,1,1,0
1,65760,1,2,0
1,65780,6,3,0
1,65800,5,2,0
1,65820,3,4,0
1,65840,5,2,0
1,65860,9,3,0
1,65880,4,3,0
1,65900,9,5,0
1,65920,4,2,0
1,65940,10,5,0
1,65960,6,10,0
1,65980,3,10,0
1,66000,3,1,0
1,66020,2,3,0
1,66040,3,10,0
1,66060,9,4,0
1,66080,8,6,0
1,66100,3,8,0
1,66120,3,9,0
1,66140,10,1,0
1,66160,10,1,0
1,66180,4,7,0
1,66200,5,9,0
1,66220,4,8,0
1,66240,8,9,0
1,66260,4,9,0
1,66280,10,9,0
1,66300,2,1,0
1,66320,9,9,0
1,66340,9,9,0
1,66360,6,7,0
1,66380,9,10,0
1,66400,1,1,0
1,66420,1,1,0
1,66440,8,4,0
1,66460,8,1,0
1,66480,8,3,0
1,66500,10,10,0
1,66520,9,6,0
1,66540,5,1,0
1,66560,8,7,0
1,66580,3,7,0
1,66600,3,8,0
1,66620,5,4,0
1,66640,1,10,0
1,66660,6,10,0
1,66680,9,3,0
1,66700,1,6,0
1,66720,3,2,0
1,66740,8,8,0
1,66760,1,10,0
1,66780,5,10,0
1,66800,8,6,0
1,66820,7,2,0
1,66840,1,4,0
1,66860,2,8,0
1,66880,10,7,0
1,66900,2,4,0
1,66920,9,9,0
1,66940,2,10,0
1,66960,6,10,0
1,66980,10,10,0
1,67000,3,10,0
1,67020,8,1,0
1,67040,1,5,0
1,67060,9,8,0
1,67080,5,2,0
1,67100,9,6,0
1,67120,4,4,0
1,67140,10,10,0
1,67160,5,2,0
1,67180,3,4,0
1,67200,2,6,0
1,67220,10,8,0
1,67240,6,7,0
1,67260,2,3,0
1,67280,8,8,0
1,67300,2,1,0
1,67320,7,6,0
1,67340,1,5,0
1,67360,1,6,0
1,67380,6,1,0
1,67400,3,7,0
1,67420,8,5,0
1,67440,6,10,0
1,67460,6,2,0
1,67480,3,10,0
1,67500,10,10,0
1,67520,2,9,0
1,67540,7,10,0
1,67560,1,10,0
1,67580,10,7,0
1,67600,4,10,0
1,67620,10,10,0
1,67640,9,6,0
1,67660,10,8,0
1,67680,2,10,0
1,67700,4,9,0
1,67720,7,1,0
1,67740,2,4,0
1,67760,7,8,0
1,67780,10,1,0
1,67800,1,10,0
1,67820,2,2,0
1,67840,10,9,0
1,67860,6,7,0
1,67880,2,2,0
1,67900,1,3,0
1,67920,1,4,0
1,67940,9,5,0
1,67960,10,1,0
1,67980,7,8,0
1,68000,3,7,0
1,68020,1,10,0
1,68040,1,7,0
1,68060,2,7,0
1,68080,1,10,0
1,68100,1,1,0
1,68120,1,10,0
1,68140,10,9,0
1,68160,10,4,0
1,68180,6,8,0
1,68200,10,4,0
1,68220,2,10,0
1,68240,2,2,0
1,68260,2,5,0
1,68280,5,10,0
1,68300,6,10,0
1,68320,9,1,0
1,68340,5,10,0
1,68360,10,6,0
1,68380,5,5,0
1,68400,7,7,0
1,68420,2,7,0
1,68440,1,4,0
1,68460,2,8,0
1,68480,10,4,0
1,68500,1,4,0
1,68520,5,3,0
1,68540,2,3,0
1,68560,5,8,0
1,68580,3,3,0
1,68600,9,1,0
1,68620,9,7,0
1,68640,1,10,0
1,68660,9,2,0
1,68680,3,4,0
1,68700,10,10,0
1,68720,8,4,0
1,68740,9,1,0
1,68760,10,8,0
1,68780,5,9,0
1,68800,4,10,0
1,68820,1,7,0
1,68840,1,9,0
1,68860,4,7,0
1,68880,10,6,0
1,68900,8,9,0
1,68920,6,4,0
1,68940,9,3,0
1,68960,2,9,0
1,68980,3,3,0
1,69000,1,9,0
1,69020,1,1,0
1,69040,3,10,0
1,69060,9,10,0
1,69080,7,1,0
1,69100,10,8,0
1,69120,9,1,0
1,69140,7,3,0
1,69160,10,6,0
1,69180,7,9,0
1,69200,10,8,0
1,69220,8,1,0
1,69240,10,7,0
1,69260,10,1,0
1,69280,9,6,0
1,69300,1,1,0
1,69320,4,8,0
1,69340,3,7,0
1,69360,6,3,0
1,69380,7,9,0
1,69400,10,2,0
1,69420,10,9,0
1,69440,3,1,0
1,69460,8,1,0
1,69480,4,10,0
1,69500,7,4,0
1,69520,2,1,0
1,69540,9,1,0
1,69560,1,4,0
1,69580,1,10,0
1,69600,8,5,0
1,69620,8,1,0
1,69640,5,6,0
1,69660,7,10,0
1,69680,10,7,0
1,69700,7,9,0
1,69720,4,2,0
1,69740,9,7,0
1,69760,9,5,0
1,69780,6,9,0
1,69800,8,5,0
1,69820,9,1,0
1,69840,6,5,0
1,69860,3,6,0
1,69880,6,2,0
1,69900,1,7,0
1,69920,3,8,0
1,69940,8,9,0
1,69960,4,1,0
1,69980,2,10,0
1,70000,10,8,0
1,70020,10,2,0
1,70040,10,7,0
1,70060,6,1,0
1,70080,9,3,0
1,70100,8,8,0
1,70120,3,2,0
1,70140,2,10,0
1,70160,1,6,0
1,70180,6,1,0
1,70200,7,2,0
1,70220,9,2,0
1,70240,6,9,0
1,70260,1,3,0
1,70280,1,1,0
1,70300,5,10,0
1,70320,10,5,0
1,70340,5,2,0
1,70360,10,7,0
1,70380,2,1,0
1,70400,1,3,0
1,70420,2,8,0
1,70440,1,4,0
1,70460,3,9,0
1,70480,2,10,0
1,70500,4,3,0
1,70520,4,3,0
1,70540,3,2,0
1,70560,1,1,0
1,70580,2,7,0
1,70600,1,6,0
1,70620,2,5,0
1,70640,10,1,0
1,70660,1,3,0
1,70680,8,2,0
1,70700,4,10,0
1,70720,5,3,0
1,70740,10,9,0
1,70760,2,8,0
1,70780,10,7,0
1,70800,2,9,0
1,70820,10,1,0
1,70840,1,9,0
1,70860,5,1,0
1,70880,10,2,0
1,70900,10,6,0
1,70920,10,10,0
1,70940,8,2,0
1,70960,3,7,0
1,70980,1,7,0
1,71000,1,6,0
1,71020,10,1,0
1,71040,1,4,0
1,71060,8,10,0
1,71080,3,9,0
1,71100,5,10,0
1,71120,10,8,0
1,71140,10,7,0
1,71160,2,1,0
1,71180,10,9,0
1,71200,8,5,0
1,71220,1,3,0
1,71240,6,1,0
1,71260,4,10,0
1,71280,7,1,0
1,71300,1,10,0
1,71320,8,3,0
1,71340,8,8,0
1,71360,2,5,0
1,71380,6,1,0
1,71400,7,6,0
1,71420,9,8,0
1,71440,2,10,0
1,71460,9,5,0
1,71480,4,7,0
1,71500,3,1,0
1,71520,7,6,0
1,71540,8,10,0
1,71560,1,8,0
1,71580,1,7,0
1,71600,1,10,0
1,71620,9,8,0
1,71640,1,1,0
1,71660,7,9,0
1,71680,9,7,0
1,71700,10,10,0
1,71720,3,10,0
1,71740,9,7,0
1,71760,6,1,0
1,71780,5,3,0
1,71800,8,4,0
1,71820,5,8,0
1,71840,1,2,0
1,71860,1,4,0
1,71880,10,7,0
1,71900,3,1,0
1,71920,6,7,0
1,71940,1,10,0
1,71960,4,1,0
1,71980,10,3,0
1,72000,4,9,0
1,72020,1,5,0
1,72040,1,2,0
1,72060,6,9,0
1,72080,9,4,0
1,72100,2,2,0
1,72120,1,1,0
1,72140,1,10,0
1,72160,10,1,0
1,72180,1,10,0
1,72200,1,7,0
1,72220,7,3,0
1,72240,7,9,0
1,72260,9,10,0
1,72280,3,10,0
1,72300,8,4,0
1,72320,5,1,0
1,72340,6,3,0
1,72360,1,7,0
1,72380,5,6,0
1,72400,10,10,0
1,72420,10,1,0
1,72440,1,2,0
1,72460,1,7,0
1,72480,10,6,0
1,72500,10,1,0
1,72520,4,2,0
1,72540,9,2,0
1,72560,6,2,0
1,72580,4,3,0
1,72600,4,1,0
1,72620,8,6,0
1,72640,9,10,0
1,72660,1,10,0
1,72680,1,6,0
1,72700,7,8,0
1,72720,4,1,0
1,72740,1,7,0
1,72760,5,4,0
1,72780,1,1,0
1,72800,9,5,0
1,72820,8,4,0
1,72840,4,7,0
1,72860,6,3,0
1,72880,10,3,0
1,72900,3,1,0
1,72920,8,1,0
1,72940,1,1,0
1,72960,6,1,0
1,72980,10,4,0
1,73000,10,8,0
1,73020,9,1,0
1,73040,4,5,0
1,73060,3,2,0
1,73080,10,9,0
1,73100,6,9,0
1,73120,8,5,0
1,73140,10,8,0
1,73160,1,8,0
1,73180,4,5,0
1,73200,2,6,0
1,73220,6,5,0
1,73240,1,4,0
1,73260,1,10,0
1,73280,10,5,0
1,73300,6,6,0
1,73320,7,1,0
1,73340,5,4,0
1,73360,3,1,0
1,73380,7,10,0
1,73400,1,10,0
1,73420,6,9,0
1,73440,1,10,0
1,73460,3,4,0
1,73480,2,7,0
1,73500,4,10,0
1,73520,5,10,0
1,73540,7,6,0
1,73560,1,10,0
1,73580,2,8,0
1,73600,1,2,0
1,73620,4,8,0
1,73640,3,5,0
1,73660,8,1,0
1,73680,3,1,0
1,73700,2,5,0
1,73720,10,5,0
1,73740,7,1,0
1,73760,4,1,0
1,73780,1,10,0
1,73800,10,8,0
1,73820,2,2,0
1,73840,2,10,0
1,73860,4,8,0
1,73880,10,10,0
1,73900,1,2,0
1,73920,2,1,0
1,73940,8,5,0
1,73960,10,2,0
1,73980,6,1,0
1,74000,8,5,0
1,74020,10,1,0
1,74040,7,4,0
1,74060,10,10,0
1,74080,3,8,0
1,74100,3,2,0
1,74120,4,10,0
1,74140,7,8,0
1,74160,7,4,0
1,74180,2,10,0
1,74200,4,10,0
1,74220,3,7,0
1,74240,9,4,0
1,74260,5,8,0
1,74280,5,1,0
1,74300,1,7,0
1,74320,4,8,0
1,74340,10,1,0
1,74360,9,2,0
1,74380,5,9,0
1,74400,4,7,0
1,74420,6,1,0
1,74440,4,8,0
1,74460,3,2,0
1,74480,1,2,0
1,74500,6,2,0
1,74520,2,5,0
1,74540,3,10,0
1,74560,10,9,0
1,74580,1,6,0
1,74600,4,4,0
1,74620,3,2,0
1,74640,10,1,0
1,74660,10,9,0
1,74680,1,2,0
1,74700,10,10,0
1,74720,1,2,0
1,74740,8,3,0
1,74760,5,6,0
1,74780,3,8,0
1,74800,7,1,0
1,74820,4,2,0
1,74840,7,7,0
1,74860,1,1,0
1,74880,7,4,0
1,74900,3,3,0
1,74920,2,10,0
1,74940,2,10,0
1,74960,1,5,0
1,74980,4,10,0
1,75000,3,4,0
1,75020,10,10,0
1,75040,5,5,0
1,75060,4,6,0
1,75080,6,10,0
1,75100,1,1,0
1,75120,10,1,0
1,75140,4,10,0
1,75160,10,5,0
1,75180,7,3,0
1,75200,1,1,0
1,75220,2,6,0
1,75240,2,3,0
1,75260,10,10,0
1,75280,1,1,0
1,75300,8,4,0
1,75320,2,3,0
1,75340,10,10,0
1,75360,1,5,0
1,75380,6,1,0
1,75400,3,7,0
1,75420,10,3,0
1,75440,3,10,0
1,75460,7,1,0
1,75480,5,4,0
1,75500,5,10,0
1,75520,1,2,0
1,75540,4,8,0
1,75560,8,7,0
1,75580,1,2,0
1,75600,5,9,0
1,75620,1,1,0
1,75640,10,6,0
1,75660,1,10,0
1,75680,10,5,0
1,75700,9,5,0
1,75720,8,2,0
1,75740,1,3,0
1,75760,4,1,0
1,75780,10,10,0
1,75800,3,7,0
1,75820,10,7,0
1,75840,10,1,0
1,75860,1,4,0
1,75880,8,7,0
1,75900,10,4,0
1,75920,9,3,0
1,75940,10,9,0
1,75960,4,7,0
1,75980,1,3,0
1,76000,7,2,0
1,76020,3,8,0
1,76040,10,7,0
1,76060,5,7,0
1,76080,2,10,0
1,76100,1,2,0
1,76120,10,6,0
1,76140,2,2,0
1,76160,2,6,0
1,76180,9,10,0
1,76200,8,2,0
1,76220,7,8,0
1,76240,3,1,0
1,76260,7,4,0
1,76280,6,1,0
1,76300,5,10,0
1,76320,8,8,0
1,76340,10,6,0
1,76360,3,8,0
1,76380,2,5,0
1,76400,10,1,0
1,76420,2,6,0
1,76440,1,3,0
1,76460,1,6,0
1,76480,3,6,0
1,76500,1,5,0
1,76520,2,6,0
1,76540,2,10,0
1,76560,4,7,0
1,76580,4,9,0
1,76600,10,9,0
1,76620,2,8,0
1,76640,7,4,0
1,76660,3,9,0
1,76680,2,5,0
1,76700,1,2,0
1,76720,2,6,0
1,76740,3,9,0
1,76760,9,5,0
1,76780,9,1,0
1,76800,1,4,0
1,76820,10,7,0
1,76840,3,1,0
1,76860,7,1,0
1,76880,10,5,0
1,76900,7,5,0
1,76920,9,3,0
1,76940,1,1,0
1,76960,3,3,0
1,76980,8,6,0
1,77000,1,10,0
1,77020,4,10,0
1,77040,3,5,0
1,77060,5,5,0
1,77080,9,1,0
1,77100,8,1,0
1,77120,3,5,0
1,77140,6,1,0
1,77160,9,1,0
1,77180,3,4,0
1,77200,6,1,0
1,77220,1,7,0
1,77240,7,10,0
1,77260,3,3,0
1,77280,4,4,0
1,77300,9,9,0
1,77320,1,10,0
1,77340,5,9,0
1,77360,5,7,0
1,77380,9,10,0
1,77400,10,10,0
1,77420,7,1,0
1,77440,5,1,0
1,77460,10,6,0
1,77480,5,8,0
1,77500,10,9,0
1,77520,3,10,0
1,77540,8,6,0
1,77560,10,1,0
1,77580,8,6,0
1,77600,9,10,0
1,77620,10,1,0
1,77640,2,10,0
1,77660,6,7,0
1,77680,7,2,0
1,77700,7,2,0
1,77720,5,9,0
1,77740,8,6,0
1,77760,3,8,0
1,77780,8,4,0
1,77800,10,6,0
1,77820,10,4,0
1,77840,4,10,0
1,77860,10,10,0
1,77880,4,1,0
1,77900,10,7,0
1,77920,10,1,0
1,77940,10,1,0
1,77960,9,10,0
1,77980,8,10,0
1,78000,9,5,0
1,78020,4,9,0
1,78040,9,8,0
1,78060,1,6,0
1,78080,2,10,0
1,78100,1,2,0
1,78120,10,4,0
1,78140,5,5,0
1,78160,7,2,0
1,78180,10,1,0
1,78200,9,4,0
1,78220,1,7,0
1,78240,7,6,0
1,78260,1,1,0
1,78280,9,3,0
1,78300,5,10,0
1,78320,9,1,0
1,78340,10,4,0
1,78360,4,2,0
1,78380,8,7,0
1,78400,6,10,0
1,78420,4,5,0
1,78440,9,10,0
1,78460,4,6,0
1,78480,1,2,0
1,78500,1,10,0
1,78520,1,1,0
1,78540,7,1,0
1,78560,1,10,0
1,78580,8,4,0
1,78600,1,2,0
1,78620,9,10,0
1,78640,9,9,0
1,78660,3,1,0
1,78680,3,7,0
1,78700,1,2,0
1,78720,2,10,0
1,78740,7,7,0
1,78760,10,10,0
1,78780,8,4,0
1,78800,3,2,0
1,78820,3,7,0
1,78840,1,4,0
1,78860,8,10,0
1,78880,8,3,0
1,78900,10,2,0
1,78920,1,2,0
1,78940,1,9,0
1,78960,6,1,0
1,78980,2,1,0
1,79000,1,10,0
1,79020,8,10,0
1,79040,1,4,0
1,79060,7,3,0
1,79080,2,3,0
1,79100,10,1,0
1,79120,7,7,0
1,79140,5,4,0
1,79160,3,1,0
1,79180,2,3,0
1,79200,10,9,0
1,79220,5,9,0
1,79240,2,10,0
1,79260,3,9,0
1,79280,5,4,0
1,79300,4,9,0
1,79320,10,6,0
1,79340,10,2,0
1,79360,6,5,0
1,79380,5,10,0
1,79400,7,1,0
1,79420,10,9,0
1,79440,4,10,0
1,79460,10,3,0
1,79480,3,1,0
1,79500,6,1,0
1,79520,3,10,0
1,79540,3,10,0
1,79560,8,8,0
1,79580,4,10,0
1,79600,6,10,0
1,79620,10,10,0
1,79640,3,1,0
1,79660,3,10,0
1,79680,2,2,0
1,79700,9,10,0
1,79720,9,10,0
1,79740,3,9,0
1,79760,10,2,0
1,79780,4,4,0
1,79800,8,10,0
1,79820,6,4,0
1,79840,2,10,0
1,79860,1,10,0
1,79880,4,10,0
1,79900,10,9,0
1,79920,6,8,0
1,79940,5,2,0
1,79960,10,1,0
1,79980,10,6,0
1,80000,3,1,0
1,80020,9,3,0
1,80040,7,10,0
1,80060,9,7,0
1,80080,8,1,0
1,80100,10,10,0
1,80120,5,7,0
1,80140,8,6,0
1,80160,1,1,0
1,80180,10,7,0
1,80200,7,3,0
1,80220,1,4,0
1,80240,10,9,0
1,80260,1,9,0
1,80280,10,10,0
1,80300,1,10,0
1,80320,10,10,0
1,80340,9,3,0
1,80360,7,5,0
1,80380,9,4,0
1,80400,8,1,0
1,80420,7,10,0
1,80440,7,10,0
1,80460,7,10,0
1,80480,7,10,0
1,80500,6,1,0
1,80520,9,8,0
1,80540,1,7,0
1,80560,10,8,0
1,80580,9,8,0
1,80600,1,7,0
1,80620,1,4,0
1,80640,4,6,0
1,80660,9,1,0
1,80680,10,10,0
1,80700,1,1,0
1,80720,3,3,0
1,80740,9,8,0
1,80760,2,5,0
1,80780,1,9,0
1,80800,3,3,0
1,80820,7,9,0
1,80840,7,4,0
1,80860,6,8,0
1,80880,2,1,0
1,80900,6,4,0
1,80920,2,9,0
1,80940,10,8,0
1,80960,5,9,0
1,80980,2,10,0
1,81000,4,3,0
1,81020,10,10,0
1,81040,10,7,0
1,81060,7,2,0
1,81080,7,10,0
1,81100,9,3,0
1,81120,8,2,0
1,81140,1,1,0
1,81160,7,10,0
1,81180,10,8,0
1,81200,4,2,0
1,81220,4,4,0
1,81240,8,3,0
1,81260,3,9,0
1,81280,2,8,0
1,81300,7,4,0
1,81320,2,5,0
1,81340,4,1,0
1,81360,2,6,0
1,81380,2,7,0
1,81400,1,2,0
1,81420,8,3,0
1,81440,5,10,0
1,81460,1,7,0
1,81480,1,1,0
1,81500,1,6,0
1,81520,3,5,0
1,81540,1,6,0
1,81560,8,4,0
1,81580,7,2,0
1,81600,10,8,0
1,81620,10,8,0
1,81640,1,3,0
1,81660,4,10,0
1,81680,8,9,0
1,81700,10,2,0
1,81720,10,10,0
1,81740,5,6,0
1,81760,1,10,0
1,81780,9,1,0
1,81800,2,10,0
1,81820,9,7,0
1,81840,5,9,0
1,81860,2,9,0
1,81880,4,7,0
1,81900,10,1,0
1,81920,1,10,0
1,81940,1,8,0
1,81960,8,1,0
1,81980,10,1,0
1,82000,5,3,0
1,82020,6,4,0
1,82040,3,10,0
1,82060,2,5,0
1,82080,9,10,0
1,82100,8,3,0
1,82120,2,10,0
1,82140,8,5,0
1,82160,10,6,0
1,82180,5,3,0
1,82200,9,9,0
1,82220,3,1,0
1,82240,9,1,0
1,82260,1,5,0
1,82280,4,3,0
1,82300,2,9,0
1,82320,1,1,0
1,82340,10,1,0
1,82360,1,8,0
1,82380,2,8,0
1,82400,2,1,0
1,82420,2,2,0
1,82440,1,3,0
1,82460,5,4,0
1,82480,9,9,0
1,82500,10,7,0
1,82520,9,8,0
1,82540,5,8,0
1,82560,8,10,0
1,82580,10,9,0
1,82600,10,2,0
1,82620,4,1,0
1,82640,5,5,0
1,82660,5,10,0
1,82680,2,8,0
1,82700,8,1,0
1,82720,1,1,0
1,82740,1,2,0
1,82760,5,10,0
1,82780,10,4,0
1,82800,4,1,0
1,82820,7,2,0
1,82840,1,4,0
1,82860,10,4,0
1,82880,9,1,0
1,82900,10,5,0
1,82920,6,7,0
1,82940,10,8,0
1,82960,10,1,0
1,82980,7,3,0
1,83000,3,6,0
1,83020,8,3,0
1,83040,1,10,0
1,83060,4,4,0
1,83080,1,3,0
1,83100,6,4,0
1,83120,9,5,0
1,83140,10,9,0
1,83160,1,3,0
1,83180,6,3,0
1,83200,3,10,0
1,83220,4,8,0
1,83240,1,4,0
1,83260,4,2,0
1,83280,6,7,0
1,83300,8,1,0
1,83320,10,2,0
1,83340,10,7,0
1,83360,3,4,0
1,83380,10,4,0
1,83400,3,10,0
1,83420,6,5,0
1,83440,1,2,0
1,83460,1,10,0
1,83480,10,9,0
1,83500,4,10,0
1,83520,1,5,0
1,83540,10,5,0
1,83560,10,2,0
1,83580,2,10,0
1,83600,5,3,0
1,83620,2,10,0
1,83640,8,9,0
1,83660,9,8,0
1,83680,3,10,0
1,83700,10,5,0
1,83720,4,10,0
1,83740,4,10,0
1,83760,8,2,0
1,83780,10,7,0
1,83800,9,3,0
1,83820,5,10,0
1,83840,1,7,0
1,83860,1,10,0
1,83880,2,2,0
1,83900,6,4,0
1,83920,10,1,0
1,83940,2,10,0
1,83960,9,1,0
1,83980,7,7,0
1,84000,10,3,0
1,84020,9,9,0
1,84040,10,1,0
1,84060,10,1,0
1,84080,1,1,0
1,84100,8,7,0
1,84120,1,10,0
1,84140,6,7,0
1,84160,8,10,0
1,84180,8,4,0
1,84200,10,1,0
1,84220,10,9,0
1,84240,1,2,0
1,84260,2,10,0
1,84280,10,9,0
1,84300,2,3,0
1,84320,3,2,0
1,84340,1,4,0
1,84360,4,9,0
1,84380,8,2,0
1,84400,6,10,0
1,84420,10,7,0
1,84440,3,5,0
1,84460,10,10,0
1,84480,10,6,0
1,84500,9,2,0
1,84520,6,7,0
1,84540,1,4,0
1,84560,3,4,0
1,84580,1,10,0
1,84600,8,6,0
1,84620,3,7,0
1,84640,4,7,0
1,84660,1,4,0
1,84680,10,6,0
1,84700,4,1,0
1,84720,6,1,0
1,84740,10,1,0
1,84760,2,9,0
1,84780,4,8,0
1,84800,4,10,0
1,84820,3,1,0
1,84840,1,3,0
1,84860,6,2,0
1,84880,1,10,0
1,84900,1,4,0
1,84920,8,2,0
1,84940,7,1,0
1,84960,9,10,0
1,84980,10,8,0
1,85000,9,1,0
1,85020,7,2,0
1,85040,1,2,0
1,85060,2,7,0
1,85080,3,7,0
1,85100,4,10,0
1,85120,9,5,0
1,85140,6,10,0
1,85160,10,8,0
1,85180,1,2,0
1,85200,8,7,0
1,85220,1,1,0
1,85240,2,3,0
1,85260,7,8,0
1,85280,1,6,0
1,85300,9,1,0
1,85320,2,10,0
1,85340,2,8,0
1,85360,10,10,0
1,85380,2,10,0
1,85400,2,10,0
1,85420,10,3,0
1,85440,9,2,0
1,85460,10,10,0
1,85480,1,4,0
1,85500,6,7,0
1,85520,5,8,0
1,85540,8,8,0
1,85560,1,3,0
1,85580,4,2,0
1,85600,10,5,0
1,85620,10,10,0
1,85640,10,9,0
1,85660,4,1,0
1,85680,1,10,0
1,85700,7,10,0
1,85720,10,9,0
1,85740,10,9,0
1,85760,8,2,0
1,85780,6,1,0
1,85800,5,2,0
1,85820,6,4,0
1,85840,4,10,0
1,85860,5,1,0
1,85880,6,2,0
1,85900,5,4,0
1,85920,7,2,0
1,85940,2,10,0
1,85960,3,10,0
1,85980,10,1,0
1,86000,1,6,0
1,86020,1,10,0
1,86040,8,10,0
1,86060,1,10,0
1,86080,2,3,0
1,86100,3,10,0
1,86120,6,3,0
1,86140,1,10,0
1,86160,9,9,0
1,86180,6,2,0
1,86200,3,2,0
1,86220,10,6,0
1,86240,10,1,0
1,86260,1,5,0
1,86280,4,4,0
1,86300,6,10,0
1,86320,1,6,0
1,86340,7,10,0
1,86360,6,8,0
1,86380,2,7,0
1,86400,9,9,0
1,86420,2,8,0
1,86440,8,3,0
1,86460,3,8,0
1,86480,4,10,0
1,86500,1,1,0
1,86520,5,10,0
1,86540,7,5,0
1,86560,4,3,0
1,86580,4,6,0
1,86600,7,2,0
1,86620,3,5,0
1,86640,10,5,0
1,86660,7,9,0
1,86680,1,4,0
1,86700,2,6,0
1,86720,1,7,0
1,86740,8,1,0
1,86760,9,5,0
1,86780,10,2,0
1,86800,2,9,0
1,86820,10,4,0
1,86840,10,10,0
1,86860,8,8,0
1,86880,2,1,0
1,86900,1,9,0
1,86920,8,1,0
1,86940,6,1,0
1,86960,1,2,0
1,86980,10,8,0
1,87000,1,8,0
1,87020,2,6,0
1,87040,1,2,0
1,87060,10,10,0
1,87080,8,1,0
1,87100,7,9,0
1,87120,9,1,0
1,87140,8,10,0
1,87160,10,9,0
1,87180,8,3,0
1,87200,2,5,0
1,87220,10,4,0
1,87240,7,8,0
1,87260,9,1,0
1,87280,7,7,0
1,87300,6,3,0
1,87320,2,10,0
1,87340,10,1,0
1,87360,8,2,0
1,87380,6,10,0
1,87400,5,4,0
1,87420,6,5,0
1,87440,10,1,0
1,87460,9,5,0
1,87480,10,1,0
1,87500,1,10,0
1,87520,1,6,0
1,87540,2,9,0
1,87560,2,10,0
1,87580,6,2,0
1,87600,3,4,0
1,87620,3,4,0
1,87640,1,7,0
1,87660,1,10,0
1,87680,6,6,0
1,87700,9,9,0
1,87720,10,5,0
1,87740,2,9,0
1,87760,4,8,0
1,87780,9,4,0
1,87800,8,2,0
1,87820,2,8,0
1,87840,4,2,0
1,87860,6,1,0
1,87880,2,4,0
1,87900,9,3,0
1,87920,2,4,0
1,87940,3,10,0
1,87960,4,1,0
1,87980,10,1,0
1,88000,1,10,0
1,88020,4,10,0
1,88040,1,8,0
1,88060,2,3,0
1,88080,5,9,0
1,88100,4,4,0
1,88120,2,10,0
1,88140,3,10,0
1,88160,10,9,0
1,88180,1,9,0
1,88200,7,2,0
1,88220,1,3,0
1,88240,8,9,0
1,88260,10,2,0
1,88280,3,5,0
1,88300,8,6,0
1,88320,7,2,0
1,88340,3,6,0
1,88360,8,7,0
1,88380,10,3,0
1,88400,7,10,0
1,88420,6,10,0
1,88440,2,10,0
1,88460,10,8,0
1,88480,10,8,0
1,88500,6,1,0
1,88520,10,1,0
1,88540,1,1,0
1,88560,8,9,0
1,88580,10,3,0
1,88600,3,1,0
1,88620,4,9,0
1,88640,9,1,0
1,88660,3,2,0
1,88680,1,8,0
1,88700,1,10,0
1,88720,3,7,0
1,88740,10,10,0
1,88760,2,10,0
1,88780,10,9,0
1,88800,6,10,0
1,88820,10,10,0
1,88840,10,7,0
1,88860,6,4,0
1,88880,4,7,0
1,88900,1,2,0
1,88920,8,2,0
1,88940,5,1,0
1,88960,7,10,0
1,88980,7,10,0
1,89000,10,10,0
1,89020,3,9,0
1,89040,6,9,0
1,89060,1,1,0
1,89080,2,8,0
1,89100,4,10,0
1,89120,7,9,0
1,89140,10,10,0
1,89160,10,7,0
1,89180,1,6,0
1,89200,1,7,0
1,89220,1,1,0
1,89240,4,9,0
1,89260,9,1,0
1,89280,4,3,0
1,89300,7,1,0
1,89320,7,3,0
1,89340,2,9,0
1,89360,8,9,0
1,89380,2,4,0
1,89400,1,10,0
1,89420,10,9,0
1,89440,4,9,0
1,89460,1,9,0
1,89480,4,2,0
1,89500,10,9,0
1,89520,1,3,0
1,89540,1,4,0
1,89560,10,4,0
1,89580,2,6,0
1,89600,8,1,0
1,89620,8,3,0
1,89640,3,4,0
1,89660,8,1,0
1,89680,2,10,0
1,89700,6,8,0
1,89720,1,6,0
1,89740,9,10,0
1,89760,7,1,0
1,89780,2,1,0
1,89800,10,9,0
1,89820,4,6,0
1,89840,1,5,0
1,89860,4,1,0
1,89880,8,6,0
1,89900,2,10,0
1,89920,5,10,0
1,89940,10,10,0
1,89960,3,10,0
1,89980,9,8,0
1,90000,9,1,0
1,90020,3,3,0
1,90040,3,10,0
1,90060,4,10,0
1,90080,7,6,0
1,90100,1,4,0
1,90120,7,3,0
1,90140,3,5,0
1,90160,1,1,0
1,90180,4,3,0
1,90200,4,9,0
1,90220,10,3,0
1,90240,9,3,0
1,90260,10,3,0
1,90280,1,10,0
1,90300,5,2,0
1,90320,1,2,0
1,90340,1,10,0
1,90360,1,9,0
1,90380,1,1,0
1,90400,3,9,0
1,90420,1,8,0
1,90440,1,1,0
1,90460,2,9,0
1,90480,1,1,0
1,90500,9,2,0
1,90520,9,1,0
1,90540,10,1,0
1,90560,1,2,0
1,90580,2,10,0
1,90600,9,10,0
1,90620,2,8,0
1,90640,10,1,0
1,90660,1,4,0
1,90680,9,5,0
1,90700,7,4,0
1,90720,1,1,0
1,90740,5,10,0
1,90760,4,3,0
1,90780,1,2,0
1,90800,2,2,0
1,90820,1,5,0
1,90840,2,3,0
1,90860,8,8,0
1,90880,10,6,0
1,90900,10,5,0
1,90920,4,9,0
1,90940,3,3,0
1,90960,1,3,0
1,90980,1,10,0
1,91000,5,2,0
1,91020,1,6,0
1,91040,4,9,0
1,91060,1,10,0
1,91080,6,2,0
1,91100,5,10,0
1,91120,10,3,0
1,91140,10,2,0
1,91160,9,1,0
1,91180,10,10,0
1,91200,1,5,0
1,91220,9,5,0
1,91240,9,8,0
1,91260,4,4,0
1,91280,8,7,0
1,91300,5,6,0
1,91320,5,10,0
1,91340,1,10,0
1,91360,1,2,0
1,91380,6,5,0
1,91400,9,5,0
1,91420,2,1,0
1,91440,1,1,0
1,91460,9,9,0
1,91480,7,2,0
1,91500,3,6,0
1,91520,9,10,0
1,91540,2,9,0
1,91560,9,10,0
1,91580,9,7,0
1,91600,8,10,0
1,91620,4,4,0
1,91640,10,1,0
1,91660,10,9,0
1,91680,3,4,0
1,91700,2,1,0
1,91720,6,4,0
1,91740,9,8,0
1,91760,4,10,0
1,91780,2,5,0
1,91800,1,2,0
1,91820,5,1,0
1,91840,6,2,0
1,91860,1,4,0
1,91880,8,3,0
1,91900,5,8,0
1,91920,9,9,0
1,91940,3,5,0
1,91960,2,9,0
1,91980,9,8,0
1,92000,2,1,0
1,92020,4,9,0
1,92040,4,3,0
1,92060,9,1,0
1,92080,10,2,0
1,92100,6,6,0
1,92120,4,8,0
1,92140,6,2,0
1,92160,1,3,0
1,92180,9,9,0
1,92200,10,2,0
1,92220,4,2,0
1,92240,8,1,0
1,92260,1,2,0
1,92280,10,5,0
1,92300,2,10,0
1,92320,10,1,0
1,92340,10,2,0
1,92360,5,1,0
1,92380,3,9,0
1,92400,6,8,0
1,92420,1,1,0
1,92440,2,5,0
1,92460,1,6,0
1,92480,8,4,0
1,92500,6,6,0
1,92520,6,9,0
1,92540,2,4,0
1,92560,1,4,0
1,92580,1,7,0
1,92600,4,6,0
1,92620,1,3,0
1,92640,3,2,0
1,92660,10,6,0
1,92680,5,8,0
1,92700,5,9,0
1,92720,6,8,0
1,92740,10,8,0
1,92760,10,1,0
1,92780,10,9,0
1,92800,8,8,0
1,92820,10,10,0
1,92840,3,8,0
1,92860,10,9,0
1,92880,2,8,0
1,92900,6,6,0
1,92920,8,3,0
1,92940,10,9,0
1,92960,9,2,0
1,92980,10,1,0
1,93000,6,6,0
1,93020,4,10,0
1,93040,10,10,0
1,93060,3,9,0
1,93080,1,5,0
1,93100,10,8,0
1,93120,2,3,0
1,93140,3,2,0
1,93160,2,8,0
1,93180,5,7,0
1,93200,4,8,0
1,93220,5,10,0
1,93240,10,9,0
1,93260,10,10,0
1,93280,3,10,0
1,93300,1,10,0
1,93320,1,5,0
1,93340,10,1,0
1,93360,1,2,0
1,93380,10,7,0
1,93400,10,1,0
1,93420,1,2,0
1,93440,6,3,0
1,93460,3,9,0
1,93480,1,3,0
1,93500,6,1,0
1,93520,9,1,0
1,93540,1,8,0
1,93560,4,5,0
1,93580,4,9,0
1,93600,1,10,0
1,93620,1,10,0
1,93640,1,4,0
1,93660,9,2,0
1,93680,3,8,0
1,93700,10,1,0
1,93720,9,5,0
1,93740,1,3,0
1,93760,2,10,0
1,93780,7,10,0
1,93800,8,1,0
1,93820,7,2,0
1,93840,10,10,0
1,93860,4,9,0
1,93880,1,10,0
1,93900,3,5,0
1,93920,10,9,0
1,93940,4,1,0
1,93960,1,10,0
1,93980,8,6,0
1,94000,6,10,0
1,94020,10,3,0
1,94040,6,10,0
1,94060,10,8,0
1,94080,8,1,0
1,94100,4,8,0
1,94120,5,7,0
1,94140,10,7,0
1,94160,6,6,0
1,94180,1,6,0
1,94200,8,10,0
1,94220,9,1,0
1,94240,10,1,0
1,94260,1,1,0
1,94280,1,5,0
1,94300,9,10,0
1,94320,4,2,0
1,94340,8,2,0
1,94360,1,4,0
1,94380,10,2,0
1,94400,6,6,0
1,94420,4,10,0
1,94440,10,10,0
1,94460,3,9,0
1,94480,5,10,0
1,94500,10,10,0
1,94520,4,8,0
1,94540,7,10,0
1,94560,1,9,0
1,94580,7,1,0
1,94600,1,2,0
1,94620,1,4,0
1,94640,7,5,0
1,94660,9,5,0
1,94680,10,3,0
1,94700,3,3,0
1,94720,8,3,0
1,94740,1,5,0
1,94760,8,1,0
1,94780,7,9,0
1,94800,10,10,0
1,94820,6,10,0
1,94840,10,8,0
1,94860,7,7,0
1,94880,6,2,0
1,94900,5,10,0
1,94920,10,4,0
1,94940,10,6,0
1,94960,5,1,0
1,94980,10,9,0
1,95000,4,2,0
1,95020,5,4,0
1,95040,4,5,0
1,95060,10,10,0
1,95080,1,2,0
1,95100,6,8,0
1,95120,10,10,0
1,95140,10,6,0
1,95160,2,10,0
1,95180,6,2,0
1,95200,4,1,0
1,95220,10,3,0
1,95240,8,5,0
1,95260,10,1,0
1,95280,10,2,0
1,95300,7,4,0
1,95320,7,2,0
1,95340,3,1,0
1,95360,4,1,0
1,95380,9,10,0
1,95400,1,2,0
1,95420,10,6,0
1,95440,4,7,0
1,95460,1,2,0
1,95480,9,10,0
1,95500,10,9,0
1,95520,1,3,0
1,95540,4,10,0
1,95560,1,8,0
1,95580,2,10,0
1,95600,10,10,0
1,95620,10,8,0
1,95640,8,1,0
1,95660,2,3,0
1,95680,6,10,0
1,95700,9,7,0
1,95720,10,10,0
1,95740,5,1,0
1,95760,5,7,0
1,95780,2,3,0
1,95800,1,9,0
1,95820,6,10,0
1,95840,10,2,0
1,95860,10,10,0
1,95880,9,4,0
1,95900,2,8,0
1,95920,1,7,0
1,95940,7,1,0
1,95960,1,2,0
1,95980,3,9,0
1,96000,6,1,0
1,96020,1,9,0
1,96040,9,10,0
1,96060,3,10,0
1,96080,1,1,0
1,96100,1,3,0
1,96120,1,2,0
1,96140,7,6,0
1,96160,1,7,0
1,96180,1,7,0
1,96200,4,10,0
1,96220,3,6,0
1,96240,10,7,0
1,96260,8,9,0
1,96280,1,5,0
1,96300,9,9,0
1,96320,1,5,0
1,96340,9,5,0
1,96360,1,9,0
1,96380,5,5,0
1,96400,10,2,0
1,96420,4,8,0
1,96440,2,3,0
1,96460,7,2,0
1,96480,7,1,0
1,96500,1,6,0
1,96520,4,9,0
1,96540,1,4,0
1,96560,10,6,0
1,96580,8,10,0
1,96600,10,2,0
1,96620,8,1,0
1,96640,8,2,0
1,96660,1,10,0
1,96680,1,3,0
1,96700,1,9,0
1,96720,10,10,0
1,96740,1,1,0
1,96760,8,1,0
1,96780,9,7,0
1,96800,10,1,0
1,96820,10,9,0
1,96840,1,7,0
1,96860,4,9,0
1,96880,9,4,0
1,96900,7,1,0
1,96920,1,4,0
1,96940,6,4,0
1,96960,3,10,0
1,96980,10,8,0
1,97000,10,9,0
1,97020,8,8,0
1,97040,7,1,0
1,97060,9,3,0
1,97080,3,8,0
1,97100,2,2,0
1,97120,1,10,0
1,97140,7,1,0
1,97160,8,1,0
1,97180,10,9,0
1,97200,10,9,0
1,97220,6,3,0
1,97240,9,10,0
1,97260,10,8,0
1,97280,5,7,0
1,97300,10,10,0
1,97320,3,9,0
1,97340,8,1,0
1,97360,7,5,0
1,97380,8,1,0
1,97400,10,10,0
1,97420,10,10,0
1,97440,2,7,0
1,97460,4,10,0
1,97480,6,8,0
1,97500,2,3,0
1,97520,9,2,0
1,97540,10,8,0
1,97560,10,2,0
1,97580,5,7,0
1,97600,1,3,0
1,97620,1,1,0
1,97640,9,1,0
1,97660,1,10,0
1,97680,10,1,0
1,97700,10,9,0
1,97720,9,2,0
1,97740,1,5,0
1,97760,1,7,0
1,97780,1,3,0
1,97800,1,9,0
1,97820,3,6,0
1,97840,4,10,0
1,97860,6,7,0
1,97880,1,3,0
1,97900,10,3,0
1,97920,8,7,0
1,97940,3,6,0
1,97960,9,5,0
1,97980,7,3,0
1,98000,1,2,0
1,98020,10,1,0
1,98040,2,3,0
1,98060,1,2,0
1,98080,6,8,0
1,98100,3,3,0
1,98120,5,9,0
1,98140,10,5,0
1,98160,5,7,0
1,98180,10,9,0
1,98200,10,10,0
1,98220,7,7,0
1,98240,1,2,0
1,98260,1,10,0
1,98280,8,4,0
1,98300,10,1,0
1,98320,2,3,0
1,98340,9,1,0
1,98360,7,2,0
1,98380,10,1,0
1,98400,5,3,0
1,98420,8,1,0
1,98440,2,10,0
1,98460,2,10,0
1,98480,3,10,0
1,98500,10,9,0
1,98520,10,6,0
1,98540,2,5,0
1,98560,2,2,0
1,98580,6,6,0
1,98600,10,6,0
1,98620,5,3,0
1,98640,7,6,0
1,98660,5,2,0
1,98680,2,10,0
1,98700,10,3,0
1,98720,10,7,0
1,98740,1,3,0
1,98760,10,7,0
1,98780,10,3,0
1,98800,8,1,0
1,98820,1,10,0
1,98840,10,9,0
1,98860,4,6,0
1,98880,4,1,0
1,98900,2,5,0
1,98920,10,7,0
1,98940,8,6,0
1,98960,6,7,0
1,98980,9,1,0
1,99000,1,2,0
1,99020,3,2,0
1,99040,7,10,0
1,99060,6,5,0
1,99080,8,1,0
1,99100,5,7,0
1,99120,1,5,0
1,99140,2,3,0
1,99160,4,4,0
1,99180,3,7,0
1,99200,5,10,0
1,99220,7,2,0
1,99240,2,2,0
1,99260,1,10,0
1,99280,4,3,0
1,99300,9,1,0
1,99320,8,1,0
1,99340,6,1,0
1,99360,3,5,0
1,99380,8,10,0
1,99400,1,1,0
1,99420,8,9,0
1,99440,10,8,0
1,99460,3,5,0
1,99480,10,6,0
1,99500,4,10,0
1,99520,8,10,0
1,99540,10,10,0
1,99560,9,6,0
1,99580,3,4,0
1,99600,8,1,0
1,99620,8,2,0
1,99640,4,2,0
1,99660,5,2,0
1,99680,5,1,0
1,99700,10,5,0
1,99720,7,5,0
1,99740,1,1,0
1,99760,2,3,0
1,99780,4,10,0
1,99800,3,8,0
1,99820,1,1,0
1,99840,10,10,0
1,99860,8,1,0
1,99880,10,10,0
1,99900,5,9,0
1,99920,10,1,0
1,99940,10,9,0
1,99960,4,10,0
1,99980,3,2,0
1,100000,1,9,0
1,100020,8,1,0
1,100040,10,8,0
1,100060,9,1,0
1,100080,10,10,0
1,100100,3,6,0
1,100120,7,1,0
1,100140,4,10,0
1,100160,7,1,0
1,100180,10,10,0
1,100200,10,3,0
1,100220,5,7,0
1,100240,6,10,0
1,100260,1,10,0
1,100280,8,1,0
1,100300,5,10,0
1,100320,7,10,0
1,100340,1,2,0
1,100360,9,3,0
1,100380,5,8,0
1,100400,1,10,0
1,100420,5,3,0
1,100440,1,2,0
1,100460,10,10,0
1,100480,10,3,0
1,100500,9,1,0
1,100520,8,1,0
1,100540,10,7,0
1,100560,9,10,0
1,100580,9,10,0
1,100600,9,7,0
1,100620,7,1,0
1,100640,4,9,0
1,100660,9,10,0
1,100680,4,2,0
1,100700,3,9,0
1,100720,8,1,0
1,100740,10,1,0
1,100760,10,3,0
1,100780,6,8,0
1,100800,10,8,0
1,100820,6,8,0
1,100840,4,3,0
1,100860,3,10,0
1,100880,1,4,0
1,100900,10,8,0
1,100920,10,9,0
1,100940,7,1,0
1,100960,10,1,0
1,100980,10,7,0
1,101000,1,8,0
1,101020,5,9,0
1,101040,3,10,0
1,101060,5,8,0
1,101080,4,2,0
1,101100,8,2,0
1,101120,4,2,0
1,101140,6,8,0
1,101160,4,6,0
1,101180,4,2,0
1,101200,10,5,0
1,101220,8,2,0
1,101240,6,5,0
1,101260,2,10,0
1,101280,10,6,0
1,101300,10,10,0
1,101320,8,8,0
1,101340,10,7,0
1,101360,7,9,0
1,101380,9,10,0
1,101400,5,10,0
1,101420,8,2,0
1,101440,3,4,0
1,101460,10,7,0
1,101480,7,7,0
1,101500,5,6,0
1,101520,2,5,0
1,101540,1,6,0
1,101560,9,4,0
1,101580,2,3,0
1,101600,8,5,0
1,101620,8,10,0
1,101640,3,10,0
1,101660,4,1,0
1,101680,2,1,0
1,101700,6,9,0
1,101720,8,10,0
1,101740,1,4,0
1,101760,6,3,0
1,101780,8,5,0
1,101800,2,1,0
1,101820,1,2,0
1,101840,10,10,0
1,101860,8,5,0
1,101880,8,2,0
1,101900,1,3,0
1,101920,5,4,0
1,101940,4,9,0
1,101960,9,1,0
1,101980,3,9,0
1,102000,8,10,0
1,102020,10,4,0
1,102040,7,10,0
1,102060,8,8,0
1,102080,9,7,0
1,102100,3,5,0
1,102120,6,2,0
1,102140,1,10,0
1,102160,7,10,0
1,102180,7,2,0
1,102200,4,10,0
1,102220,8,6,0
1,102240,7,8,0
1,102260,5,1,0
1,102280,10,4,0
1,102300,1,2,0
1,102320,1,8,0
1,102340,3,8,0
1,102360,5,10,0
1,102380,10,10,0
1,102400,9,6,0
1,102420,10,8,0
1,102440,1,6,0
1,102460,10,10,0
1,102480,1,10,0
1,102500,10,8,0
1,102520,2,3,0
1,102540,10,9,0
1,102560,1,9,0
1,102580,1,10,0
1,102600,3,3,0
1,102620,6,5,0
1,102640,1,8,0
1,102660,10,6,0
1,102680,1,10,0
1,102700,5,9,0
1,102720,1,1,0
1,102740,5,10,0
1,102760,1,6,0
1,102780,1,3,0
1,102800,10,9,0
1,102820,2,7,0
1,102840,7,7,0
1,102860,8,7,0
1,102880,10,7,0
1,102900,3,8,0
1,102920,3,10,0
1,102940,1,3,0
1,102960,4,10,0
1,102980,10,4,0
1,103000,10,6,0
1,103020,3,9,0
1,103040,10,10,0
1,103060,10,1,0
1,103080,6,5,0
1,103100,7,6,0
1,103120,10,10,0
1,103140,1,1,0
1,103160,10,3,0
1,103180,6,4,0
1,103200,4,3,0
1,103220,10,10,0
1,103240,10,7,0
1,103260,10,1,0
1,103280,5,8,0
1,103300,2,4,0
1,103320,1,2,0
1,103340,6,1,0
1,103360,10,5,0
1,103380,2,3,0
1,103400,3,5,0
1,103420,8,2,0
1,103440,1,2,0
1,103460,9,2,0
1,103480,4,1,0
1,103500,9,1,0
1,103520,1,7,0
1,103540,1,10,0
1,103560,10,9,0
1,103580,8,5,0
1,103600,10,3,0
1,103620,8,7,0
1,103640,1,7,0
1,103660,8,4,0
1,103680,1,8,0
1,103700,3,1,0
1,103720,10,3,0
1,103740,9,5,0
1,103760,7,1,0
1,103780,10,1,0
1,103800,10,6,0
1,103820,8,5,0
1,103840,8,3,0
1,103860,2,10,0
1,103880,3,3,0
1,103900,6,10,0
1,103920,10,4,0
1,103940,8,1,0
1,103960,8,3,0
1,103980,8,1,0
1,104000,10,9,0
1,104020,6,2,0
1,104040,7,2,0
1,104060,8,3,0
1,104080,2,6,0
1,104100,9,2,0
1,104120,6,2,0
1,104140,2,5,0
1,104160,10,8,0
1,104180,10,10,0
1,104200,10,2,0
1,104220,1,3,0
1,104240,3,10,0
1,104260,3,10,0
1,104280,7,1,0
1,104300,10,5,0
1,104320,1,10,0
1,104340,2,5,0
1,104360,9,10,0
1,104380,3,9,0
1,104400,6,9,0
1,104420,8,4,0
1,104440,3,5,0
1,104460,6,9,0
1,104480,10,9,0
1,104500,1,10,0
1,104520,1,10,0
1,104540,1,2,0
1,104560,6,4,0
1,104580,10,2,0
1,104600,9,8,0
1,104620,9,1,0
1,104640,2,5,0
1,104660,6,2,0
1,104680,1,8,0
1,104700,1,8,0
1,104720,10,9,0
1,104740,6,9,0
1,104760,3,10,0
1,104780,3,4,0
1,104800,1,6,0
1,104820,5,5,0
1,104840,5,8,0
1,104860,3,2,0
1,104880,4,9,0
1,104900,10,1,0
1,104920,9,9,0
1,104940,9,1,0
1,104960,5,1,0
1,104980,1,1,0
1,105000,8,9,0
1,105020,2,9,0
1,105040,1,10,0
1,105060,6,3,0
1,105080,10,6,0
1,105100,6,4,0
1,105120,5,10,0
1,105140,7,3,0
1,105160,4,9,0
1,105180,7,10,0
1,105200,8,9,0
1,105220,1,4,0
1,105240,2,6,0
1,105260,1,4,0
1,105280,9,1,0
1,105300,6,1,0
1,105320,6,8,0
1,105340,8,7,0
1,105360,4,1,0
1,105380,2,9,0
1,105400,10,1,0
1,105420,3,10,0
1,105440,10,1,0
1,105460,1,7,0
1,105480,10,3,0
1,105500,8,10,0
1,105520,2,6,0
1,105540,9,5,0
1,105560,6,8,0
1,105580,10,8,0
1,105600,1,1,0
1,105620,6,5,0
1,105640,9,8,0
1,105660,5,4,0
1,105680,1,10,0
1,105700,1,10,0
1,105720,8,1,0
1,105740,7,4,0
1,105760,10,2,0
1,105780,10,5,0
1,105800,10,9,0
1,105820,10,1,0
1,105840,10,3,0
1,105860,2,7,0
1,105880,2,10,0
1,105900,1,1,0
1,105920,2,2,0
1,105940,7,3,0
1,105960,5,1,0
1,105980,2,3,0
1,106000,3,2,0
1,106020,3,8,0
1,106040,6,3,0
1,106060,2,8,0
1,106080,10,10,0
1,106100,5,8,0
1,106120,9,3,0
1,106140,5,10,0
1,106160,5,9,0
1,106180,7,10,0
1,106200,10,4,0
1,106220,3,1,0
1,106240,2,7,0
1,106260,3,6,0
1,106280,1,8,0
1,106300,10,9,0
1,106320,4,1,0
1,106340,1,1,0
1,106360,9,4,0
1,106380,9,1,0
1,106400,5,9,0
1,106420,3,5,0
1,106440,1,1,0
1,106460,1,10,0
1,106480,9,7,0
1,106500,1,1,0
1,106520,4,8,0
1,106540,9,1,0
1,106560,1,10,0
1,106580,9,9,0
1,106600,10,1,0
1,106620,10,9,0
1,106640,10,4,0
1,106660,10,1,0
1,106680,7,1,0
1,106700,8,6,0
1,106720,9,10,0
1,106740,3,3,0
1,106760,10,10,0
1,106780,8,1,0
1,106800,1,7,0
1,106820,10,10,0
1,106840,7,7,0
1,106860,7,1,0
1,106880,6,4,0
1,106900,8,4,0
1,106920,1,1,0
1,106940,5,4,0
1,106960,1,8,0
1,106980,1,1,0
1,107000,2,1,0
1,107020,1,4,0
1,107040,1,4,0
1,107060,10,1,0
1,107080,5,5,0
1,107100,2,10,0
1,107120,7,3,0
1,107140,7,1,0
1,107160,10,2,0
1,107180,3,9,0
1,107200,3,6,0
1,107220,1,1,0
1,107240,10,10,0
1,107260,8,9,0
1,107280,1,4,0
1,107300,8,8,0
1,107320,2,10,0
1,107340,7,7,0
1,107360,6,4,0
1,107380,7,2,0
1,107400,7,5,0
1,107420,7,9,0
1,107440,1,9,0
1,107460,10,7,0
1,107480,9,3,0
1,107500,4,6,0
1,107520,10,8,0
1,107540,2,3,0
1,107560,9,6,0
1,107580,6,8,0
1,107600,7,3,0
1,107620,9,2,0
1,107640,1,10,0
1,107660,7,2,0
1,107680,2,1,0
1,107700,5,6,0
1,107720,8,9,0
1,107740,1,1,0
1,107760,3,10,0
1,107780,5,9,0
1,107800,9,9,0
1,107820,1,10,0
1,107840,4,5,0
1,107860,5,8,0
1,107880,1,4,0
1,107900,1,9,0
1,107920,1,7,0
1,107940,9,2,0
1,107960,10,7,0
1,107980,1,1,0
1,108000,4,4,0
1,108020,10,8,0
1,108040,6,7,0
1,108060,6,6,0
1,108080,9,9,0
1,108100,2,1,0
1,108120,8,2,0
1,108140,7,1,0
1,108160,4,2,0
1,108180,10,9,0
1,108200,10,9,0
1,108220,2,9,0
1,108240,6,3,0
1,108260,10,1,0
1,108280,6,1,0
1,108300,10,4,0
1,108320,1,2,0
1,108340,1,2,0
1,108360,7,10,0
1,108380,7,2,0
1,108400,8,8,0
1,108420,1,10,0
1,108440,4,10,0
1,108460,5,1,0
1,108480,8,9,0
1,108500,4,9,0
1,108520,5,1,0
1,108540,10,9,0
1,108560,3,3,0
1,108580,9,2,0
1,108600,2,3,0
1,108620,9,2,0
1,108640,1,4,0
1,108660,3,8,0
1,108680,4,1,0
1,108700,10,2,0
1,108720,10,4,0
1,108740,6,7,0
1,108760,7,4,0
1,108780,4,5,0
1,108800,7,9,0
1,108820,10,7,0
1,108840,4,6,0
1,108860,1,1,0
1,108880,9,2,0
1,108900,4,5,0
1,108920,4,10,0
1,108940,9,8,0
1,108960,1,4,0
1,108980,9,5,0
1,109000,10,3,0
1,109020,9,4,0
1,109040,7,1,0
1,109060,7,7,0
1,109080,6,8,0
1,109100,10,10,0
1,109120,10,8,0
1,109140,9,10,0
1,109160,2,7,0
1,109180,10,1,0
1,109200,2,10,0
1,109220,5,2,0
1,109240,1,10,0
1,109260,9,1,0
1,109280,6,6,0
1,109300,3,4,0
1,109320,6,1,0
1,109340,4,9,0
1,109360,10,5,0
1,109380,1,9,0
1,109400,1,10,0
1,109420,10,6,0
1,109440,5,10,0
1,109460,7,10,0
1,109480,8,7,0
1,109500,3,10,0
1,109520,9,2,0
1,109540,1,2,0
1,109560,6,10,0
1,109580,8,9,0
1,109600,5,4,0
1,109620,3,3,0
1,109640,9,9,0
1,109660,5,8,0
1,109680,8,10,0
1,109700,4,2,0
1,109720,10,7,0
1,109740,6,5,0
1,109760,1,2,0
1,109780,6,8,0
1,109800,1,4,0
1,109820,10,4,0
1,109840,8,7,0
1,109860,5,4,0
1,109880,2,1,0
1,109900,10,2,0
1,109920,9,1,0
1,109940,1,8,0
1,109960,1,2,0
1,109980,10,10,0
1,110000,2,3,0
1,110020,9,8,0
1,110040,2,10,0
1,110060,10,10,0
1,110080,1,5,0
1,110100,5,8,0
1,110120,9,8,0
1,110140,2,7,0
1,110160,7,4,0
1,110180,10,10,0
1,110200,10,4,0
1,110220,2,5,0
1,110240,5,6,0
1,110260,1,6,0
1,110280,8,1,0
1,110300,2,10,0
1,110320,10,8,0
1,110340,10,9,0
1,110360,9,1,0
1,110380,6,1,0
1,110400,2,1,0
1,110420,10,8,0
1,110440,10,5,0
1,110460,10,10,0
1,110480,7,5,0
1,110500,1,1,0
1,110520,1,4,0
1,110540,1,10,0
1,110560,10,9,0
1,110580,9,8,0
1,110600,3,2,0
1,110620,2,6,0
1,110640,3,2,0
1,110660,4,10,0
1,110680,4,9,0
1,110700,1,9,0
1,110720,10,1,0
1,110740,1,3,0
1,110760,10,7,0
1,110780,7,1,0
1,110800,7,1,0
1,110820,1,10,0
1,110840,10,10,0
1,110860,2,3,0
1,110880,10,3,0
1,110900,8,6,0
1,110920,1,1,0
1,110940,2,10,0
1,110960,10,1,0
1,110980,1,4,0
1,111000,1,10,0
1,111020,1,10,0
1,111040,6,8,0
1,111060,1,3,0
1,111080,10,7,0
1,111100,1,3,0
1,111120,10,1,0
1,111140,1,10,0
1,111160,9,4,0
1,111180,5,9,0
1,111200,6,10,0
1,111220,6,1,0
1,111240,1,10,0
1,111260,4,10,0
1,111280,8,1,0
1,111300,2,5,0
1,111320,10,9,0
1,111340,4,6,0
1,111360,10,4,0
1,111380,3,1,0
1,111400,8,7,0
1,111420,7,6,0
1,111440,5,1,0
1,111460,4,10,0
1,111480,2,7,0
1,111500,2,1,0
1,111520,3,1,0
1,111540,5,5,0
1,111560,2,1,0
1,111580,1,9,0
1,111600,3,1,0
1,111620,9,7,0
1,111640,7,2,0
1,111660,1,3,0
1,111680,3,1,0
1,111700,9,10,0
1,111720,10,8,0
1,111740,3,2,0
1,111760,10,8,0
1,111780,7,10,0
1,111800,9,3,0
1,111820,9,4,0
1,111840,10,1,0
1,111860,1,8,0
1,111880,1,2,0
1,111900,1,3,0
1,111920,3,5,0
1,111940,8,10,0
1,111960,1,1,0
1,111980,4,10,0
1,112000,5,10,0
1,112020,10,10,0
1,112040,8,2,0
1,112060,7,1,0
1,112080,4,10,0
1,112100,1,4,0
1,112120,10,10,0
1,112140,10,9,0
1,112160,7,7,0
1,112180,9,1,0
1,112200,8,7,0
1,112220,9,9,0
1,112240,10,6,0
1,112260,6,1,0
1,112280,5,5,0
1,112300,6,1,0
1,112320,3,2,0
1,112340,7,7,0
1,112360,1,10,0
1,112380,4,10,0
1,112400,6,3,0
1,112420,1,2,0
1,112440,10,9,0
1,112460,10,1,0
1,112480,2,7,0
1,112500,1,2,0
1,112520,3,4,0
1,112540,10,7,0
1,112560,2,10,0
1,112580,10,5,0
1,112600,5,1,0
1,112620,7,1,0
1,112640,10,9,0
1,112660,10,1,0
1,112680,4,10,0
1,112700,10,8,0
1,112720,5,1,0
1,112740,10,1,0
1,112760,4,1,0
1,112780,10,4,0
1,112800,5,5,0
1,112820,4,6,0
1,112840,3,6,0
1,112860,9,10,0
1,112880,10,2,0
1,112900,10,9,0
1,112920,1,6,0
1,112940,10,10,0
1,112960,9,2,0
1,112980,2,10,0
1,113000,4,2,0
1,113020,10,8,0
1,113040,7,1,0
1,113060,6,6,0
1,113080,3,4,0
1,113100,3,2,0
1,113120,6,1,0
1,113140,2,10,0
1,113160,4,6,0
1,113180,10,4,0
1,113200,2,1,0
1,113220,4,5,0
1,113240,10,1,0
1,113260,3,10,0
1,113280,2,10,0
1,113300,9,1,0
1,113320,1,5,0
1,113340,3,10,0
1,113360,7,1,0
1,113380,9,1,0
1,113400,9,1,0
1,113420,3,10,0
1,113440,6,1,0
1,113460,1,9,0
1,113480,7,2,0
1,113500,6,5,0
1,113520,8,5,0
1,113540,9,10,0
1,113560,1,10,0
1,113580,8,1,0
1,113600,10,5,0
1,113620,5,3,0
1,113640,3,10,0
1,113660,4,5,0
1,113680,1,10,0
1,113700,10,2,0
1,113720,1,7,0
1,113740,1,3,0
1,113760,10,9,0
1,113780,4,7,0
1,113800,8,5,0
1,113820,9,1,0
1,113840,8,1,0
1,113860,3,10,0
1,113880,2,4,0
1,113900,10,10,0
1,113920,3,1,0
1,113940,1,5,0
1,113960,1,2,0
1,113980,1,6,0
1,114000,9,1,0
1,114020,4,1,0
1,114040,1,1,0
1,114060,9,8,0
1,114080,10,8,0
1,114100,10,8,0
1,114120,1,3,0
1,114140,1,1,0
1,114160,8,4,0
1,114180,2,10,0
1,114200,8,1,0
1,114220,1,8,0
1,114240,1,4,0
1,114260,2,2,0
1,114280,1,8,0
1,114300,5,9,0
1,114320,7,10,0
1,114340,3,1,0
1,114360,10,1,0
1,114380,9,1,0
1,114400,2,10,0
1,114420,1,6,0
1,114440,7,1,0
1,114460,8,1,0
1,114480,1,1,0
1,114500,3,5,0
1,114520,3,3,0
1,114540,1,9,0
1,114560,9,8,0
1,114580,9,8,0
1,114600,1,5,0
1,114620,10,1,0
1,114640,7,7,0
1,114660,3,4,0
1,114680,10,6,0
1,114700,9,5,0
1,114720,6,5,0
1,114740,4,10,0
1,114760,2,4,0
1,114780,4,1,0
1,114800,2,3,0
1,114820,1,2,0
1,114840,10,2,0
1,114860,10,10,0
1,114880,10,3,0
1,114900,3,2,0
1,114920,2,1,0
1,114940,5,10,0
1,114960,5,5,0
1,114980,3,1,0
1,115000,1,3,0
1,115020,10,9,0
1,115040,1,10,0
1,115060,2,10,0
1,115080,4,5,0
1,115100,2,1,0
1,115120,8,5,0
1,115140,5,6,0
1,115160,9,10,0
1,115180,2,10,0
1,115200,10,10,0
1,115220,1,4,0
1,115240,5,2,0
1,115260,10,2,0
1,115280,9,2,0
1,115300,5,2,0
1,115320,3,1,0
1,115340,6,2,0
1,115360,1,10,0
1,115380,8,2,0
1,115400,6,1,0
1,115420,2,10,0
1,115440,7,7,0
1,115460,7,6,0
1,115480,1,1,0
1,115500,1,10,0
1,115520,1,2,0
1,115540,1,7,0
1,115560,8,7,0
1,115580,5,10,0
1,115600,4,10,0
1,115620,2,3,0
1,115640,7,1,0
1,115660,9,1,0
1,115680,2,7,0
1,115700,5,8,0
1,115720,4,9,0
1,115740,2,5,0
1,115760,2,2,0
1,115780,3,10,0
1,115800,1,3,0
1,115820,10,9,0
1,115840,1,1,0
1,115860,2,8,0
1,115880,10,10,0
1,115900,1,6,0
1,115920,10,7,0
1,115940,10,9,0
1,115960,1,2,0
1,115980,8,10,0
1,116000,9,1,0
1,116020,10,1,0
1,116040,1,3,0
1,116060,2,6,0
1,116080,9,9,0
1,116100,7,3,0
1,116120,7,9,0
1,116140,10,10,0
1,116160,10,10,0
1,116180,6,9,0
1,116200,6,3,0
1,116220,3,1,0
1,116240,1,9,0
1,116260,9,2,0
1,116280,3,1,0
1,116300,8,1,0
1,116320,3,2,0
1,116340,6,10,0
1,116360,2,7,0
1,116380,7,1,0
1,116400,1,10,0
1,116420,3,7,0
1,116440,2,10,0
1,116460,7,1,0
1,116480,5,4,0
1,116500,9,10,0
1,116520,9,2,0
1,116540,10,10,0
1,116560,7,10,0
1,116580,1,1,0
1,116600,6,10,0
1,116620,5,5,0
1,116640,6,3,0
1,116660,10,10,0
1,116680,10,9,0
1,116700,6,2,0
1,116720,9,8,0
1,116740,1,3,0
1,116760,3,10,0
1,116780,3,7,0
1,116800,1,10,0
1,116820,1,1,0
1,116840,6,1,0
1,116860,9,10,0
1,116880,9,2,0
1,116900,9,1,0
1,116920,8,7,0
1,116940,2,9,0
1,116960,9,1,0
1,116980,4,2,0
1,117000,8,4,0
1,117020,8,1,0
1,117040,7,7,0
1,117060,8,1,0
1,117080,7,8,0
1,117100,2,8,0
1,117120,9,8,0
1,117140,5,10,0
1,117160,10,4,0
1,117180,7,5,0
1,117200,2,10,0
1,117220,6,10,0
1,117240,10,9,0
1,117260,9,1,0
1,117280,8,7,0
1,117300,9,8,0
1,117320,10,4,0
1,117340,8,1,0
1,117360,10,8,0
1,117380,9,4,0
1,117400,10,10,0
1,117420,1,4,0
1,117440,10,10,0
1,117460,10,10,0
1,117480,10,7,0
1,117500,10,3,0
1,117520,9,9,0
1,117540,1,10,0
1,117560,2,3,0
1,117580,1,1,0
1,117600,4,7,0
1,117620,3,10,0
1,117640,5,9,0
1,117660,10,9,0
1,117680,1,7,0
1,117700,1,10,0
1,117720,1,4,0
1,117740,10,1,0
1,117760,4,10,0
1,117780,7,4,0
1,117800,1,2,0
1,117820,10,10,0
1,117840,6,8,0
1,117860,8,6,0
1,117880,2,10,0
1,117900,7,1,0
1,117920,5,1,0
1,117940,9,6,0
1,117960,1,3,0
1,117980,10,8,0
1,118000,2,10,0
1,118020,6,1,0
1,118040,10,2,0
1,118060,7,1,0
1,118080,10,1,0
1,118100,10,2,0
1,118120,1,9,0
1,118140,1,10,0
1,118160,9,6,0
1,118180,6,1,0
1,118200,10,7,0
1,118220,3,10,0
1,118240,6,1,0
1,118260,9,1,0
1,118280,6,3,0
1,118300,10,1,0
1,118320,1,1,0
1,118340,10,9,0
1,118360,6,5,0
1,118380,10,10,0
1,118400,10,5,0
1,118420,8,3,0
1,118440,2,5,0
1,118460,1,1,0
1,118480,9,1,0
1,118500,4,10,0
1,118520,10,4,0
1,118540,10,1,0
1,118560,2,7,0
1,118580,1,10,0
1,118600,2,10,0
1,118620,9,1,0
1,118640,9,1,0
1,118660,1,9,0
1,118680,2,1,0
1,118700,6,10,0
1,118720,9,8,0
1,118740,7,1,0
1,118760,9,10,0
1,118780,3,10,0
1,118800,3,10,0
1,118820,1,3,0
1,118840,3,10,0
1,118860,1,5,0
1,118880,7,9,0
1,118900,9,3,0
1,118920,6,9,0
1,118940,3,6,0
1,118960,10,10,0
1,118980,2,10,0
1,119000,10,3,0
1,119020,3,10,0
1,119040,10,1,0
1,119060,2,3,0
1,119080,2,1,0
1,119100,10,1,0
1,119120,1,9,0
1,119140,4,6,0
1,119160,1,4,0
1,119180,5,10,0
1,119200,5,10,0
1,119220,9,4,0
1,119240,1,1,0
1,119260,1,1,0
1,119280,10,8,0
1,119300,2,10,0
1,119320,1,10,0
1,119340,8,1,0
1,119360,4,6,0
1,119380,9,3,0
1,119400,8,10,0
1,119420,2,5,0
1,119440,9,9,0
1,119460,5,1,0
1,119480,1,6,0
1,119500,2,7,0
1,119520,2,3,0
1,119540,5,7,0
1,119560,3,9,0
1,119580,1,8,0
1,119600,9,7,0
1,119620,7,2,0
1,119640,9,1,0
1,119660,5,1,0
1,119680,8,1,0
1,119700,2,7,0
1,119720,2,10,0
1,119740,9,1,0
1,119760,1,5,0
1,119780,10,1,0
1,119800,10,4,0
1,119820,1,5,0
1,119840,1,2,0
1,119860,10,7,0
1,119880,8,2,0
1,119900,5,1,0
1,119920,7,10,0
1,119940,4,3,0
1,119960,4,4,0
1,119980,1,5,0
1,120000,8,5,0
1,120020,9,9,0
1,120040,5,6,0
1,120060,8,1,0
1,120080,4,8,0
1,120100,6,10,0
1,120120,10,1,0
1,120140,10,2,0
1,120160,9,1,0
1,120180,9,1,0
1,120200,4,1,0
1,120220,4,2,0
1,120240,1,5,0
1,120260,9,9,0
1,120280,10,5,0
1,120300,1,6,0
1,120320,3,9,0
1,120340,4,4,0
1,120360,3,7,0
1,120380,10,1,0
1,120400,10,2,0
1,120420,8,1,0
1,120440,1,2,0
1,120460,2,10,0
1,120480,6,1,0
1,120500,5,5,0
1,120520,10,1,0
1,120540,10,10,0
1,120560,9,10,0
1,120580,2,5,0
1,120600,3,10,0
1,120620,1,3,0
1,120640,9,1,0
1,120660,3,10,0
1,120680,7,8,0
1,120700,5,10,0
1,120720,10,1,0
1,120740,6,1,0
1,120760,3,10,0
1,120780,4,5,0
1,120800,1,1,0
1,120820,2,10,0
1,120840,2,3,0
1,120860,10,10,0
1,120880,9,5,0
1,120900,6,6,0
1,120920,1,3,0
1,120940,1,7,0
1,120960,10,1,0
1,120980,10,10,0
1,121000,9,2,0
1,121020,5,2,0
1,121040,3,2,0
1,121060,2,8,0
1,121080,10,3,0
1,121100,1,1,0
1,121120,1,10,0
1,121140,10,5,0
1,121160,1,6,0
1,121180,3,5,0
1,121200,9,7,0
1,121220,1,10,0
1,121240,3,10,0
1,121260,10,4,0
1,121280,4,2,0
1,121300,5,4,0
1,121320,10,8,0
1,121340,10,1,0
1,121360,2,10,0
1,121380,3,10,0
1,121400,2,10,0
1,121420,2,3,0
1,121440,1,5,0
1,121460,1,9,0
1,121480,6,9,0
1,121500,9,2,0
1,121520,10,7,0
1,121540,7,1,0
1,121560,5,2,0
1,121580,8,9,0
1,121600,7,8,0
1,121620,9,2,0
1,121640,4,3,0
1,121660,3,9,0
1,121680,2,4,0
1,121700,9,6,0
1,121720,10,10,0
1,121740,4,10,0
1,121760,3,1,0
1,121780,1,3,0
1,121800,1,10,0
1,121820,2,3,0
1,121840,1,8,0
1,121860,9,4,0
1,121880,5,7,0
1,121900,1,1,0
1,121920,10,8,0
1,121940,9,9,0
1,121960,8,9,0
1,121980,10,1,0
1,122000,1,8,0
1,122020,2,5,0
1,122040,9,1,0
1,122060,4,9,0
1,122080,1,10,0
1,122100,1,10,0
1,122120,8,1,0
1,122140,1,1,0
1,122160,7,1,0
1,122180,7,8,0
1,122200,10,8,0
1,122220,10,10,0
1,122240,4,9,0
1,122260,8,1,0
1,122280,3,9,0
1,122300,10,6,0
1,122320,2,9,0
1,122340,2,9,0
1,122360,4,7,0
1,122380,2,5,0
1,122400,10,10,0
1,122420,10,8,0
1,122440,1,10,0
1,122460,1,4,0
1,122480,7,4,0
1,122500,1,8,0
1,122520,6,5,0
1,122540,7,9,0
1,122560,7,1,0
1,122580,4,10,0
1,122600,7,2,0
1,122620,9,8,0
1,122640,4,5,0
1,122660,10,9,0
1,122680,10,8,0
1,122700,7,6,0
1,122720,1,1,0
1,122740,1,6,0
1,122760,9,1,0
1,122780,10,8,0
1,122800,5,8,0
1,122820,6,10,0
1,122840,9,6,0
1,122860,6,1,0
1,122880,8,1,0
1,122900,4,1,0
1,122920,10,10,0
1,122940,4,9,0
1,122960,2,1,0
1,122980,1,3,0
1,123000,1,2,0
1,123020,2,7,0
1,123040,5,9,0
1,123060,2,9,0
1,123080,10,1,0
1,123100,10,1,0
1,123120,5,8,0
1,123140,10,7,0
1,123160,4,6,0
1,123180,1,10,0
1,123200,7,8,0
1,123220,6,7,0
1,123240,7,7,0
1,123260,1,4,0
1,123280,10,1,0
1,123300,6,5,0
1,123320,10,4,0
1,123340,1,10,0
1,123360,1,7,0
1,123380,1,2,0
1,123400,2,1,0
1,123420,4,10,0
1,123440,7,4,0
1,123460,2,10,0
1,123480,5,1,0
1,123500,10,10,0
1,123520,9,5,0
1,123540,10,1,0
1,123560,1,2,0
1,123580,1,1,0
1,123600,9,6,0
1,123620,1,10,0
1,123640,4,1,0
1,123660,4,2,0
1,123680,3,9,0
1,123700,10,8,0
1,123720,6,2,0
1,123740,1,7,0
1,123760,10,7,0
1,123780,5,4,0
1,123800,10,1,0
1,123820,1,5,0
1,123840,4,1,0
1,123860,1,4,0
1,123880,7,8,0
1,123900,2,8,0
1,123920,4,2,0
1,123940,10,7,0
1,123960,2,10,0
1,123980,10,9,0
1,124000,5,5,0
1,124020,7,1,0
1,124040,4,8,0
1,124060,10,9,0
1,124080,10,10,0
1,124100,3,10,0
1,124120,2,10,0
1,124140,10,9,0
1,124160,8,10,0
1,124180,7,9,0
1,124200,7,1,0
1,124220,1,9,0
1,124240,1,10,0
1,124260,6,4,0
1,124280,3,2,0
1,124300,5,4,0
1,124320,1,5,0
1,124340,10,6,0
1,124360,4,6,0
1,124380,10,1,0
1,124400,3,10,0
1,124420,10,10,0
1,124440,3,9,0
1,124460,7,1,0
1,124480,10,1,0
1,124500,10,5,0
1,124520,2,9,0
1,124540,2,9,0
1,124560,10,8,0
1,124580,7,1,0
1,124600,3,10,0
1,124620,10,9,0
1,124640,9,1,0
1,124660,10,8,0
1,124680,2,8,0
1,124700,1,1,0
1,124720,10,10,0
1,124740,10,9,0
1,124760,10,8,0
1,124780,10,10,0
1,124800,10,2,0
1,124820,10,1,0
1,124840,1,3,0
1,124860,4,5,0
1,124880,10,1,0
1,124900,10,3,0
1,124920,10,2,0
1,124940,4,7,0
1,124960,6,8,0
1,124980,9,10,0
1,125000,4,6,0
1,125020,1,1,0
1,125040,5,4,0
1,125060,9,10,0
1,125080,4,8,0
1,125100,9,1,0
1,125120,10,9,0
1,125140,2,1,0
1,125160,4,6,0
1,125180,2,7,0
1,125200,1,1,0
1,125220,10,2,0
1,125240,5,6,0
1,125260,9,6,0
1,125280,10,1,0
1,125300,1,2,0
1,125320,10,8,0
1,125340,3,4,0
1,125360,4,3,0
1,125380,10,1,0
1,125400,1,3,0
1,125420,8,1,0
1,125440,3,3,0
1,125460,6,1,0
1,125480,1,10,0
1,125500,1,10,0
1,125520,1,1,0
1,125540,1,7,0
1,125560,2,10,0
1,125580,10,3,0
1,125600,2,10,0
1,125620,4,5,0
1,125640,1,3,0
1,125660,10,5,0
1,125680,2,1,0
1,125700,2,10,0
1,125720,6,3,0
1,125740,7,1,0
1,125760,2,4,0
1,125780,9,2,0
1,125800,2,3,0
1,125820,3,6,0
1,125840,1,7,0
1,125860,1,4,0
1,125880,5,6,0
1,125900,9,1,0
1,125920,2,10,0
1,125940,3,10,0
1,125960,1,3,0
1,125980,10,1,0
1,126000,1,2,0
1,126020,4,4,0
1,126040,7,8,0
1,126060,5,7,0
1,126080,2,1,0
1,126100,5,5,0
1,126120,8,7,0
1,126140,1,1,0
1,126160,1,10,0
1,126180,5,4,0
1,126200,1,10,0
1,126220,6,6,0
1,126240,4,10,0
1,126260,7,2,0
1,126280,2,2,0
1,126300,2,10,0
1,126320,2,5,0
1,126340,10,9,0
1,126360,2,1,0
1,126380,10,9,0
1,126400,8,7,0
1,126420,9,8,0
1,126440,6,1,0
1,126460,9,6,0
1,126480,9,3,0
1,126500,10,7,0
1,126520,2,10,0
1,126540,4,5,0
1,126560,9,1,0
1,126580,1,10,0
1,126600,9,10,0
1,126620,1,4,0
1,126640,10,7,0
1,126660,10,9,0
1,126680,2,3,0
1,126700,7,7,0
1,126720,3,7,0
1,126740,10,1,0
1,126760,2,10,0
1,126780,10,8,0
1,126800,10,1,0
1,126820,7,5,0
1,126840,5,1,0
1,126860,4,8,0
1,126880,10,10,0
1,126900,7,1,0
1,126920,6,7,0
1,126940,5,9,0
1,126960,7,8,0
1,126980,10,6,0
1,127000,1,10,0
1,127020,10,10,0
1,127040,2,2,0
1,127060,2,10,0
1,127080,9,6,0
1,127100,6,8,0
1,127120,1,5,0
1,127140,3,4,0
1,127160,5,8,0
1,127180,3,7,0
1,127200,2,1,0
1,127220,9,3,0
1,127240,10,9,0
1,127260,1,10,0
1,127280,9,7,0
1,127300,4,1,0
1,127320,5,5,0
1,127340,4,6,0
1,127360,1,1,0
1,127380,1,9,0
1,127400,10,1,0
1,127420,7,9,0
1,127440,10,3,0
1,127460,1,3,0
1,127480,7,2,0
1,127500,7,3,0
1,127520,9,1,0
1,127540,10,1,0
1,127560,10,6,0
1,127580,7,5,0
1,127600,4,9,0
1,127620,10,9,0
1,127640,8,9,0
1,127660,4,10,0
1,127680,9,8,0
1,127700,1,1,0
1,127720,2,1,0
1,127740,5,2,0
1,127760,1,1,0
1,127780,2,10,0
1,127800,7,5,0
1,127820,2,5,0
1,127840,10,9,0
1,127860,10,8,0
1,127880,10,10,0
1,127900,10,1,0
1,127920,6,2,0
1,127940,3,3,0
1,127960,10,10,0
1,127980,1,2,0
1,128000,9,8,0
1,128020,1,2,0
1,128040,8,7,0
1,128060,2,10,0
1,128080,10,8,0
1,128100,6,1,0
1,128120,1,2,0
1,128140,10,5,0
1,128160,10,1,0
1,128180,10,10,0
1,128200,6,9,0
1,128220,10,1,0
1,128240,10,9,0
1,128260,8,3,0
1,128280,5,2,0
1,128300,6,1,0
1,128320,9,3,0
1,128340,10,9,0
1,128360,10,1,0
1,128380,8,2,0
1,128400,1,3,0
1,128420,8,3,0
1,128440,2,7,0
1,128460,2,10,0
1,128480,1,3,0
1,128500,2,10,0
1,128520,1,8,0
1,128540,8,8,0
1,128560,1,8,0
1,128580,1,3,0
1,128600,10,1,0
1,128620,3,10,0
1,128640,4,10,0
1,128660,4,8,0
1,128680,4,10,0
1,128700,1,10,0
1,128720,1,8,0
1,128740,1,9,0
1,128760,6,1,0
1,128780,3,10,0
1,128800,1,6,0
1,128820,1,4,0
1,128840,10,8,0
1,128860,3,3,0
1,128880,5,6,0
1,128900,10,8,0
1,128920,10,5,0
1,128940,9,1,0
1,128960,1,5,0
1,128980,10,1,0
1,129000,9,2,0
1,129020,5,10,0
1,129040,10,8,0
1,129060,3,9,0
1,129080,5,9,0
1,129100,9,1,0
1,129120,7,1,0
1,129140,7,7,0
1,129160,3,10,0
1,129180,2,7,0
1,129200,2,10,0
1,129220,4,6,0
1,129240,9,1,0
1,129260,8,1,0
1,129280,8,3,0
1,129300,4,3,0
1,129320,6,1,0
1,129340,3,10,0
1,129360,9,8,0
1,129380,1,7,0
1,129400,7,6,0
1,129420,3,7,0
1,129440,1,3,0
1,129460,8,5,0
1,129480,1,5,0
1,129500,7,8,0
1,129520,1,2,0
1,129540,4,3,0
1,129560,10,8,0
1,129580,5,2,0
1,129600,10,6,0
1,129620,1,2,0
1,129640,6,10,0
1,129660,10,9,0
1,129680,8,1,0
1,129700,7,1,0
1,129720,10,1,0
1,129740,8,10,0
1,129760,10,10,0
1,129780,9,2,0
1,129800,10,2,0
1,129820,2,6,0
1,129840,4,10,0
1,129860,1,10,0
1,129880,1,6,0
1,129900,8,1,0
1,129920,3,6,0
1,129940,5,9,0
1,129960,8,10,0
1,129980,3,1,0
1,130000,1,10,0
1,130020,10,9,0
1,130040,1,10,0
1,130060,2,5,0
1,130080,2,10,0
1,130100,1,10,0
1,130120,1,5,0
1,130140,6,8,0
1,130160,10,5,0
1,130180,4,10,0
1,130200,9,9,0
1,130220,1,3,0
1,130240,1,6,0
1,130260,5,2,0
1,130280,8,1,0
1,130300,4,7,0
1,130320,1,6,0
1,130340,10,8,0
1,130360,10,1,0
1,130380,10,1,0
1,130400,10,7,0
1,130420,1,1,0
1,130440,1,6,0
1,130460,10,9,0
1,130480,5,1,0
1,130500,6,2,0
1,130520,1,2,0
1,130540,7,3,0
1,130560,10,6,0
1,130580,5,10,0
1,130600,5,1,0
1,130620,2,6,0
1,130640,5,1,0
1,130660,9,1,0
1,130680,2,9,0
1,130700,3,2,0
1,130720,1,4,0
1,130740,7,10,0
1,130760,9,2,0
1,130780,5,4,0
1,130800,10,10,0
1,130820,10,1,0
1,130840,9,1,0
1,130860,8,9,0
1,130880,1,10,0
1,130900,1,10,0
1,130920,4,7,0
1,130940,5,1,0
1,130960,6,2,0
1,130980,1,10,0
1,131000,10,5,0
1,131020,7,10,0
1,131040,7,8,0
1,131060,8,2,0
1,131080,8,1,0
1,131100,10,6,0
1,131120,4,3,0
1,131140,1,10,0
1,131160,10,10,0
1,131180,1,10,0
1,131200,10,9,0
1,131220,10,1,0
1,131240,9,1,0
1,131260,4,9,0
1,131280,1,3,0
1,131300,1,2,0
1,131320,4,3,0
1,131340,4,10,0
1,131360,8,10,0
1,131380,8,9,0
1,131400,10,10,0
1,131420,9,1,0
1,131440,10,5,0
1,131460,1,2,0
1,131480,4,10,0
1,131500,4,10,0
1,131520,4,10,0
1,131540,2,2,0
1,131560,6,1,0
1,131580,1,1,0
1,131600,1,4,0
1,131620,10,9,0
1,131640,4,2,0
1,131660,8,1,0
1,131680,2,8,0
1,131700,6,9,0
1,131720,3,6,0
1,131740,9,1,0
1,131760,10,8,0
1,131780,10,10,0
1,131800,7,7,0
1,131820,10,1,0
1,131840,2,2,0
1,131860,1,10,0
1,131880,1,1,0
1,131900,1,4,0
1,131920,10,1,0
1,131940,7,1,0
1,131960,8,1,0
1,131980,1,5,0
1,132000,8,7,0
1,132020,9,9,0
1,132040,10,3,0
1,132060,2,8,0
1,132080,1,3,0
1,132100,10,6,0
1,132120,2,2,0
1,132140,8,1,0
1,132160,3,1,0
1,132180,9,1,0
1,132200,6,4,0
1,132220,10,1,0
1,132240,4,6,0
1,132260,6,1,0
1,132280,1,4,0
1,132300,8,9,0
1,132320,6,8,0
1,132340,10,10,0
1,132360,10,2,0
1,132380,10,7,0
1,132400,9,1,0
1,132420,10,5,0
1,132440,10,1,0
1,132460,9,10,0
1,132480,2,3,0
1,132500,5,10,0
1,132520,3,1,0
1,132540,9,9,0
1,132560,9,3,0
1,132580,3,4,0
1,132600,3,7,0
1,132620,6,9,0
1,132640,7,2,0
1,132660,2,3,0
1,132680,1,2,0
1,132700,1,1,0
1,132720,10,10,0
1,132740,6,5,0
1,132760,10,1,0
1,132780,10,2,0
1,132800,2,9,0
1,132820,10,10,0
1,132840,1,2,0
1,132860,3,8,0
1,132880,10,2,0
1,132900,1,8,0
1,132920,3,10,0
1,132940,7,2,0
1,132960,9,9,0
1,132980,2,1,0
1,133000,2,9,0
1,133020,2,10,0
1,133040,8,2,0
1,133060,7,1,0
1,133080,9,2,0
1,133100,10,1,0
1,133120,1,1,0
1,133140,3,7,0
1,133160,9,10,0
1,133180,8,2,0
1,133200,6,9,0
1,133220,9,2,0
1,133240,3,2,0
1,133260,1,4,0
1,133280,2,3,0
1,133300,1,3,0
1,133320,6,1,0
1,133340,10,2,0
1,133360,3,4,0
1,133380,10,7,0
1,133400,10,8,0
1,133420,10,10,0
1,133440,10,8,0
1,133460,9,2,0
1,133480,9,1,0
1,133500,3,7,0
1,133520,7,2,0
1,133540,10,6,0
1,133560,1,1,0
1,133580,9,1,0
1,133600,4,4,0
1,133620,8,1,0
1,133640,6,10,0
1,133660,10,9,0
1,133680,9,6,0
1,133700,10,5,0
1,133720,7,1,0
1,133740,5,4,0
1,133760,1,3,0
1,133780,9,1,0
1,133800,6,1,0
1,133820,1,2,0
1,133840,3,10,0
1,133860,10,2,0
1,133880,9,5,0
1,133900,2,1,0
1,133920,9,2,0
1,133940,3,2,0
1,133960,5,10,0
1,133980,9,8,0
1,134000,2,1,0
1,134020,9,3,0
1,134040,8,9,0
1,134060,9,2,0
1,134080,4,7,0
1,134100,9,5,0
1,134120,1,2,0
1,134140,1,1,0
1,134160,5,7,0
1,134180,5,7,0
1,134200,8,4,0
1,134220,1,1,0
1,134240,8,10,0
1,134260,7,10,0
1,134280,2,1,0
1,134300,10,10,0
1,134320,10,1,0
1,134340,10,1,0
1,134360,8,2,0
1,134380,4,10,0
1,134400,10,9,0
1,134420,5,2,0
1,134440,3,3,0
1,134460,8,4,0
1,134480,9,8,0
1,134500,10,1,0
1,134520,4,2,0
1,134540,8,6,0
1,134560,10,9,0
1,134580,1,10,0
1,134600,9,5,0
1,134620,7,8,0
1,134640,10,1,0
1,134660,10,8,0
1,134680,5,6,0
1,134700,3,10,0
1,134720,10,1,0
1,134740,3,1,0
1,134760,5,1,0
1,134780,9,3,0
1,134800,10,8,0
1,134820,8,10,0
1,134840,2,6,0
1,134860,10,9,0
1,134880,2,2,0
1,134900,8,1,0
1,134920,2,3,0
1,134940,4,5,0
1,134960,1,9,0
1,134980,7,2,0
1,135000,2,10,0
1,135020,2,4,0
1,135040,3,5,0
1,135060,9,1,0
1,135080,5,3,0
1,135100,4,6,0
1,135120,7,10,0
1,135140,10,8,0
1,135160,1,10,0
1,135180,1,8,0
1,135200,10,8,0
1,135220,3,6,0
1,135240,9,3,0
1,135260,5,5,0
1,135280,1,10,0
1,135300,2,5,0
1,135320,10,10,0
1,135340,10,5,0
1,135360,4,10,0
1,135380,6,2,0
1,135400,8,1,0
1,135420,6,1,0
1,135440,3,9,0
1,135460,5,1,0
1,135480,9,1,0
1,135500,4,1,0
1,135520,10,2,0
1,135540,6,2,0
1,135560,6,8,0
1,135580,1,5,0
1,135600,10,4,0
1,135620,10,1,0
1,135640,1,10,0
1,135660,10,7,0
1,135680,9,1,0
1,135700,1,3,0
1,135720,2,8,0
1,135740,10,1,0
1,135760,10,8,0
1,135780,10,10,0
1,135800,6,8,0
1,135820,1,2,0
1,135840,1,3,0
1,135860,1,10,0
1,135880,10,1,0
1,135900,2,2,0
1,135920,1,10,0
1,135940,8,1,0
1,135960,2,10,0
1,135980,7,8,0
1,136000,3,10,0
1,136020,4,8,0
1,136040,10,8,0
1,136060,10,2,0
1,136080,2,10,0
1,136100,3,9,0
1,136120,6,9,0
1,136140,9,10,0
1,136160,8,7,0
1,136180,9,1,0
1,136200,10,7,0
1,136220,8,1,0
1,136240,7,3,0
1,136260,10,2,0
1,136280,1,5,0
1,136300,10,8,0
1,136320,2,4,0
1,136340,3,10,0
1,136360,7,1,0
1,136380,10,3,0
1,136400,10,10,0
1,136420,7,1,0
1,136440,8,1,0
1,136460,4,5,0
1,136480,5,7,0
1,136500,10,7,0
1,136520,8,8,0
1,136540,9,10,0
1,136560,3,3,0
1,136580,1,3,0
1,136600,6,1,0
1,136620,5,2,0
1,136640,10,8,0
1,136660,6,1,0
1,136680,4,1,0
1,136700,1,3,0
1,136720,2,10,0
1,136740,9,3,0
1,136760,4,8,0
1,136780,2,4,0
1,136800,2,10,0
1,136820,10,8,0
1,136840,1,10,0
1,136860,10,9,0
1,136880,2,4,0
1,136900,4,10,0
1,136920,10,9,0
1,136940,10,3,0
1,136960,8,5,0
1,136980,1,3,0
1,137000,10,9,0
1,137020,4,1,0
1,137040,10,1,0
1,137060,7,2,0
1,137080,3,10,0
1,137100,6,10,0
1,137120,10,9,0
1,137140,1,10,0
1,137160,1,3,0
1,137180,5,2,0
1,137200,6,6,0
1,137220,9,4,0
1,137240,10,2,0
1,137260,1,10,0
1,137280,1,2,0
1,137300,6,3,0
1,137320,3,10,0
1,137340,8,10,0
1,137360,1,2,0
1,137380,1,8,0
1,137400,8,5,0
1,137420,1,3,0
1,137440,10,1,0
1,137460,1,2,0
1,137480,4,1,0
1,137500,1,10,0
1,137520,9,1,0
1,137540,10,6,0
1,137560,6,5,0
1,137580,8,9,0
1,137600,9,8,0
1,137620,8,5,0
1,137640,2,9,0
1,137660,1,10,0
1,137680,1,7,0
1,137700,9,1,0
1,137720,3,7,0
1,137740,9,6,0
1,137760,10,5,0
1,137780,1,4,0
1,137800,3,10,0
1,137820,10,10,0
1,137840,8,10,0
1,137860,1,9,0
1,137880,1,1,0
1,137900,6,5,0
1,137920,2,3,0
1,137940,1,2,0
1,137960,1,10,0
1,137980,10,10,0
1,138000,1,1,0
1,138020,4,10,0
1,138040,1,7,0
1,138060,4,3,0
1,138080,6,10,0
1,138100,8,1,0
1,138120,5,5,0
1,138140,10,8,0
1,138160,1,9,0
1,138180,4,10,0
1,138200,5,9,0
1,138220,10,1,0
1,138240,9,1,0
1,138260,7,8,0
1,138280,10,9,0
1,138300,10,7,0
1,138320,2,10,0
1,138340,3,8,0
1,138360,10,3,0
1,138380,5,10,0
1,138400,2,9,0
1,138420,3,10,0
1,138440,4,10,0
1,138460,9,10,0
1,138480,1,1,0
1,138500,2,10,0
1,138520,1,3,0
1,138540,5,9,0
1,138560,1,10,0
1,138580,4,10,0
1,138600,2,9,0
1,138620,2,10,0
1,138640,8,1,0
1,138660,1,2,0
1,138680,2,10,0
1,138700,10,5,0
1,138720,10,4,0
1,138740,3,3,0
1,138760,1,5,0
1,138780,2,8,0
1,138800,10,9,0
1,138820,10,9,0
1,138840,6,3,0
1,138860,10,3,0
1,138880,10,7,0
1,138900,9,1,0
1,138920,4,10,0
1,138940,8,1,0
1,138960,10,9,0
1,138980,9,1,0
1,139000,8,8,0
1,139020,10,6,0
1,139040,3,5,0
1,139060,9,10,0
1,139080,9,9,0
1,139100,7,7,0
1,139120,10,8,0
1,139140,7,9,0
1,139160,1,10,0
1,139180,7,10,0
1,139200,7,10,0
1,139220,10,7,0
1,139240,2,1,0
1,139260,8,1,0
1,139280,5,9,0
1,139300,8,4,0
1,139320,7,3,0
1,139340,7,6,0
1,139360,10,1,0
1,139380,1,10,0
1,139400,5,4,0
1,139420,8,8,0
1,139440,6,10,0
1,139460,1,3,0
1,139480,1,10,0
1,139500,7,1,0
1,139520,1,5,0
1,139540,10,2,0
1,139560,10,9,0
1,139580,2,10,0
1,139600,1,1,0
1,139620,3,1,0
1,139640,1,5,0
1,139660,4,9,0
1,139680,10,1,0
1,139700,5,10,0
1,139720,10,1,0
1,139740,6,4,0
1,139760,10,1,0
1,139780,1,1,0
1,139800,1,6,0
1,139820,7,10,0
1,139840,1,10,0
1,139860,5,8,0
1,139880,4,5,0
1,139900,10,8,0
1,139920,1,2,0
1,139940,2,9,0
1,139960,7,1,0
1,139980,8,1,0
1,140000,1,6,0
1,140020,4,10,0
1,140040,4,10,0
1,140060,3,2,0
1,140080,10,1,0
1,140100,10,8,0
1,140120,1,1,0
1,140140,1,1,0
1,140160,5,4,0
1,140180,10,7,0
1,140200,2,10,0
1,140220,5,7,0
1,140240,6,2,0
1,140260,4,8,0
1,140280,9,1,0
1,140300,8,4,0
1,140320,6,1,0
1,140340,1,5,0
1,140360,10,9,0
1,140380,6,9,0
1,140400,9,10,0
1,140420,1,10,0
1,140440,5,3,0
1,140460,7,2,0
1,140480,10,10,0
1,140500,9,10,0
1,140520,3,6,0
1,140540,4,7,0
1,140560,3,10,0
1,140580,5,7,0
1,140600,8,2,0
1,140620,5,3,0
1,140640,10,7,0
1,140660,6,10,0
1,140680,10,4,0
1,140700,6,4,0
1,140720,8,1,0
1,140740,1,9,0
1,140760,5,2,0
1,140780,7,7,0
1,140800,4,10,0
1,140820,6,1,0
1,140840,4,3,0
1,140860,5,6,0
1,140880,5,4,0
1,140900,10,7,0
1,140920,6,2,0
1,140940,10,1,0
1,140960,9,7,0
1,140980,1,5,0
1,141000,10,9,0
1,141020,2,1,0
1,141040,4,9,0
1,141060,4,10,0
1,141080,1,9,0
1,141100,4,9,0
1,141120,6,2,0
1,141140,5,8,0
1,141160,5,6,0
1,141180,3,8,0
1,141200,5,9,0
1,141220,6,8,0
1,141240,10,6,0
1,141260,10,3,0
1,141280,9,10,0
1,141300,1,4,0
1,141320,7,1,0
1,141340,2,3,0
1,141360,7,7,0
1,141380,2,10,0
1,141400,6,9,0
1,141420,10,9,0
1,141440,1,1,0
1,141460,1,10,0
1,141480,10,10,0
1,141500,3,10,0
1,141520,4,3,0
1,141540,2,9,0
1,141560,9,7,0
1,141580,2,1,0
1,141600,10,1,0
1,141620,10,1,0
1,141640,10,10,0
1,141660,9,8,0
1,141680,10,6,0
1,141700,1,9,0
1,141720,2,8,0
1,141740,10,7,0
1,141760,9,8,0
1,141780,6,9,0
1,141800,1,9,0
1,141820,8,1,0
1,141840,3,9,0
1,141860,1,4,0
1,141880,5,8,0
1,141900,1,9,0
1,141920,1,6,0
1,141940,4,8,0
1,141960,1,4,0
1,141980,10,6,0
1,142000,10,6,0
1,142020,1,2,0
1,142040,10,2,0
1,142060,7,1,0
1,142080,1,5,0
1,142100,7,9,0
1,142120,2,8,0
1,142140,3,10,0
1,142160,9,1,0
1,142180,5,9,0
1,142200,2,1,0
1,142220,10,7,0
1,142240,6,4,0
1,142260,1,2,0
1,142280,2,1,0
1,142300,6,4,0
1,142320,1,4,0
1,142340,1,10,0
1,142360,10,5,0
1,142380,2,5,0
1,142400,10,1,0
1,142420,9,8,0
1,142440,1,4,0
1,142460,10,8,0
1,142480,5,8,0
1,142500,9,2,0
1,142520,1,1,0
1,142540,2,10,0
1,142560,3,1,0
1,142580,4,8,0
1,142600,5,2,0
1,142620,10,9,0
1,142640,10,1,0
1,142660,2,10,0
1,142680,10,10,0
1,142700,1,4,0
1,142720,4,9,0
1,142740,2,2,0
1,142760,9,1,0
1,142780,6,5,0
1,142800,1,8,0
1,142820,8,5,0
1,142840,10,7,0
1,142860,10,3,0
1,142880,9,1,0
1,142900,8,1,0
1,142920,9,8,0
1,142940,10,9,0
1,142960,2,1,0
1,142980,10,4,0
1,143000,8,1,0
1,143020,1,1,0
1,143040,1,7,0
1,143060,10,9,0
1,143080,4,10,0
1,143100,10,8,0
1,143120,7,2,0
1,143140,10,7,0
1,143160,10,7,0
1,143180,6,8,0
1,143200,3,9,0
1,143220,6,10,0
1,143240,1,2,0
1,143260,9,2,0
1,143280,10,6,0
1,143300,10,1,0
1,143320,3,10,0
1,143340,7,2,0
1,143360,10,2,0
1,143380,4,1,0
1,143400,1,1,0
1,143420,6,7,0
1,143440,3,8,0
1,143460,1,2,0
1,143480,8,5,0
1,143500,9,4,0
1,143520,7,10,0
1,143540,6,4,0
1,143560,9,9,0
1,143580,1,1,0
1,143600,10,5,0
1,143620,7,2,0
1,143640,8,6,0
1,143660,1,5,0
1,143680,1,1,0
1,143700,7,2,0
1,143720,6,10,0
1,143740,8,2,0
1,143760,4,10,0
1,143780,1,8,0
1,143800,9,2,0
1,143820,9,8,0
1,143840,10,5,0
1,143860,10,9,0
1,143880,1,10,0
1,143900,7,2,0
1,143920,7,2,0
1,143940,3,6,0
1,143960,3,9,0
1,143980,10,9,0
1,144000,1,9,0
1,144020,10,10,0
1,144040,10,10,0
1,144060,10,4,0
1,144080,7,2,0
1,144100,1,3,0
1,144120,1,10,0
1,144140,2,10,0
1,144160,10,6,0
1,144180,4,5,0
1,144200,10,10,0
1,144220,9,4,0
1,144240,3,9,0
1,144260,5,5,0
1,144280,6,1,0
1,144300,2,10,0
1,144320,4,10,0
1,144340,1,2,0
1,144360,10,8,0
1,144380,8,1,0
1,144400,1,1,0
1,144420,1,10,0
1,144440,6,7,0
1,144460,10,9,0
1,144480,10,10,0
1,144500,4,6,0
1,144520,4,1,0
1,144540,1,2,0
1,144560,6,2,0
1,144580,5,7,0
1,144600,3,10,0
1,144620,10,10,0
1,144640,10,1,0
1,144660,9,1,0
1,144680,1,9,0
1,144700,7,9,0
1,144720,7,10,0
1,144740,7,10,0
1,144760,7,10,0
1,144780,7,10,0
1,144800,7,10,0
1,144820,3,3,0
1,144840,1,3,0
1,144860,1,10,0
1,144880,6,6,0
1,144900,7,4,0
1,144920,10,6,0
1,144940,10,5,0
1,144960,7,10,0
1,144980,8,5,0
1,145000,4,10,0
1,145020,8,4,0
1,145040,6,10,0
1,145060,10,6,0
1,145080,1,7,0
1,145100,1,8,0
1,145120,9,8,0
1,145140,3,5,0
1,145160,9,1,0
1,145180,6,4,0
1,145200,10,9,0
1,145220,8,10,0
1,145240,9,9,0
1,145260,6,4,0
1,145280,5,8,0
1,145300,2,8,0
1,145320,2,10,0
1,145340,1,3,0
1,145360,6,10,0
1,145380,10,9,0
1,145400,10,9,0
1,145420,9,2,0
1,145440,10,10,0
1,145460,3,10,0
1,145480,10,8,0
1,145500,9,1,0
1,145520,7,1,0
1,145540,1,10,0
1,145560,3,6,0
1,145580,1,2,0
1,145600,8,7,0
1,145620,1,6,0
1,145640,3,4,0
1,145660,9,3,0
1,145680,2,7,0
1,145700,2,6,0
1,145720,2,9,0
1,145740,8,1,0
1,145760,2,2,0
1,145780,2,10,0
1,145800,5,3,0
1,145820,10,6,0
1,145840,6,8,0
1,145860,1,8,0
1,145880,9,4,0
1,145900,1,5,0
1,145920,1,7,0
1,145940,10,2,0
1,145960,1,1,0
1,145980,3,10,0
1,146000,1,3,0
1,146020,10,1,0
1,146040,2,10,0
1,146060,10,10,0
1,146080,3,10,0
1,146100,10,10,0
1,146120,3,2,0
1,146140,2,10,0
1,146160,2,10,0
1,146180,10,10,0
1,146200,10,1,0
1,146220,10,2,0
1,146240,10,8,0
1,146260,2,10,0
1,146280,1,10,0
1,146300,1,9,0
1,146320,8,7,0
1,146340,10,2,0
1,146360,10,8,0
1,146380,9,4,0
1,146400,9,3,0
1,146420,9,1,0
1,146440,10,10,0
1,146460,8,2,0
1,146480,1,10,0
1,146500,5,4,0
1,146520,10,7,0
1,146540,3,5,0
1,146560,1,5,0
1,146580,1,3,0
1,146600,2,10,0
1,146620,2,10,0
1,146640,1,7,0
1,146660,1,3,0
1,146680,2,10,0
1,146700,1,10,0
1,146720,1,5,0
1,146740,8,1,0
1,146760,3,4,0
1,146780,10,4,0
1,146800,7,3,0
1,146820,8,10,0
1,146840,1,2,0
1,146860,8,5,0
1,146880,9,1,0
1,146900,2,10,0
1,146920,3,1,0
1,146940,8,1,0
1,146960,8,6,0
1,146980,10,5,0
1,147000,3,7,0
1,147020,3,10,0
1,147040,10,5,0
1,147060,1,4,0
1,147080,10,5,0
1,147100,5,4,0
1,147120,1,1,0
1,147140,1,2,0
1,147160,9,8,0
1,147180,1,1,0
1,147200,1,10,0
1,147220,2,7,0
1,147240,10,9,0
1,147260,10,10,0
1,147280,10,1,0
1,147300,2,2,0
1,147320,5,9,0
1,147340,1,10,0
1,147360,1,1,0
1,147380,2,10,0
1,147400,1,10,0
1,147420,10,10,0
1,147440,1,8,0
1,147460,7,1,0
1,147480,1,1,0
1,147500,1,5,0
1,147520,10,9,0
1,147540,3,4,0
1,147560,10,10,0
1,147580,6,10,0
1,147600,1,1,0
1,147620,1,4,0
1,147640,7,6,0
1,147660,3,6,0
1,147680,10,8,0
1,147700,10,4,0
1,147720,8,10,0
1,147740,10,10,0
1,147760,3,3,0
1,147780,1,9,0
1,147800,10,1,0
1,147820,8,5,0
1,147840,7,2,0
1,147860,9,1,0
1,147880,4,4,0
1,147900,6,10,0
1,147920,6,1,0
1,147940,8,1,0
1,147960,3,10,0
1,147980,4,8,0
1,148000,10,9,0
1,148020,2,10,0
1,148040,1,1,0
1,148060,10,7,0
1,148080,8,10,0
1,148100,4,7,0
1,148120,8,7,0
1,148140,2,10,0
1,148160,6,6,0
1,148180,4,2,0
1,148200,10,9,0
1,148220,5,10,0
1,148240,2,5,0
1,148260,10,9,0
1,148280,7,5,0
1,148300,1,1,0
1,148320,2,2,0
1,148340,1,9,0
1,148360,8,1,0
1,148380,10,10,0
1,148400,9,10,0
1,148420,9,1,0
1,148440,4,6,0
1,148460,2,6,0
1,148480,2,8,0
1,148500,1,3,0
1,148520,3,8,0
1,148540,7,7,0
1,148560,10,8,0
1,148580,2,1,0
1,148600,5,5,0
1,148620,3,1,0
1,148640,4,7,0
1,148660,10,1,0
1,148680,3,9,0
1,148700,6,3,0
1,148720,4,9,0
1,148740,1,2,0
1,148760,9,2,0
1,148780,9,9,0
1,148800,10,1,0
1,148820,1,3,0
1,148840,1,8,0
1,148860,8,9,0
1,148880,1,10,0
1,148900,2,3,0
1,148920,10,10,0
1,148940,1,9,0
1,148960,3,1,0
1,148980,3,9,0
1,149000,2,1,0
1,149020,1,8,0
1,149040,6,1,0
1,149060,1,5,0
1,149080,4,10,0
1,149100,5,1,0
1,149120,3,6,0
1,149140,5,9,0
1,149160,2,9,0
1,149180,10,6,0
1,149200,1,1,0
1,149220,1,1,0
1,149240,9,3,0
1,149260,10,1,0
1,149280,10,4,0
1,149300,9,1,0
1,149320,9,5,0
1,149340,1,2,0
1,149360,1,9,0
1,149380,10,6,0
1,149400,1,10,0
1,149420,7,1,0
1,149440,10,10,0
1,149460,5,1,0
1,149480,1,7,0
1,149500,10,1,0
1,149520,9,9,0
1,149540,8,10,0
1,149560,2,1,0
1,149580,2,8,0
1,149600,8,9,0
1,149620,4,8,0
1,149640,10,9,0
1,149660,3,1,0
1,149680,1,5,0
1,149700,1,2,0
1,149720,8,9,0
1,149740,4,5,0
1,149760,10,10,0
1,149780,8,10,0
1,149800,5,8,0
1,149820,4,7,0
1,149840,2,1,0
1,149860,10,1,0
1,149880,1,7,0
1,149900,2,3,0
1,149920,5,1,0
1,149940,10,10,0
1,149960,9,3,0
1,149980,5,7,0
1,150000,1,2,0
1,150020,1,10,0
1,150040,10,3,0
1,150060,6,1,0
1,150080,10,10,0
1,150100,7,1,0
1,150120,10,5,0
1,150140,10,4,0
1,150160,3,5,0
1,150180,4,10,0
1,150200,1,1,0
1,150220,1,7,0
1,150240,1,10,0
1,150260,1,8,0
1,150280,5,1,0
1,150300,6,10,0
1,150320,9,3,0
1,150340,4,10,0
1,150360,8,10,0
1,150380,1,10,0
1,150400,2,2,0
1,150420,8,9,0
1,150440,8,9,0
1,150460,1,2,0
1,150480,1,2,0
1,150500,10,3,0
1,150520,1,10,0
1,150540,2,7,0
1,150560,2,5,0
1,150580,8,6,0
1,150600,2,9,0
1,150620,7,9,0
1,150640,10,9,0
1,150660,1,10,0
1,150680,8,10,0
1,150700,8,7,0
1,150720,10,1,0
1,150740,8,9,0
1,150760,10,7,0
1,150780,10,9,0
1,150800,5,1,0
1,150820,10,1,0
1,150840,3,10,0
1,150860,9,5,0
1,150880,10,10,0
1,150900,3,8,0
1,150920,2,3,0
1,150940,6,7,0
1,150960,1,1,0
1,150980,1,2,0
1,151000,10,7,0
1,151020,4,10,0
1,151040,1,10,0
1,151060,10,9,0
1,151080,3,2,0
1,151100,10,8,0
1,151120,1,1,0
1,151140,3,2,0
1,151160,1,1,0
1,151180,10,1,0
1,151200,10,3,0
1,151220,1,7,0
1,151240,3,2,0
1,151260,7,7,0
1,151280,4,1,0
1,151300,3,6,0
1,151320,5,9,0
1,151340,7,2,0
1,151360,7,8,0
1,151380,9,5,0
1,151400,10,8,0
1,151420,10,10,0
1,151440,8,9,0
1,151460,2,7,0
1,151480,10,9,0
1,151500,8,1,0
1,151520,4,10,0
1,151540,3,8,0
1,151560,10,1,0
1,151580,1,3,0
1,151600,2,5,0
1,151620,10,4,0
1,151640,1,8,0
1,151660,10,7,0
1,151680,1,10,0
1,151700,3,7,0
1,151720,2,5,0
1,151740,9,3,0
1,151760,3,10,0
1,151780,9,1,0
1,151800,6,2,0
1,151820,5,4,0
1,151840,6,1,0
1,151860,9,5,0
1,151880,10,8,0
1,151900,7,1,0
1,151920,1,2,0
1,151940,1,1,0
1,151960,5,8,0
1,151980,5,1,0
1,152000,4,10,0
1,152020,3,3,0
1,152040,5,8,0
1,152060,4,1,0
1,152080,4,1,0
1,152100,4,1,0
1,152120,4,1,0
1,152140,4,1,0
1,152160,4,1,0
1,152180,4,1,0
1,152200,4,1,0
1,152220,4,1,0
1,152240,9,3,0
1,152260,7,9,0
1,152280,1,4,0
1,152300,1,2,0
1,152320,10,7,0
1,152340,4,3,0
1,152360,1,8,0
1,152380,10,9,0
1,152400,1,1,0
1,152420,5,1,0
1,152440,9,6,0
1,152460,9,7,0
1,152480,2,1,0
1,152500,1,9,0
1,152520,5,1,0
1,152540,10,1,0
1,152560,2,4,0
1,152580,1,10,0
1,152600,10,10,0
1,152620,10,8,0
1,152640,7,10,0
1,152660,1,10,0
1,152680,10,9,0
1,152700,10,9,0
1,152720,10,5,0
1,152740,8,1,0
1,152760,8,1,0
1,152780,6,5,0
1,152800,10,8,0
1,152820,3,10,0
1,152840,9,9,0
1,152860,3,10,0
1,152880,7,2,0
1,152900,10,9,0
1,152920,1,1,0
1,152940,7,1,0
1,152960,7,1,0
1,152980,10,1,0
1,153000,6,3,0
1,153020,10,7,0
1,153040,2,3,0
1,153060,9,9,0
1,153080,9,1,0
1,153100,4,6,0
1,153120,5,6,0
1,153140,10,10,0
1,153160,10,1,0
1,153180,7,10,0
1,153200,9,8,0
1,153220,1,10,0
1,153240,9,2,0
1,153260,2,10,0
1,153280,1,9,0
1,153300,1,10,0
1,153320,4,10,0
1,153340,1,10,0
1,153360,1,1,0
1,153380,6,2,0
1,153400,10,2,0
1,153420,7,6,0
1,153440,6,1,0
1,153460,9,6,0
1,153480,10,1,0
1,153500,10,10,0
1,153520,1,5,0
1,153540,2,9,0
1,153560,10,7,0
1,153580,10,9,0
1,153600,6,8,0
1,153620,1,5,0
1,153640,2,8,0
1,153660,1,4,0
1,153680,10,10,0
1,153700,9,2,0
1,153720,7,4,0
1,153740,10,3,0
1,153760,9,9,0
1,153780,1,1,0
1,153800,1,10,0
1,153820,10,2,0
1,153840,2,3,0
1,153860,1,10,0
1,153880,1,10,0
1,153900,9,5,0
1,153920,10,9,0
1,153940,8,3,0
1,153960,2,10,0
1,153980,10,10,0
1,154000,10,1,0
1,154020,10,8,0
1,154040,3,10,0
1,154060,1,10,0
1,154080,10,8,0
1,154100,1,5,0
1,154120,2,4,0
1,154140,7,1,0
1,154160,1,5,0
1,154180,2,10,0
1,154200,1,2,0
1,154220,2,2,0
1,154240,4,10,0
1,154260,3,9,0
1,154280,10,1,0
1,154300,5,10,0
1,154320,10,7,0
1,154340,5,9,0
1,154360,10,9,0
1,154380,4,1,0
1,154400,7,3,0
1,154420,4,8,0
1,154440,2,8,0
1,154460,7,7,0
1,154480,10,1,0
1,154500,4,4,0
1,154520,9,3,0
1,154540,10,3,0
1,154560,10,1,0
1,154580,8,1,0
1,154600,6,4,0
1,154620,10,1,0
1,154640,10,3,0
1,154660,1,8,0
1,154680,4,10,0
1,154700,5,9,0
1,154720,1,3,0
1,154740,1,2,0
1,154760,4,10,0
1,154780,10,1,0
1,154800,8,9,0
1,154820,10,1,0
1,154840,2,3,0
1,154860,9,10,0
1,154880,8,9,0
1,154900,9,1,0
1,154920,7,8,0
1,154940,2,7,0
1,154960,9,4,0
1,154980,1,8,0
1,155000,10,8,0
1,155020,7,2,0
1,155040,10,10,0
1,155060,10,1,0
1,155080,9,8,0
1,155100,2,4,0
1,155120,1,3,0
1,155140,3,4,0
1,155160,5,10,0
1,155180,3,8,0
1,155200,10,6,0
1,155220,10,1,0
1,155240,10,1,0
1,155260,1,10,0
1,155280,10,10,0
1,155300,5,10,0
1,155320,8,3,0
1,155340,7,7,0
1,155360,8,3,0
1,155380,10,7,0
1,155400,2,5,0
1,155420,1,8,0
1,155440,1,10,0
1,155460,5,1,0
1,155480,3,9,0
1,155500,9,1,0
1,155520,10,2,0
1,155540,9,1,0
1,155560,9,1,0
1,155580,1,2,0
1,155600,4,1,0
1,155620,2,1,0
1,155640,3,7,0
1,155660,9,8,0
1,155680,6,1,0
1,155700,1,10,0
1,155720,10,1,0
1,155740,1,10,0
1,155760,9,2,0
1,155780,2,10,0
1,155800,1,4,0
1,155820,10,10,0
1,155840,1,1,0
1,155860,7,3,0
1,155880,4,10,0
1,155900,7,10,0
1,155920,7,9,0
1,155940,2,10,0
1,155960,6,9,0
1,155980,10,1,0
1,156000,1,2,0
1,156020,3,8,0
1,156040,1,1,0
1,156060,1,4,0
1,156080,4,10,0
1,156100,3,10,0
1,156120,10,10,0
1,156140,8,8,0
1,156160,4,9,0
1,156180,4,7,0
1,156200,6,3,0
1,156220,10,10,0
1,156240,1,2,0
1,156260,9,7,0
1,156280,10,6,0
1,156300,10,10,0
1,156320,3,10,0
1,156340,1,5,0
1,156360,10,10,0
1,156380,1,1,0
1,156400,7,9,0
1,156420,8,7,0
1,156440,3,8,0
1,156460,9,1,0
1,156480,1,4,0
1,156500,10,1,0
1,156520,3,9,0
1,156540,4,9,0
1,156560,1,1,0
1,156580,4,10,0
1,156600,10,7,0
1,156620,4,1,0
1,156640,4,10,0
1,156660,3,1,0
1,156680,10,9,0
1,156700,10,8,0
1,156720,10,3,0
1,156740,6,1,0
1,156760,3,3,0
1,156780,10,9,0
1,156800,10,7,0
1,156820,1,1,0
1,156840,8,1,0
1,156860,10,5,0
1,156880,3,6,0
1,156900,9,3,0
1,156920,1,10,0
1,156940,5,9,0
1,156960,3,9,0
1,156980,10,7,0
1,157000,1,10,0
1,157020,4,7,0
1,157040,1,3,0
1,157060,7,1,0
1,157080,10,1,0
1,157100,2,10,0
1,157120,10,6,0
1,157140,3,1,0
1,157160,2,10,0
1,157180,8,7,0
1,157200,9,10,0
1,157220,10,2,0
1,157240,1,1,0
1,157260,1,10,0
1,157280,10,2,0
1,157300,1,1,0
1,157320,9,1,0
1,157340,8,2,0
1,157360,1,1,0
1,157380,9,8,0
1,157400,10,1,0
1,157420,10,4,0
1,157440,10,8,0
1,157460,1,10,0
1,157480,10,9,0
1,157500,8,9,0
1,157520,7,8,0
1,157540,1,3,0
1,157560,9,3,0
1,157580,6,8,0
1,157600,1,3,0
1,157620,1,1,0
1,157640,1,1,0
1,157660,2,9,0
1,157680,2,2,0
1,157700,9,9,0
1,157720,3,9,0
1,157740,1,2,0
1,157760,2,2,0
1,157780,9,9,0
1,157800,1,1,0
1,157820,3,10,0
1,157840,8,1,0
1,157860,8,6,0
1,157880,1,1,0
1,157900,2,8,0
1,157920,5,5,0
1,157940,2,1,0
1,157960,8,1,0
1,157980,1,10,0
1,158000,2,4,0
1,158020,1,7,0
1,158040,3,10,0
1,158060,2,9,0
1,158080,5,1,0
1,158100,6,8,0
1,158120,2,2,0
1,158140,7,9,0
1,158160,5,2,0
1,158180,4,10,0
1,158200,8,6,0
1,158220,8,8,0
1,158240,4,8,0
1,158260,1,3,0
1,158280,4,4,0
1,158300,10,7,0
1,158320,1,10,0
1,158340,10,1,0
1,158360,10,9,0
1,158380,10,6,0
1,158400,9,6,0
1,158420,4,5,0
1,158440,10,10,0
1,158460,1,7,0
1,158480,1,7,0
1,158500,5,1,0
1,158520,3,4,0
1,158540,3,9,0
1,158560,7,1,0
1,158580,7,6,0
1,158600,3,1,0
1,158620,7,4,0
1,158640,10,9,0
1,158660,2,2,0
1,158680,3,1,0
1,158700,8,9,0
1,158720,7,1,0
1,158740,2,10,0
1,158760,8,1,0
1,158780,3,3,0
1,158800,9,1,0
1,158820,10,10,0
1,158840,1,10,0
1,158860,2,3,0
1,158880,2,10,0
1,158900,6,1,0
1,158920,1,2,0
1,158940,7,10,0
1,158960,1,10,0
1,158980,4,5,0
1,159000,5,7,0
1,159020,1,2,0
1,159040,1,2,0
1,159060,10,10,0
1,159080,1,6,0
1,159100,1,6,0
1,159120,10,9,0
1,159140,2,1,0
1,159160,10,8,0
1,159180,3,7,0
1,159200,2,6,0
1,159220,8,8,0
1,159240,4,5,0
1,159260,7,9,0
1,159280,1,10,0
1,159300,10,2,0
1,159320,10,10,0
1,159340,7,9,0
1,159360,9,1,0
1,159380,7,6,0
1,159400,4,6,0
1,159420,1,2,0
1,159440,9,3,0
1,159460,4,1,0
1,159480,8,4,0
1,159500,5,9,0
1,159520,10,5,0
1,159540,10,1,0
1,159560,1,1,0
1,159580,1,5,0
1,159600,3,1,0
1,159620,10,9,0
1,159640,9,10,0
1,159660,9,1,0
1,159680,1,10,0
1,159700,3,10,0
1,159720,8,10,0
1,159740,1,1,0
1,159760,9,1,0
1,159780,1,3,0
1,159800,6,9,0
1,159820,1,1,0
1,159840,10,6,0
1,159860,10,3,0
1,159880,9,1,0
1,159900,10,9,0
1,159920,2,2,0
1,159940,10,8,0
1,159960,7,1,0
1,159980,6,1,0
1,160000,10,5,0
1,160020,4,9,0
1,160040,1,10,0
1,160060,1,10,0
1,160080,1,4,0
1,160100,5,8,0
1,160120,1,6,0
1,160140,10,1,0
1,160160,5,8,0
1,160180,9,4,0
1,160200,10,5,0
1,160220,7,1,0
1,160240,10,6,0
1,160260,10,1,0
1,160280,5,2,0
1,160300,10,8,0
1,160320,2,2,0
1,160340,8,1,0
1,160360,4,8,0
1,160380,9,1,0
1,160400,9,10,0
1,160420,6,10,0
1,160440,8,1,0
1,160460,4,6,0
1,160480,6,7,0
1,160500,5,2,0
1,160520,9,7,0
1,160540,2,6,0
1,160560,6,6,0
1,160580,7,8,0
1,160600,8,9,0
1,160620,7,1,0
1,160640,3,8,0
1,160660,10,9,0
1,160680,10,10,0
1,160700,5,3,0
1,160720,4,2,0
1,160740,5,1,0
1,160760,8,4,0
1,160780,2,2,0
1,160800,1,1,0
1,160820,2,2,0
1,160840,10,5,0
1,160860,10,1,0
1,160880,2,9,0
1,160900,2,6,0
1,160920,2,3,0
1,160940,2,10,0
1,160960,1,10,0
1,160980,1,3,0
1,161000,1,10,0
1,161020,1,9,0
1,161040,1,4,0
1,161060,9,9,0
1,161080,9,8,0
1,161100,2,4,0
1,161120,3,4,0
1,161140,1,2,0
1,161160,10,7,0
1,161180,1,4,0
1,161200,4,4,0
1,161220,2,2,0
1,161240,10,8,0
1,161260,8,3,0
1,161280,1,3,0
1,161300,10,1,0
1,161320,1,2,0
1,161340,10,5,0
1,161360,10,7,0
1,161380,7,10,0
1,161400,10,9,0
1,161420,2,10,0
1,161440,10,7,0
1,161460,5,4,0
1,161480,1,2,0
1,161500,10,1,0
1,161520,1,9,0
1,161540,10,2,0
1,161560,8,1,0
1,161580,1,2,0
1,161600,9,8,0
1,161620,10,10,0
1,161640,10,1,0
1,161660,10,10,0
1,161680,10,3,0
1,161700,8,2,0
1,161720,10,10,0
1,161740,1,3,0
1,161760,8,4,0
1,161780,8,1,0
1,161800,5,10,0
1,161820,6,10,0
1,161840,10,10,0
1,161860,8,9,0
1,161880,2,9,0
1,161900,10,1,0
1,161920,10,7,0
1,161940,7,9,0
1,161960,10,10,0
1,161980,8,10,0
1,162000,9,6,0
1,162020,1,1,0
1,162040,2,10,0
1,162060,1,1,0
1,162080,1,2,0
1,162100,1,5,0
1,162120,10,1,0
1,162140,4,3,0
1,162160,4,2,0
1,162180,4,10,0
1,162200,9,8,0
1,162220,10,10,0
1,162240,10,8,0
1,162260,9,4,0
1,162280,3,1,0
1,162300,4,2,0
1,162320,10,3,0
1,162340,9,2,0
1,162360,4,9,0
1,162380,2,1,0
1,162400,10,10,0
1,162420,1,2,0
1,162440,1,10,0
1,162460,1,3,0
1,162480,1,8,0
1,162500,1,2,0
1,162520,7,4,0
1,162540,7,1,0
1,162560,10,10,0
1,162580,3,4,0
1,162600,4,10,0
1,162620,1,9,0
1,162640,7,10,0
1,162660,5,8,0
1,162680,6,10,0
1,162700,1,3,0
1,162720,10,4,0
1,162740,1,1,0
1,162760,1,9,0
1,162780,8,4,0
1,162800,1,10,0
1,162820,10,7,0
1,162840,10,10,0
1,162860,7,7,0
1,162880,9,2,0
1,162900,9,1,0
1,162920,5,9,0
1,162940,3,10,0
1,162960,1,10,0
1,162980,9,5,0
1,163000,2,4,0
1,163020,9,6,0
1,163040,8,5,0
1,163060,5,1,0
1,163080,3,10,0
1,163100,10,1,0
1,163120,5,3,0
1,163140,9,1,0
1,163160,10,5,0
1,163180,1,8,0
1,163200,9,10,0
1,163220,8,10,0
1,163240,10,8,0
1,163260,4,1,0
1,163280,1,5,0
1,163300,1,10,0
1,163320,4,2,0
1,163340,1,1,0
1,163360,1,10,0
1,163380,5,3,0
1,163400,2,3,0
1,163420,10,10,0
1,163440,7,2,0
1,163460,10,9,0
1,163480,7,10,0
1,163500,9,1,0
1,163520,7,1,0
1,163540,10,5,0
1,163560,10,10,0
1,163580,4,8,0
1,163600,10,7,0
1,163620,5,7,0
1,163640,10,10,0
1,163660,3,1,0
1,163680,10,2,0
1,163700,10,10,0
1,163720,8,1,0
1,163740,1,1,0
1,163760,1,1,0
1,163780,10,1,0
1,163800,2,9,0
1,163820,7,3,0
1,163840,5,1,0
1,163860,4,9,0
1,163880,10,1,0
1,163900,8,6,0
1,163920,4,10,0
1,163940,5,10,0
1,163960,2,1,0
1,163980,1,10,0
1,164000,2,2,0
1,164020,2,3,0
1,164040,3,4,0
1,164060,5,10,0
1,164080,10,9,0
1,164100,10,10,0
1,164120,1,1,0
1,164140,2,3,0
1,164160,10,3,0
1,164180,7,7,0
1,164200,9,5,0
1,164220,9,7,0
1,164240,7,10,0
1,164260,1,10,0
1,164280,4,6,0
1,164300,4,10,0
1,164320,1,10,0
1,164340,1,1,0
1,164360,2,5,0
1,164380,3,10,0
1,164400,2,1,0
1,164420,10,9,0
1,164440,1,7,0
1,164460,3,1,0
1,164480,10,4,0
1,164500,1,9,0
1,164520,10,10,0
1,164540,10,4,0
1,164560,1,3,0
1,164580,10,3,0
1,164600,1,7,0
1,164620,7,1,0
1,164640,5,2,0
1,164660,9,10,0
1,164680,4,2,0
1,164700,10,1,0
1,164720,1,1,0
1,164740,4,2,0
1,164760,7,1,0
1,164780,1,10,0
1,164800,1,1,0
1,164820,5,6,0
1,164840,2,10,0
1,164860,1,3,0
1,164880,1,10,0
1,164900,5,10,0
1,164920,7,1,0
1,164940,10,2,0
1,164960,7,10,0
1,164980,1,1,0
1,165000,1,1,0
1,165020,2,10,0
1,165040,2,2,0
1,165060,9,10,0
1,165080,10,10,0
1,165100,1,6,0
1,165120,1,4,0
1,165140,3,9,0
1,165160,9,1,0
1,165180,10,2,0
1,165200,10,7,0
1,165220,6,10,0
1,165240,8,4,0
1,165260,4,2,0
1,165280,9,7,0
1,165300,2,7,0
1,165320,3,10,0
1,165340,2,8,0
1,165360,6,10,0
1,165380,1,4,0
1,165400,2,2,0
1,165420,4,5,0
1,165440,10,8,0
1,165460,3,3,0
1,165480,1,4,0
1,165500,4,3,0
1,165520,2,10,0
1,165540,8,9,0
1,165560,2,5,0
1,165580,10,10,0
1,165600,7,1,0
1,165620,6,5,0
1,165640,1,10,0
1,165660,5,8,0
1,165680,2,3,0
1,165700,1,5,0
1,165720,4,8,0
1,165740,9,1,0
1,165760,2,6,0
1,165780,9,1,0
1,165800,2,9,0
1,165820,1,1,0
1,165840,10,7,0
1,165860,4,9,0
1,165880,2,5,0
1,165900,4,9,0
1,165920,2,9,0
1,165940,9,3,0
1,165960,1,2,0
1,165980,2,6,0
1,166000,1,10,0
1,166020,9,1,0
1,166040,7,4,0
1,166060,7,1,0
1,166080,10,6,0
1,166100,1,10,0
1,166120,10,2,0
1,166140,10,7,0
1,166160,8,3,0
1,166180,1,7,0
1,166200,1,10,0
1,166220,9,1,0
1,166240,7,1,0
1,166260,8,1,0
1,166280,3,7,0
1,166300,1,10,0
1,166320,2,3,0
1,166340,1,4,0
1,166360,1,1,0
1,166380,1,9,0
1,166400,9,3,0
1,166420,10,1,0
1,166440,1,9,0
1,166460,7,7,0
1,166480,9,9,0
1,166500,10,4,0
1,166520,2,10,0
1,166540,6,7,0
1,166560,8,2,0
1,166580,2,10,0
1,166600,4,8,0
1,166620,3,9,0
1,166640,4,5,0
1,166660,2,8,0
1,166680,1,10,0
1,166700,10,5,0
1,166720,2,1,0
1,166740,7,3,0
1,166760,9,1,0
1,166780,8,9,0
1,166800,10,7,0
1,166820,2,8,0
1,166840,8,8,0
1,166860,2,4,0
1,166880,9,1,0
1,166900,1,7,0
1,166920,9,1,0
1,166940,10,1,0
1,166960,8,1,0
1,166980,8,1,0
1,167000,9,10,0
1,167020,10,7,0
1,167040,3,1,0
1,167060,1,10,0
1,167080,5,7,0
1,167100,5,1,0
1,167120,10,5,0
1,167140,1,3,0
1,167160,7,10,0
1,167180,10,10,0
1,167200,9,6,0
1,167220,10,1,0
1,167240,10,1,0
1,167260,1,7,0
1,167280,2,5,0
1,167300,7,3,0
1,167320,1,9,0
1,167340,1,10,0
1,167360,7,1,0
1,167380,1,3,0
1,167400,1,10,0
1,167420,10,10,0
1,167440,10,4,0
1,167460,9,9,0
1,167480,1,10,0
1,167500,10,10,0
1,167520,7,10,0
1,167540,1,10,0
1,167560,1,10,0
1,167580,10,7,0
1,167600,9,9,0
1,167620,4,5,0
1,167640,1,1,0
1,167660,10,3,0
1,167680,10,7,0
1,167700,10,10,0
1,167720,8,1,0
1,167740,1,2,0
1,167760,10,10,0
1,167780,5,10,0
1,167800,10,7,0
1,167820,1,10,0
1,167840,5,10,0
1,167860,3,10,0
1,167880,10,3,0
1,167900,7,3,0
1,167920,1,10,0
1,167940,2,4,0
1,167960,1,10,0
1,167980,2,10,0
1,168000,5,1,0
1,168020,1,3,0
1,168040,6,3,0
1,168060,10,1,0
1,168080,8,3,0
1,168100,10,9,0
1,168120,4,6,0
1,168140,5,3,0
1,168160,3,10,0
1,168180,10,2,0
1,168200,3,10,0
1,168220,7,3,0
1,168240,2,10,0
1,168260,1,4,0
1,168280,8,4,0
1,168300,8,1,0
1,168320,10,8,0
1,168340,1,10,0
1,168360,10,8,0
1,168380,10,2,0
1,168400,10,1,0
1,168420,7,10,0
1,168440,9,2,0
1,168460,1,2,0
1,168480,10,1,0
1,168500,1,3,0
1,168520,3,8,0
1,168540,6,5,0
1,168560,6,7,0
1,168580,2,8,0
1,168600,10,10,0
1,168620,10,8,0
1,168640,2,10,0
1,168660,1,10,0
1,168680,10,8,0
1,168700,2,3,0
1,168720,1,3,0
1,168740,10,1,0
1,168760,1,3,0
1,168780,9,1,0
1,168800,2,2,0
1,168820,8,6,0
1,168840,10,2,0
1,168860,8,1,0
1,168880,3,10,0
1,168900,9,7,0
1,168920,10,1,0
1,168940,10,9,0
1,168960,9,3,0
1,168980,2,10,0
1,169000,10,1,0
1,169020,2,10,0
1,169040,1,1,0
1,169060,4,9,0
1,169080,9,5,0
1,169100,5,2,0
1,169120,10,3,0
1,169140,6,7,0
1,169160,1,10,0
1,169180,8,1,0
1,169200,4,4,0
1,169220,1,3,0
1,169240,4,1,0
1,169260,10,1,0
1,169280,6,10,0
1,169300,1,8,0
1,169320,10,2,0
1,169340,6,3,0
1,169360,1,2,0
1,169380,10,8,0
1,169400,8,4,0
1,169420,8,6,0
1,169440,1,7,0
1,169460,1,4,0
1,169480,3,5,0
1,169500,2,10,0
1,169520,1,4,0
1,169540,2,1,0
1,169560,10,10,0
1,169580,8,10,0
1,169600,7,6,0
1,169620,4,6,0
1,169640,2,2,0
1,169660,8,6,0
1,169680,9,1,0
1,169700,1,1,0
1,169720,1,5,0
1,169740,2,7,0
1,169760,9,1,0
1,169780,1,9,0
1,169800,10,7,0
1,169820,6,1,0
1,169840,5,1,0
1,169860,8,3,0
1,169880,10,10,0
1,169900,3,7,0
1,169920,9,5,0
1,169940,10,8,0
1,169960,2,3,0
1,169980,8,3,0
1,170000,10,7,0
1,170020,2,10,0
1,170040,2,3,0
1,170060,3,3,0
1,170080,8,10,0
1,170100,10,9,0
1,170120,1,10,0
1,170140,7,4,0
1,170160,1,4,0
1,170180,8,9,0
1,170200,1,6,0
1,170220,8,5,0
1,170240,1,3,0
1,170260,10,10,0
1,170280,10,7,0
1,170300,9,1,0
1,170320,3,1,0
1,170340,10,9,0
1,170360,8,2,0
1,170380,10,2,0
1,170400,9,1,0
1,170420,3,10,0
1,170440,10,6,0
1,170460,1,1,0
1,170480,1,2,0
1,170500,8,8,0
1,170520,10,1,0
1,170540,10,10,0
1,170560,10,1,0
1,170580,2,4,0
1,170600,4,8,0
1,170620,6,10,0
1,170640,1,9,0
1,170660,7,2,0
1,170680,2,8,0
1,170700,1,1,0
1,170720,2,8,0
1,170740,2,10,0
1,170760,2,10,0
1,170780,8,3,0
1,170800,1,4,0
1,170820,10,4,0
1,170840,2,1,0
1,170860,1,4,0
1,170880,10,10,0
1,170900,9,8,0
1,170920,1,1,0
1,170940,8,10,0
1,170960,8,2,0
1,170980,10,1,0
1,171000,3,1,0
1,171020,9,3,0
1,171040,1,2,0
1,171060,8,4,0
1,171080,1,10,0
1,171100,10,10,0
1,171120,4,4,0
1,171140,6,2,0
1,171160,3,10,0
1,171180,3,7,0
1,171200,1,7,0
1,171220,10,8,0
1,171240,9,2,0
1,171260,7,10,0
1,171280,3,5,0
1,171300,9,10,0
1,171320,3,7,0
1,171340,7,3,0
1,171360,10,10,0
1,171380,4,10,0
1,171400,4,10,0
1,171420,2,10,0
1,171440,8,9,0
1,171460,10,7,0
1,171480,5,1,0
1,171500,9,8,0
1,171520,10,10,0
1,171540,10,5,0
1,171560,1,4,0
1,171580,1,2,0
1,171600,1,2,0
1,171620,4,5,0
1,171640,7,2,0
1,171660,1,1,0
1,171680,1,10,0
1,171700,10,10,0
1,171720,3,1,0
1,171740,10,10,0
1,171760,1,2,0
1,171780,6,4,0
1,171800,1,4,0
1,171820,3,4,0
1,171840,1,3,0
1,171860,10,10,0
1,171880,10,7,0
1,171900,9,7,0
1,171920,9,1,0
1,171940,6,1,0
1,171960,3,8,0
1,171980,10,4,0
1,172000,2,10,0
1,172020,1,10,0
1,172040,10,1,0
1,172060,1,9,0
1,172080,7,9,0
1,172100,10,6,0
1,172120,10,1,0
1,172140,3,7,0
1,172160,1,6,0
1,172180,10,1,0
1,172200,9,2,0
1,172220,1,8,0
1,172240,1,10,0
1,172260,1,3,0
1,172280,3,10,0
1,172300,2,10,0
1,172320,8,5,0
1,172340,1,7,0
1,172360,8,2,0
1,172380,10,6,0
1,172400,4,2,0
1,172420,1,9,0
1,172440,8,5,0
1,172460,8,1,0
1,172480,9,7,0
1,172500,10,8,0
1,172520,10,7,0
1,172540,3,9,0
1,172560,9,1,0
1,172580,2,10,0
1,172600,10,7,0
1,172620,5,1,0
1,172640,8,1,0
1,172660,9,1,0
1,172680,3,10,0
1,172700,2,8,0
1,172720,4,10,0
1,172740,9,7,0
1,172760,4,7,0
1,172780,9,2,0
1,172800,8,3,0
1,172820,4,9,0
1,172840,3,10,0
1,172860,3,1,0
1,172880,2,1,0
1,172900,10,1,0
1,172920,10,1,0
1,172940,10,8,0
1,172960,8,6,0
1,172980,1,10,0
1,173000,6,9,0
1,173020,9,2,0
1,173040,10,1,0
1,173060,7,10,0
1,173080,1,4,0
1,173100,8,1,0
1,173120,2,9,0
1,173140,4,5,0
1,173160,7,3,0
1,173180,1,5,0
1,173200,7,9,0
1,173220,10,10,0
1,173240,3,4,0
1,173260,10,7,0
1,173280,10,1,0
1,173300,1,10,0
1,173320,2,1,0
1,173340,10,1,0
1,173360,1,2,0
1,173380,8,3,0
1,173400,3,10,0
1,173420,1,3,0
1,173440,7,2,0
1,173460,1,2,0
1,173480,5,10,0
1,173500,1,5,0
1,173520,2,9,0
1,173540,10,6,0
1,173560,10,6,0
1,173580,1,10,0
1,173600,1,10,0
1,173620,7,9,0
1,173640,7,10,0
1,173660,6,7,0
1,173680,10,8,0
1,173700,3,1,0
1,173720,8,3,0
1,173740,1,1,0
1,173760,10,6,0
1,173780,10,9,0
1,173800,3,7,0
1,173820,10,9,0
1,173840,8,7,0
1,173860,5,6,0
1,173880,10,10,0
1,173900,1,10,0
1,173920,1,2,0
1,173940,6,2,0
1,173960,3,6,0
1,173980,10,6,0
1,174000,1,2,0
1,174020,1,10,0
1,174040,10,8,0
1,174060,5,10,0
1,174080,5,2,0
1,174100,6,9,0
1,174120,9,6,0
1,174140,10,1,0
1,174160,8,8,0
1,174180,9,1,0
1,174200,1,10,0
1,174220,10,1,0
1,174240,5,10,0
1,174260,2,2,0
1,174280,10,10,0
1,174300,7,2,0
1,174320,9,1,0
1,174340,3,3,0
1,174360,3,6,0
1,174380,1,3,0
1,174400,5,2,0
1,174420,10,7,0
1,174440,2,8,0
1,174460,2,10,0
1,174480,2,1,0
1,174500,1,5,0
1,174520,9,1,0
1,174540,9,7,0
1,174560,7,1,0
1,174580,3,10,0
1,174600,3,10,0
1,174620,1,3,0
1,174640,2,10,0
1,174660,10,8,0
1,174680,10,5,0
1,174700,2,10,0
1,174720,1,4,0
1,174740,10,5,0
1,174760,2,7,0
1,174780,1,10,0
1,174800,1,1,0
1,174820,5,10,0
1,174840,8,3,0
1,174860,10,1,0
1,174880,10,7,0
1,174900,10,10,0
1,174920,5,7,0
1,174940,1,2,0
1,174960,1,2,0
1,174980,8,1,0
1,175000,10,8,0
1,175020,6,8,0
1,175040,9,6,0
1,175060,10,10,0
1,175080,10,9,0
1,175100,5,1,0
1,175120,6,1,0
1,175140,8,7,0
1,175160,2,9,0
1,175180,1,10,0
1,175200,5,3,0
1,175220,4,8,0
1,175240,7,1,0
1,175260,10,8,0
1,175280,1,2,0
1,175300,2,8,0
1,175320,3,7,0
1,175340,9,8,0
1,175360,8,8,0
1,175380,1,9,0
1,175400,4,4,0
1,175420,3,8,0
1,175440,5,6,0
1,175460,5,2,0
1,175480,1,8,0
1,175500,4,7,0
1,175520,10,9,0
1,175540,3,10,0
1,175560,10,9,0
1,175580,1,1,0
1,175600,1,6,0
1,175620,2,7,0
1,175640,1,10,0
1,175660,9,4,0
1,175680,5,4,0
1,175700,9,5,0
1,175720,4,8,0
1,175740,1,2,0
1,175760,4,1,0
1,175780,9,1,0
1,175800,10,9,0
1,175820,10,4,0
1,175840,4,1,0
1,175860,9,2,0
1,175880,5,5,0
1,175900,5,2,0
1,175920,1,7,0
1,175940,5,2,0
1,175960,5,1,0
1,175980,3,10,0
1,176000,1,7,0
1,176020,9,1,0
1,176040,10,6,0
1,176060,3,10,0
1,176080,2,9,0
1,176100,4,1,0
1,176120,9,3,0
1,176140,5,2,0
1,176160,2,4,0
1,176180,1,6,0
1,176200,9,1,0
1,176220,9,9,0
1,176240,2,3,0
1,176260,3,5,0
1,176280,7,1,0
1,176300,1,6,0
1,176320,1,10,0
1,176340,10,8,0
1,176360,8,4,0
1,176380,8,4,0
1,176400,5,6,0
1,176420,1,9,0
1,176440,6,2,0
1,176460,7,1,0
1,176480,6,2,0
1,176500,9,1,0
1,176520,6,8,0
1,176540,10,6,0
1,176560,1,10,0
1,176580,9,1,0
1,176600,1,3,0
1,176620,3,4,0
1,176640,8,8,0
1,176660,10,5,0
1,176680,1,1,0
1,176700,7,10,0
1,176720,6,4,0
1,176740,8,2,0
1,176760,10,6,0
1,176780,10,1,0
1,176800,4,2,0
1,176820,7,2,0
1,176840,2,3,0
1,176860,8,1,0
1,176880,1,4,0
1,176900,1,2,0
1,176920,1,2,0
1,176940,10,10,0
1,176960,9,1,0
1,176980,9,1,0
1,177000,10,1,0
1,177020,1,3,0
1,177040,7,1,0
1,177060,7,4,0
1,177080,1,10,0
1,177100,1,1,0
1,177120,2,2,0
1,177140,10,10,0
1,177160,3,2,0
1,177180,5,2,0
1,177200,2,1,0
1,177220,3,10,0
1,177240,2,5,0
1,177260,10,5,0
1,177280,5,10,0
1,177300,7,10,0
1,177320,10,10,0
1,177340,4,1,0
1,177360,7,5,0
1,177380,8,2,0
1,177400,3,10,0
1,177420,10,4,0
1,177440,10,1,0
1,177460,8,1,0
1,177480,10,1,0
1,177500,9,1,0
1,177520,4,5,0
1,177540,7,1,0
1,177560,8,1,0
1,177580,2,8,0
1,177600,10,7,0
1,177620,2,8,0
1,177640,7,10,0
1,177660,1,3,0
1,177680,2,1,0
1,177700,3,9,0
1,177720,8,8,0
1,177740,10,1,0
1,177760,2,2,0
1,177780,2,7,0
1,177800,10,1,0
1,177820,10,8,0
1,177840,6,8,0
1,177860,10,8,0
1,177880,2,10,0
1,177900,10,2,0
1,177920,5,8,0
1,177940,1,9,0
1,177960,9,3,0
1,177980,1,7,0
1,178000,2,1,0
1,178020,2,1,0
1,178040,1,8,0
1,178060,3,10,0
1,178080,4,2,0
1,178100,3,9,0
1,178120,4,1,0
1,178140,4,10,0
1,178160,10,9,0
1,178180,4,2,0
1,178200,3,10,0
1,178220,5,5,0
1,178240,1,2,0
1,178260,1,1,0
1,178280,2,4,0
1,178300,4,1,0
1,178320,1,2,0
1,178340,9,1,0
1,178360,1,6,0
1,178380,10,9,0
1,178400,6,6,0
1,178420,9,6,0
1,178440,1,5,0
1,178460,1,3,0
1,178480,3,7,0
1,178500,4,10,0
1,178520,5,10,0
1,178540,1,10,0
1,178560,9,1,0
1,178580,7,10,0
1,178600,7,10,0
1,178620,7,10,0
1,178640,7,10,0
1,178660,7,10,0
1,178680,7,10,0
1,178700,7,10,0
1,178720,7,10,0
1,178740,7,10,0
1,178760,7,10,0
1,178780,2,2,0
1,178800,10,10,0
1,178820,10,1,0
1,178840,4,10,0
1,178860,10,1,0
1,178880,1,7,0
1,178900,10,8,0
1,178920,1,10,0
1,178940,1,10,0
1,178960,3,1,0
1,178980,1,1,0
1,179000,9,7,0
1,179020,6,10,0
1,179040,3,9,0
1,179060,10,10,0
1,179080,1,7,0
1,179100,5,7,0
1,179120,1,1,0
1,179140,10,4,0
1,179160,8,9,0
1,179180,10,9,0
1,179200,5,10,0
1,179220,4,4,0
1,179240,6,5,0
1,179260,8,2,0
1,179280,8,7,0
1,179300,5,6,0
1,179320,1,4,0
1,179340,1,1,0
1,179360,10,10,0
1,179380,10,1,0
1,179400,10,9,0
1,179420,6,9,0
1,179440,10,10,0
1,179460,2,1,0
1,179480,1,10,0
1,179500,1,5,0
1,179520,10,1,0
1,179540,8,7,0
1,179560,5,4,0
1,179580,1,2,0
1,179600,5,9,0
1,179620,3,7,0
1,179640,9,7,0
1,179660,10,1,0
1,179680,7,8,0
1,179700,10,3,0
1,179720,10,1,0
1,179740,7,8,0
1,179760,5,3,0
1,179780,3,2,0
1,179800,9,4,0
1,179820,10,1,0
1,179840,1,9,0
1,179860,6,7,0
1,179880,2,8,0
1,179900,10,1,0
1,179920,2,2,0
1,179940,9,8,0
1,179960,10,1,0
1,179980,10,2,0
1,180000,5,10,0
1,180020,1,9,0
1,180040,9,2,0
1,180060,2,3,0
1,180080,4,1,0
1,180100,10,9,0
1,180120,1,2,0
1,180140,10,1,0
1,180160,10,1,0
1,180180,4,8,0
1,180200,8,1,0
1,180220,2,4,0
1,180240,6,2,0
1,180260,4,7,0
1,180280,2,8,0
1,180300,4,10,0
1,180320,1,2,0
1,180340,9,5,0
1,180360,3,7,0
1,180380,10,2,0
1,180400,9,4,0
1,180420,9,3,0
1,180440,4,1,0
1,180460,2,6,0
1,180480,10,2,0
1,180500,2,10,0
1,180520,7,10,0
1,180540,1,1,0
1,180560,7,2,0
1,180580,2,1,0
1,180600,3,6,0
1,180620,1,4,0
1,180640,2,1,0
1,180660,3,5,0
1,180680,6,10,0
1,180700,4,1,0
1,180720,8,10,0
1,180740,10,1,0
1,180760,1,2,0
1,180780,5,5,0
1,180800,3,1,0
1,180820,1,10,0
1,180840,1,5,0
1,180860,4,2,0
1,180880,1,1,0
1,180900,5,9,0
1,180920,4,1,0
1,180940,1,4,0
1,180960,10,5,0
1,180980,10,10,0
1,181000,1,3,0
1,181020,1,2,0
1,181040,2,7,0
1,181060,10,3,0
1,181080,7,5,0
1,181100,5,5,0
1,181120,10,5,0
1,181140,2,1,0
1,181160,2,1,0
1,181180,3,9,0
1,181200,5,1,0
1,181220,4,1,0
1,181240,1,10,0
1,181260,10,7,0
1,181280,7,3,0
1,181300,1,3,0
1,181320,3,2,0
1,181340,10,7,0
1,181360,3,5,0
1,181380,3,10,0
1,181400,10,5,0
1,181420,5,6,0
1,181440,10,1,0
1,181460,10,7,0
1,181480,8,7,0
1,181500,10,8,0
1,181520,4,10,0
1,181540,1,2,0
1,181560,8,1,0
1,181580,8,3,0
1,181600,10,3,0
1,181620,9,3,0
1,181640,1,4,0
1,181660,6,1,0
1,181680,1,2,0
1,181700,2,1,0
1,181720,1,4,0
1,181740,10,8,0
1,181760,10,8,0
1,181780,2,10,0
1,181800,5,6,0
1,181820,10,1,0
1,181840,3,8,0
1,181860,10,2,0
1,181880,10,1,0
1,181900,3,7,0
1,181920,8,8,0
1,181940,3,9,0
1,181960,2,9,0
1,181980,1,10,0
1,182000,7,10,0
1,182020,5,1,0
1,182040,9,4,0
1,182060,1,2,0
1,182080,10,1,0
1,182100,3,10,0
1,182120,10,9,0
1,182140,10,1,0
1,182160,9,1,0
1,182180,5,9,0
1,182200,1,5,0
1,182220,1,1,0
1,182240,1,2,0
1,182260,1,9,0
1,182280,5,10,0
1,182300,2,4,0
1,182320,10,10,0
1,182340,10,10,0
1,182360,9,9,0
1,182380,8,1,0
1,182400,10,1,0
1,182420,6,10,0
1,182440,3,10,0
1,182460,1,1,0
1,182480,8,1,0
1,182500,5,6,0
1,182520,1,10,0
1,182540,1,7,0
1,182560,3,10,0
1,182580,7,5,0
1,182600,1,10,0
1,182620,1,3,0
1,182640,1,1,0
1,182660,3,4,0
1,182680,1,3,0
1,182700,3,10,0
1,182720,5,7,0
1,182740,1,10,0
1,182760,10,3,0
1,182780,1,9,0
1,182800,4,1,0
1,182820,8,1,0
1,182840,1,10,0
1,182860,1,3,0
1,182880,9,4,0
1,182900,10,6,0
1,182920,10,6,0
1,182940,4,6,0
1,182960,2,7,0
1,182980,10,3,0
1,183000,2,9,0
1,183020,7,1,0
1,183040,8,10,0
1,183060,10,1,0
1,183080,4,10,0
1,183100,1,5,0
1,183120,10,8,0
1,183140,8,9,0
1,183160,7,4,0
1,183180,10,1,0
1,183200,1,8,0
1,183220,10,1,0
1,183240,2,7,0
1,183260,9,7,0
1,183280,9,1,0
1,183300,10,1,0
1,183320,4,9,0
1,183340,1,10,0
1,183360,10,1,0
1,183380,2,1,0
1,183400,9,1,0
1,183420,4,10,0
1,183440,2,10,0
1,183460,1,1,0
1,183480,10,7,0
1,183500,2,7,0
1,183520,8,1,0
1,183540,1,8,0
1,183560,3,2,0
1,183580,5,2,0
1,183600,6,4,0
1,183620,10,2,0
1,183640,9,3,0
1,183660,5,3,0
1,183680,1,4,0
1,183700,10,7,0
1,183720,2,2,0
1,183740,1,1,0
1,183760,9,2,0
1,183780,2,9,0
1,183800,2,9,0
1,183820,1,1,0
1,183840,1,8,0
1,183860,2,10,0
1,183880,1,1,0
1,183900,7,1,0
1,183920,2,2,0
1,183940,7,9,0
1,183960,2,1,0
1,183980,1,8,0
1,184000,1,10,0
1,184020,9,3,0
1,184040,1,5,0
1,184060,2,5,0
1,184080,8,1,0
1,184100,1,9,0
1,184120,10,8,0
1,184140,2,10,0
1,184160,1,1,0
1,184180,1,1,0
1,184200,7,9,0
1,184220,4,2,0
1,184240,2,2,0
1,184260,1,5,0
1,184280,8,1,0
1,184300,1,3,0
1,184320,7,1,0
1,184340,10,10,0
1,184360,1,4,0
1,184380,1,1,0
1,184400,2,2,0
1,184420,10,4,0
1,184440,9,7,0
1,184460,2,8,0
1,184480,2,10,0
1,184500,4,8,0
1,184520,1,1,0
1,184540,7,9,0
1,184560,2,3,0
1,184580,2,10,0
1,184600,10,10,0
1,184620,1,2,0
1,184640,9,4,0
1,184660,4,9,0
1,184680,10,8,0
1,184700,4,10,0
1,184720,10,10,0
1,184740,4,9,0
1,184760,10,3,0
1,184780,7,10,0
1,184800,7,10,0
1,184820,7,10,0
1,184840,7,10,0
1,184860,7,10,0
1,184880,7,10,0
1,184900,3,10,0
1,184920,7,3,0
1,184940,7,1,0
1,184960,10,10,0
1,184980,1,10,0
1,185000,1,1,0
1,185020,4,7,0
1,185040,10,10,0
1,185060,6,2,0
1,185080,8,10,0
1,185100,3,6,0
1,185120,10,2,0
1,185140,10,7,0
1,185160,10,8,0
1,185180,10,10,0
1,185200,1,3,0
1,185220,4,1,0
1,185240,2,1,0
1,185260,2,7,0
1,185280,2,9,0
1,185300,1,10,0
1,185320,3,7,0
1,185340,2,9,0
1,185360,1,1,0
1,185380,4,9,0
1,185400,8,4,0
1,185420,10,8,0
1,185440,6,9,0
1,185460,10,9,0
1,185480,10,6,0
1,185500,10,1,0
1,185520,10,8,0
1,185540,5,2,0
1,185560,10,1,0
1,185580,1,1,0
1,185600,9,10,0
1,185620,1,9,0
1,185640,10,10,0
1,185660,6,2,0
1,185680,9,1,0
1,185700,10,7,0
1,185720,10,8,0
1,185740,10,10,0
1,185760,1,1,0
1,185780,10,8,0
1,185800,6,10,0
1,185820,4,8,0
1,185840,4,5,0
1,185860,4,3,0
1,185880,6,10,0
1,185900,10,1,0
1,185920,10,4,0
1,185940,2,3,0
1,185960,3,1,0
1,185980,10,1,0
1,186000,1,4,0
1,186020,9,1,0
1,186040,5,5,0
1,186060,2,10,0
1,186080,1,4,0
1,186100,10,10,0
1,186120,3,1,0
1,186140,8,6,0
1,186160,1,1,0
1,186180,2,10,0
1,186200,3,7,0
1,186220,1,4,0
1,186240,2,10,0
1,186260,1,10,0
1,186280,10,4,0
1,186300,1,9,0
1,186320,9,1,0
1,186340,10,6,0
1,186360,10,7,0
1,186380,6,4,0
1,186400,10,1,0
1,186420,7,1,0
1,186440,2,6,0
1,186460,6,6,0
1,186480,4,10,0
1,186500,4,10,0
1,186520,4,10,0
1,186540,6,1,0
1,186560,8,1,0
1,186580,3,10,0
1,186600,9,1,0
1,186620,9,1,0
1,186640,5,3,0
1,186660,3,2,0
1,186680,1,2,0
1,186700,9,1,0
1,186720,5,9,0
1,186740,8,10,0
1,186760,10,1,0
1,186780,9,1,0
1,186800,9,7,0
1,186820,5,9,0
1,186840,3,2,0
1,186860,1,4,0
1,186880,9,9,0
1,186900,8,8,0
1,186920,3,2,0
1,186940,7,1,0
1,186960,5,9,0
1,186980,2,7,0
1,187000,2,10,0
1,187020,2,6,0
1,187040,10,1,0
1,187060,10,3,0
1,187080,4,10,0
1,187100,1,9,0
1,187120,1,4,0
1,187140,10,1,0
1,187160,10,2,0
1,187180,1,10,0
1,187200,6,2,0
1,187220,2,10,0
1,187240,7,9,0
1,187260,5,8,0
1,187280,10,2,0
1,187300,9,1,0
1,187320,7,1,0
1,187340,1,2,0
1,187360,1,7,0
1,187380,10,9,0
1,187400,10,10,0
1,187420,4,3,0
1,187440,9,5,0
1,187460,10,9,0
1,187480,5,9,0
1,187500,3,10,0
1,187520,1,10,0
1,187540,9,1,0
1,187560,10,1,0
1,187580,4,10,0
1,187600,1,10,0
1,187620,1,4,0
1,187640,8,9,0
1,187660,1,10,0
1,187680,1,10,0
1,187700,6,5,0
1,187720,5,3,0
1,187740,10,10,0
1,187760,1,10,0
1,187780,2,3,0
1,187800,5,7,0
1,187820,3,7,0
1,187840,10,8,0
1,187860,5,6,0
1,187880,4,5,0
1,187900,1,5,0
1,187920,9,9,0
1,187940,2,10,0
1,187960,9,7,0
1,187980,10,4,0
1,188000,2,1,0
1,188020,2,1,0
1,188040,1,1,0
1,188060,6,9,0
1,188080,4,2,0
1,188100,9,9,0
1,188120,6,4,0
1,188140,9,9,0
1,188160,10,10,0
1,188180,1,3,0
1,188200,2,2,0
1,188220,10,3,0
1,188240,10,6,0
1,188260,1,9,0
1,188280,6,1,0
1,188300,10,1,0
1,188320,7,5,0
1,188340,5,1,0
1,188360,3,10,0
1,188380,1,3,0
1,188400,5,10,0
1,188420,8,1,0
1,188440,9,10,0
1,188460,1,2,0
1,188480,7,2,0
1,188500,3,10,0
1,188520,9,10,0
1,188540,1,3,0
1,188560,2,4,0
1,188580,10,9,0
1,188600,10,1,0
1,188620,10,10,0
1,188640,7,1,0
1,188660,3,10,0
1,188680,10,5,0
1,188700,1,6,0
1,188720,1,5,0
1,188740,4,10,0
1,188760,3,1,0
1,188780,5,6,0
1,188800,8,1,0
1,188820,10,1,0
1,188840,1,4,0
1,188860,3,3,0
1,188880,10,6,0
1,188900,10,10,0
1,188920,9,5,0
1,188940,8,8,0
1,188960,7,1,0
1,188980,10,9,0
1,189000,2,1,0
1,189020,9,5,0
1,189040,9,6,0
1,189060,1,9,0
1,189080,9,10,0
1,189100,5,2,0
1,189120,5,10,0
1,189140,10,10,0
1,189160,8,10,0
1,189180,1,5,0
1,189200,1,10,0
1,189220,6,5,0
1,189240,6,2,0
1,189260,5,10,0
1,189280,2,9,0
1,189300,9,1,0
1,189320,5,7,0
1,189340,10,1,0
1,189360,4,1,0
1,189380,6,9,0
1,189400,9,8,0
1,189420,2,9,0
1,189440,5,10,0
1,189460,1,9,0
1,189480,9,7,0
1,189500,2,3,0
1,189520,8,1,0
1,189540,2,10,0
1,189560,10,2,0
1,189580,10,1,0
1,189600,10,2,0
1,189620,1,3,0
1,189640,3,5,0
1,189660,9,8,0
1,189680,3,5,0
1,189700,5,5,0
1,189720,10,1,0
1,189740,8,9,0
1,189760,10,10,0
1,189780,8,8,0
1,189800,1,1,0
1,189820,8,8,0
1,189840,3,10,0
1,189860,10,10,0
1,189880,4,1,0
1,189900,1,1,0
1,189920,9,4,0
1,189940,5,1,0
1,189960,10,1,0
1,189980,1,9,0
1,190000,10,2,0
1,190020,10,8,0
1,190040,4,10,0
1,190060,4,6,0
1,190080,8,1,0
1,190100,2,10,0
1,190120,1,5,0
1,190140,1,9,0
1,190160,2,1,0
1,190180,10,1,0
1,190200,1,10,0
1,190220,2,10,0
1,190240,9,4,0
1,190260,7,2,0
1,190280,3,10,0
1,190300,3,1,0
1,190320,10,1,0
1,190340,10,7,0
1,190360,10,1,0
1,190380,9,10,0
1,190400,1,10,0
1,190420,10,4,0
1,190440,7,10,0
1,190460,1,6,0
1,190480,5,10,0
1,190500,1,10,0
1,190520,9,1,0
1,190540,5,4,0
1,190560,10,7,0
1,190580,2,5,0
1,190600,7,10,0
1,190620,9,9,0
1,190640,4,10,0
1,190660,10,10,0
1,190680,5,3,0
1,190700,4,10,0
1,190720,4,9,0
1,190740,7,10,0
1,190760,1,10,0
1,190780,10,7,0
1,190800,1,4,0
1,190820,6,10,0
1,190840,1,10,0
1,190860,2,8,0
1,190880,1,6,0
1,190900,7,5,0
1,190920,7,2,0
1,190940,4,5,0
1,190960,2,1,0
1,190980,10,2,0
1,191000,3,10,0
1,191020,2,6,0
1,191040,6,2,0
1,191060,7,9,0
1,191080,2,10,0
1,191100,2,10,0
1,191120,10,10,0
1,191140,1,10,0
1,191160,9,3,0
1,191180,3,10,0
1,191200,4,4,0
1,191220,1,1,0
1,191240,4,9,0
1,191260,2,10,0
1,191280,10,2,0
1,191300,9,9,0
1,191320,4,8,0
1,191340,7,9,0
1,191360,8,9,0
1,191380,1,10,0
1,191400,8,2,0
1,191420,8,3,0
1,191440,9,9,0
1,191460,6,6,0
1,191480,10,4,0
1,191500,10,1,0
1,191520,10,1,0
1,191540,3,9,0
1,191560,1,5,0
1,191580,1,8,0
1,191600,1,2,0
1,191620,4,4,0
1,191640,7,10,0
1,191660,8,1,0
1,191680,4,10,0
1,191700,9,1,0
1,191720,2,10,0
1,191740,5,6,0
1,191760,10,8,0
1,191780,3,6,0
1,191800,1,10,0
1,191820,10,10,0
1,191840,10,10,0
1,191860,1,8,0
1,191880,8,1,0
1,191900,7,8,0
1,191920,3,9,0
1,191940,6,5,0
1,191960,10,4,0
1,191980,2,10,0
1,192000,9,10,0
1,192020,7,10,0
1,192040,3,8,0
1,192060,4,3,0
1,192080,2,1,0
1,192100,7,8,0
1,192120,1,1,0
1,192140,9,2,0
1,192160,1,4,0
1,192180,1,3,0
1,192200,10,9,0
1,192220,2,10,0
1,192240,10,3,0
1,192260,10,2,0
1,192280,8,3,0
1,192300,1,6,0
1,192320,1,10,0
1,192340,3,8,0
1,192360,9,1,0
1,192380,1,2,0
1,192400,4,9,0
1,192420,4,8,0
1,192440,2,1,0
1,192460,8,2,0
1,192480,2,2,0
1,192500,2,3,0
1,192520,9,1,0
1,192540,2,7,0
1,192560,1,10,0
1,192580,2,8,0
1,192600,6,6,0
1,192620,10,1,0
1,192640,1,5,0
1,192660,5,10,0
1,192680,6,6,0
1,192700,1,1,0
1,192720,2,8,0
1,192740,1,6,0
1,192760,1,4,0
1,192780,1,1,0
1,192800,10,10,0
1,192820,10,8,0
1,192840,2,3,0
1,192860,10,9,0
1,192880,1,10,0
1,192900,2,6,0
1,192920,10,6,0
1,192940,9,5,0
1,192960,1,3,0
1,192980,3,9,0
1,193000,7,4,0
1,193020,1,4,0
1,193040,5,1,0
1,193060,8,5,0
1,193080,3,9,0
1,193100,9,10,0
1,193120,9,7,0
1,193140,1,8,0
1,193160,6,10,0
1,193180,3,10,0
1,193200,1,6,0
1,193220,2,2,0
1,193240,2,4,0
1,193260,10,10,0
1,193280,6,3,0
1,193300,1,7,0
1,193320,5,10,0
1,193340,10,6,0
1,193360,5,10,0
1,193380,10,10,0
1,193400,5,10,0
1,193420,2,4,0
1,193440,10,10,0
1,193460,2,10,0
1,193480,7,3,0
1,193500,1,6,0
1,193520,1,5,0
1,193540,2,1,0
1,193560,1,6,0
1,193580,9,10,0
1,193600,10,7,0
1,193620,10,2,0
1,193640,3,9,0
1,193660,2,9,0
1,193680,3,9,0
1,193700,10,9,0
1,193720,10,4,0
1,193740,10,1,0
1,193760,10,6,0
1,193780,1,10,0
1,193800,10,7,0
1,193820,2,9,0
1,193840,4,5,0
1,193860,6,4,0
1,193880,5,2,0
1,193900,4,10,0
1,193920,3,10,0
1,193940,9,10,0
1,193960,4,10,0
1,193980,8,5,0
1,194000,4,10,0
1,194020,2,5,0
1,194040,2,5,0
1,194060,1,5,0
1,194080,10,9,0
1,194100,2,10,0
1,194120,5,3,0
1,194140,10,10,0
1,194160,2,9,0
1,194180,1,9,0
1,194200,9,1,0
1,194220,1,1,0
1,194240,1,4,0
1,194260,4,3,0
1,194280,7,1,0
1,194300,7,10,0
1,194320,2,1,0
1,194340,10,3,0
1,194360,1,7,0
1,194380,2,6,0
1,194400,1,1,0
1,194420,3,2,0
1,194440,1,3,0
1,194460,7,7,0
1,194480,1,1,0
1,194500,10,6,0
1,194520,4,1,0
1,194540,10,1,0
1,194560,8,1,0
1,194580,10,10,0
1,194600,1,10,0
1,194620,1,9,0
1,194640,10,9,0
1,194660,9,10,0
1,194680,3,2,0
1,194700,6,5,0
1,194720,8,2,0
1,194740,4,8,0
1,194760,10,1,0
1,194780,6,9,0
1,194800,2,1,0
1,194820,8,1,0
1,194840,9,10,0
1,194860,9,3,0
1,194880,8,1,0
1,194900,2,3,0
1,194920,9,10,0
1,194940,9,4,0
1,194960,5,6,0
1,194980,1,4,0
1,195000,9,10,0
1,195020,9,6,0
1,195040,9,1,0
1,195060,3,10,0
1,195080,2,2,0
1,195100,6,8,0
1,195120,1,9,0
1,195140,1,1,0
1,195160,1,1,0
1,195180,1,9,0
1,195200,2,7,0
1,195220,2,10,0
1,195240,4,8,0
1,195260,9,4,0
1,195280,10,1,0
1,195300,10,1,0
1,195320,10,1,0
1,195340,3,10,0
1,195360,1,2,0
1,195380,4,5,0
1,195400,4,1,0
1,195420,10,2,0
1,195440,1,2,0
1,195460,10,10,0
1,195480,10,9,0
1,195500,10,1,0
1,195520,1,10,0
1,195540,8,1,0
1,195560,5,6,0
1,195580,2,1,0
1,195600,1,4,0
1,195620,1,1,0
1,195640,5,10,0
1,195660,3,1,0
1,195680,10,6,0
1,195700,10,10,0
1,195720,1,1,0
1,195740,9,9,0
1,195760,2,4,0
1,195780,4,10,0
1,195800,10,1,0
1,195820,1,1,0
1,195840,9,5,0
1,195860,9,1,0
1,195880,9,1,0
1,195900,3,6,0
1,195920,1,9,0
1,195940,4,7,0
1,195960,9,4,0
1,195980,9,10,0
1,196000,9,7,0
1,196020,3,10,0
1,196040,10,1,0
1,196060,7,2,0
1,196080,1,3,0
1,196100,6,1,0
1,196120,10,3,0
1,196140,10,1,0
1,196160,10,9,0
1,196180,1,10,0
1,196200,6,2,0
1,196220,2,1,0
1,196240,1,10,0
1,196260,2,10,0
1,196280,1,7,0
1,196300,8,3,0
1,196320,6,1,0
1,196340,3,1,0
1,196360,10,2,0
1,196380,2,10,0
1,196400,8,3,0
1,196420,10,8,0
1,196440,10,9,0
1,196460,10,2,0
1,196480,10,1,0
1,196500,4,10,0
1,196520,6,5,0
1,196540,9,7,0
1,196560,10,10,0
1,196580,9,8,0
1,196600,3,10,0
1,196620,8,4,0
1,196640,9,2,0
1,196660,1,2,0
1,196680,9,10,0
1,196700,4,1,0
1,196720,10,2,0
1,196740,10,9,0
1,196760,1,6,0
1,196780,10,10,0
1,196800,3,4,0
1,196820,10,4,0
1,196840,10,3,0
1,196860,7,6,0
1,196880,9,1,0
1,196900,3,4,0
1,196920,7,2,0
1,196940,3,2,0
1,196960,6,7,0
1,196980,10,1,0
1,197000,8,9,0
1,197020,1,4,0
1,197040,10,2,0
1,197060,1,8,0
1,197080,2,10,0
1,197100,10,9,0
1,197120,10,7,0
1,197140,1,6,0
1,197160,5,1,0
1,197180,5,10,0
1,197200,10,9,0
1,197220,9,7,0
1,197240,8,1,0
1,197260,1,2,0
1,197280,6,6,0
1,197300,7,6,0
1,197320,5,10,0
1,197340,5,9,0
1,197360,3,10,0
1,197380,10,3,0
1,197400,1,9,0
1,197420,10,10,0
1,197440,10,2,0
1,197460,3,10,0
1,197480,10,10,0
1,197500,3,6,0
1,197520,1,2,0
1,197540,8,1,0
1,197560,9,7,0
1,197580,8,1,0
1,197600,4,10,0
1,197620,1,1,0
1,197640,8,7,0
1,197660,1,5,0
1,197680,2,9,0
1,197700,8,3,0
1,197720,4,8,0
1,197740,1,1,0
1,197760,2,1,0
1,197780,2,1,0
1,197800,1,10,0
1,197820,10,1,0
1,197840,9,10,0
1,197860,9,5,0
1,197880,1,2,0
1,197900,3,6,0
1,197920,7,8,0
1,197940,8,1,0
1,197960,10,10,0
1,197980,3,10,0
1,198000,1,4,0
1,198020,2,1,0
1,198040,5,2,0
1,198060,10,2,0
1,198080,10,1,0
1,198100,6,2,0
1,198120,2,1,0
1,198140,6,8,0
1,198160,1,3,0
1,198180,1,10,0
1,198200,2,10,0
1,198220,1,10,0
1,198240,1,10,0
1,198260,10,6,0
1,198280,8,5,0
1,198300,3,4,0
1,198320,5,3,0
1,198340,1,2,0
1,198360,8,1,0
1,198380,10,9,0
1,198400,1,9,0
1,198420,2,2,0
1,198440,10,10,0
1,198460,9,1,0
1,198480,10,2,0
1,198500,7,9,0
1,198520,1,1,0
1,198540,1,5,0
1,198560,1,10,0
1,198580,3,8,0
1,198600,9,1,0
1,198620,9,2,0
1,198640,8,1,0
1,198660,1,6,0
1,198680,10,9,0
1,198700,2,10,0
1,198720,5,6,0
1,198740,7,2,0
1,198760,2,10,0
1,198780,9,4,0
1,198800,1,1,0
1,198820,7,5,0
1,198840,10,9,0
1,198860,8,1,0
1,198880,8,6,0
1,198900,6,2,0
1,198920,7,1,0
1,198940,2,2,0
1,198960,2,4,0
1,198980,1,7,0
1,199000,9,4,0
1,199020,7,8,0
1,199040,1,1,0
1,199060,3,3,0
1,199080,9,1,0
1,199100,6,6,0
1,199120,8,3,0
1,199140,2,5,0
1,199160,4,8,0
1,199180,10,2,0
1,199200,9,1,0
1,199220,5,2,0
1,199240,1,3,0
1,199260,3,2,0
1,199280,3,9,0
1,199300,1,10,0
1,199320,1,1,0
1,199340,1,8,0
1,199360,4,10,0
1,199380,10,6,0
1,199400,1,10,0
1,199420,9,8,0
1,199440,10,5,0
1,199460,10,1,0
1,199480,4,10,0
1,199500,10,1,0
1,199520,6,9,0
1,199540,5,10,0
1,199560,3,10,0
1,199580,1,1,0
1,199600,1,9,0
1,199620,1,3,0
1,199640,3,1,0
1,199660,10,4,0
1,199680,8,2,0
1,199700,10,4,0
1,199720,10,9,0
1,199740,9,7,0
1,199760,10,10,0
1,199780,10,7,0
1,199800,3,6,0
1,199820,4,9,0
1,199840,10,9,0
1,199860,9,4,0
1,199880,1,9,0
1,199900,9,4,0
1,199920,9,6,0
1,199940,5,10,0
1,199960,10,3,0
1,199980,10,9,0
1,200000,10,10,0
