episode,total_reward,win,epsilon,steps
1,-0.68,0,1.0,14
2,-0.54,0,1.0,5
3,-0.6,0,1.0,9
4,-0.66,0,1.0,15
5,-0.53,0,1.0,8
6,-0.69,0,1.0,8
7,-0.53,0,0.999,7
8,-0.63,0,0.999,7
9,-0.6,0,0.999,11
10,-0.95,0,0.999,22
11,-0.7,0,0.999,8
12,-0.53,0,0.999,11
13,-0.82,0,0.999,17
14,-0.51,0,0.999,8
15,-0.66,0,0.999,10
16,-0.61,0,0.999,6
17,-0.73,0,0.999,9
18,-0.56,0,0.999,10
19,-0.5,0,0.999,3
20,-1.08,0,0.998,30
21,-0.59,0,0.998,12
22,-0.62,0,0.998,8
23,-0.6,0,0.998,12
24,-0.63,0,0.998,7
25,-0.65,0,0.998,11
26,-0.75,0,0.998,12
27,-1.05,0,0.998,25
28,-0.96,0,0.997,25
29,-0.62,0,0.997,9
30,-0.59,0,0.997,11
31,-0.67,0,0.997,9
32,-0.61,0,0.997,10
33,-0.65,0,0.997,7
34,-0.72,0,0.997,12
35,-0.65,0,0.997,7
36,-0.92,0,0.997,16
37,-0.61,0,0.997,21
38,-0.81,0,0.996,21
39,-0.54,0,0.996,6
40,-0.85,0,0.996,26
41,0.96,1,0.996,6
42,-0.63,0,0.996,8
43,0.98,1,0.996,4
44,-0.5,0,0.996,8
45,-0.54,0,0.996,9
46,-0.65,0,0.996,12
47,-0.81,0,0.996,20
48,-0.87,0,0.995,21
49,-0.51,0,0.995,4
50,0.96,1,0.995,5
51,0.81,1,0.995,13
52,-0.8,0,0.995,10
53,-0.85,0,0.995,20
54,-0.77,0,0.995,30
55,0.94,1,0.995,7
56,-0.63,0,0.995,14
57,-0.55,0,0.995,4
58,-0.55,0,0.995,6
59,-0.6,0,0.995,5
60,-0.61,0,0.994,11
61,-0.71,0,0.994,14
62,0.65,0,0.994,21
63,-0.66,0,0.994,14
64,-0.78,0,0.994,15
65,0.82,1,0.994,14
66,-0.67,0,0.994,8
67,-0.56,0,0.994,6
68,-0.64,0,0.994,11
69,-0.53,0,0.994,9
70,-0.54,0,0.993,8
71,-0.54,0,0.993,11
72,-0.62,0,0.993,8
73,-0.57,0,0.993,8
74,-0.58,0,0.993,10
75,-0.57,0,0.993,12
76,-0.6,0,0.993,10
77,-0.79,0,0.993,19
78,-0.5,0,0.993,5
79,-0.66,0,0.993,22
80,-0.56,0,0.993,12
81,0.95,1,0.992,6
82,-0.5,0,0.992,4
83,-0.6,0,0.992,7
84,-0.5,0,0.992,7
85,0.77,0,0.992,12
86,-0.64,0,0.992,5
87,-0.62,0,0.992,6
88,-0.84,0,0.992,13
89,-0.56,0,0.992,5
90,-0.68,0,0.992,10
91,0.89,1,0.992,7
92,0.96,1,0.992,4
93,-0.69,0,0.992,13
94,-0.65,0,0.992,11
95,-0.84,0,0.992,12
96,-0.54,0,0.992,7
97,-0.66,0,0.991,10
98,-0.68,0,0.991,10
99,-0.6,0,0.991,12
100,-0.71,0,0.991,11
101,-0.64,0,0.991,14
102,-0.69,0,0.991,8
103,-0.6,0,0.991,13
104,-0.85,0,0.991,31
105,-0.9,0,0.99,28
106,-0.81,0,0.99,12
107,-0.57,0,0.99,9
108,0.92,1,0.99,16
109,-0.73,0,0.99,14
110,-0.76,0,0.99,11
111,-0.7,0,0.99,10
112,-0.68,0,0.99,16
113,-0.74,0,0.99,18
114,-0.59,0,0.99,9
115,-0.55,0,0.989,10
116,-0.63,0,0.989,13
117,-0.84,0,0.989,18
118,-0.56,0,0.989,10
119,-0.64,0,0.989,9
120,-0.63,0,0.989,8
121,-0.68,0,0.989,9
122,0.83,1,0.989,26
123,-0.48,0,0.989,3
124,-0.81,0,0.989,19
125,-0.71,0,0.988,17
126,-0.94,0,0.988,37
127,-0.69,0,0.988,8
128,0.96,1,0.988,5
129,-0.78,0,0.988,15
130,-0.65,0,0.988,5
131,-0.59,0,0.988,10
132,-0.6,0,0.988,10
133,-0.72,0,0.988,17
134,-0.63,0,0.988,7
135,0.71,0,0.987,22
136,-0.78,0,0.987,15
137,-0.68,0,0.987,13
138,-0.51,0,0.987,4
139,-0.67,0,0.987,8
140,-0.54,0,0.987,5
141,-0.64,0,0.987,9
142,0.91,1,0.987,4
143,-0.55,0,0.987,9
144,-0.6,0,0.987,9
145,-0.62,0,0.987,8
146,-0.55,0,0.987,8
147,-0.58,0,0.987,9
148,-0.82,0,0.986,14
149,0.9,1,0.986,9
150,-0.57,0,0.986,7
151,-0.56,0,0.986,8
152,-0.72,0,0.986,16
153,-0.6,0,0.986,6
154,-0.54,0,0.986,6
155,-0.57,0,0.986,8
156,-0.65,0,0.986,8
157,-0.52,0,0.986,6
158,-0.72,0,0.986,8
159,-0.61,0,0.986,13
160,-0.49,0,0.986,10
161,0.95,1,0.986,5
162,-0.5,0,0.986,4
163,-0.58,0,0.985,10
164,-0.63,0,0.985,8
165,-0.59,0,0.985,11
166,-0.73,0,0.985,8
167,-0.6,0,0.985,4
168,-0.54,0,0.985,3
169,-0.63,0,0.985,7
170,-0.65,0,0.985,6
171,-0.66,0,0.985,15
172,-0.62,0,0.985,11
173,-0.56,0,0.985,8
174,0.89,1,0.985,12
175,-0.57,0,0.985,6
176,-0.76,0,0.985,14
177,-0.58,0,0.985,6
178,-0.52,0,0.984,8
179,-0.67,0,0.984,19
180,-0.69,0,0.984,12
181,-0.62,0,0.984,12
182,-0.67,0,0.984,10
183,-0.75,0,0.984,13
184,-0.59,0,0.984,4
185,-0.61,0,0.984,9
186,-0.54,0,0.984,10
187,-0.63,0,0.984,11
188,-0.8,0,0.983,23
189,0.97,1,0.983,5
190,-0.78,0,0.983,21
191,-0.58,0,0.983,8
192,-0.59,0,0.983,15
193,-0.84,0,0.983,18
194,-0.52,0,0.983,4
195,0.96,1,0.983,8
196,-0.6,0,0.983,5
197,-0.56,0,0.983,9
198,-0.54,0,0.983,10
199,0.96,1,0.983,6
200,-0.99,0,0.982,33
201,-0.74,0,0.982,12
202,-0.68,0,0.982,15
203,-0.64,0,0.982,7
204,-0.71,0,0.982,9
205,-0.62,0,0.982,9
206,-0.78,0,0.982,10
207,-0.59,0,0.982,13
208,-0.66,0,0.982,5
209,-0.6,0,0.982,10
210,-0.63,0,0.982,9
211,-0.69,0,0.981,11
212,-0.69,0,0.981,12
213,-0.6,0,0.981,14
214,-0.57,0,0.981,16
215,-0.66,0,0.981,11
216,-0.71,0,0.981,19
217,-0.57,0,0.981,6
218,-0.64,0,0.981,14
219,-0.68,0,0.981,8
220,-0.59,0,0.981,4
221,-0.62,0,0.981,7
222,-0.5,0,0.981,4
223,-0.59,0,0.98,10
224,-0.77,0,0.98,24
225,-0.68,0,0.98,11
226,-0.55,0,0.98,7
227,-0.66,0,0.98,9
228,-0.63,0,0.98,11
229,-0.72,0,0.98,14
230,-0.68,0,0.98,7
231,-0.63,0,0.98,8
232,-0.74,0,0.98,16
233,-0.63,0,0.98,13
234,-0.67,0,0.979,13
235,-0.6,0,0.979,10
236,0.8,0,0.979,16
237,-0.63,0,0.979,5
238,-0.72,0,0.979,11
239,-0.53,0,0.979,10
240,-0.85,0,0.979,21
241,-0.67,0,0.979,8
242,-0.6,0,0.979,7
243,-0.66,0,0.979,10
244,-0.74,0,0.978,18
245,-0.67,0,0.978,6
246,-0.64,0,0.978,16
247,-0.51,0,0.978,6
248,-0.58,0,0.978,7
249,-0.54,0,0.978,8
250,-0.58,0,0.978,9
251,-0.54,0,0.978,11
252,-0.57,0,0.978,15
253,-0.55,0,0.978,12
254,-0.6,0,0.978,6
255,-0.67,0,0.978,12
256,-0.68,0,0.978,12
257,-0.75,0,0.977,10
258,-0.77,0,0.977,20
259,-0.68,0,0.977,12
260,-0.52,0,0.977,9
261,-0.63,0,0.977,7
262,-0.66,0,0.977,9
263,-0.71,0,0.977,19
264,-0.67,0,0.977,11
265,-0.75,0,0.977,12
266,-0.59,0,0.977,9
267,-0.67,0,0.976,18
268,-0.81,0,0.976,17
269,-0.51,0,0.976,6
270,-0.77,0,0.976,16
271,-0.66,0,0.976,8
272,-0.59,0,0.976,11
273,-0.77,0,0.976,15
274,-0.56,0,0.976,6
275,-0.59,0,0.976,8
276,-0.55,0,0.976,7
277,-0.55,0,0.976,4
278,-0.49,0,0.976,3
279,-0.54,0,0.976,10
280,-0.75,0,0.975,13
281,-0.72,0,0.975,13
282,-0.68,0,0.975,11
283,0.94,1,0.975,3
284,-0.55,0,0.975,10
285,-0.56,0,0.975,8
286,-0.6,0,0.975,6
287,-1.21,0,0.975,47
288,-0.63,0,0.975,14
289,-0.58,0,0.975,7
290,-0.59,0,0.975,5
291,-0.71,0,0.974,9
292,-0.68,0,0.974,5
293,-0.49,0,0.974,10
294,-0.68,0,0.974,17
295,-0.61,0,0.974,8
296,-0.69,0,0.974,10
297,-0.57,0,0.974,7
298,-0.65,0,0.974,9
299,-0.66,0,0.974,9
300,-0.6,0,0.974,5
301,-0.74,0,0.974,11
302,-0.69,0,0.974,9
303,-0.56,0,0.974,7
304,-0.88,0,0.973,16
305,-0.82,0,0.973,30
306,-0.71,0,0.973,11
307,-0.65,0,0.973,9
308,-0.62,0,0.973,21
309,-0.65,0,0.973,17
310,-0.68,0,0.973,12
311,-0.61,0,0.973,9
312,-0.68,0,0.973,13
313,0.96,1,0.972,5
314,-0.81,0,0.972,21
315,-0.61,0,0.972,4
316,-0.56,0,0.972,8
317,0.75,0,0.972,14
318,-0.74,0,0.972,14
319,-0.83,0,0.972,14
320,-0.5,0,0.972,7
321,-0.73,0,0.972,11
322,-0.94,0,0.972,26
323,-0.63,0,0.971,12
324,-0.59,0,0.971,10
325,-0.72,0,0.971,12
326,-0.56,0,0.971,6
327,-0.64,0,0.971,11
328,0.7,0,0.971,13
329,-0.71,0,0.971,11
330,0.89,1,0.971,15
331,-0.73,0,0.971,11
332,0.9,1,0.971,3
333,-0.67,0,0.971,6
334,-0.63,0,0.971,12
335,-0.64,0,0.97,9
336,-0.65,0,0.97,7
337,-0.55,0,0.97,6
338,-0.67,0,0.97,14
339,-0.56,0,0.97,6
340,-0.68,0,0.97,10
341,-0.72,0,0.97,11
342,-0.75,0,0.97,11
343,-0.78,0,0.97,20
344,-0.61,0,0.97,10
345,-0.84,0,0.97,13
346,0.82,1,0.969,27
347,-0.65,0,0.969,8
348,-0.67,0,0.969,12
349,-0.68,0,0.969,9
350,-0.69,0,0.969,8
351,-0.88,0,0.969,23
352,-1.05,0,0.969,37
353,-0.57,0,0.969,6
354,-0.53,0,0.969,6
355,-0.63,0,0.968,11
356,-0.61,0,0.968,8
357,-0.55,0,0.968,4
358,-0.49,0,0.968,4
359,-0.66,0,0.968,9
360,-0.68,0,0.968,11
361,-0.56,0,0.968,8
362,-0.6,0,0.968,9
363,0.81,1,0.968,22
364,-0.65,0,0.968,7
365,-0.66,0,0.968,22
366,-0.77,0,0.967,25
367,-0.69,0,0.967,10
368,-0.68,0,0.967,17
369,0.81,1,0.967,13
370,0.95,1,0.967,6
371,0.89,1,0.967,5
372,-0.57,0,0.967,10
373,-0.8,0,0.967,12
374,0.97,1,0.967,4
375,-0.51,0,0.967,8
376,-0.68,0,0.967,7
377,-0.6,0,0.967,11
378,-1.0,0,0.966,33
379,-0.54,0,0.966,12
380,-0.6,0,0.966,7
381,0.81,1,0.966,13
382,-0.55,0,0.966,16
383,-0.56,0,0.966,10
384,0.9,1,0.966,14
385,-0.65,0,0.966,7
386,-0.6,0,0.966,11
387,-0.63,0,0.966,11
388,-0.54,0,0.966,8
389,-0.59,0,0.965,9
390,-0.48,0,0.965,5
391,-0.65,0,0.965,4
392,-0.69,0,0.965,26
393,-0.67,0,0.965,9
394,-0.6,0,0.965,6
395,0.94,1,0.965,7
396,-0.59,0,0.965,7
397,-0.69,0,0.965,14
398,-0.85,0,0.965,17
399,-0.6,0,0.965,10
400,-0.65,0,0.965,9
401,-0.78,0,0.964,12
402,-0.55,0,0.964,4
403,-0.63,0,0.964,10
404,0.75,0,0.964,20
405,-0.6,0,0.964,17
406,-0.74,0,0.964,27
407,-0.68,0,0.964,7
408,0.77,0,0.964,12
409,-0.53,0,0.964,8
410,-0.55,0,0.964,7
411,-0.78,0,0.963,20
412,-0.81,0,0.963,24
413,-0.61,0,0.963,7
414,-0.57,0,0.963,8
415,-0.6,0,0.963,7
416,-0.7,0,0.963,9
417,-0.62,0,0.963,7
418,-0.65,0,0.963,11
419,-0.76,0,0.963,18
420,0.83,1,0.963,13
421,0.95,1,0.963,4
422,0.97,1,0.963,3
423,-0.65,0,0.962,12
424,-0.52,0,0.962,11
425,-0.57,0,0.962,9
426,-0.69,0,0.962,7
427,-0.59,0,0.962,10
428,-0.68,0,0.962,11
429,-0.64,0,0.962,13
430,-0.54,0,0.962,15
431,-0.57,0,0.962,8
432,-0.85,0,0.962,14
433,-0.68,0,0.962,9
434,-0.66,0,0.962,6
435,0.95,1,0.961,5
436,-0.63,0,0.961,9
437,-0.64,0,0.961,7
438,-0.55,0,0.961,7
439,-0.7,0,0.961,14
440,-0.77,0,0.961,11
441,-0.61,0,0.961,23
442,-0.89,0,0.961,18
443,-0.9,0,0.961,35
444,-0.59,0,0.96,12
445,-0.56,0,0.96,5
446,-0.52,0,0.96,13
447,-0.62,0,0.96,13
448,-0.81,0,0.96,10
449,-0.68,0,0.96,19
450,-0.61,0,0.96,6
451,-0.52,0,0.96,7
452,0.96,1,0.96,4
453,-0.57,0,0.96,8
454,-0.56,0,0.96,5
455,-0.68,0,0.96,14
456,-0.59,0,0.96,9
457,-0.55,0,0.959,6
458,-0.77,0,0.959,11
459,-0.55,0,0.959,13
460,-0.61,0,0.959,10
461,-0.66,0,0.959,8
462,-0.64,0,0.959,10
463,0.54,0,0.959,25
464,-0.6,0,0.959,3
465,-0.59,0,0.959,10
466,-0.59,0,0.959,7
467,-0.59,0,0.959,12
468,-0.57,0,0.959,9
469,-0.51,0,0.958,6
470,-0.52,0,0.958,6
471,-0.58,0,0.958,8
472,-0.62,0,0.958,9
473,-0.55,0,0.958,6
474,-0.79,0,0.958,14
475,-0.57,0,0.958,5
476,0.74,0,0.958,14
477,-0.83,0,0.958,22
478,-0.69,0,0.958,9
479,0.85,1,0.958,13
480,-0.57,0,0.958,4
481,-0.81,0,0.957,25
482,-0.62,0,0.957,13
483,-0.5,0,0.957,4
484,-0.74,0,0.957,12
485,-0.79,0,0.957,11
486,-0.74,0,0.957,14
487,-0.8,0,0.957,18
488,-0.79,0,0.957,23
489,-0.71,0,0.957,15
490,-0.53,0,0.956,10
491,0.91,1,0.956,5
492,-0.71,0,0.956,20
493,-0.55,0,0.956,8
494,-0.64,0,0.956,11
495,-0.94,0,0.956,20
496,-0.5,0,0.956,5
497,-0.62,0,0.956,10
498,-0.54,0,0.956,8
499,-0.66,0,0.956,6
500,0.74,0,0.956,15
501,0.76,0,0.956,14
502,-0.72,0,0.955,12
503,-0.5,0,0.955,6
504,0.51,0,0.955,24
505,-0.58,0,0.955,4
506,-0.74,0,0.955,22
507,-0.77,0,0.955,16
508,-0.52,0,0.955,7
509,-0.66,0,0.955,10
510,-0.61,0,0.955,9
511,-0.61,0,0.955,10
512,-0.66,0,0.954,16
513,-0.6,0,0.954,19
514,-0.66,0,0.954,7
515,-0.57,0,0.954,10
516,-0.59,0,0.954,5
517,-0.67,0,0.954,9
518,-0.65,0,0.954,9
519,-0.6,0,0.954,8
520,-0.74,0,0.954,16
521,-0.97,0,0.954,23
522,-0.59,0,0.954,9
523,-0.58,0,0.953,11
524,-0.79,0,0.953,25
525,0.9,1,0.953,6
526,-0.61,0,0.953,19
527,-0.71,0,0.953,9
528,-0.65,0,0.953,12
529,-0.53,0,0.953,6
530,-0.55,0,0.953,10
531,-0.63,0,0.953,14
532,-0.53,0,0.953,6
533,-0.56,0,0.953,3
534,0.89,1,0.952,9
535,0.94,1,0.952,9
536,-0.7,0,0.952,17
537,-0.62,0,0.952,7
538,-0.8,0,0.952,11
539,-0.61,0,0.952,8
540,-0.61,0,0.952,7
541,-0.72,0,0.952,25
542,-0.6,0,0.952,10
543,-0.67,0,0.952,6
544,-0.64,0,0.952,10
545,-0.72,0,0.952,10
546,-0.75,0,0.951,12
547,0.82,1,0.951,13
548,-0.6,0,0.951,10
549,-1.0,0,0.951,23
550,-0.73,0,0.951,12
551,0.75,0,0.951,15
552,-0.61,0,0.951,6
553,-0.61,0,0.951,5
554,-0.68,0,0.951,11
555,-0.67,0,0.951,6
556,-0.67,0,0.951,13
557,-0.56,0,0.951,5
558,-0.73,0,0.95,9
559,-0.78,0,0.95,15
560,-0.51,0,0.95,10
561,-0.62,0,0.95,9
562,-0.71,0,0.95,12
563,-0.57,0,0.95,8
564,-0.61,0,0.95,11
565,-0.71,0,0.95,26
566,0.75,0,0.95,18
567,0.98,1,0.95,4
568,-0.55,0,0.949,5
569,-0.5,0,0.949,8
570,-0.6,0,0.949,8
571,-0.58,0,0.949,9
572,-0.74,0,0.949,25
573,0.97,1,0.949,3
574,-0.76,0,0.949,20
575,-0.79,0,0.949,18
576,-0.68,0,0.949,6
577,-0.61,0,0.949,7
578,-0.77,0,0.949,14
579,-0.56,0,0.949,6
580,0.91,1,0.948,8
581,-0.59,0,0.948,8
582,-0.62,0,0.948,8
583,-0.57,0,0.948,6
584,-0.54,0,0.948,5
585,-0.76,0,0.948,11
586,-0.55,0,0.948,14
587,-0.66,0,0.948,14
588,-0.5,0,0.948,5
589,-0.62,0,0.948,5
590,-0.66,0,0.948,20
591,-0.7,0,0.948,11
592,-0.73,0,0.947,23
593,-0.58,0,0.947,7
594,-0.66,0,0.947,6
595,-0.55,0,0.947,6
596,-0.66,0,0.947,12
597,-0.68,0,0.947,19
598,0.9,1,0.947,9
599,-0.56,0,0.947,4
600,0.97,1,0.947,6
601,-0.62,0,0.947,6
602,-0.57,0,0.947,10
603,-0.6,0,0.947,12
604,-0.56,0,0.947,9
605,-0.77,0,0.946,21
606,-0.57,0,0.946,5
607,-0.6,0,0.946,9
608,-0.72,0,0.946,9
609,-0.61,0,0.946,9
610,-0.68,0,0.946,8
611,-0.73,0,0.946,18
612,-0.56,0,0.946,15
613,-0.69,0,0.946,11
614,-0.79,0,0.946,15
615,-0.6,0,0.946,8
616,-0.56,0,0.946,5
617,-0.59,0,0.945,15
618,-0.67,0,0.945,11
619,-0.61,0,0.945,11
620,-0.66,0,0.945,18
621,-0.62,0,0.945,17
622,-0.78,0,0.945,15
623,-0.55,0,0.945,4
624,-0.61,0,0.945,4
625,-0.63,0,0.945,17
626,-0.65,0,0.945,15
627,-0.58,0,0.944,6
628,0.77,0,0.944,21
629,-0.79,0,0.944,12
630,-0.79,0,0.944,17
631,-0.78,0,0.944,14
632,-0.78,0,0.944,11
633,-0.61,0,0.944,7
634,-0.57,0,0.944,7
635,-0.68,0,0.944,12
636,-0.56,0,0.944,13
637,-0.76,0,0.943,18
638,-0.56,0,0.943,6
639,-0.73,0,0.943,15
640,-0.56,0,0.943,3
641,-0.67,0,0.943,15
642,-0.56,0,0.943,9
643,-0.72,0,0.943,17
644,0.79,0,0.943,12
645,-0.78,0,0.943,21
646,-0.59,0,0.943,10
647,0.85,1,0.942,18
648,-0.6,0,0.942,10
649,-0.59,0,0.942,10
650,-0.78,0,0.942,18
651,-0.68,0,0.942,13
652,-0.53,0,0.942,12
653,-1.1,0,0.942,29
654,-0.82,0,0.942,20
655,-0.66,0,0.941,7
656,-0.78,0,0.941,13
657,-0.49,0,0.941,8
658,0.98,1,0.941,13
659,-0.66,0,0.941,9
660,-0.77,0,0.941,17
661,-0.59,0,0.941,9
662,-0.69,0,0.941,12
663,-0.72,0,0.941,12
664,-0.7,0,0.941,11
665,-0.58,0,0.941,7
666,-0.59,0,0.941,9
667,-0.75,0,0.94,13
668,-0.61,0,0.94,3
669,-0.61,0,0.94,6
670,0.56,0,0.94,27
671,-0.62,0,0.94,10
672,-0.59,0,0.94,7
673,-0.61,0,0.94,9
674,-0.64,0,0.94,11
675,-0.63,0,0.94,21
676,-0.61,0,0.94,6
677,0.89,1,0.94,12
678,-0.82,0,0.939,9
679,-0.71,0,0.939,13
680,-0.62,0,0.939,6
681,-1.12,0,0.939,24
682,-0.56,0,0.939,4
683,-0.49,0,0.939,3
684,-0.59,0,0.939,16
685,-0.58,0,0.939,7
686,-0.5,0,0.939,5
687,-0.52,0,0.939,5
688,-0.59,0,0.939,10
689,-0.62,0,0.939,5
690,-0.65,0,0.939,11
691,-0.9,0,0.938,18
692,-0.52,0,0.938,13
693,0.98,1,0.938,6
694,-0.61,0,0.938,9
695,-0.55,0,0.938,11
696,-0.72,0,0.938,11
697,-0.56,0,0.938,13
698,0.94,1,0.938,3
699,0.95,1,0.938,4
700,-0.51,0,0.938,4
701,-0.51,0,0.938,6
702,-0.55,0,0.938,5
703,0.79,0,0.938,20
704,-0.63,0,0.938,9
705,0.96,1,0.938,3
706,-0.61,0,0.937,9
707,-0.5,0,0.937,5
708,-0.83,0,0.937,14
709,-0.53,0,0.937,10
710,-0.67,0,0.937,6
711,-0.67,0,0.937,11
712,-0.66,0,0.937,10
713,-0.7,0,0.937,15
714,-0.66,0,0.937,21
715,0.67,0,0.937,13
716,0.93,1,0.937,16
717,-0.52,0,0.936,6
718,-0.63,0,0.936,10
719,-0.62,0,0.936,9
720,-0.65,0,0.936,15
721,-0.57,0,0.936,15
722,-0.61,0,0.936,11
723,-0.51,0,0.936,14
724,-0.82,0,0.936,21
725,-0.78,0,0.936,15
726,-0.8,0,0.935,18
727,-0.58,0,0.935,7
728,-0.58,0,0.935,7
729,-0.59,0,0.935,9
730,-0.73,0,0.935,12
731,-0.55,0,0.935,8
732,0.69,0,0.935,21
733,-0.64,0,0.935,8
734,-0.76,0,0.935,20
735,0.92,1,0.935,5
736,-0.51,0,0.935,5
737,-0.62,0,0.935,11
738,-0.66,0,0.934,9
739,-0.5,0,0.934,3
740,-0.57,0,0.934,5
741,-0.61,0,0.934,13
742,0.93,1,0.934,8
743,-0.66,0,0.934,13
744,-0.59,0,0.934,11
745,-0.66,0,0.934,6
746,-0.69,0,0.934,11
747,-0.75,0,0.934,22
748,0.94,1,0.934,7
749,-0.54,0,0.934,10
750,-0.55,0,0.934,6
751,-0.61,0,0.933,9
752,-0.71,0,0.933,16
753,-0.63,0,0.933,13
754,-0.84,0,0.933,16
755,-0.75,0,0.933,16
756,-0.57,0,0.933,16
757,-0.61,0,0.933,10
758,-0.66,0,0.933,18
759,-0.81,0,0.933,12
760,0.68,0,0.932,20
761,-0.57,0,0.932,12
762,-0.82,0,0.932,20
763,-0.67,0,0.932,8
764,-0.71,0,0.932,19
765,-0.55,0,0.932,8
766,-0.65,0,0.932,14
767,-0.7,0,0.932,11
768,-0.63,0,0.932,5
769,-0.55,0,0.932,5
770,-0.72,0,0.932,15
771,-0.57,0,0.931,5
772,-0.67,0,0.931,12
773,-0.68,0,0.931,7
774,-0.55,0,0.931,18
775,0.92,1,0.931,7
776,-0.62,0,0.931,14
777,0.86,1,0.931,7
778,-0.72,0,0.931,9
779,0.98,1,0.931,4
780,-0.63,0,0.931,8
781,-0.6,0,0.931,8
782,0.88,1,0.931,25
783,-0.57,0,0.93,6
784,-0.54,0,0.93,5
785,-0.5,0,0.93,5
786,-0.7,0,0.93,9
787,-0.6,0,0.93,8
788,-0.65,0,0.93,11
789,-0.64,0,0.93,12
790,-0.64,0,0.93,5
791,-0.59,0,0.93,13
792,-1.26,0,0.93,26
793,-0.71,0,0.93,18
794,-0.61,0,0.93,5
795,-0.7,0,0.929,14
796,-0.58,0,0.929,15
797,-0.64,0,0.929,8
798,-0.74,0,0.929,11
799,-0.62,0,0.929,10
800,-0.68,0,0.929,8
801,-0.76,0,0.929,30
802,-0.65,0,0.929,12
803,-0.55,0,0.929,10
804,-0.8,0,0.929,11
805,-0.77,0,0.928,13
806,-0.84,0,0.928,21
807,-0.62,0,0.928,8
808,-0.62,0,0.928,6
809,-0.62,0,0.928,10
810,-0.7,0,0.928,20
811,-0.6,0,0.928,8
812,-0.63,0,0.928,11
813,0.93,1,0.928,8
814,-0.55,0,0.928,4
815,0.91,1,0.928,4
816,-0.61,0,0.928,13
817,-0.52,0,0.927,6
818,-0.54,0,0.927,10
819,-0.55,0,0.927,6
820,-0.67,0,0.927,15
821,-0.59,0,0.927,7
822,-0.56,0,0.927,6
823,-0.56,0,0.927,11
824,-0.75,0,0.927,11
825,-0.53,0,0.927,7
826,-0.81,0,0.927,19
827,-0.56,0,0.927,5
828,-0.61,0,0.927,6
829,-0.63,0,0.927,9
830,-0.66,0,0.927,11
831,0.9,1,0.926,8
832,-0.5,0,0.926,9
833,0.97,1,0.926,4
834,-0.7,0,0.926,16
835,-0.56,0,0.926,9
836,-0.66,0,0.926,9
837,-0.62,0,0.926,5
838,-0.57,0,0.926,4
839,-0.65,0,0.926,11
840,-0.65,0,0.926,9
841,-0.6,0,0.926,10
842,-0.61,0,0.926,7
843,-0.62,0,0.926,9
844,-0.84,0,0.925,20
845,-0.65,0,0.925,11
846,-0.63,0,0.925,16
847,-0.69,0,0.925,11
848,-0.68,0,0.925,16
849,-0.61,0,0.925,7
850,-0.64,0,0.925,5
851,-0.53,0,0.925,9
852,-0.59,0,0.925,13
853,-0.5,0,0.925,11
854,-0.65,0,0.925,6
855,-0.59,0,0.925,5
856,-0.51,0,0.925,7
857,-0.49,0,0.925,7
858,-0.79,0,0.924,17
859,-0.59,0,0.924,11
860,-0.56,0,0.924,5
861,-0.73,0,0.924,11
862,-0.82,0,0.924,21
863,-0.68,0,0.924,7
864,-0.69,0,0.924,8
865,-0.53,0,0.924,6
866,-0.67,0,0.924,12
867,-0.85,0,0.924,14
868,-0.52,0,0.924,9
869,-0.89,0,0.923,18
870,-0.48,0,0.923,3
871,-0.58,0,0.923,16
872,-0.67,0,0.923,10
873,-0.67,0,0.923,18
874,-0.5,0,0.923,8
875,-0.62,0,0.923,12
876,-0.51,0,0.923,9
877,-0.64,0,0.923,13
878,-0.66,0,0.923,11
879,-0.61,0,0.923,9
880,-0.53,0,0.923,4
881,-0.61,0,0.922,13
882,-0.61,0,0.922,8
883,-0.53,0,0.922,10
884,0.95,1,0.922,5
885,0.85,1,0.922,13
886,-0.5,0,0.922,6
887,-0.57,0,0.922,7
888,-1.0,0,0.922,36
889,-0.52,0,0.922,7
890,0.86,1,0.922,15
891,-0.76,0,0.921,17
892,-0.53,0,0.921,7
893,-0.59,0,0.921,16
894,0.79,0,0.921,19
895,-0.6,0,0.921,9
896,-0.55,0,0.921,6
897,-0.62,0,0.921,10
898,-0.69,0,0.921,13
899,-0.58,0,0.921,8
900,-0.66,0,0.921,11
901,-0.66,0,0.921,14
902,-0.84,0,0.92,13
903,-0.74,0,0.92,12
904,-0.59,0,0.92,6
905,-0.69,0,0.92,15
906,-0.62,0,0.92,9
907,-0.68,0,0.92,21
908,-0.74,0,0.92,8
909,-0.67,0,0.92,12
910,-0.74,0,0.92,19
911,-0.65,0,0.92,10
912,-0.54,0,0.919,6
913,-0.51,0,0.919,4
914,-0.59,0,0.919,11
915,-0.65,0,0.919,21
916,-0.6,0,0.919,8
917,-0.59,0,0.919,12
918,-0.55,0,0.919,4
919,-0.77,0,0.919,14
920,-0.53,0,0.919,7
921,-0.71,0,0.919,14
922,-0.62,0,0.919,8
923,-0.61,0,0.919,11
924,-0.77,0,0.918,24
925,-0.54,0,0.918,8
926,-0.5,0,0.918,9
927,-0.6,0,0.918,5
928,-0.6,0,0.918,13
929,-0.71,0,0.918,9
930,-0.66,0,0.918,9
931,-0.62,0,0.918,8
932,-0.53,0,0.918,9
933,-0.73,0,0.918,9
934,-0.57,0,0.918,7
935,-0.79,0,0.918,15
936,-0.66,0,0.918,12
937,-0.6,0,0.917,9
938,-0.56,0,0.917,6
939,0.95,1,0.917,5
940,-0.65,0,0.917,8
941,-0.51,0,0.917,6
942,-0.57,0,0.917,5
943,-0.61,0,0.917,4
944,-0.64,0,0.917,10
945,0.74,0,0.917,12
946,-0.59,0,0.917,11
947,-0.55,0,0.917,4
948,-0.72,0,0.917,16
949,-0.49,0,0.917,7
950,-0.61,0,0.917,6
951,-0.77,0,0.917,10
952,-0.73,0,0.916,13
953,-0.5,0,0.916,4
954,-0.62,0,0.916,11
955,-0.79,0,0.916,11
956,-0.57,0,0.916,7
957,-0.74,0,0.916,8
958,-0.71,0,0.916,10
959,-0.67,0,0.916,10
960,-0.65,0,0.916,18
961,-0.49,0,0.916,7
962,-0.65,0,0.916,9
963,-0.72,0,0.916,16
964,-0.63,0,0.916,9
965,-0.56,0,0.915,5
966,-0.73,0,0.915,17
967,-0.58,0,0.915,12
968,-0.77,0,0.915,13
969,-0.86,0,0.915,22
970,-0.58,0,0.915,5
971,-0.62,0,0.915,7
972,-0.69,0,0.915,27
973,-0.73,0,0.914,17
974,-0.61,0,0.914,7
975,-0.55,0,0.914,8
976,-0.56,0,0.914,9
977,-0.76,0,0.914,20
978,-0.56,0,0.914,11
979,-0.73,0,0.914,12
980,-0.65,0,0.914,13
981,-0.58,0,0.914,20
982,-0.51,0,0.914,9
983,-0.55,0,0.914,11
984,-0.79,0,0.913,22
985,-0.75,0,0.913,17
986,-0.64,0,0.913,23
987,-0.74,0,0.913,19
988,-0.66,0,0.913,7
989,-0.59,0,0.913,9
990,-0.54,0,0.913,6
991,-0.65,0,0.913,12
992,-0.58,0,0.912,22
993,-0.58,0,0.912,10
994,-0.62,0,0.912,10
995,-0.54,0,0.912,3
996,-0.6,0,0.912,12
997,-0.64,0,0.912,11
998,0.72,0,0.912,18
999,-0.63,0,0.912,19
1000,-0.52,0,0.912,6
1001,-0.68,0,0.912,12
1002,-0.82,0,0.912,13
1003,-0.5,0,0.912,3
1004,0.95,1,0.911,9
1005,0.96,1,0.911,9
1006,-0.69,0,0.911,20
1007,-0.54,0,0.911,4
1008,-0.72,0,0.911,13
1009,-0.73,0,0.911,11
1010,-0.62,0,0.911,9
1011,-0.56,0,0.911,9
1012,-0.57,0,0.911,4
1013,0.95,1,0.911,5
1014,-0.68,0,0.911,12
1015,-0.6,0,0.911,14
1016,-0.56,0,0.911,8
1017,-0.6,0,0.91,9
1018,-0.62,0,0.91,5
1019,-0.51,0,0.91,8
1020,-0.51,0,0.91,8
1021,-0.61,0,0.91,8
1022,-0.61,0,0.91,5
1023,-0.57,0,0.91,10
1024,-0.56,0,0.91,10
1025,-0.66,0,0.91,10
1026,-0.5,0,0.91,8
1027,-0.7,0,0.91,15
1028,-0.5,0,0.91,5
1029,-0.74,0,0.91,23
1030,-0.67,0,0.909,17
1031,-0.76,0,0.909,13
1032,-0.6,0,0.909,10
1033,-0.51,0,0.909,11
1034,-0.55,0,0.909,6
1035,-0.63,0,0.909,9
1036,-0.54,0,0.909,7
1037,-0.84,0,0.909,21
1038,-0.75,0,0.909,12
1039,-0.73,0,0.909,18
1040,-0.52,0,0.909,7
1041,-0.64,0,0.908,15
1042,-0.64,0,0.908,9
1043,-0.82,0,0.908,12
1044,-0.67,0,0.908,7
1045,-0.69,0,0.908,16
1046,-0.76,0,0.908,27
1047,-0.58,0,0.908,5
1048,-0.59,0,0.908,9
1049,-0.58,0,0.908,12
1050,-0.58,0,0.908,9
1051,-0.54,0,0.908,4
1052,-0.63,0,0.907,12
1053,0.96,1,0.907,6
1054,-0.93,0,0.907,29
1055,-0.86,0,0.907,20
1056,-0.56,0,0.907,5
1057,-0.63,0,0.907,8
1058,0.71,0,0.907,14
1059,-0.62,0,0.907,9
1060,-0.56,0,0.907,4
1061,-0.73,0,0.907,23
1062,-0.73,0,0.906,16
1063,-0.73,0,0.906,11
1064,0.84,1,0.906,16
1065,-0.57,0,0.906,9
1066,-0.59,0,0.906,10
1067,-0.51,0,0.906,4
1068,-0.51,0,0.906,6
1069,-0.5,0,0.906,7
1070,-0.57,0,0.906,8
1071,-0.54,0,0.906,5
1072,-0.68,0,0.906,11
1073,0.9,1,0.906,5
1074,-0.57,0,0.906,4
1075,-0.82,0,0.905,21
1076,-0.53,0,0.905,7
1077,-0.71,0,0.905,7
1078,-0.51,0,0.905,6
1079,-0.61,0,0.905,13
1080,-0.55,0,0.905,6
1081,0.94,1,0.905,9
1082,-0.72,0,0.905,8
1083,-0.66,0,0.905,14
1084,-0.71,0,0.905,12
1085,-0.9,0,0.905,28
1086,-0.62,0,0.905,8
1087,-0.76,0,0.904,22
1088,-0.5,0,0.904,9
1089,-0.63,0,0.904,8
1090,-0.57,0,0.904,7
1091,-0.57,0,0.904,7
1092,-0.58,0,0.904,12
1093,-0.61,0,0.904,9
1094,-0.57,0,0.904,5
1095,0.9,1,0.904,12
1096,-0.5,0,0.904,5
1097,-0.58,0,0.904,6
1098,0.74,0,0.904,14
1099,-0.58,0,0.903,15
1100,-0.67,0,0.903,9
1101,-0.61,0,0.903,9
1102,0.96,1,0.903,4
1103,-0.57,0,0.903,13
1104,-0.64,0,0.903,17
1105,-0.69,0,0.903,8
1106,-0.5,0,0.903,7
1107,-0.52,0,0.903,6
1108,-0.58,0,0.903,7
1109,-0.68,0,0.903,9
1110,-0.63,0,0.903,7
1111,-0.71,0,0.903,11
1112,-0.61,0,0.903,5
1113,-0.54,0,0.903,10
1114,-0.65,0,0.902,11
1115,-0.68,0,0.902,8
1116,-0.55,0,0.902,5
1117,-0.77,0,0.902,13
1118,-0.52,0,0.902,7
1119,-0.74,0,0.902,14
1120,-0.58,0,0.902,8
1121,-0.6,0,0.902,9
1122,-0.59,0,0.902,7
1123,-0.56,0,0.902,5
1124,-0.53,0,0.902,14
1125,-0.61,0,0.902,5
1126,-0.62,0,0.902,8
1127,0.79,0,0.902,14
1128,-0.69,0,0.901,16
1129,-0.85,0,0.901,23
1130,-0.87,0,0.901,21
1131,-0.62,0,0.901,7
1132,-0.54,0,0.901,3
1133,-0.69,0,0.901,10
1134,-0.64,0,0.901,8
1135,-0.51,0,0.901,4
1136,-0.6,0,0.901,9
1137,-0.59,0,0.901,7
1138,-0.59,0,0.901,10
1139,-0.52,0,0.901,8
1140,-0.86,0,0.9,19
1141,0.9,1,0.9,9
1142,-0.54,0,0.9,7
1143,-0.86,0,0.9,21
1144,-0.65,0,0.9,9
1145,-0.6,0,0.9,11
1146,-0.81,0,0.9,14
1147,0.94,1,0.9,11
1148,-0.84,0,0.9,23
1149,-0.58,0,0.899,11
1150,-0.61,0,0.899,12
1151,-0.7,0,0.899,12
1152,-0.57,0,0.899,6
1153,-0.53,0,0.899,9
1154,-0.59,0,0.899,7
1155,-0.51,0,0.899,9
1156,-0.58,0,0.899,9
1157,-0.67,0,0.899,8
1158,-0.9,0,0.899,28
1159,-0.52,0,0.899,8
1160,-0.54,0,0.899,5
1161,-0.65,0,0.898,9
1162,-0.59,0,0.898,9
1163,-0.66,0,0.898,18
1164,-0.66,0,0.898,12
1165,0.97,1,0.898,8
1166,-0.6,0,0.898,6
1167,-0.5,0,0.898,7
1168,-0.71,0,0.898,11
1169,-0.75,0,0.898,11
1170,-0.66,0,0.898,14
1171,-0.53,0,0.898,6
1172,-0.56,0,0.898,7
1173,-0.54,0,0.898,10
1174,0.96,1,0.897,3
1175,-0.67,0,0.897,8
1176,-0.59,0,0.897,6
1177,-0.58,0,0.897,7
1178,0.97,1,0.897,7
1179,-0.61,0,0.897,14
1180,-0.71,0,0.897,13
1181,-0.78,0,0.897,16
1182,-0.61,0,0.897,13
1183,-0.73,0,0.897,9
1184,-0.67,0,0.897,11
1185,-0.73,0,0.897,21
1186,-0.64,0,0.896,11
1187,-0.58,0,0.896,8
1188,-0.55,0,0.896,3
1189,-0.56,0,0.896,8
1190,-0.49,0,0.896,5
1191,-0.77,0,0.896,14
1192,-0.72,0,0.896,15
1193,-0.73,0,0.896,16
1194,-0.52,0,0.896,13
1195,-0.55,0,0.896,4
1196,-0.82,0,0.896,10
1197,-0.52,0,0.896,5
1198,-0.56,0,0.896,6
1199,-0.77,0,0.895,22
1200,-0.54,0,0.895,11
1201,0.73,0,0.895,16
1202,-0.73,0,0.895,17
1203,-0.65,0,0.895,10
1204,-0.6,0,0.895,9
1205,-0.62,0,0.895,7
1206,-0.6,0,0.895,8
1207,-0.52,0,0.895,18
1208,0.95,1,0.895,5
1209,0.83,1,0.895,13
1210,-0.69,0,0.894,9
1211,-1.01,0,0.894,25
1212,-0.49,0,0.894,8
1213,-0.64,0,0.894,25
1214,-0.49,0,0.894,8
1215,-0.64,0,0.894,7
1216,-0.59,0,0.894,9
1217,-0.58,0,0.894,7
1218,-0.61,0,0.894,11
1219,-1.01,0,0.893,32
1220,-0.5,0,0.893,9
1221,-0.77,0,0.893,20
1222,-0.53,0,0.893,7
1223,-0.57,0,0.893,9
1224,-0.67,0,0.893,16
1225,-0.72,0,0.893,8
1226,-0.54,0,0.893,17
1227,-0.66,0,0.893,14
1228,-0.69,0,0.892,16
1229,-0.62,0,0.892,6
1230,-0.7,0,0.892,11
1231,-0.73,0,0.892,14
1232,-0.7,0,0.892,18
1233,-0.62,0,0.892,10
1234,-0.51,0,0.892,10
1235,-0.68,0,0.892,13
1236,-0.56,0,0.892,12
1237,-0.74,0,0.892,11
1238,0.94,1,0.892,3
1239,-0.67,0,0.892,13
1240,-0.6,0,0.891,13
1241,-0.84,0,0.891,22
1242,-0.67,0,0.891,8
1243,-0.62,0,0.891,9
1244,-0.71,0,0.891,14
1245,-0.59,0,0.891,3
1246,-0.57,0,0.891,6
1247,-0.79,0,0.891,16
1248,-0.56,0,0.891,4
1249,-0.59,0,0.891,6
1250,-0.48,0,0.891,5
1251,-0.65,0,0.891,18
1252,-0.73,0,0.89,16
1253,-0.95,0,0.89,26
1254,-0.58,0,0.89,14
1255,0.96,1,0.89,5
1256,0.97,1,0.89,3
1257,-0.54,0,0.89,6
1258,-0.57,0,0.89,7
1259,-0.61,0,0.89,9
1260,-0.6,0,0.89,13
1261,-0.51,0,0.89,7
1262,-0.61,0,0.89,6
1263,-0.71,0,0.89,11
1264,-0.55,0,0.889,8
1265,-0.66,0,0.889,6
1266,-0.56,0,0.889,7
1267,0.7,0,0.889,15
1268,-0.56,0,0.889,7
1269,-0.62,0,0.889,8
1270,-0.66,0,0.889,11
1271,-0.51,0,0.889,5
1272,-0.72,0,0.889,17
1273,-0.61,0,0.889,11
1274,-0.58,0,0.889,6
1275,-0.53,0,0.889,19
1276,-0.65,0,0.888,16
1277,-0.61,0,0.888,6
1278,-0.63,0,0.888,10
1279,-0.6,0,0.888,6
1280,-0.58,0,0.888,14
1281,-0.64,0,0.888,10
1282,-0.7,0,0.888,9
1283,-0.58,0,0.888,7
1284,-0.62,0,0.888,8
1285,-0.59,0,0.888,9
1286,0.93,1,0.888,8
1287,-0.74,0,0.888,13
1288,-0.68,0,0.888,12
1289,-0.58,0,0.887,17
1290,-0.48,0,0.887,5
1291,-0.79,0,0.887,20
1292,-0.69,0,0.887,12
1293,-0.62,0,0.887,9
1294,-0.63,0,0.887,7
1295,-0.54,0,0.887,8
1296,-0.55,0,0.887,10
1297,-0.57,0,0.887,23
1298,-0.48,0,0.887,4
1299,-0.61,0,0.887,12
1300,-0.61,0,0.887,3
1301,-0.62,0,0.887,7
1302,-0.62,0,0.886,7
1303,-0.64,0,0.886,24
1304,0.77,0,0.886,12
1305,-0.61,0,0.886,10
1306,-0.69,0,0.886,13
1307,-0.49,0,0.886,6
1308,-0.51,0,0.886,4
1309,-0.57,0,0.886,11
1310,-0.55,0,0.886,6
1311,-0.51,0,0.886,8
1312,-0.53,0,0.886,10
1313,0.97,1,0.886,6
1314,-0.54,0,0.886,9
1315,-0.63,0,0.885,12
1316,-0.58,0,0.885,18
1317,-0.54,0,0.885,7
1318,-0.6,0,0.885,18
1319,0.8,0,0.885,12
1320,-0.62,0,0.885,10
1321,-0.66,0,0.885,8
1322,-0.59,0,0.885,7
1323,-0.8,0,0.885,11
1324,-0.61,0,0.885,7
1325,-0.63,0,0.885,12
1326,-0.57,0,0.884,8
1327,-0.69,0,0.884,16
1328,-0.61,0,0.884,13
1329,0.94,1,0.884,13
1330,-0.66,0,0.884,9
1331,-0.65,0,0.884,9
1332,-0.61,0,0.884,5
1333,-0.67,0,0.884,8
1334,-0.62,0,0.884,11
1335,-0.58,0,0.884,14
1336,-0.69,0,0.884,8
1337,-0.51,0,0.884,4
1338,-0.54,0,0.884,11
1339,-0.71,0,0.883,13
1340,-0.61,0,0.883,14
1341,-0.74,0,0.883,13
1342,-0.5,0,0.883,4
1343,-0.54,0,0.883,6
1344,-0.5,0,0.883,5
1345,-0.65,0,0.883,16
1346,-0.51,0,0.883,8
1347,-0.62,0,0.883,5
1348,-0.49,0,0.883,6
1349,-0.62,0,0.883,10
1350,-0.66,0,0.883,18
1351,-0.84,0,0.882,20
1352,-0.49,0,0.882,6
1353,-0.69,0,0.882,14
1354,-0.62,0,0.882,10
1355,-0.74,0,0.882,17
1356,-0.61,0,0.882,7
1357,-0.75,0,0.882,26
1358,-0.64,0,0.882,8
1359,-0.71,0,0.882,17
1360,0.97,1,0.882,6
1361,0.94,1,0.881,9
1362,-0.55,0,0.881,5
1363,-0.58,0,0.881,15
1364,-0.65,0,0.881,9
1365,-0.56,0,0.881,4
1366,-0.73,0,0.881,13
1367,-0.5,0,0.881,7
1368,-0.5,0,0.881,8
1369,-1.0,0,0.881,40
1370,-0.67,0,0.881,21
1371,-0.74,0,0.88,24
1372,-0.7,0,0.88,13
1373,-0.6,0,0.88,18
1374,-0.52,0,0.88,17
1375,-0.56,0,0.88,5
1376,-0.71,0,0.88,12
1377,-0.58,0,0.88,5
1378,0.95,1,0.88,4
1379,-0.56,0,0.88,13
1380,-0.55,0,0.88,3
1381,-0.58,0,0.88,15
1382,0.77,0,0.879,15
1383,-0.54,0,0.879,5
1384,-0.65,0,0.879,8
1385,-0.54,0,0.879,7
1386,-0.95,0,0.879,19
1387,-0.51,0,0.879,4
1388,-0.58,0,0.879,16
1389,-0.64,0,0.879,17
1390,-0.61,0,0.879,9
1391,-0.6,0,0.879,6
1392,-0.51,0,0.879,4
1393,0.95,1,0.879,4
1394,-0.56,0,0.878,11
1395,-0.68,0,0.878,12
1396,-0.6,0,0.878,4
1397,-0.9,0,0.878,27
1398,0.95,1,0.878,8
1399,-0.69,0,0.878,12
1400,-0.63,0,0.878,7
1401,-0.57,0,0.878,9
1402,0.95,1,0.878,4
1403,-0.66,0,0.878,9
1404,0.67,0,0.878,15
1405,-0.56,0,0.878,6
1406,-0.61,0,0.878,10
1407,-0.72,0,0.877,16
1408,-0.67,0,0.877,9
1409,-0.69,0,0.877,7
1410,0.95,1,0.877,6
1411,-0.62,0,0.877,8
1412,0.92,1,0.877,10
1413,-0.48,0,0.877,4
1414,-0.5,0,0.877,5
1415,-0.84,0,0.877,24
1416,-0.68,0,0.877,9
1417,-0.54,0,0.877,9
1418,-0.66,0,0.877,10
1419,0.94,1,0.877,8
1420,-0.7,0,0.876,15
1421,-0.56,0,0.876,3
1422,-0.54,0,0.876,7
1423,-0.68,0,0.876,12
1424,0.96,1,0.876,5
1425,-0.52,0,0.876,5
1426,-0.56,0,0.876,15
1427,-0.62,0,0.876,10
1428,0.85,1,0.876,14
1429,-0.52,0,0.876,5
1430,-0.55,0,0.876,6
1431,-0.68,0,0.876,8
1432,-0.58,0,0.876,6
1433,-0.51,0,0.876,4
1434,-0.49,0,0.876,4
1435,-0.65,0,0.876,4
1436,-0.53,0,0.876,5
1437,-0.6,0,0.875,8
1438,-0.63,0,0.875,11
1439,0.92,1,0.875,6
1440,-0.72,0,0.875,11
1441,-0.68,0,0.875,25
1442,-0.6,0,0.875,6
1443,-0.62,0,0.875,7
1444,-0.61,0,0.875,12
1445,-0.61,0,0.875,8
1446,-0.54,0,0.875,6
1447,-0.56,0,0.875,16
1448,-0.57,0,0.875,11
1449,-0.64,0,0.874,9
1450,-0.6,0,0.874,11
1451,-0.58,0,0.874,9
1452,-0.71,0,0.874,8
1453,-0.59,0,0.874,4
1454,-0.62,0,0.874,6
1455,-0.74,0,0.874,10
1456,0.81,1,0.874,13
1457,-0.61,0,0.874,9
1458,-0.77,0,0.874,15
1459,-0.72,0,0.874,10
1460,-0.58,0,0.874,10
1461,-0.78,0,0.873,19
1462,-0.73,0,0.873,11
1463,-0.83,0,0.873,13
1464,0.7,0,0.873,31
1465,-0.74,0,0.873,22
1466,-0.66,0,0.873,12
1467,-0.71,0,0.873,10
1468,-0.7,0,0.873,14
1469,-0.64,0,0.872,14
1470,-0.73,0,0.872,11
1471,-0.73,0,0.872,16
1472,-0.76,0,0.872,14
1473,-0.51,0,0.872,6
1474,-0.54,0,0.872,7
1475,-0.65,0,0.872,7
1476,-0.51,0,0.872,6
1477,-1.03,0,0.872,34
1478,-0.62,0,0.872,8
1479,0.95,1,0.872,3
1480,-0.61,0,0.871,10
1481,-0.53,0,0.871,9
1482,-0.7,0,0.871,12
1483,-0.71,0,0.871,11
1484,-0.64,0,0.871,8
1485,-0.67,0,0.871,7
1486,-0.58,0,0.871,7
1487,-0.51,0,0.871,8
1488,-0.58,0,0.871,8
1489,-0.56,0,0.871,8
1490,-0.65,0,0.871,13
1491,-0.59,0,0.871,10
1492,-0.6,0,0.871,10
1493,-0.64,0,0.871,10
1494,-0.68,0,0.87,21
1495,-0.65,0,0.87,8
1496,-0.54,0,0.87,7
1497,-0.6,0,0.87,11
1498,-0.68,0,0.87,12
1499,0.93,1,0.87,13
1500,-0.72,0,0.87,7
1501,-0.64,0,0.87,9
1502,-0.57,0,0.87,10
1503,-0.72,0,0.87,8
1504,-0.62,0,0.87,9
1505,-0.49,0,0.87,6
1506,0.94,1,0.87,7
1507,0.81,1,0.869,15
1508,-0.61,0,0.869,15
1509,0.97,1,0.869,7
1510,-0.53,0,0.869,5
1511,-0.6,0,0.869,4
1512,-0.55,0,0.869,9
1513,-0.53,0,0.869,6
1514,-0.54,0,0.869,6
1515,-0.53,0,0.869,6
1516,-0.53,0,0.869,11
1517,-0.57,0,0.869,6
1518,0.95,1,0.869,5
1519,-0.63,0,0.869,8
1520,-0.6,0,0.869,3
1521,-0.64,0,0.869,11
1522,0.92,1,0.869,9
1523,-0.66,0,0.868,13
1524,0.96,1,0.868,4
1525,-0.6,0,0.868,7
1526,-0.59,0,0.868,14
1527,-0.65,0,0.868,10
1528,-0.6,0,0.868,9
1529,0.94,1,0.868,9
1530,-0.64,0,0.868,14
1531,-0.55,0,0.868,5
1532,-0.81,0,0.868,16
1533,-0.63,0,0.868,15
1534,-0.57,0,0.868,7
1535,-0.51,0,0.868,4
1536,-0.51,0,0.867,8
1537,0.95,1,0.867,6
1538,-0.76,0,0.867,18
1539,-0.77,0,0.867,19
1540,-0.64,0,0.867,9
1541,-0.52,0,0.867,5
1542,-0.64,0,0.867,9
1543,-0.64,0,0.867,7
1544,-1.11,0,0.867,31
1545,-0.49,0,0.867,6
1546,-0.68,0,0.867,9
1547,-0.76,0,0.866,24
1548,0.93,1,0.866,8
1549,-0.81,0,0.866,17
1550,-0.53,0,0.866,17
1551,-0.52,0,0.866,9
1552,-0.73,0,0.866,13
1553,-0.55,0,0.866,3
1554,-0.66,0,0.866,15
1555,-0.62,0,0.866,11
1556,-0.73,0,0.865,14
1557,-0.64,0,0.865,8
1558,-0.73,0,0.865,9
1559,0.94,1,0.865,10
1560,-0.76,0,0.865,31
1561,0.91,1,0.865,4
1562,-0.89,0,0.865,31
1563,-0.62,0,0.865,10
1564,-0.55,0,0.865,9
1565,-0.52,0,0.865,6
1566,-0.59,0,0.864,5
1567,0.91,1,0.864,5
1568,-0.59,0,0.864,8
1569,-0.69,0,0.864,16
1570,-0.64,0,0.864,7
1571,-0.77,0,0.864,18
1572,-0.55,0,0.864,10
1573,-0.63,0,0.864,9
1574,-0.65,0,0.864,11
1575,-0.69,0,0.864,10
1576,-0.54,0,0.864,4
1577,-0.56,0,0.864,10
1578,0.91,1,0.864,9
1579,-0.61,0,0.863,12
1580,-0.53,0,0.863,9
1581,-0.5,0,0.863,10
1582,-0.63,0,0.863,6
1583,-0.56,0,0.863,10
1584,-0.51,0,0.863,4
1585,-0.62,0,0.863,9
1586,-0.54,0,0.863,7
1587,-0.54,0,0.863,9
1588,-0.7,0,0.863,11
1589,-0.58,0,0.863,10
1590,-0.58,0,0.863,10
1591,-0.72,0,0.863,9
1592,-0.85,0,0.863,21
1593,-0.78,0,0.862,19
1594,-0.82,0,0.862,13
1595,-0.72,0,0.862,12
1596,-0.63,0,0.862,11
1597,-0.72,0,0.862,11
1598,0.87,1,0.862,14
1599,-0.72,0,0.862,20
1600,-0.5,0,0.862,5
1601,-0.58,0,0.862,8
1602,-0.57,0,0.862,10
1603,-0.51,0,0.861,11
1604,-0.65,0,0.861,15
1605,0.97,1,0.861,3
1606,-0.62,0,0.861,17
1607,0.98,1,0.861,4
1608,-0.68,0,0.861,8
1609,-0.61,0,0.861,21
1610,-0.56,0,0.861,11
1611,-0.68,0,0.861,10
1612,-0.66,0,0.861,8
1613,-0.67,0,0.86,27
1614,-0.65,0,0.86,6
1615,0.79,0,0.86,15
1616,-0.66,0,0.86,6
1617,0.98,1,0.86,4
1618,-0.61,0,0.86,7
1619,-0.6,0,0.86,12
1620,-0.74,0,0.86,11
1621,-0.61,0,0.86,18
1622,-0.61,0,0.86,12
1623,-0.65,0,0.86,6
1624,-0.73,0,0.86,10
1625,-0.71,0,0.86,12
1626,-0.58,0,0.859,10
1627,-0.7,0,0.859,8
1628,-0.84,0,0.859,21
1629,-0.51,0,0.859,8
1630,0.95,1,0.859,7
1631,-0.61,0,0.859,10
1632,-0.62,0,0.859,11
1633,0.8,0,0.859,14
1634,-0.65,0,0.859,12
1635,-0.67,0,0.859,14
1636,-0.64,0,0.859,12
1637,-0.72,0,0.858,19
1638,-1.04,0,0.858,36
1639,-0.51,0,0.858,12
1640,-0.54,0,0.858,8
1641,-0.63,0,0.858,13
1642,-0.56,0,0.858,8
1643,-0.58,0,0.858,8
1644,0.95,1,0.858,5
1645,-0.62,0,0.858,13
1646,-0.7,0,0.857,13
1647,-0.55,0,0.857,10
1648,-0.5,0,0.857,5
1649,-0.48,0,0.857,3
1650,-0.55,0,0.857,7
1651,-0.61,0,0.857,6
1652,-0.63,0,0.857,9
1653,0.92,1,0.857,5
1654,-0.65,0,0.857,10
1655,-0.67,0,0.857,13
1656,-0.76,0,0.857,13
1657,-0.6,0,0.857,11
1658,-0.75,0,0.857,20
1659,-0.59,0,0.856,8
1660,-0.54,0,0.856,6
1661,-0.78,0,0.856,16
1662,-0.61,0,0.856,12
1663,-0.82,0,0.856,36
1664,-0.67,0,0.856,6
1665,-0.48,0,0.856,8
1666,-0.66,0,0.856,13
1667,-0.95,0,0.855,31
1668,-0.63,0,0.855,10
1669,-0.52,0,0.855,7
1670,-0.52,0,0.855,13
1671,-0.67,0,0.855,8
1672,-0.65,0,0.855,11
1673,-0.53,0,0.855,12
1674,-0.72,0,0.855,14
1675,-0.57,0,0.855,10
1676,-0.63,0,0.855,11
1677,-0.5,0,0.855,7
1678,-0.51,0,0.855,14
1679,-0.5,0,0.854,7
1680,-0.66,0,0.854,7
1681,-0.58,0,0.854,18
1682,-0.95,0,0.854,36
1683,-0.67,0,0.854,14
1684,-0.74,0,0.854,14
1685,0.92,1,0.854,13
1686,-0.54,0,0.854,7
1687,-0.75,0,0.854,13
1688,-0.49,0,0.853,5
1689,-0.69,0,0.853,23
1690,-0.58,0,0.853,10
1691,-0.73,0,0.853,24
1692,-0.5,0,0.853,10
1693,-0.56,0,0.853,15
1694,-0.9,0,0.853,26
1695,-0.87,0,0.852,35
1696,-0.53,0,0.852,6
1697,-0.62,0,0.852,15
1698,-0.48,0,0.852,3
1699,-0.61,0,0.852,7
1700,-0.7,0,0.852,16
1701,-0.5,0,0.852,4
1702,-0.52,0,0.852,9
1703,-0.73,0,0.852,23
1704,-0.73,0,0.852,16
1705,-0.63,0,0.851,11
1706,-0.72,0,0.851,11
1707,-0.54,0,0.851,7
1708,-0.59,0,0.851,7
1709,0.92,1,0.851,8
1710,-0.69,0,0.851,20
1711,-0.55,0,0.851,11
1712,-0.56,0,0.851,8
1713,-0.62,0,0.851,7
1714,-0.64,0,0.851,11
1715,-0.56,0,0.851,6
1716,0.92,1,0.851,4
1717,-0.57,0,0.851,8
1718,0.96,1,0.851,10
1719,-0.59,0,0.851,7
1720,-0.66,0,0.85,11
1721,-0.62,0,0.85,14
1722,-0.65,0,0.85,9
1723,-0.79,0,0.85,20
1724,0.76,0,0.85,15
1725,-0.64,0,0.85,9
1726,-0.55,0,0.85,8
1727,-0.68,0,0.85,6
1728,-0.7,0,0.85,11
1729,0.81,1,0.85,16
1730,-0.53,0,0.85,5
1731,-0.57,0,0.849,4
1732,-0.65,0,0.849,20
1733,-0.66,0,0.849,14
1734,-0.64,0,0.849,6
1735,-0.76,0,0.849,27
1736,-0.58,0,0.849,8
1737,-0.61,0,0.849,9
1738,-0.62,0,0.849,7
1739,-0.6,0,0.849,8
1740,0.91,1,0.849,6
1741,-0.68,0,0.849,15
1742,0.95,1,0.849,5
1743,0.95,1,0.848,3
1744,-0.64,0,0.848,10
1745,-0.66,0,0.848,14
1746,-0.94,0,0.848,31
1747,-0.58,0,0.848,7
1748,-0.65,0,0.848,16
1749,-0.56,0,0.848,6
1750,-0.49,0,0.848,4
1751,-0.57,0,0.848,9
1752,-0.69,0,0.848,20
1753,-0.54,0,0.847,7
1754,-0.61,0,0.847,16
1755,-0.62,0,0.847,7
1756,-0.54,0,0.847,6
1757,-0.56,0,0.847,9
1758,-0.64,0,0.847,9
1759,-0.56,0,0.847,8
1760,-0.54,0,0.847,6
1761,-0.6,0,0.847,9
1762,-0.75,0,0.847,20
1763,-0.56,0,0.847,6
1764,-0.77,0,0.847,21
1765,-0.51,0,0.847,6
1766,-0.61,0,0.846,7
1767,-0.56,0,0.846,8
1768,-0.78,0,0.846,14
1769,-0.56,0,0.846,12
1770,-0.55,0,0.846,11
1771,-0.71,0,0.846,24
1772,-0.62,0,0.846,14
1773,-0.62,0,0.846,11
1774,-0.6,0,0.846,5
1775,-0.61,0,0.846,8
1776,-0.58,0,0.846,10
1777,-0.57,0,0.845,10
1778,0.75,0,0.845,16
1779,-0.55,0,0.845,10
1780,-0.71,0,0.845,14
1781,-0.68,0,0.845,12
1782,-0.59,0,0.845,8
1783,-0.5,0,0.845,6
1784,-0.59,0,0.845,10
1785,-0.54,0,0.845,6
1786,-0.69,0,0.845,10
1787,-0.53,0,0.845,8
1788,-0.5,0,0.845,3
1789,-0.5,0,0.845,9
1790,-0.61,0,0.844,16
1791,-0.57,0,0.844,8
1792,-0.49,0,0.844,6
1793,-0.52,0,0.844,6
1794,-0.49,0,0.844,6
1795,-0.61,0,0.844,4
1796,-0.5,0,0.844,8
1797,-0.63,0,0.844,9
1798,-0.56,0,0.844,9
1799,-0.77,0,0.844,20
1800,-0.65,0,0.844,10
1801,-0.77,0,0.844,19
1802,-0.54,0,0.844,13
1803,-0.63,0,0.843,6
1804,-0.53,0,0.843,19
1805,-0.68,0,0.843,10
1806,0.62,0,0.843,28
1807,-0.59,0,0.843,6
1808,-0.69,0,0.843,8
1809,-0.79,0,0.843,22
1810,-0.61,0,0.843,13
1811,-0.54,0,0.843,7
1812,-0.6,0,0.842,9
1813,-0.63,0,0.842,17
1814,-0.75,0,0.842,11
1815,-0.69,0,0.842,17
1816,-0.58,0,0.842,10
1817,-0.56,0,0.842,13
1818,-0.61,0,0.842,11
1819,-0.5,0,0.842,5
1820,-0.66,0,0.842,9
1821,0.78,0,0.842,12
1822,-0.57,0,0.842,13
1823,-0.79,0,0.841,9
1824,-0.82,0,0.841,15
1825,-0.49,0,0.841,6
1826,-0.55,0,0.841,9
1827,-0.61,0,0.841,9
1828,-0.5,0,0.841,3
1829,-0.56,0,0.841,4
1830,0.68,0,0.841,20
1831,-0.63,0,0.841,10
1832,0.96,1,0.841,2
1833,-0.63,0,0.841,12
1834,-0.61,0,0.841,4
1835,-0.5,0,0.841,4
1836,-0.57,0,0.841,3
1837,-0.76,0,0.841,11
1838,-0.53,0,0.841,5
1839,-0.55,0,0.84,13
1840,-0.72,0,0.84,12
1841,-0.65,0,0.84,7
1842,-0.59,0,0.84,7
1843,0.94,1,0.84,13
1844,-0.49,0,0.84,12
1845,-0.49,0,0.84,6
1846,-0.59,0,0.84,9
1847,-0.51,0,0.84,6
1848,-0.55,0,0.84,8
1849,-1.02,0,0.84,37
1850,-0.63,0,0.839,14
1851,-0.53,0,0.839,12
1852,-0.54,0,0.839,3
1853,-0.56,0,0.839,6
1854,-0.56,0,0.839,9
1855,-0.62,0,0.839,10
1856,-0.64,0,0.839,8
1857,-0.65,0,0.839,7
1858,-0.51,0,0.839,6
1859,-0.59,0,0.839,4
1860,-0.56,0,0.839,7
1861,-0.7,0,0.839,10
1862,-0.62,0,0.839,21
1863,-0.7,0,0.838,21
1864,-0.63,0,0.838,14
1865,-0.63,0,0.838,11
1866,-0.51,0,0.838,9
1867,-0.55,0,0.838,4
1868,-0.49,0,0.838,5
1869,-0.74,0,0.838,18
1870,-0.5,0,0.838,5
1871,-0.63,0,0.838,16
1872,-0.59,0,0.838,6
1873,-0.68,0,0.838,13
1874,-0.61,0,0.838,14
1875,-0.62,0,0.837,19
1876,-0.63,0,0.837,6
1877,-0.58,0,0.837,6
1878,-0.6,0,0.837,10
1879,-0.58,0,0.837,11
1880,-0.55,0,0.837,16
1881,-0.62,0,0.837,13
1882,-0.74,0,0.837,15
1883,-0.54,0,0.837,9
1884,0.97,1,0.837,6
1885,-0.61,0,0.837,9
1886,0.97,1,0.837,10
1887,-0.48,0,0.836,4
1888,-0.67,0,0.836,11
1889,0.95,1,0.836,3
1890,-0.71,0,0.836,9
1891,-0.53,0,0.836,5
1892,-0.48,0,0.836,4
1893,-0.6,0,0.836,8
1894,-0.55,0,0.836,4
1895,-0.65,0,0.836,7
1896,0.92,1,0.836,4
1897,-0.61,0,0.836,5
1898,0.89,1,0.836,7
1899,-0.51,0,0.836,5
1900,-0.79,0,0.836,19
1901,-0.73,0,0.836,14
1902,-0.92,0,0.835,35
1903,0.94,1,0.835,5
1904,-0.65,0,0.835,7
1905,-0.68,0,0.835,14
1906,-0.75,0,0.835,36
1907,-0.59,0,0.835,7
1908,-0.71,0,0.835,28
1909,-0.51,0,0.834,16
1910,-0.72,0,0.834,13
1911,-0.56,0,0.834,5
1912,-0.59,0,0.834,9
1913,-0.52,0,0.834,11
1914,-0.74,0,0.834,34
1915,-0.62,0,0.834,14
1916,-0.51,0,0.834,6
1917,-0.64,0,0.834,14
1918,-0.52,0,0.834,5
1919,-0.48,0,0.834,7
1920,-0.66,0,0.833,8
1921,-0.67,0,0.833,17
1922,-0.74,0,0.833,20
1923,-0.56,0,0.833,7
1924,-0.59,0,0.833,5
1925,-0.55,0,0.833,4
1926,-0.66,0,0.833,14
1927,-0.49,0,0.833,3
1928,0.94,1,0.833,3
1929,-0.54,0,0.833,9
1930,0.96,1,0.833,5
1931,-0.69,0,0.833,11
1932,-0.59,0,0.833,9
1933,-0.61,0,0.833,12
1934,-0.8,0,0.832,12
1935,-0.64,0,0.832,13
1936,-0.51,0,0.832,7
1937,-0.73,0,0.832,22
1938,0.84,1,0.832,18
1939,-0.74,0,0.832,11
1940,-0.59,0,0.832,7
1941,-0.7,0,0.832,20
1942,0.86,1,0.832,20
1943,-0.67,0,0.831,6
1944,-0.71,0,0.831,14
1945,-0.87,0,0.831,21
1946,-0.67,0,0.831,6
1947,-0.5,0,0.831,7
1948,-0.62,0,0.831,7
1949,-0.65,0,0.831,15
1950,0.81,1,0.831,17
1951,-0.49,0,0.831,4
1952,-0.6,0,0.831,10
1953,-0.56,0,0.831,4
1954,-0.5,0,0.831,4
1955,-0.67,0,0.83,14
1956,-0.57,0,0.83,6
1957,-0.6,0,0.83,8
1958,-0.8,0,0.83,22
1959,0.77,0,0.83,16
1960,-0.74,0,0.83,30
1961,-0.6,0,0.83,14
1962,-0.67,0,0.83,12
1963,-0.8,0,0.83,16
1964,0.97,1,0.829,4
1965,0.89,1,0.829,11
1966,-0.51,0,0.829,9
1967,0.95,1,0.829,4
1968,-0.67,0,0.829,13
1969,0.94,1,0.829,6
1970,-0.68,0,0.829,13
1971,-0.52,0,0.829,11
1972,-0.6,0,0.829,7
1973,-0.71,0,0.829,20
1974,-0.7,0,0.829,9
1975,-0.53,0,0.829,5
1976,0.82,1,0.828,14
1977,0.96,1,0.828,4
1978,-0.66,0,0.828,21
1979,-0.64,0,0.828,6
1980,0.91,1,0.828,5
1981,-0.55,0,0.828,6
1982,-0.59,0,0.828,6
1983,0.91,1,0.828,5
1984,-0.67,0,0.828,7
1985,-0.76,0,0.828,25
1986,0.93,1,0.828,10
1987,-0.79,0,0.828,16
1988,-0.54,0,0.828,10
1989,0.73,0,0.827,15
1990,-0.61,0,0.827,12
1991,0.73,0,0.827,23
1992,-0.68,0,0.827,10
1993,-0.64,0,0.827,9
1994,-0.63,0,0.827,12
1995,0.87,1,0.827,12
1996,-0.56,0,0.827,10
1997,-0.6,0,0.827,7
1998,-0.66,0,0.827,9
1999,-0.61,0,0.827,6
2000,0.95,1,0.826,10
2001,-0.71,0,0.826,11
2002,-0.51,0,0.826,4
2003,0.97,1,0.826,10
2004,-0.62,0,0.826,13
2005,-0.64,0,0.826,7
2006,-0.93,0,0.826,16
2007,0.62,0,0.826,30
2008,-0.62,0,0.826,10
2009,-0.51,0,0.826,9
2010,-0.58,0,0.826,11
2011,0.88,1,0.825,8
2012,-0.62,0,0.825,17
2013,0.96,1,0.825,6
2014,-0.63,0,0.825,8
2015,0.86,1,0.825,12
2016,-0.78,0,0.825,11
2017,-0.68,0,0.825,14
2018,-0.9,0,0.825,30
2019,-0.6,0,0.825,10
2020,-0.83,0,0.824,18
2021,-0.48,0,0.824,5
2022,-0.62,0,0.824,27
2023,-0.81,0,0.824,17
2024,-0.77,0,0.824,15
2025,-0.78,0,0.824,21
2026,-0.54,0,0.824,8
2027,-0.5,0,0.824,5
2028,-0.56,0,0.824,5
2029,-0.54,0,0.824,11
2030,-0.77,0,0.823,27
2031,-0.62,0,0.823,13
2032,-0.58,0,0.823,10
2033,-0.61,0,0.823,9
2034,-0.54,0,0.823,7
2035,-0.54,0,0.823,3
2036,-0.54,0,0.823,8
2037,-0.73,0,0.823,17
2038,-0.74,0,0.823,8
2039,-0.64,0,0.823,12
2040,-0.59,0,0.823,7
2041,-0.65,0,0.823,12
2042,-0.58,0,0.822,14
2043,-0.56,0,0.822,14
2044,-0.59,0,0.822,12
2045,-0.61,0,0.822,10
2046,-0.59,0,0.822,10
2047,-0.5,0,0.822,7
2048,-0.51,0,0.822,11
2049,-0.69,0,0.822,9
2050,-0.72,0,0.822,6
2051,0.78,0,0.822,17
2052,-0.57,0,0.822,6
2053,-0.54,0,0.821,9
2054,-0.54,0,0.821,9
2055,-0.7,0,0.821,17
2056,-0.71,0,0.821,11
2057,-0.68,0,0.821,7
2058,0.92,1,0.821,8
2059,0.98,1,0.821,7
2060,-0.56,0,0.821,15
2061,-0.58,0,0.821,7
2062,-0.55,0,0.821,6
2063,-0.67,0,0.821,19
2064,-0.5,0,0.821,7
2065,-0.49,0,0.821,5
2066,-0.69,0,0.821,6
2067,-0.62,0,0.82,15
2068,-1.01,0,0.82,24
2069,-0.55,0,0.82,4
2070,-0.64,0,0.82,11
2071,0.9,1,0.82,7
2072,-0.67,0,0.82,18
2073,0.83,1,0.82,13
2074,-0.6,0,0.82,7
2075,-0.8,0,0.82,20
2076,-0.56,0,0.819,15
2077,0.93,1,0.819,5
2078,-0.59,0,0.819,8
2079,-0.5,0,0.819,4
2080,-0.48,0,0.819,11
2081,-0.59,0,0.819,4
2082,-0.75,0,0.819,21
2083,-0.69,0,0.819,24
2084,-0.59,0,0.819,8
2085,-0.56,0,0.819,10
2086,-0.55,0,0.819,4
2087,-0.65,0,0.819,11
2088,-0.55,0,0.819,5
2089,-0.62,0,0.818,10
2090,-0.95,0,0.818,33
2091,-0.56,0,0.818,4
2092,-0.62,0,0.818,18
2093,-0.64,0,0.818,7
2094,-0.75,0,0.818,16
2095,-0.71,0,0.818,12
2096,-0.54,0,0.818,10
2097,-0.79,0,0.818,11
2098,0.94,1,0.818,7
2099,-0.64,0,0.817,12
2100,0.7,0,0.817,17
2101,-0.56,0,0.817,9
2102,-0.6,0,0.817,5
2103,-0.52,0,0.817,5
2104,-0.78,0,0.817,14
2105,-0.67,0,0.817,10
2106,-0.67,0,0.817,8
2107,-0.67,0,0.817,11
2108,-0.56,0,0.817,10
2109,-0.59,0,0.817,8
2110,-0.56,0,0.817,9
2111,-0.66,0,0.817,12
2112,-0.61,0,0.816,9
2113,-0.71,0,0.816,14
2114,-0.65,0,0.816,11
2115,-0.56,0,0.816,4
2116,-0.66,0,0.816,13
2117,-0.57,0,0.816,9
2118,0.74,0,0.816,15
2119,-0.6,0,0.816,8
2120,-0.75,0,0.816,15
2121,-0.69,0,0.816,16
2122,-0.63,0,0.816,8
2123,-0.66,0,0.815,8
2124,-0.48,0,0.815,9
2125,-0.71,0,0.815,19
2126,-0.5,0,0.815,5
2127,0.69,0,0.815,17
2128,-0.57,0,0.815,11
2129,-0.48,0,0.815,10
2130,-0.66,0,0.815,14
2131,-0.59,0,0.815,6
2132,-0.6,0,0.815,13
2133,0.87,1,0.815,15
2134,-0.64,0,0.814,7
2135,-0.55,0,0.814,14
2136,-0.48,0,0.814,8
2137,-0.6,0,0.814,7
2138,-0.66,0,0.814,9
2139,-0.56,0,0.814,7
2140,-0.53,0,0.814,6
2141,0.98,1,0.814,9
2142,-0.61,0,0.814,13
2143,-0.56,0,0.814,9
2144,-0.64,0,0.814,7
2145,-0.55,0,0.814,11
2146,-0.76,0,0.814,16
2147,-0.55,0,0.814,7
2148,-0.58,0,0.813,15
2149,-0.71,0,0.813,14
2150,-0.73,0,0.813,9
2151,-0.78,0,0.813,14
2152,-0.51,0,0.813,4
2153,0.92,1,0.813,4
2154,-0.66,0,0.813,10
2155,-0.58,0,0.813,8
2156,-0.67,0,0.813,17
2157,-0.54,0,0.813,6
2158,-0.6,0,0.813,8
2159,-0.71,0,0.812,23
2160,-0.61,0,0.812,10
2161,-0.49,0,0.812,8
2162,-0.51,0,0.812,10
2163,-0.75,0,0.812,16
2164,-0.62,0,0.812,11
2165,-0.59,0,0.812,19
2166,-0.57,0,0.812,7
2167,0.96,1,0.812,6
2168,-0.67,0,0.812,8
2169,-0.62,0,0.812,15
2170,-0.57,0,0.812,5
2171,-0.55,0,0.812,5
2172,0.95,1,0.811,6
2173,-0.64,0,0.811,13
2174,-0.65,0,0.811,7
2175,-0.59,0,0.811,10
2176,-0.79,0,0.811,9
2177,0.94,1,0.811,8
2178,-0.72,0,0.811,13
2179,-0.57,0,0.811,9
2180,0.89,1,0.811,10
2181,-0.53,0,0.811,7
2182,-0.55,0,0.811,10
2183,-0.49,0,0.811,6
2184,-0.65,0,0.811,13
2185,-0.51,0,0.811,5
2186,-0.68,0,0.81,14
2187,-0.63,0,0.81,10
2188,-0.62,0,0.81,8
2189,-0.68,0,0.81,12
2190,-0.69,0,0.81,18
2191,-0.59,0,0.81,6
2192,-0.63,0,0.81,12
2193,0.93,1,0.81,11
2194,0.92,1,0.81,8
2195,-0.48,0,0.81,10
2196,-0.77,0,0.81,13
2197,-0.56,0,0.809,7
2198,-0.54,0,0.809,12
2199,-0.55,0,0.809,11
2200,-0.55,0,0.809,4
2201,-0.73,0,0.809,20
2202,-0.59,0,0.809,9
2203,-0.71,0,0.809,15
2204,-0.56,0,0.809,6
2205,-0.58,0,0.809,9
2206,-0.64,0,0.809,13
2207,0.91,1,0.809,9
2208,-0.54,0,0.809,8
2209,-0.72,0,0.808,17
2210,-0.66,0,0.808,12
2211,0.92,1,0.808,12
2212,-0.54,0,0.808,9
2213,-0.55,0,0.808,9
2214,-0.77,0,0.808,14
2215,-0.55,0,0.808,6
2216,-0.66,0,0.808,9
2217,-0.61,0,0.808,10
2218,-0.54,0,0.808,7
2219,-0.6,0,0.808,14
2220,-0.61,0,0.808,11
2221,-0.6,0,0.807,12
2222,-0.68,0,0.807,9
2223,-0.8,0,0.807,20
2224,-0.65,0,0.807,9
2225,-0.66,0,0.807,5
2226,-0.62,0,0.807,9
2227,-0.57,0,0.807,7
2228,0.9,1,0.807,6
2229,-0.59,0,0.807,11
2230,-0.74,0,0.807,17
2231,-0.7,0,0.807,21
2232,0.77,0,0.806,16
2233,-0.52,0,0.806,4
2234,-0.57,0,0.806,6
2235,-0.49,0,0.806,4
2236,0.86,1,0.806,16
2237,-0.63,0,0.806,9
2238,-0.7,0,0.806,16
2239,-0.52,0,0.806,14
2240,-0.5,0,0.806,9
2241,-0.5,0,0.806,5
2242,-0.69,0,0.806,13
2243,-0.67,0,0.806,14
2244,0.91,1,0.806,5
2245,-0.6,0,0.805,15
2246,-0.49,0,0.805,4
2247,-0.48,0,0.805,7
2248,-0.56,0,0.805,6
2249,-0.69,0,0.805,11
2250,-0.51,0,0.805,6
2251,0.84,1,0.805,16
2252,-0.56,0,0.805,6
2253,-0.56,0,0.805,6
2254,-0.72,0,0.805,9
2255,-0.73,0,0.805,10
2256,-0.62,0,0.805,8
2257,-0.71,0,0.805,13
2258,-0.58,0,0.805,9
2259,-0.53,0,0.804,4
2260,-0.64,0,0.804,4
2261,-0.61,0,0.804,12
2262,-0.61,0,0.804,6
2263,-0.9,0,0.804,21
2264,-0.55,0,0.804,4
2265,-0.61,0,0.804,10
2266,-0.59,0,0.804,5
2267,-0.59,0,0.804,8
2268,-0.66,0,0.804,8
2269,-0.64,0,0.804,17
2270,-0.5,0,0.804,5
2271,-0.53,0,0.804,8
2272,-0.67,0,0.803,19
2273,-0.61,0,0.803,8
2274,-0.57,0,0.803,10
2275,-0.51,0,0.803,9
2276,-0.6,0,0.803,14
2277,-0.9,0,0.803,26
2278,-0.85,0,0.803,9
2279,-0.59,0,0.803,5
2280,0.79,0,0.803,16
2281,-0.62,0,0.803,14
2282,-0.54,0,0.803,7
2283,-0.74,0,0.802,28
2284,-0.56,0,0.802,6
2285,0.96,1,0.802,7
2286,-0.77,0,0.802,24
2287,-0.58,0,0.802,9
2288,-0.5,0,0.802,4
2289,-0.51,0,0.802,8
2290,-0.54,0,0.802,4
2291,-0.57,0,0.802,8
2292,-0.65,0,0.802,14
2293,-0.68,0,0.802,14
2294,-0.52,0,0.801,7
2295,0.94,1,0.801,3
2296,-0.59,0,0.801,9
2297,-0.68,0,0.801,16
2298,-0.62,0,0.801,16
2299,-0.49,0,0.801,3
2300,-0.7,0,0.801,27
2301,-0.56,0,0.801,7
2302,-0.7,0,0.801,16
2303,-0.57,0,0.801,16
2304,-0.49,0,0.8,11
2305,-0.8,0,0.8,16
2306,-0.6,0,0.8,9
2307,-0.61,0,0.8,15
2308,-0.62,0,0.8,9
2309,-0.58,0,0.8,15
2310,-0.77,0,0.8,13
2311,-0.6,0,0.8,5
2312,-0.81,0,0.8,15
2313,-0.85,0,0.8,29
2314,-0.6,0,0.799,9
2315,0.96,1,0.799,7
2316,-0.74,0,0.799,21
2317,-0.5,0,0.799,4
2318,-0.54,0,0.799,5
2319,-0.56,0,0.799,9
2320,-0.66,0,0.799,20
2321,-0.74,0,0.799,18
2322,-0.55,0,0.799,11
2323,-0.57,0,0.799,14
2324,-0.74,0,0.798,21
2325,-0.66,0,0.798,12
2326,-0.71,0,0.798,13
2327,-0.55,0,0.798,4
2328,-0.88,0,0.798,25
2329,-0.65,0,0.798,8
2330,-0.67,0,0.798,12
2331,-0.65,0,0.798,12
2332,0.9,1,0.798,9
2333,-0.69,0,0.797,22
2334,-0.63,0,0.797,9
2335,-0.72,0,0.797,19
2336,-0.64,0,0.797,10
2337,-0.6,0,0.797,18
2338,-0.62,0,0.797,15
2339,0.94,1,0.797,10
2340,0.92,1,0.797,4
2341,-0.61,0,0.797,6
2342,0.96,1,0.797,11
2343,-0.55,0,0.797,10
2344,0.94,1,0.797,6
2345,-0.54,0,0.797,3
2346,-0.49,0,0.797,4
2347,-0.62,0,0.796,11
2348,-0.51,0,0.796,6
2349,-0.57,0,0.796,10
2350,-0.63,0,0.796,6
2351,-0.63,0,0.796,9
2352,0.92,1,0.796,3
2353,-0.58,0,0.796,6
2354,-0.64,0,0.796,15
2355,-0.75,0,0.796,28
2356,-0.57,0,0.796,7
2357,0.82,1,0.796,14
2358,0.89,1,0.796,4
2359,-0.82,0,0.795,25
2360,-0.77,0,0.795,19
2361,-0.81,0,0.795,21
2362,-0.71,0,0.795,10
2363,-0.54,0,0.795,6
2364,-0.55,0,0.795,9
2365,-0.6,0,0.795,10
2366,-0.66,0,0.795,13
2367,0.89,1,0.795,3
2368,-0.71,0,0.795,8
2369,-0.62,0,0.795,4
2370,-0.55,0,0.794,18
2371,-0.65,0,0.794,14
2372,-0.54,0,0.794,11
2373,0.95,1,0.794,4
2374,-0.72,0,0.794,22
2375,-0.66,0,0.794,16
2376,-0.49,0,0.794,5
2377,-0.54,0,0.794,12
2378,-0.56,0,0.794,10
2379,-0.67,0,0.794,11
2380,-0.73,0,0.793,18
2381,-0.61,0,0.793,6
2382,-0.83,0,0.793,7
2383,-0.58,0,0.793,12
2384,-0.58,0,0.793,9
2385,0.95,1,0.793,13
2386,-0.65,0,0.793,12
2387,0.94,1,0.793,9
2388,-0.65,0,0.793,13
2389,-0.65,0,0.793,12
2390,-0.84,0,0.793,22
2391,-0.57,0,0.792,8
2392,-0.96,0,0.792,28
2393,-0.63,0,0.792,11
2394,-0.56,0,0.792,10
2395,-0.64,0,0.792,7
2396,-0.52,0,0.792,7
2397,-0.49,0,0.792,3
2398,-0.77,0,0.792,9
2399,-0.62,0,0.792,8
2400,-0.54,0,0.792,10
2401,-0.59,0,0.792,4
2402,-0.63,0,0.792,9
2403,-0.66,0,0.792,13
2404,-0.72,0,0.791,21
2405,-0.58,0,0.791,8
2406,-0.69,0,0.791,21
2407,0.91,1,0.791,4
2408,-0.61,0,0.791,10
2409,0.82,1,0.791,17
2410,-0.49,0,0.791,5
2411,-0.75,0,0.791,12
2412,-0.62,0,0.791,13
2413,-0.72,0,0.791,14
2414,-0.56,0,0.79,8
2415,-0.58,0,0.79,8
2416,-0.57,0,0.79,11
2417,0.96,1,0.79,4
2418,-0.84,0,0.79,28
2419,-0.65,0,0.79,17
2420,-0.66,0,0.79,12
2421,-0.59,0,0.79,6
2422,-0.56,0,0.79,5
2423,-0.72,0,0.79,10
2424,-0.77,0,0.79,17
2425,-0.66,0,0.789,15
2426,-0.59,0,0.789,4
2427,0.97,1,0.789,6
2428,-0.98,0,0.789,21
2429,-0.76,0,0.789,12
2430,-0.66,0,0.789,10
2431,-0.63,0,0.789,10
2432,-0.56,0,0.789,6
2433,-0.6,0,0.789,13
2434,-0.5,0,0.789,3
2435,-0.67,0,0.789,10
2436,-0.58,0,0.789,9
2437,-0.56,0,0.789,5
2438,-0.5,0,0.788,5
2439,-0.53,0,0.788,13
2440,0.97,1,0.788,7
2441,-0.54,0,0.788,9
2442,-0.51,0,0.788,8
2443,-0.69,0,0.788,9
2444,0.97,1,0.788,6
2445,-0.54,0,0.788,4
2446,-0.52,0,0.788,8
2447,-0.57,0,0.788,13
2448,0.96,1,0.788,5
2449,0.93,1,0.788,9
2450,-0.63,0,0.788,12
2451,0.85,1,0.788,3
2452,-0.65,0,0.788,10
2453,-0.59,0,0.788,6
2454,-0.71,0,0.787,10
2455,-0.55,0,0.787,8
2456,-0.57,0,0.787,15
2457,-0.49,0,0.787,4
2458,-0.72,0,0.787,9
2459,-0.62,0,0.787,9
2460,-0.74,0,0.787,12
2461,-0.55,0,0.787,3
2462,-0.84,0,0.787,16
2463,0.91,1,0.787,5
2464,0.9,1,0.787,4
2465,-0.61,0,0.787,14
2466,-0.61,0,0.787,8
2467,-0.65,0,0.787,8
2468,-0.59,0,0.786,10
2469,-0.54,0,0.786,8
2470,-0.96,0,0.786,23
2471,-0.61,0,0.786,7
2472,-0.85,0,0.786,17
2473,-0.67,0,0.786,7
2474,-0.6,0,0.786,16
2475,-0.58,0,0.786,8
2476,-0.7,0,0.786,12
2477,-0.62,0,0.786,11
2478,-0.59,0,0.786,7
2479,-0.59,0,0.786,5
2480,-0.61,0,0.785,12
2481,-0.73,0,0.785,16
2482,-0.61,0,0.785,6
2483,-0.55,0,0.785,8
2484,-0.6,0,0.785,5
2485,-0.58,0,0.785,10
2486,-0.61,0,0.785,13
2487,0.95,1,0.785,7
2488,-0.6,0,0.785,10
2489,0.78,0,0.785,17
2490,-0.55,0,0.785,14
2491,-0.9,0,0.784,22
2492,0.97,1,0.784,4
2493,-0.68,0,0.784,15
2494,-0.54,0,0.784,11
2495,0.89,1,0.784,9
2496,-0.49,0,0.784,3
2497,-0.5,0,0.784,7
2498,-0.55,0,0.784,5
2499,-0.74,0,0.784,9
2500,-0.75,0,0.784,15
2501,-0.57,0,0.784,6
2502,-0.54,0,0.784,7
2503,-0.6,0,0.784,7
2504,-0.64,0,0.784,9
2505,-0.64,0,0.783,17
2506,0.98,1,0.783,6
2507,-0.6,0,0.783,9
2508,-0.51,0,0.783,5
2509,-0.57,0,0.783,17
2510,-0.71,0,0.783,28
2511,-0.53,0,0.783,4
2512,-0.66,0,0.783,10
2513,-0.68,0,0.783,18
2514,-0.5,0,0.783,5
2515,-0.52,0,0.783,11
2516,-0.62,0,0.782,19
2517,-0.64,0,0.782,9
2518,-0.6,0,0.782,13
2519,-0.63,0,0.782,17
2520,0.96,1,0.782,5
2521,-0.87,0,0.782,26
2522,-0.62,0,0.782,11
2523,-0.71,0,0.782,15
2524,-0.59,0,0.782,8
2525,-0.65,0,0.781,12
2526,-0.75,0,0.781,10
2527,-0.56,0,0.781,12
2528,-0.67,0,0.781,9
2529,-0.66,0,0.781,7
2530,0.92,1,0.781,7
2531,-0.6,0,0.781,19
2532,-0.67,0,0.781,12
2533,-0.59,0,0.781,4
2534,-0.76,0,0.781,20
2535,-0.68,0,0.781,7
2536,-0.64,0,0.781,9
2537,-0.51,0,0.781,3
2538,0.92,1,0.78,3
2539,-0.56,0,0.78,4
2540,-0.67,0,0.78,15
2541,-0.69,0,0.78,8
2542,-0.62,0,0.78,9
2543,-0.55,0,0.78,8
2544,-0.6,0,0.78,11
2545,0.92,1,0.78,6
2546,-0.54,0,0.78,4
2547,0.74,0,0.78,18
2548,-0.86,0,0.78,20
2549,0.85,1,0.78,17
2550,-0.6,0,0.779,7
2551,-0.52,0,0.779,6
2552,0.77,0,0.779,20
2553,-0.53,0,0.779,14
2554,-0.56,0,0.779,7
2555,-0.68,0,0.779,15
2556,-0.61,0,0.779,6
2557,-0.6,0,0.779,8
2558,-0.64,0,0.779,19
2559,-0.62,0,0.779,13
2560,0.91,1,0.779,6
2561,-0.53,0,0.779,8
2562,-0.56,0,0.778,6
2563,-0.7,0,0.778,12
2564,-0.85,0,0.778,12
2565,0.95,1,0.778,3
2566,-0.54,0,0.778,10
2567,-0.49,0,0.778,4
2568,-0.54,0,0.778,13
2569,-0.58,0,0.778,7
2570,-0.48,0,0.778,5
2571,-0.86,0,0.778,24
2572,-0.51,0,0.778,15
2573,-0.6,0,0.778,9
2574,-0.72,0,0.778,9
2575,-0.47,0,0.777,6
2576,-0.59,0,0.777,24
2577,-0.86,0,0.777,19
2578,-0.64,0,0.777,13
2579,-0.55,0,0.777,4
2580,-0.61,0,0.777,9
2581,0.92,1,0.777,3
2582,0.82,1,0.777,14
2583,-0.68,0,0.777,9
2584,-0.53,0,0.777,7
2585,-0.59,0,0.777,14
2586,-0.6,0,0.776,5
2587,-0.57,0,0.776,13
2588,-0.63,0,0.776,8
2589,0.96,1,0.776,2
2590,-0.62,0,0.776,6
2591,-0.64,0,0.776,13
2592,-0.64,0,0.776,12
2593,-0.62,0,0.776,6
2594,-0.58,0,0.776,17
2595,-0.77,0,0.776,22
2596,-0.51,0,0.776,4
2597,0.9,1,0.776,8
2598,-0.67,0,0.776,7
2599,-0.59,0,0.776,7
2600,0.92,1,0.775,5
2601,-0.63,0,0.775,14
2602,0.83,1,0.775,15
2603,-0.74,0,0.775,28
2604,-0.56,0,0.775,3
2605,-0.7,0,0.775,10
2606,-0.59,0,0.775,10
2607,-0.88,0,0.775,19
2608,0.88,1,0.775,9
2609,-0.58,0,0.775,12
2610,0.91,1,0.775,3
2611,-0.53,0,0.774,4
2612,-0.77,0,0.774,15
2613,0.9,1,0.774,3
2614,-0.76,0,0.774,29
2615,-0.59,0,0.774,13
2616,0.91,1,0.774,8
2617,-0.59,0,0.774,13
2618,-0.54,0,0.774,10
2619,-0.54,0,0.774,9
2620,-0.66,0,0.774,11
2621,-0.6,0,0.774,9
2622,-0.65,0,0.773,14
2623,-0.68,0,0.773,17
2624,-0.56,0,0.773,11
2625,-0.54,0,0.773,6
2626,-0.57,0,0.773,9
2627,-0.61,0,0.773,6
2628,0.96,1,0.773,8
2629,-0.56,0,0.773,15
2630,-0.57,0,0.773,13
2631,0.87,1,0.773,7
2632,0.89,1,0.773,10
2633,0.91,1,0.773,6
2634,0.94,1,0.772,11
2635,-0.59,0,0.772,7
2636,-0.68,0,0.772,9
2637,0.78,0,0.772,18
2638,-0.69,0,0.772,20
2639,-0.58,0,0.772,7
2640,-0.62,0,0.772,10
2641,-0.79,0,0.772,27
2642,-0.62,0,0.772,13
2643,0.96,1,0.771,9
2644,0.98,1,0.771,4
2645,-0.69,0,0.771,12
2646,-0.67,0,0.771,13
2647,-0.67,0,0.771,11
2648,0.82,1,0.771,15
2649,-0.66,0,0.771,15
2650,-0.69,0,0.771,12
2651,-0.61,0,0.771,17
2652,-0.63,0,0.771,9
2653,-0.67,0,0.771,13
2654,-0.55,0,0.771,4
2655,0.97,1,0.77,6
2656,-0.75,0,0.77,19
2657,-0.63,0,0.77,21
2658,0.88,1,0.77,10
2659,-0.65,0,0.77,11
2660,-0.63,0,0.77,8
2661,-0.61,0,0.77,12
2662,-0.61,0,0.77,9
2663,-0.61,0,0.77,12
2664,-0.57,0,0.77,11
2665,-0.56,0,0.769,10
2666,-0.54,0,0.769,10
2667,-0.55,0,0.769,6
2668,-0.65,0,0.769,7
2669,-0.55,0,0.769,12
2670,-0.7,0,0.769,13
2671,0.91,1,0.769,4
2672,0.79,0,0.769,23
2673,-0.55,0,0.769,4
2674,-0.63,0,0.769,15
2675,-0.47,0,0.769,6
2676,-0.57,0,0.769,5
2677,-0.68,0,0.769,8
2678,0.93,1,0.769,9
2679,-0.64,0,0.768,13
2680,-0.53,0,0.768,10
2681,-0.53,0,0.768,6
2682,-0.55,0,0.768,5
2683,0.98,1,0.768,8
2684,-0.73,0,0.768,13
2685,0.94,1,0.768,5
2686,-0.58,0,0.768,8
2687,-0.78,0,0.768,15
2688,-0.69,0,0.768,11
2689,-0.65,0,0.768,13
2690,-0.6,0,0.768,10
2691,-0.66,0,0.768,6
2692,0.95,1,0.768,8
2693,0.92,1,0.767,6
2694,-0.63,0,0.767,12
2695,-0.57,0,0.767,6
2696,-0.7,0,0.767,21
2697,-0.54,0,0.767,9
2698,-0.71,0,0.767,15
2699,0.93,1,0.767,8
2700,0.97,1,0.767,4
2701,-0.62,0,0.767,12
2702,-0.58,0,0.767,9
2703,-0.58,0,0.767,10
2704,-0.69,0,0.767,10
2705,-0.73,0,0.766,9
2706,0.92,1,0.766,4
2707,0.96,1,0.766,5
2708,-0.65,0,0.766,10
2709,0.84,1,0.766,20
2710,0.91,1,0.766,5
2711,-0.54,0,0.766,4
2712,-0.59,0,0.766,12
2713,-0.61,0,0.766,8
2714,-0.69,0,0.766,13
2715,-0.63,0,0.766,14
2716,-0.51,0,0.766,6
2717,0.93,1,0.766,4
2718,-0.75,0,0.765,21
2719,-0.48,0,0.765,4
2720,-0.5,0,0.765,5
2721,-0.51,0,0.765,6
2722,-0.57,0,0.765,6
2723,0.74,0,0.765,20
2724,-0.68,0,0.765,13
2725,0.93,1,0.765,8
2726,0.85,1,0.765,14
2727,-0.71,0,0.765,17
2728,-0.61,0,0.765,10
2729,-0.68,0,0.765,13
2730,-0.59,0,0.764,9
2731,-0.89,0,0.764,30
2732,-0.63,0,0.764,5
2733,-0.53,0,0.764,4
2734,-0.65,0,0.764,13
2735,0.84,1,0.764,14
2736,-0.58,0,0.764,10
2737,-0.67,0,0.764,17
2738,-0.76,0,0.763,35
2739,-0.64,0,0.763,9
2740,-0.84,0,0.763,22
2741,0.89,1,0.763,6
2742,-0.71,0,0.763,17
2743,-0.54,0,0.763,5
2744,-0.54,0,0.763,9
2745,0.84,1,0.763,14
2746,0.85,1,0.763,15
2747,-0.57,0,0.763,7
2748,-0.59,0,0.763,12
2749,-0.49,0,0.762,7
2750,0.91,1,0.762,6
2751,-0.73,0,0.762,8
2752,-0.49,0,0.762,4
2753,-0.59,0,0.762,5
2754,-0.55,0,0.762,5
2755,-0.53,0,0.762,16
2756,-0.55,0,0.762,3
2757,0.89,1,0.762,17
2758,-0.56,0,0.762,4
2759,-0.64,0,0.762,6
2760,-0.51,0,0.762,3
2761,-0.7,0,0.762,11
2762,0.92,1,0.762,3
2763,-0.5,0,0.762,8
2764,-0.67,0,0.762,10
2765,-0.56,0,0.762,12
2766,-0.59,0,0.761,7
2767,0.91,1,0.761,4
2768,-0.57,0,0.761,8
2769,0.84,1,0.761,16
2770,-0.52,0,0.761,9
2771,-0.6,0,0.761,10
2772,-0.63,0,0.761,5
2773,-0.55,0,0.761,13
2774,-0.53,0,0.761,5
2775,-0.58,0,0.761,7
2776,0.96,1,0.761,4
2777,-0.54,0,0.761,7
2778,-0.63,0,0.761,15
2779,-0.6,0,0.761,12
2780,-0.64,0,0.76,10
2781,-0.48,0,0.76,7
2782,-0.72,0,0.76,17
2783,-0.61,0,0.76,11
2784,0.92,1,0.76,7
2785,-0.62,0,0.76,18
2786,-0.63,0,0.76,17
2787,-0.71,0,0.76,9
2788,-0.56,0,0.76,11
2789,-0.54,0,0.76,3
2790,-0.57,0,0.76,7
2791,0.8,0,0.759,17
2792,-0.72,0,0.759,9
2793,-0.55,0,0.759,4
2794,-0.68,0,0.759,23
2795,-0.62,0,0.759,11
2796,-0.59,0,0.759,3
2797,-0.61,0,0.759,6
2798,-0.55,0,0.759,8
2799,-0.65,0,0.759,13
2800,-0.67,0,0.759,16
2801,-0.63,0,0.759,14
2802,-0.57,0,0.759,10
2803,-0.52,0,0.759,6
2804,-0.77,0,0.758,18
2805,-0.62,0,0.758,15
2806,0.95,1,0.758,9
2807,-0.62,0,0.758,9
2808,0.9,1,0.758,6
2809,0.9,1,0.758,4
2810,0.8,0,0.758,22
2811,0.97,1,0.758,7
2812,0.89,1,0.758,22
2813,-0.48,0,0.758,3
2814,-0.61,0,0.758,6
2815,-0.58,0,0.757,8
2816,-0.69,0,0.757,9
2817,-0.66,0,0.757,12
2818,0.97,1,0.757,5
2819,0.98,1,0.757,4
2820,0.91,1,0.757,4
2821,0.75,0,0.757,13
2822,0.91,1,0.757,15
2823,-0.64,0,0.757,16
2824,-0.66,0,0.757,8
2825,-0.67,0,0.757,13
2826,-0.66,0,0.757,6
2827,0.91,1,0.757,5
2828,0.94,1,0.757,8
2829,-0.56,0,0.756,9
2830,-0.57,0,0.756,10
2831,-0.59,0,0.756,3
2832,-0.65,0,0.756,9
2833,-0.82,0,0.756,23
2834,-0.5,0,0.756,12
2835,-0.6,0,0.756,9
2836,-0.75,0,0.756,10
2837,0.79,0,0.756,28
2838,-0.57,0,0.756,3
2839,-0.59,0,0.756,11
2840,-0.55,0,0.756,6
2841,-0.49,0,0.755,11
2842,-0.79,0,0.755,13
2843,-0.55,0,0.755,4
2844,0.9,1,0.755,4
2845,-0.56,0,0.755,18
2846,-0.62,0,0.755,9
2847,-0.7,0,0.755,10
2848,-0.62,0,0.755,11
2849,-0.61,0,0.755,6
2850,-0.56,0,0.755,6
2851,0.75,0,0.755,18
2852,-0.79,0,0.754,28
2853,-0.56,0,0.754,13
2854,-0.6,0,0.754,10
2855,-0.54,0,0.754,14
2856,-0.66,0,0.754,8
2857,-0.63,0,0.754,11
2858,-0.61,0,0.754,9
2859,-0.61,0,0.754,7
2860,-0.54,0,0.754,6
2861,-0.69,0,0.754,9
2862,0.85,1,0.754,14
2863,-0.72,0,0.754,10
2864,-0.6,0,0.753,15
2865,-0.61,0,0.753,9
2866,-0.89,0,0.753,24
2867,-0.74,0,0.753,17
2868,0.82,1,0.753,21
2869,-0.66,0,0.753,19
2870,0.97,1,0.753,3
2871,-0.67,0,0.753,6
2872,0.97,1,0.753,6
2873,-0.79,0,0.752,19
2874,-0.5,0,0.752,8
2875,-0.66,0,0.752,11
2876,-0.62,0,0.752,9
2877,-0.58,0,0.752,6
2878,-0.53,0,0.752,3
2879,-0.56,0,0.752,8
2880,-0.7,0,0.752,6
2881,-0.73,0,0.752,21
2882,-0.68,0,0.752,15
2883,-0.53,0,0.752,5
2884,-0.6,0,0.752,6
2885,-0.66,0,0.752,7
2886,-0.66,0,0.751,22
2887,-0.57,0,0.751,10
2888,-0.82,0,0.751,31
2889,-0.67,0,0.751,6
2890,-0.83,0,0.751,14
2891,-0.51,0,0.751,10
2892,0.92,1,0.751,10
2893,-0.57,0,0.751,5
2894,-0.56,0,0.751,5
2895,-0.54,0,0.751,5
2896,0.9,1,0.751,7
2897,-0.51,0,0.751,4
2898,-0.81,0,0.75,21
2899,-0.48,0,0.75,10
2900,-0.98,0,0.75,35
2901,-0.61,0,0.75,12
2902,0.9,1,0.75,8
2903,-0.58,0,0.75,9
2904,-0.51,0,0.75,3
2905,-0.55,0,0.75,3
2906,-0.59,0,0.75,11
2907,-0.63,0,0.75,14
2908,-0.79,0,0.749,18
2909,-0.51,0,0.749,4
2910,-0.68,0,0.749,10
2911,-0.54,0,0.749,10
2912,-0.57,0,0.749,6
2913,-0.57,0,0.749,14
2914,-0.78,0,0.749,16
2915,-0.58,0,0.749,8
2916,-0.51,0,0.749,3
2917,0.91,1,0.749,3
2918,-0.64,0,0.749,9
2919,-0.59,0,0.749,10
2920,-0.56,0,0.749,5
2921,-0.61,0,0.749,10
2922,-0.61,0,0.748,14
2923,0.93,1,0.748,9
2924,-0.67,0,0.748,11
2925,-0.5,0,0.748,5
2926,-0.73,0,0.748,8
2927,-0.64,0,0.748,24
2928,-0.58,0,0.748,6
2929,-0.75,0,0.748,19
2930,-0.48,0,0.748,3
2931,-0.58,0,0.748,9
2932,-0.65,0,0.748,11
2933,0.96,1,0.748,12
2934,-0.54,0,0.748,4
2935,-0.55,0,0.747,7
2936,-0.65,0,0.747,16
2937,-0.8,0,0.747,21
2938,-0.5,0,0.747,6
2939,-0.54,0,0.747,7
2940,0.98,1,0.747,4
2941,-0.83,0,0.747,16
2942,-0.75,0,0.747,9
2943,-0.66,0,0.747,11
2944,-0.77,0,0.747,11
2945,-0.6,0,0.747,8
2946,0.95,1,0.747,5
2947,0.95,1,0.746,13
2948,-0.61,0,0.746,8
2949,0.97,1,0.746,8
2950,-0.57,0,0.746,8
2951,-0.71,0,0.746,13
2952,-0.5,0,0.746,4
2953,-0.93,0,0.746,23
2954,-0.55,0,0.746,12
2955,-0.57,0,0.746,12
2956,0.89,1,0.746,7
2957,-0.62,0,0.746,9
2958,-0.59,0,0.746,11
2959,0.96,1,0.745,6
2960,-0.55,0,0.745,9
2961,0.92,1,0.745,6
2962,-0.66,0,0.745,14
2963,-0.69,0,0.745,7
2964,-0.72,0,0.745,18
2965,-0.5,0,0.745,5
2966,-0.54,0,0.745,5
2967,0.81,1,0.745,22
2968,-0.97,0,0.745,35
2969,-0.6,0,0.745,6
2970,-0.61,0,0.744,17
2971,-0.68,0,0.744,13
2972,-0.53,0,0.744,5
2973,-0.6,0,0.744,6
2974,-0.5,0,0.744,8
2975,-0.66,0,0.744,9
2976,-0.59,0,0.744,6
2977,-0.59,0,0.744,12
2978,-0.55,0,0.744,4
2979,-0.49,0,0.744,7
2980,-0.56,0,0.744,11
2981,-0.79,0,0.744,19
2982,-0.55,0,0.744,4
2983,0.88,1,0.743,6
2984,-0.56,0,0.743,5
2985,-0.59,0,0.743,12
2986,-0.6,0,0.743,6
2987,-0.59,0,0.743,10
2988,-0.53,0,0.743,7
2989,-0.85,0,0.743,20
2990,-0.72,0,0.743,12
2991,-0.49,0,0.743,3
2992,-0.55,0,0.743,7
2993,0.96,1,0.743,8
2994,-0.73,0,0.743,18
2995,-0.54,0,0.743,3
2996,0.96,1,0.743,3
2997,-0.72,0,0.742,17
2998,-0.61,0,0.742,7
2999,-0.6,0,0.742,7
3000,-0.57,0,0.742,8
3001,-0.64,0,0.742,9
3002,0.95,1,0.742,8
3003,0.92,1,0.742,3
3004,-0.65,0,0.742,16
3005,-0.49,0,0.742,10
3006,-0.69,0,0.742,11
3007,-0.71,0,0.742,13
3008,-0.73,0,0.742,17
3009,-0.53,0,0.742,6
3010,-0.79,0,0.741,16
3011,0.85,1,0.741,5
3012,-0.52,0,0.741,5
3013,-0.68,0,0.741,9
3014,0.59,0,0.741,42
3015,-0.5,0,0.741,3
3016,-0.6,0,0.741,8
3017,-0.54,0,0.741,15
3018,-0.7,0,0.741,13
3019,-0.48,0,0.741,4
3020,-0.5,0,0.741,4
3021,0.91,1,0.741,6
3022,-0.65,0,0.74,12
3023,-0.57,0,0.74,4
3024,-0.66,0,0.74,10
3025,-0.59,0,0.74,15
3026,-0.55,0,0.74,5
3027,-0.49,0,0.74,12
3028,-0.67,0,0.74,9
3029,-0.51,0,0.74,10
3030,-0.78,0,0.74,8
3031,-0.59,0,0.74,16
3032,-0.79,0,0.74,26
3033,0.93,1,0.739,8
3034,-0.55,0,0.739,7
3035,-0.62,0,0.739,13
3036,-0.63,0,0.739,10
3037,0.78,0,0.739,17
3038,-0.77,0,0.739,8
3039,-0.49,0,0.739,3
3040,-0.99,0,0.739,31
3041,-0.55,0,0.739,13
3042,0.96,1,0.739,6
3043,0.92,1,0.739,7
3044,-0.65,0,0.738,11
3045,-0.58,0,0.738,10
3046,-0.62,0,0.738,9
3047,0.97,1,0.738,5
3048,-0.67,0,0.738,13
3049,-0.55,0,0.738,8
3050,-0.65,0,0.738,4
3051,-0.53,0,0.738,4
3052,-0.61,0,0.738,9
3053,-0.72,0,0.738,21
3054,-0.52,0,0.738,7
3055,-0.66,0,0.738,7
3056,-0.74,0,0.738,12
3057,-0.67,0,0.738,9
3058,-0.53,0,0.737,7
3059,-0.68,0,0.737,9
3060,-0.65,0,0.737,9
3061,0.97,1,0.737,6
3062,-0.59,0,0.737,9
3063,-0.61,0,0.737,8
3064,-0.69,0,0.737,20
3065,-0.56,0,0.737,10
3066,-0.56,0,0.737,11
3067,0.9,1,0.737,7
3068,-0.5,0,0.737,3
3069,-0.66,0,0.737,14
3070,-0.58,0,0.737,10
3071,-0.6,0,0.736,8
3072,-0.54,0,0.736,6
3073,-0.63,0,0.736,9
3074,-0.5,0,0.736,9
3075,-0.61,0,0.736,10
3076,-0.56,0,0.736,6
3077,-0.59,0,0.736,14
3078,0.95,1,0.736,3
3079,-0.56,0,0.736,9
3080,-0.64,0,0.736,15
3081,-0.55,0,0.736,5
3082,-0.58,0,0.736,10
3083,0.9,1,0.736,3
3084,-0.64,0,0.736,5
3085,-0.61,0,0.736,14
3086,0.77,0,0.735,15
3087,-0.62,0,0.735,9
3088,-0.57,0,0.735,14
3089,-0.59,0,0.735,6
3090,-0.53,0,0.735,7
3091,-0.65,0,0.735,10
3092,-0.66,0,0.735,18
3093,-0.55,0,0.735,6
3094,-0.58,0,0.735,11
3095,-0.62,0,0.735,13
3096,-0.68,0,0.735,13
3097,-0.66,0,0.735,11
3098,-0.66,0,0.734,12
3099,-0.55,0,0.734,6
3100,-0.59,0,0.734,10
3101,0.99,1,0.734,18
3102,-0.49,0,0.734,3
3103,0.96,1,0.734,6
3104,0.91,1,0.734,6
3105,-0.51,0,0.734,7
3106,0.81,1,0.734,15
3107,-0.63,0,0.734,15
3108,-0.66,0,0.734,14
3109,0.87,1,0.733,18
3110,-0.54,0,0.733,6
3111,0.95,1,0.733,10
3112,-0.5,0,0.733,6
3113,-0.55,0,0.733,3
3114,-0.8,0,0.733,9
3115,-0.67,0,0.733,8
3116,0.71,0,0.733,14
3117,-0.68,0,0.733,16
3118,-0.62,0,0.733,6
3119,-0.61,0,0.733,16
3120,-0.53,0,0.733,5
3121,-0.55,0,0.733,4
3122,-0.66,0,0.733,10
3123,-0.58,0,0.733,9
3124,-0.63,0,0.732,13
3125,-0.55,0,0.732,8
3126,-0.68,0,0.732,8
3127,0.9,1,0.732,11
3128,-0.48,0,0.732,3
3129,-0.6,0,0.732,12
3130,0.97,1,0.732,5
3131,-0.74,0,0.732,19
3132,-0.53,0,0.732,7
3133,-0.51,0,0.732,4
3134,-0.59,0,0.732,5
3135,-0.53,0,0.732,4
3136,0.9,1,0.732,10
3137,-0.99,0,0.731,37
3138,-0.69,0,0.731,7
3139,-0.58,0,0.731,16
3140,-0.75,0,0.731,32
3141,-0.85,0,0.731,11
3142,-0.6,0,0.731,14
3143,-0.65,0,0.731,9
3144,-0.59,0,0.731,10
3145,-0.55,0,0.731,7
3146,-0.55,0,0.73,4
3147,-0.5,0,0.73,7
3148,-0.53,0,0.73,6
3149,-0.57,0,0.73,10
3150,-0.78,0,0.73,10
3151,0.9,1,0.73,4
3152,-0.58,0,0.73,10
3153,-0.59,0,0.73,17
3154,-0.59,0,0.73,8
3155,-0.76,0,0.73,17
3156,-0.64,0,0.73,9
3157,-0.66,0,0.73,11
3158,-0.66,0,0.729,19
3159,-0.64,0,0.729,11
3160,-0.5,0,0.729,5
3161,-0.6,0,0.729,10
3162,0.96,1,0.729,8
3163,-0.57,0,0.729,4
3164,0.92,1,0.729,5
3165,-0.78,0,0.729,26
3166,0.91,1,0.729,9
3167,-0.74,0,0.729,14
3168,-0.72,0,0.729,20
3169,-0.63,0,0.728,24
3170,-0.49,0,0.728,4
3171,-0.63,0,0.728,6
3172,-0.67,0,0.728,13
3173,-0.7,0,0.728,13
3174,-0.65,0,0.728,7
3175,-0.48,0,0.728,3
3176,-0.64,0,0.728,9
3177,-0.91,0,0.728,20
3178,-0.55,0,0.728,9
3179,-0.7,0,0.728,15
3180,-0.84,0,0.727,29
3181,-0.57,0,0.727,9
3182,-0.7,0,0.727,16
3183,-0.58,0,0.727,6
3184,-0.57,0,0.727,6
3185,0.91,1,0.727,6
3186,-0.54,0,0.727,10
3187,-0.55,0,0.727,13
3188,-0.77,0,0.727,10
3189,-0.57,0,0.727,9
3190,-0.55,0,0.727,16
3191,-0.48,0,0.727,5
3192,-0.71,0,0.726,11
3193,-0.69,0,0.726,12
3194,0.92,1,0.726,5
3195,0.95,1,0.726,7
3196,-0.78,0,0.726,21
3197,-0.48,0,0.726,5
3198,0.96,1,0.726,5
3199,-0.49,0,0.726,8
3200,-0.63,0,0.726,10
3201,-0.57,0,0.726,14
3202,-0.55,0,0.726,12
3203,-0.53,0,0.726,14
3204,-0.61,0,0.725,10
3205,-0.69,0,0.725,12
3206,-0.65,0,0.725,12
3207,-0.54,0,0.725,8
3208,-0.61,0,0.725,7
3209,-0.68,0,0.725,9
3210,-0.83,0,0.725,36
3211,0.79,0,0.725,16
3212,-0.48,0,0.725,3
3213,-0.75,0,0.725,11
3214,-0.58,0,0.724,14
3215,-0.54,0,0.724,10
3216,0.9,1,0.724,3
3217,-0.68,0,0.724,7
3218,-0.7,0,0.724,19
3219,-0.53,0,0.724,19
3220,-0.71,0,0.724,11
3221,-0.61,0,0.724,8
3222,0.92,1,0.724,7
3223,-0.73,0,0.724,11
3224,-0.65,0,0.724,13
3225,-0.73,0,0.723,22
3226,0.7,0,0.723,12
3227,-0.65,0,0.723,14
3228,-0.65,0,0.723,10
3229,-0.57,0,0.723,13
3230,-0.61,0,0.723,12
3231,-0.55,0,0.723,7
3232,-0.68,0,0.723,13
3233,-0.54,0,0.723,13
3234,-0.57,0,0.723,8
3235,-0.57,0,0.723,9
3236,-0.61,0,0.722,10
3237,-0.72,0,0.722,19
3238,0.91,1,0.722,5
3239,0.96,1,0.722,4
3240,-0.66,0,0.722,7
3241,-0.69,0,0.722,9
3242,0.96,1,0.722,5
3243,-0.81,0,0.722,27
3244,-0.55,0,0.722,14
3245,0.98,1,0.722,4
3246,-0.59,0,0.722,12
3247,0.79,0,0.722,14
3248,-0.64,0,0.721,25
3249,-0.59,0,0.721,9
3250,-0.56,0,0.721,7
3251,-0.51,0,0.721,8
3252,-0.56,0,0.721,9
3253,0.94,1,0.721,8
3254,-0.75,0,0.721,16
3255,-0.58,0,0.721,9
3256,-0.51,0,0.721,9
3257,-0.69,0,0.721,15
3258,0.96,1,0.721,6
3259,-0.58,0,0.721,6
3260,-0.53,0,0.72,6
3261,-0.73,0,0.72,15
3262,-0.51,0,0.72,9
3263,-0.61,0,0.72,10
3264,-0.6,0,0.72,10
3265,-0.5,0,0.72,5
3266,-0.66,0,0.72,7
3267,0.8,0,0.72,18
3268,0.63,0,0.72,31
3269,-0.66,0,0.72,10
3270,0.91,1,0.719,11
3271,-0.6,0,0.719,7
3272,-0.84,0,0.719,9
3273,-0.81,0,0.719,16
3274,-0.82,0,0.719,37
3275,0.97,1,0.719,5
3276,-0.74,0,0.719,26
3277,-0.49,0,0.719,4
3278,-0.6,0,0.719,8
3279,-0.6,0,0.719,4
3280,-0.64,0,0.718,20
3281,-0.77,0,0.718,20
3282,0.97,1,0.718,6
3283,-0.66,0,0.718,7
3284,-0.49,0,0.718,11
3285,0.92,1,0.718,7
3286,-0.5,0,0.718,9
3287,0.94,1,0.718,3
3288,0.77,0,0.718,22
3289,-0.59,0,0.718,4
3290,-0.54,0,0.718,6
3291,-0.56,0,0.718,7
3292,-0.54,0,0.718,7
3293,-0.52,0,0.717,9
3294,0.92,1,0.717,8
3295,-0.49,0,0.717,8
3296,-0.61,0,0.717,13
3297,-0.66,0,0.717,18
3298,-0.5,0,0.717,8
3299,-0.6,0,0.717,8
3300,-0.63,0,0.717,18
3301,0.92,1,0.717,5
3302,-0.77,0,0.717,17
3303,-0.52,0,0.717,12
3304,0.97,1,0.717,5
3305,-0.6,0,0.716,10
3306,-0.7,0,0.716,11
3307,-0.72,0,0.716,20
3308,-0.49,0,0.716,6
3309,-0.58,0,0.716,10
3310,-0.58,0,0.716,8
3311,-0.57,0,0.716,7
3312,-0.61,0,0.716,9
3313,-0.69,0,0.716,19
3314,0.76,0,0.716,16
3315,-0.64,0,0.716,7
3316,-0.77,0,0.715,16
3317,-0.64,0,0.715,11
3318,-0.83,0,0.715,12
3319,-0.87,0,0.715,23
3320,-0.56,0,0.715,6
3321,-0.54,0,0.715,7
3322,-0.71,0,0.715,14
3323,-0.67,0,0.715,11
3324,-0.49,0,0.715,3
3325,-0.59,0,0.715,15
3326,-0.57,0,0.714,18
3327,-0.59,0,0.714,9
3328,-0.73,0,0.714,24
3329,0.93,1,0.714,4
3330,-0.51,0,0.714,6
3331,-0.67,0,0.714,7
3332,-0.57,0,0.714,11
3333,-0.77,0,0.714,12
3334,-0.64,0,0.714,8
3335,-0.55,0,0.714,7
3336,-0.65,0,0.714,11
3337,-0.54,0,0.714,7
3338,-0.55,0,0.714,7
3339,0.89,1,0.713,10
3340,-0.72,0,0.713,17
3341,-0.71,0,0.713,25
3342,-0.67,0,0.713,13
3343,-0.68,0,0.713,10
3344,-0.61,0,0.713,14
3345,-0.59,0,0.713,9
3346,-0.88,0,0.713,24
3347,-0.6,0,0.713,6
3348,-0.56,0,0.712,6
3349,-0.49,0,0.712,6
3350,-0.5,0,0.712,6
3351,-0.6,0,0.712,11
3352,-0.68,0,0.712,14
3353,-0.59,0,0.712,5
3354,-0.7,0,0.712,12
3355,-0.67,0,0.712,11
3356,-0.8,0,0.712,19
3357,-0.57,0,0.712,5
3358,-0.62,0,0.712,19
3359,-0.56,0,0.712,8
3360,-0.61,0,0.712,4
3361,-0.61,0,0.712,6
3362,-0.63,0,0.711,15
3363,-0.49,0,0.711,8
3364,0.81,1,0.711,15
3365,-0.59,0,0.711,15
3366,-0.55,0,0.711,7
3367,-0.7,0,0.711,11
3368,-0.62,0,0.711,11
3369,0.79,0,0.711,17
3370,-0.74,0,0.711,19
3371,-0.71,0,0.71,18
3372,-0.53,0,0.71,15
3373,-0.71,0,0.71,10
3374,-0.64,0,0.71,10
3375,0.9,1,0.71,9
3376,-0.57,0,0.71,7
3377,-0.63,0,0.71,23
3378,-0.66,0,0.71,7
3379,-0.58,0,0.71,9
3380,-0.61,0,0.71,11
3381,0.95,1,0.71,8
3382,-0.51,0,0.71,4
3383,-0.57,0,0.709,9
3384,-0.91,0,0.709,23
3385,-0.61,0,0.709,13
3386,-0.6,0,0.709,6
3387,-0.64,0,0.709,8
3388,0.9,1,0.709,6
3389,0.92,1,0.709,6
3390,-0.55,0,0.709,15
3391,-0.77,0,0.709,13
3392,-0.61,0,0.709,20
3393,-0.62,0,0.709,12
3394,-0.5,0,0.708,5
3395,-0.57,0,0.708,8
3396,0.96,1,0.708,5
3397,-0.63,0,0.708,10
3398,-0.54,0,0.708,6
3399,-0.65,0,0.708,11
3400,-0.63,0,0.708,9
3401,-0.64,0,0.708,11
3402,-0.66,0,0.708,15
3403,-0.54,0,0.708,9
3404,-0.77,0,0.708,9
3405,-0.6,0,0.708,7
3406,-0.55,0,0.708,8
3407,-0.54,0,0.708,6
3408,-0.84,0,0.707,20
3409,-0.52,0,0.707,5
3410,-0.47,0,0.707,11
3411,-0.54,0,0.707,13
3412,-0.57,0,0.707,11
3413,-0.82,0,0.707,18
3414,-0.61,0,0.707,16
3415,-0.62,0,0.707,13
3416,-0.8,0,0.707,14
3417,0.97,1,0.707,4
3418,-0.69,0,0.706,9
3419,-0.57,0,0.706,14
3420,-0.78,0,0.706,15
3421,-0.7,0,0.706,18
3422,0.91,1,0.706,9
3423,-0.58,0,0.706,8
3424,-0.6,0,0.706,6
3425,0.95,1,0.706,5
3426,-0.68,0,0.706,11
3427,-0.67,0,0.706,19
3428,-0.65,0,0.706,7
3429,-0.59,0,0.706,11
3430,-0.71,0,0.705,21
3431,0.94,1,0.705,7
3432,-0.7,0,0.705,12
3433,0.96,1,0.705,12
3434,-0.54,0,0.705,5
3435,-0.53,0,0.705,8
3436,-0.59,0,0.705,6
3437,0.93,1,0.705,4
3438,-0.59,0,0.705,12
3439,0.97,1,0.705,5
3440,-0.6,0,0.705,11
3441,-1.0,0,0.704,38
3442,-0.6,0,0.704,11
3443,-0.64,0,0.704,9
3444,0.44,0,0.704,41
3445,0.94,1,0.704,6
3446,-0.54,0,0.704,4
3447,-0.69,0,0.704,7
3448,-0.51,0,0.704,4
3449,-0.71,0,0.704,19
3450,0.87,1,0.704,14
3451,0.95,1,0.703,14
3452,0.96,1,0.703,10
3453,-0.71,0,0.703,16
3454,0.85,1,0.703,14
3455,-0.56,0,0.703,14
3456,0.92,1,0.703,11
3457,-0.72,0,0.703,19
3458,-0.65,0,0.703,13
3459,-0.59,0,0.703,10
3460,-0.65,0,0.702,10
3461,-0.56,0,0.702,10
3462,-0.53,0,0.702,7
3463,-0.6,0,0.702,10
3464,0.84,1,0.702,14
3465,-0.52,0,0.702,10
3466,-0.75,0,0.702,20
3467,-0.77,0,0.702,9
3468,-0.88,0,0.702,40
3469,0.95,1,0.701,5
3470,-0.65,0,0.701,15
3471,-0.61,0,0.701,18
3472,-0.61,0,0.701,7
3473,-0.58,0,0.701,11
3474,-0.51,0,0.701,12
3475,-0.7,0,0.701,25
3476,-0.71,0,0.701,14
3477,-0.56,0,0.701,9
3478,-0.56,0,0.701,7
3479,0.91,1,0.7,5
3480,-0.68,0,0.7,25
3481,-0.6,0,0.7,8
3482,0.91,1,0.7,4
3483,-0.61,0,0.7,13
3484,0.81,1,0.7,15
3485,-0.53,0,0.7,8
3486,-0.68,0,0.7,10
3487,-0.59,0,0.7,3
3488,-0.58,0,0.7,8
3489,-0.61,0,0.7,15
3490,-0.59,0,0.7,6
3491,-0.56,0,0.7,8
3492,-0.55,0,0.699,4
3493,0.8,0,0.699,17
3494,-0.48,0,0.699,5
3495,-0.69,0,0.699,9
3496,0.76,0,0.699,15
3497,-0.55,0,0.699,5
3498,0.8,0,0.699,17
3499,0.87,1,0.699,10
3500,-0.54,0,0.699,19
3501,-0.56,0,0.699,5
3502,-0.66,0,0.699,12
3503,-0.6,0,0.699,9
3504,0.81,1,0.698,28
3505,-0.63,0,0.698,8
3506,-0.73,0,0.698,19
3507,-0.56,0,0.698,14
3508,0.92,1,0.698,3
3509,-0.77,0,0.698,16
3510,0.96,1,0.698,6
3511,-0.61,0,0.698,11
3512,-0.76,0,0.698,16
3513,-0.5,0,0.698,3
3514,-0.79,0,0.697,19
3515,-0.7,0,0.697,8
3516,-0.48,0,0.697,8
3517,-0.56,0,0.697,8
3518,-0.59,0,0.697,10
3519,-0.6,0,0.697,4
3520,-0.59,0,0.697,9
3521,-0.64,0,0.697,8
3522,-0.69,0,0.697,15
3523,-0.61,0,0.697,10
3524,-0.62,0,0.697,12
3525,-0.53,0,0.697,8
3526,0.95,1,0.697,7
3527,-0.55,0,0.696,12
3528,0.95,1,0.696,9
3529,-0.65,0,0.696,5
3530,-0.73,0,0.696,18
3531,-0.57,0,0.696,11
3532,-0.68,0,0.696,16
3533,0.95,1,0.696,5
3534,0.91,1,0.696,8
3535,-0.55,0,0.696,9
3536,-0.6,0,0.696,9
3537,-0.67,0,0.696,10
3538,-0.71,0,0.696,7
3539,-0.64,0,0.696,8
3540,-0.57,0,0.695,7
3541,-0.8,0,0.695,19
3542,-0.56,0,0.695,11
3543,-0.57,0,0.695,18
3544,-0.65,0,0.695,7
3545,-0.55,0,0.695,4
3546,0.95,1,0.695,12
3547,0.89,1,0.695,10
3548,-0.56,0,0.695,13
3549,-0.61,0,0.695,13
3550,-0.99,0,0.694,32
3551,0.96,1,0.694,9
3552,-0.6,0,0.694,11
3553,-0.57,0,0.694,11
3554,-0.58,0,0.694,15
3555,-0.74,0,0.694,23
3556,-0.59,0,0.694,8
3557,-0.68,0,0.694,12
3558,-0.69,0,0.694,19
3559,-0.78,0,0.693,11
3560,0.9,1,0.693,6
3561,-0.63,0,0.693,8
3562,-0.62,0,0.693,10
3563,-0.5,0,0.693,7
3564,-0.67,0,0.693,9
3565,-0.59,0,0.693,11
3566,0.94,1,0.693,8
3567,-0.63,0,0.693,11
3568,-0.54,0,0.693,9
3569,-0.49,0,0.693,5
3570,-0.62,0,0.693,12
3571,-0.7,0,0.693,18
3572,-0.64,0,0.692,12
3573,-0.5,0,0.692,5
3574,0.91,1,0.692,4
3575,-0.55,0,0.692,8
3576,-0.66,0,0.692,8
3577,-0.8,0,0.692,17
3578,-0.66,0,0.692,6
3579,-0.61,0,0.692,7
3580,0.82,1,0.692,19
3581,-0.56,0,0.692,8
3582,-0.65,0,0.692,8
3583,-0.67,0,0.692,17
3584,-0.62,0,0.692,11
3585,-0.6,0,0.691,7
3586,-0.81,0,0.691,24
3587,-0.59,0,0.691,9
3588,0.57,0,0.691,25
3589,-0.66,0,0.691,11
3590,0.68,0,0.691,21
3591,-0.76,0,0.691,16
3592,-0.59,0,0.69,20
3593,-0.5,0,0.69,7
3594,-0.63,0,0.69,13
3595,-0.75,0,0.69,18
3596,-0.53,0,0.69,10
3597,-0.61,0,0.69,16
3598,-0.67,0,0.69,14
3599,0.65,0,0.69,26
3600,-0.58,0,0.69,13
3601,-0.49,0,0.689,10
3602,-0.66,0,0.689,8
3603,0.79,0,0.689,18
3604,-0.64,0,0.689,9
3605,0.83,1,0.689,14
3606,0.9,1,0.689,3
3607,-0.91,0,0.689,23
3608,-0.53,0,0.689,6
3609,-0.94,0,0.689,32
3610,-0.59,0,0.688,10
3611,0.95,1,0.688,3
3612,0.85,1,0.688,15
3613,-0.68,0,0.688,7
3614,-0.87,0,0.688,25
3615,-0.62,0,0.688,8
3616,-0.55,0,0.688,7
3617,-0.61,0,0.688,7
3618,-0.65,0,0.688,10
3619,-0.49,0,0.688,10
3620,-0.57,0,0.688,4
3621,-0.65,0,0.688,7
3622,-0.52,0,0.688,8
3623,-0.52,0,0.688,9
3624,-0.51,0,0.687,4
3625,-0.73,0,0.687,19
3626,-0.56,0,0.687,12
3627,-0.73,0,0.687,12
3628,-0.57,0,0.687,9
3629,0.9,1,0.687,7
3630,-0.67,0,0.687,21
3631,-0.52,0,0.687,11
3632,-0.62,0,0.687,15
3633,-0.64,0,0.687,5
3634,-0.78,0,0.687,13
3635,-0.62,0,0.686,12
3636,0.68,0,0.686,12
3637,-0.74,0,0.686,14
3638,-0.55,0,0.686,7
3639,-0.6,0,0.686,9
3640,0.92,1,0.686,5
3641,0.92,1,0.686,9
3642,-0.56,0,0.686,14
3643,-0.53,0,0.686,5
3644,-0.67,0,0.686,7
3645,-0.68,0,0.686,10
3646,-0.55,0,0.686,7
3647,-0.58,0,0.686,7
3648,0.91,1,0.686,8
3649,-0.78,0,0.685,21
3650,-0.58,0,0.685,7
3651,-0.63,0,0.685,8
3652,-0.58,0,0.685,5
3653,-0.62,0,0.685,8
3654,-0.65,0,0.685,12
3655,0.9,1,0.685,3
3656,-0.71,0,0.685,23
3657,0.96,1,0.685,9
3658,-0.5,0,0.685,7
3659,0.96,1,0.685,5
3660,-0.6,0,0.685,10
3661,-0.59,0,0.685,4
3662,0.72,0,0.684,14
3663,-0.54,0,0.684,3
3664,-0.52,0,0.684,8
3665,-0.66,0,0.684,22
3666,-0.51,0,0.684,4
3667,-0.72,0,0.684,18
3668,-0.6,0,0.684,11
3669,-0.55,0,0.684,8
3670,-0.66,0,0.684,8
3671,-0.55,0,0.684,7
3672,-0.81,0,0.684,25
3673,-0.65,0,0.683,22
3674,-0.48,0,0.683,13
3675,-0.51,0,0.683,7
3676,0.96,1,0.683,6
3677,-0.65,0,0.683,12
3678,-0.71,0,0.683,22
3679,0.92,1,0.683,5
3680,-0.69,0,0.683,10
3681,-0.55,0,0.683,6
3682,-0.53,0,0.683,12
3683,0.95,1,0.683,3
3684,0.81,1,0.682,14
3685,-0.55,0,0.682,5
3686,0.79,0,0.682,20
3687,-0.61,0,0.682,8
3688,0.98,1,0.682,8
3689,-0.54,0,0.682,3
3690,0.97,1,0.682,7
3691,-0.71,0,0.682,11
3692,-0.52,0,0.682,5
3693,-0.55,0,0.682,4
3694,0.95,1,0.682,6
3695,0.8,0,0.682,12
3696,-0.64,0,0.682,10
3697,-0.5,0,0.682,3
3698,-0.62,0,0.682,8
3699,-0.53,0,0.682,8
3700,-0.59,0,0.681,9
3701,-0.48,0,0.681,5
3702,-0.64,0,0.681,13
3703,-0.51,0,0.681,4
3704,0.98,1,0.681,8
3705,-0.6,0,0.681,7
3706,-0.51,0,0.681,6
3707,0.76,0,0.681,15
3708,0.91,1,0.681,5
3709,-0.7,0,0.681,26
3710,-0.82,0,0.681,23
3711,-0.48,0,0.681,3
3712,-0.65,0,0.68,10
3713,-0.88,0,0.68,20
3714,0.82,1,0.68,14
3715,-0.58,0,0.68,11
3716,-0.55,0,0.68,7
3717,0.9,1,0.68,6
3718,-0.59,0,0.68,9
3719,-0.67,0,0.68,11
3720,-0.55,0,0.68,6
3721,-0.84,0,0.68,24
3722,-0.62,0,0.68,7
3723,-0.86,0,0.679,33
3724,0.81,1,0.679,15
3725,-0.54,0,0.679,14
3726,0.87,1,0.679,13
3727,-0.5,0,0.679,5
3728,-0.64,0,0.679,12
3729,-0.63,0,0.679,9
3730,-0.64,0,0.679,16
3731,-0.57,0,0.679,11
3732,-0.51,0,0.679,4
3733,-0.5,0,0.678,9
3734,-0.5,0,0.678,7
3735,-0.55,0,0.678,4
3736,-0.53,0,0.678,9
3737,-0.51,0,0.678,8
3738,-0.58,0,0.678,7
3739,-0.76,0,0.678,11
3740,0.95,1,0.678,7
3741,0.95,1,0.678,6
3742,-0.57,0,0.678,14
3743,-0.69,0,0.678,11
3744,-0.51,0,0.678,21
3745,0.53,0,0.677,28
3746,-0.55,0,0.677,10
3747,-0.57,0,0.677,7
3748,-0.59,0,0.677,12
3749,-0.51,0,0.677,9
3750,-0.62,0,0.677,20
3751,-0.52,0,0.677,5
3752,-0.64,0,0.677,22
3753,-0.69,0,0.677,17
3754,-0.51,0,0.677,7
3755,-0.59,0,0.676,15
3756,0.96,1,0.676,4
3757,-0.5,0,0.676,4
3758,0.83,1,0.676,13
3759,-0.67,0,0.676,12
3760,-0.59,0,0.676,5
3761,-0.77,0,0.676,18
3762,-0.59,0,0.676,12
3763,-0.56,0,0.676,12
3764,-0.56,0,0.676,6
3765,-0.63,0,0.676,15
3766,-0.51,0,0.676,6
3767,-0.73,0,0.675,17
3768,-0.57,0,0.675,9
3769,-0.7,0,0.675,12
3770,-0.67,0,0.675,21
3771,-0.61,0,0.675,6
3772,-0.6,0,0.675,19
3773,-0.58,0,0.675,14
3774,0.92,1,0.675,5
3775,-0.49,0,0.675,11
3776,-0.67,0,0.675,11
3777,-0.54,0,0.675,7
3778,0.93,1,0.674,5
3779,0.93,1,0.674,12
3780,-0.58,0,0.674,12
3781,-0.61,0,0.674,5
3782,-0.55,0,0.674,5
3783,-0.6,0,0.674,6
3784,-0.52,0,0.674,7
3785,0.97,1,0.674,6
3786,0.9,1,0.674,6
3787,-0.6,0,0.674,11
3788,-0.57,0,0.674,14
3789,-0.62,0,0.674,8
3790,0.89,1,0.674,7
3791,-0.55,0,0.674,9
3792,-0.52,0,0.674,13
3793,-0.65,0,0.673,8
3794,-0.74,0,0.673,12
3795,0.96,1,0.673,5
3796,-0.74,0,0.673,20
3797,-0.6,0,0.673,8
3798,-0.55,0,0.673,9
3799,-0.51,0,0.673,12
3800,0.88,1,0.673,10
3801,-0.61,0,0.673,10
3802,0.95,1,0.673,6
3803,-0.62,0,0.673,9
3804,-0.75,0,0.673,20
3805,0.77,0,0.672,15
3806,-0.69,0,0.672,22
3807,-0.59,0,0.672,11
3808,-0.72,0,0.672,23
3809,-0.71,0,0.672,14
3810,0.89,1,0.672,6
3811,-0.87,0,0.672,22
3812,-0.49,0,0.672,7
3813,0.95,1,0.672,7
3814,0.76,0,0.671,22
3815,0.84,1,0.671,19
3816,-0.53,0,0.671,15
3817,-0.55,0,0.671,4
3818,-0.73,0,0.671,12
3819,-0.59,0,0.671,16
3820,-0.71,0,0.671,15
3821,-0.57,0,0.671,10
3822,0.92,1,0.671,6
3823,0.98,1,0.671,7
3824,-0.72,0,0.67,18
3825,-0.68,0,0.67,10
3826,0.97,1,0.67,5
3827,0.52,0,0.67,26
3828,-0.62,0,0.67,12
3829,-0.49,0,0.67,4
3830,-0.53,0,0.67,9
3831,0.92,1,0.67,6
3832,-0.61,0,0.67,9
3833,-0.54,0,0.67,4
3834,-0.81,0,0.67,21
3835,0.63,0,0.669,18
3836,-0.68,0,0.669,11
3837,-0.7,0,0.669,21
3838,-0.64,0,0.669,9
3839,-0.55,0,0.669,5
3840,0.8,0,0.669,18
3841,-0.5,0,0.669,7
3842,-0.72,0,0.669,16
3843,0.89,1,0.669,5
3844,0.93,1,0.669,4
3845,-0.63,0,0.669,13
3846,-0.56,0,0.668,11
3847,-0.61,0,0.668,11
3848,-0.69,0,0.668,17
3849,-0.51,0,0.668,6
3850,0.82,1,0.668,14
3851,-0.68,0,0.668,19
3852,-0.77,0,0.668,17
3853,0.9,1,0.668,18
3854,-0.59,0,0.668,9
3855,0.9,1,0.667,10
3856,-0.49,0,0.667,9
3857,-0.58,0,0.667,8
3858,-0.59,0,0.667,8
3859,-0.6,0,0.667,9
3860,-0.59,0,0.667,7
3861,-0.6,0,0.667,15
3862,-0.56,0,0.667,12
3863,-0.56,0,0.667,16
3864,-0.72,0,0.667,24
3865,-0.62,0,0.667,8
3866,0.97,1,0.667,6
3867,-0.67,0,0.666,12
3868,-0.67,0,0.666,8
3869,-0.69,0,0.666,15
3870,-0.62,0,0.666,7
3871,0.93,1,0.666,5
3872,-0.6,0,0.666,4
3873,-0.77,0,0.666,29
3874,-0.57,0,0.666,10
3875,-0.59,0,0.666,13
3876,0.91,1,0.666,5
3877,-0.59,0,0.666,7
3878,-0.61,0,0.666,13
3879,-0.72,0,0.665,12
3880,-0.72,0,0.665,17
3881,-0.56,0,0.665,5
3882,0.96,1,0.665,8
3883,-0.55,0,0.665,5
3884,-0.9,0,0.665,14
3885,-0.55,0,0.665,4
3886,0.82,1,0.665,21
3887,0.95,1,0.665,6
3888,-0.65,0,0.665,8
3889,0.89,1,0.665,5
3890,-0.57,0,0.665,8
3891,-0.65,0,0.665,10
3892,-0.53,0,0.664,16
3893,-0.62,0,0.664,16
3894,-0.61,0,0.664,7
3895,-0.56,0,0.664,5
3896,-0.7,0,0.664,15
3897,-0.59,0,0.664,9
3898,-0.64,0,0.664,7
3899,-0.51,0,0.664,15
3900,-0.63,0,0.664,13
3901,-0.7,0,0.664,12
3902,-0.62,0,0.664,6
3903,-0.55,0,0.664,8
3904,0.92,1,0.663,3
3905,-0.55,0,0.663,10
3906,-0.7,0,0.663,11
3907,0.97,1,0.663,5
3908,-0.52,0,0.663,5
3909,0.93,1,0.663,11
3910,-0.54,0,0.663,4
3911,0.96,1,0.663,6
3912,-0.62,0,0.663,9
3913,0.86,1,0.663,5
3914,0.95,1,0.663,7
3915,-0.73,0,0.663,13
3916,0.82,1,0.663,16
3917,-0.81,0,0.662,22
3918,-0.69,0,0.662,18
3919,-0.56,0,0.662,10
3920,-0.65,0,0.662,10
3921,-0.62,0,0.662,21
3922,0.96,1,0.662,8
3923,-0.74,0,0.662,21
3924,-0.56,0,0.662,11
3925,-0.48,0,0.662,5
3926,-0.59,0,0.662,9
3927,-0.51,0,0.662,7
3928,-0.55,0,0.661,13
3929,-0.57,0,0.661,12
3930,-0.62,0,0.661,10
3931,-0.56,0,0.661,9
3932,-0.61,0,0.661,10
3933,-0.58,0,0.661,5
3934,0.93,1,0.661,13
3935,-0.56,0,0.661,7
3936,-0.59,0,0.661,14
3937,0.89,1,0.661,29
3938,-0.63,0,0.661,10
3939,-0.54,0,0.66,5
3940,-0.59,0,0.66,21
3941,0.97,1,0.66,5
3942,-0.49,0,0.66,5
3943,-0.68,0,0.66,21
3944,-0.58,0,0.66,6
3945,0.89,1,0.66,11
3946,0.91,1,0.66,6
3947,-0.59,0,0.66,6
3948,-0.55,0,0.66,22
3949,0.77,0,0.659,19
3950,-0.78,0,0.659,27
3951,-0.73,0,0.659,10
3952,-0.61,0,0.659,15
3953,-0.58,0,0.659,8
3954,-0.61,0,0.659,8
3955,-0.58,0,0.659,13
3956,-0.57,0,0.659,7
3957,-0.62,0,0.659,13
3958,-0.59,0,0.659,9
3959,-0.7,0,0.659,11
3960,0.95,1,0.659,3
3961,0.95,1,0.658,6
3962,-0.6,0,0.658,12
3963,-0.51,0,0.658,4
3964,0.95,1,0.658,5
3965,-0.61,0,0.658,7
3966,-0.53,0,0.658,12
3967,-0.62,0,0.658,8
3968,0.96,1,0.658,7
3969,0.92,1,0.658,6
3970,0.92,1,0.658,8
3971,-0.67,0,0.658,9
3972,0.89,1,0.658,5
3973,0.95,1,0.658,3
3974,-0.58,0,0.658,9
3975,-0.5,0,0.658,5
3976,0.97,1,0.658,3
3977,-0.76,0,0.658,16
3978,-0.63,0,0.657,8
3979,-0.68,0,0.657,12
3980,-0.52,0,0.657,10
3981,-0.58,0,0.657,8
3982,-0.68,0,0.657,12
3983,0.97,1,0.657,5
3984,0.81,1,0.657,13
3985,-0.53,0,0.657,10
3986,-0.54,0,0.657,11
3987,-0.55,0,0.657,4
3988,0.95,1,0.657,4
3989,-0.69,0,0.657,13
3990,0.96,1,0.657,10
3991,0.91,1,0.656,11
3992,0.94,1,0.656,6
3993,-0.59,0,0.656,12
3994,-0.6,0,0.656,12
3995,-0.63,0,0.656,13
3996,-0.73,0,0.656,19
3997,-0.59,0,0.656,14
3998,-0.72,0,0.656,17
3999,0.74,0,0.656,16
4000,-0.7,0,0.655,18
4001,0.96,1,0.655,7
4002,-0.72,0,0.655,9
4003,-0.55,0,0.655,10
4004,-0.51,0,0.655,5
4005,-0.66,0,0.655,7
4006,-0.61,0,0.655,14
4007,0.96,1,0.655,5
4008,-0.56,0,0.655,9
4009,-0.59,0,0.655,7
4010,-0.71,0,0.655,12
4011,-0.63,0,0.655,9
4012,0.67,0,0.655,23
4013,0.94,1,0.655,7
4014,-0.69,0,0.654,12
4015,-0.49,0,0.654,7
4016,-0.71,0,0.654,23
4017,-0.62,0,0.654,4
4018,-0.61,0,0.654,11
4019,0.66,0,0.654,30
4020,-0.6,0,0.654,12
4021,-0.52,0,0.654,10
4022,-0.73,0,0.653,21
4023,-0.49,0,0.653,9
4024,0.9,1,0.653,6
4025,-0.78,0,0.653,21
4026,-0.6,0,0.653,7
4027,0.78,0,0.653,18
4028,-0.6,0,0.653,7
4029,-0.76,0,0.653,25
4030,0.98,1,0.653,9
4031,-0.51,0,0.653,8
4032,-0.82,0,0.652,32
4033,-0.55,0,0.652,8
4034,-0.51,0,0.652,4
4035,-0.69,0,0.652,13
4036,-0.63,0,0.652,10
4037,-0.73,0,0.652,25
4038,-0.51,0,0.652,12
4039,-0.7,0,0.652,12
4040,-0.6,0,0.652,12
4041,-0.68,0,0.651,16
4042,0.85,1,0.651,19
4043,-0.58,0,0.651,5
4044,-0.55,0,0.651,8
4045,-0.49,0,0.651,6
4046,-0.56,0,0.651,12
4047,-0.59,0,0.651,7
4048,-0.55,0,0.651,4
4049,-0.49,0,0.651,15
4050,0.95,1,0.651,11
4051,0.96,1,0.651,7
4052,-0.72,0,0.651,25
4053,-0.6,0,0.65,4
4054,0.93,1,0.65,5
4055,0.91,1,0.65,5
4056,-0.56,0,0.65,5
4057,0.93,1,0.65,6
4058,0.89,1,0.65,7
4059,-0.55,0,0.65,11
4060,-0.53,0,0.65,4
4061,-0.56,0,0.65,8
4062,-0.58,0,0.65,12
4063,-0.61,0,0.65,9
4064,-0.56,0,0.65,7
4065,-0.66,0,0.65,11
4066,-0.79,0,0.65,17
4067,0.91,1,0.65,9
4068,-0.62,0,0.649,18
4069,-0.49,0,0.649,8
4070,0.91,1,0.649,8
4071,-0.58,0,0.649,11
4072,-0.5,0,0.649,2
4073,-0.52,0,0.649,5
4074,0.81,1,0.649,18
4075,-0.63,0,0.649,10
4076,-0.7,0,0.649,12
4077,0.82,1,0.649,15
4078,-0.84,0,0.649,12
4079,0.76,0,0.648,30
4080,-0.5,0,0.648,8
4081,-0.73,0,0.648,16
4082,-0.56,0,0.648,13
4083,-0.52,0,0.648,9
4084,0.82,1,0.648,13
4085,-0.55,0,0.648,12
4086,-0.58,0,0.648,14
4087,-0.63,0,0.648,17
4088,-0.53,0,0.647,12
4089,0.93,1,0.647,8
4090,0.97,1,0.647,4
4091,-0.74,0,0.647,13
4092,0.86,1,0.647,5
4093,-0.61,0,0.647,10
4094,-0.62,0,0.647,8
4095,0.9,1,0.647,10
4096,-0.62,0,0.647,8
4097,-0.51,0,0.647,5
4098,-0.77,0,0.647,20
4099,-0.62,0,0.647,9
4100,-0.49,0,0.647,5
4101,-0.57,0,0.647,18
4102,-0.77,0,0.646,18
4103,-0.69,0,0.646,11
4104,-0.68,0,0.646,7
4105,-0.68,0,0.646,9
4106,-0.61,0,0.646,16
4107,-0.59,0,0.646,15
4108,0.89,1,0.646,14
4109,-0.61,0,0.646,17
4110,-0.55,0,0.646,7
4111,-0.54,0,0.646,10
4112,-0.5,0,0.645,5
4113,-0.51,0,0.645,7
4114,0.92,1,0.645,5
4115,0.88,1,0.645,15
4116,-0.7,0,0.645,10
4117,-0.47,0,0.645,8
4118,-0.63,0,0.645,4
4119,-0.74,0,0.645,18
4120,-0.6,0,0.645,18
4121,-0.6,0,0.645,14
4122,-0.5,0,0.645,7
4123,0.71,0,0.645,19
4124,0.92,1,0.644,6
4125,-0.59,0,0.644,13
4126,-0.52,0,0.644,9
4127,0.92,1,0.644,7
4128,-0.94,0,0.644,28
4129,-0.66,0,0.644,12
4130,-0.53,0,0.644,9
4131,-0.56,0,0.644,13
4132,-0.65,0,0.644,7
4133,0.96,1,0.644,5
4134,0.84,1,0.643,17
4135,-0.62,0,0.643,9
4136,-0.55,0,0.643,4
4137,-0.56,0,0.643,10
4138,0.71,0,0.643,18
4139,-0.75,0,0.643,17
4140,-0.52,0,0.643,9
4141,-0.66,0,0.643,17
4142,-0.72,0,0.643,19
4143,-0.57,0,0.643,8
4144,-0.78,0,0.642,20
4145,-0.64,0,0.642,10
4146,-0.61,0,0.642,18
4147,0.95,1,0.642,4
4148,-0.63,0,0.642,8
4149,-0.5,0,0.642,5
4150,-0.62,0,0.642,16
4151,0.91,1,0.642,5
4152,-0.51,0,0.642,3
4153,-0.74,0,0.642,13
4154,-0.51,0,0.642,7
4155,-0.67,0,0.642,20
4156,-0.65,0,0.641,18
4157,0.74,0,0.641,17
4158,0.89,1,0.641,17
4159,-0.88,0,0.641,24
4160,-0.59,0,0.641,10
4161,-0.52,0,0.641,7
4162,-0.62,0,0.641,20
4163,-0.5,0,0.641,7
4164,-0.51,0,0.641,3
4165,-0.6,0,0.641,7
4166,-0.63,0,0.64,20
4167,-0.58,0,0.64,19
4168,0.98,1,0.64,4
4169,-0.84,0,0.64,27
4170,-0.55,0,0.64,9
4171,-0.55,0,0.64,6
4172,-0.75,0,0.64,14
4173,0.92,1,0.64,6
4174,-0.52,0,0.64,7
4175,0.79,0,0.64,17
4176,0.68,0,0.639,27
4177,0.98,1,0.639,4
4178,-0.58,0,0.639,17
4179,-0.55,0,0.639,11
4180,-0.65,0,0.639,16
4181,-0.56,0,0.639,16
4182,-0.61,0,0.639,7
4183,-0.77,0,0.639,16
4184,-0.51,0,0.639,8
4185,-0.6,0,0.638,11
4186,-0.54,0,0.638,4
4187,0.94,1,0.638,9
4188,-0.65,0,0.638,3
4189,0.86,1,0.638,18
4190,-0.53,0,0.638,6
4191,-0.55,0,0.638,9
4192,-0.77,0,0.638,25
4193,0.9,1,0.638,6
4194,-0.56,0,0.638,8
4195,-0.5,0,0.638,5
4196,-0.5,0,0.638,5
4197,0.78,0,0.638,17
4198,-0.64,0,0.638,12
4199,0.91,1,0.637,7
4200,-0.65,0,0.637,16
4201,-0.63,0,0.637,15
4202,-0.76,0,0.637,15
4203,-0.71,0,0.637,18
4204,-0.57,0,0.637,4
4205,-0.64,0,0.637,15
4206,0.92,1,0.637,5
4207,-0.66,0,0.637,11
4208,-0.61,0,0.637,9
4209,0.94,1,0.637,7
4210,-0.53,0,0.636,4
4211,-0.72,0,0.636,17
4212,0.89,1,0.636,12
4213,-0.59,0,0.636,5
4214,-0.59,0,0.636,6
4215,0.91,1,0.636,2
4216,0.92,1,0.636,12
4217,0.96,1,0.636,11
4218,-0.67,0,0.636,26
4219,-0.74,0,0.636,24
4220,0.91,1,0.636,8
4221,-0.55,0,0.635,5
4222,-0.54,0,0.635,10
4223,0.96,1,0.635,7
4224,-0.73,0,0.635,20
4225,-0.56,0,0.635,5
4226,-0.62,0,0.635,10
4227,-0.56,0,0.635,10
4228,-0.64,0,0.635,14
4229,-0.52,0,0.635,12
4230,-0.75,0,0.635,24
4231,-0.59,0,0.635,7
4232,-0.49,0,0.634,8
4233,-0.86,0,0.634,22
4234,-0.6,0,0.634,9
4235,-0.55,0,0.634,8
4236,-0.53,0,0.634,10
4237,-0.58,0,0.634,5
4238,-0.62,0,0.634,13
4239,-0.61,0,0.634,7
4240,-0.75,0,0.634,15
4241,-0.67,0,0.634,18
4242,-0.6,0,0.634,9
4243,-0.48,0,0.634,3
4244,-0.68,0,0.633,16
4245,-0.62,0,0.633,15
4246,-0.54,0,0.633,8
4247,-0.63,0,0.633,20
4248,-0.62,0,0.633,7
4249,-0.65,0,0.633,13
4250,-0.5,0,0.633,8
4251,-0.75,0,0.633,13
4252,0.76,0,0.633,13
4253,-0.63,0,0.633,12
4254,-0.57,0,0.632,11
4255,-0.65,0,0.632,14
4256,-0.65,0,0.632,17
4257,0.95,1,0.632,5
4258,0.97,1,0.632,5
4259,-0.56,0,0.632,11
4260,-0.63,0,0.632,19
4261,-0.69,0,0.632,20
4262,-0.6,0,0.632,10
4263,-0.61,0,0.632,10
4264,-0.75,0,0.631,13
4265,0.98,1,0.631,4
4266,0.94,1,0.631,13
4267,-0.53,0,0.631,8
4268,0.76,0,0.631,17
4269,-0.83,0,0.631,16
4270,-0.54,0,0.631,10
4271,-1.05,0,0.631,41
4272,-0.63,0,0.631,11
4273,-0.77,0,0.63,16
4274,-0.61,0,0.63,12
4275,-0.65,0,0.63,14
4276,-0.51,0,0.63,7
4277,-0.63,0,0.63,16
4278,0.91,1,0.63,9
4279,-0.51,0,0.63,4
4280,-0.63,0,0.63,8
4281,-0.56,0,0.63,5
4282,0.79,0,0.63,20
4283,-0.66,0,0.63,12
4284,-0.59,0,0.629,12
4285,0.92,1,0.629,6
4286,0.89,1,0.629,8
4287,-0.6,0,0.629,11
4288,-0.63,0,0.629,16
4289,0.98,1,0.629,6
4290,-0.61,0,0.629,24
4291,0.83,1,0.629,16
4292,-0.55,0,0.629,4
4293,0.92,1,0.629,7
4294,-0.72,0,0.629,9
4295,-0.62,0,0.628,16
4296,-0.5,0,0.628,2
4297,-0.72,0,0.628,14
4298,-0.55,0,0.628,8
4299,-0.5,0,0.628,13
4300,-0.61,0,0.628,11
4301,0.79,0,0.628,17
4302,0.77,0,0.628,14
4303,-0.55,0,0.628,6
4304,-0.59,0,0.628,15
4305,-0.57,0,0.628,11
4306,-0.59,0,0.627,18
4307,-0.68,0,0.627,11
4308,-0.64,0,0.627,19
4309,-0.62,0,0.627,16
4310,-0.49,0,0.627,9
4311,0.91,1,0.627,8
4312,-0.59,0,0.627,13
4313,-0.59,0,0.627,12
4314,0.88,1,0.627,10
4315,-0.66,0,0.627,12
4316,0.81,1,0.626,17
4317,0.89,1,0.626,8
4318,-0.74,0,0.626,14
4319,-0.55,0,0.626,6
4320,-0.59,0,0.626,10
4321,0.9,1,0.626,16
4322,0.9,1,0.626,20
4323,0.97,1,0.626,5
4324,-0.71,0,0.626,22
4325,-0.52,0,0.626,9
4326,0.73,0,0.625,15
4327,-0.61,0,0.625,9
4328,-0.6,0,0.625,10
4329,0.94,1,0.625,8
4330,-0.61,0,0.625,18
4331,0.96,1,0.625,13
4332,-0.63,0,0.625,14
4333,-0.61,0,0.625,11
4334,0.92,1,0.625,4
4335,-0.56,0,0.625,11
4336,-0.65,0,0.625,10
4337,-0.52,0,0.625,12
4338,-0.55,0,0.624,11
4339,-0.61,0,0.624,18
4340,0.97,1,0.624,7
4341,0.93,1,0.624,12
4342,0.92,1,0.624,6
4343,0.96,1,0.624,6
4344,-0.83,0,0.624,19
4345,-0.6,0,0.624,9
4346,-0.57,0,0.624,8
4347,0.76,0,0.624,21
4348,-0.74,0,0.623,18
4349,-0.56,0,0.623,6
4350,-0.65,0,0.623,10
4351,-0.6,0,0.623,20
4352,-0.55,0,0.623,5
4353,-0.55,0,0.623,5
4354,-0.72,0,0.623,12
4355,0.95,1,0.623,5
4356,-0.65,0,0.623,11
4357,0.8,0,0.623,23
4358,-0.57,0,0.623,6
4359,-0.57,0,0.623,10
4360,0.73,0,0.622,20
4361,0.75,0,0.622,19
4362,0.78,0,0.622,17
4363,-0.68,0,0.622,13
4364,-0.51,0,0.622,8
4365,0.75,0,0.622,14
4366,-0.74,0,0.622,13
4367,-0.8,0,0.622,20
4368,-0.76,0,0.621,10
4369,-0.55,0,0.621,6
4370,-0.62,0,0.621,9
4371,-0.81,0,0.621,22
4372,0.97,1,0.621,8
4373,-0.57,0,0.621,14
4374,-0.66,0,0.621,12
4375,-0.72,0,0.621,31
4376,-0.66,0,0.621,22
4377,-0.49,0,0.62,7
4378,-0.5,0,0.62,3
4379,-0.53,0,0.62,8
4380,0.83,1,0.62,16
4381,-0.59,0,0.62,18
4382,-0.7,0,0.62,18
4383,-0.61,0,0.62,10
4384,-0.68,0,0.62,18
4385,-0.54,0,0.62,16
4386,-0.56,0,0.62,5
4387,0.91,1,0.62,6
4388,-0.59,0,0.619,8
4389,-0.63,0,0.619,7
4390,-0.55,0,0.619,8
4391,-0.55,0,0.619,6
4392,-0.49,0,0.619,4
4393,-0.59,0,0.619,12
4394,-0.54,0,0.619,9
4395,0.94,1,0.619,5
4396,0.9,1,0.619,5
4397,-0.56,0,0.619,11
4398,-0.57,0,0.619,11
4399,0.94,1,0.619,10
4400,0.92,1,0.619,4
4401,-0.64,0,0.619,19
4402,-0.49,0,0.619,4
4403,-0.49,0,0.619,5
4404,0.94,1,0.618,4
4405,0.97,1,0.618,8
4406,-0.79,0,0.618,27
4407,-0.64,0,0.618,8
4408,0.97,1,0.618,6
4409,-0.52,0,0.618,4
4410,-0.61,0,0.618,10
4411,0.95,1,0.618,7
4412,-0.57,0,0.618,11
4413,-0.52,0,0.618,12
4414,-0.61,0,0.618,6
4415,-0.59,0,0.618,10
4416,-0.64,0,0.618,5
4417,-0.48,0,0.618,4
4418,-0.59,0,0.617,10
4419,-0.59,0,0.617,13
4420,-0.67,0,0.617,8
4421,-0.61,0,0.617,13
4422,-0.68,0,0.617,8
4423,-0.58,0,0.617,10
4424,-0.61,0,0.617,24
4425,-0.71,0,0.617,12
4426,-0.58,0,0.617,6
4427,-0.67,0,0.617,22
4428,-0.5,0,0.616,8
4429,-0.65,0,0.616,8
4430,-0.51,0,0.616,9
4431,0.92,1,0.616,16
4432,-0.55,0,0.616,14
4433,0.89,1,0.616,10
4434,-0.5,0,0.616,8
4435,0.99,1,0.616,7
4436,-0.53,0,0.616,6
4437,-0.53,0,0.616,12
4438,-0.51,0,0.616,8
4439,-0.67,0,0.616,16
4440,-0.86,0,0.615,17
4441,-0.57,0,0.615,16
4442,-0.55,0,0.615,7
4443,-0.56,0,0.615,11
4444,0.96,1,0.615,5
4445,0.93,1,0.615,8
4446,0.91,1,0.615,8
4447,0.89,1,0.615,6
4448,-0.6,0,0.615,11
4449,-0.5,0,0.615,5
4450,-0.6,0,0.615,10
4451,0.89,1,0.615,14
4452,-0.62,0,0.615,11
4453,-0.78,0,0.614,26
4454,-0.54,0,0.614,9
4455,-0.64,0,0.614,9
4456,-0.62,0,0.614,12
4457,-0.52,0,0.614,10
4458,-0.67,0,0.614,16
4459,0.98,1,0.614,4
4460,0.88,1,0.614,8
4461,-0.62,0,0.614,22
4462,-0.63,0,0.614,14
4463,-0.6,0,0.613,13
4464,0.82,1,0.613,20
4465,-0.68,0,0.613,9
4466,-0.65,0,0.613,19
4467,-0.54,0,0.613,4
4468,0.9,1,0.613,6
4469,0.96,1,0.613,11
4470,-0.62,0,0.613,19
4471,-0.71,0,0.613,7
4472,0.89,1,0.613,18
4473,-0.58,0,0.612,7
4474,-0.68,0,0.612,7
4475,-0.57,0,0.612,8
4476,-0.65,0,0.612,15
4477,0.95,1,0.612,4
4478,-0.68,0,0.612,20
4479,-0.74,0,0.612,14
4480,0.95,1,0.612,10
4481,-0.69,0,0.612,11
4482,-0.58,0,0.612,15
4483,-0.55,0,0.612,7
4484,0.97,1,0.612,6
4485,-0.55,0,0.611,14
4486,-0.67,0,0.611,17
4487,-0.59,0,0.611,9
4488,-0.54,0,0.611,4
4489,-0.5,0,0.611,6
4490,-0.48,0,0.611,9
4491,0.93,1,0.611,6
4492,-0.62,0,0.611,20
4493,-0.58,0,0.611,7
4494,-0.55,0,0.611,12
4495,0.75,0,0.611,16
4496,-0.75,0,0.611,13
4497,-0.84,0,0.61,31
4498,-0.5,0,0.61,8
4499,-0.83,0,0.61,29
4500,0.91,1,0.61,7
4501,-0.57,0,0.61,8
4502,-0.58,0,0.61,12
4503,-0.54,0,0.61,9
4504,-0.81,0,0.61,17
4505,-0.61,0,0.609,15
4506,0.75,0,0.609,18
4507,-0.67,0,0.609,20
4508,-0.7,0,0.609,19
4509,0.97,1,0.609,5
4510,0.96,1,0.609,7
4511,0.91,1,0.609,7
4512,-0.73,0,0.609,13
4513,-0.55,0,0.609,5
4514,-0.62,0,0.609,15
4515,0.7,0,0.608,23
4516,0.97,1,0.608,11
4517,0.98,1,0.608,6
4518,0.84,1,0.608,20
4519,-0.58,0,0.608,11
4520,-0.58,0,0.608,10
4521,-0.55,0,0.608,3
4522,-0.57,0,0.608,15
4523,-0.58,0,0.608,8
4524,-0.81,0,0.608,16
4525,-0.55,0,0.608,8
4526,0.9,1,0.607,6
4527,-0.64,0,0.607,13
4528,-0.55,0,0.607,16
4529,-0.63,0,0.607,12
4530,-0.76,0,0.607,22
4531,0.95,1,0.607,6
4532,0.95,1,0.607,5
4533,-0.54,0,0.607,9
4534,-0.59,0,0.607,17
4535,-0.57,0,0.607,10
4536,-0.52,0,0.607,8
4537,-0.53,0,0.606,19
4538,-0.51,0,0.606,5
4539,-0.63,0,0.606,11
4540,0.79,0,0.606,14
4541,0.92,1,0.606,5
4542,-0.56,0,0.606,7
4543,-0.63,0,0.606,9
4544,-0.57,0,0.606,9
4545,-0.64,0,0.606,9
4546,0.91,1,0.606,5
4547,0.91,1,0.606,5
4548,-0.68,0,0.606,24
4549,-0.67,0,0.605,14
4550,-0.72,0,0.605,17
4551,0.98,1,0.605,11
4552,-0.56,0,0.605,16
4553,-0.51,0,0.605,3
4554,-0.6,0,0.605,12
4555,-0.56,0,0.605,9
4556,0.8,0,0.605,19
4557,0.73,0,0.605,15
4558,-0.54,0,0.605,12
4559,-0.63,0,0.605,6
4560,0.89,1,0.604,10
4561,-0.52,0,0.604,9
4562,0.8,0,0.604,18
4563,-0.68,0,0.604,14
4564,0.91,1,0.604,6
4565,-0.6,0,0.604,5
4566,-0.54,0,0.604,3
4567,0.92,1,0.604,5
4568,0.96,1,0.604,9
4569,0.95,1,0.604,3
4570,-0.76,0,0.604,22
4571,-0.56,0,0.604,6
4572,-0.49,0,0.604,11
4573,0.67,0,0.603,27
4574,0.93,1,0.603,7
4575,0.92,1,0.603,5
4576,-0.47,0,0.603,6
4577,0.94,1,0.603,6
4578,-0.55,0,0.603,7
4579,-0.61,0,0.603,11
4580,-0.65,0,0.603,10
4581,-0.61,0,0.603,5
4582,-0.55,0,0.603,8
4583,0.92,1,0.603,8
4584,-0.67,0,0.603,11
4585,-0.55,0,0.603,6
4586,-0.6,0,0.603,12
4587,-0.64,0,0.602,18
4588,-0.66,0,0.602,10
4589,-0.69,0,0.602,10
4590,-0.55,0,0.602,7
4591,0.88,1,0.602,8
4592,-0.59,0,0.602,5
4593,0.92,1,0.602,4
4594,0.96,1,0.602,6
4595,-0.7,0,0.602,14
4596,0.92,1,0.602,11
4597,-0.55,0,0.602,16
4598,-0.61,0,0.602,8
4599,-0.56,0,0.602,5
4600,-0.55,0,0.601,15
4601,-0.63,0,0.601,15
4602,-0.66,0,0.601,20
4603,-0.68,0,0.601,15
4604,0.89,1,0.601,7
4605,-0.58,0,0.601,9
4606,-0.66,0,0.601,17
4607,0.96,1,0.601,5
4608,0.95,1,0.601,5
4609,-0.68,0,0.601,21
4610,-0.67,0,0.6,16
4611,-0.65,0,0.6,11
4612,-0.63,0,0.6,12
4613,0.98,1,0.6,6
4614,-0.62,0,0.6,19
4615,-0.64,0,0.6,8
4616,0.95,1,0.6,7
4617,0.9,1,0.6,7
4618,-0.54,0,0.6,6
4619,-0.5,0,0.6,9
4620,0.62,0,0.6,19
4621,0.93,1,0.6,10
4622,-0.68,0,0.599,9
4623,-0.58,0,0.599,14
4624,-0.72,0,0.599,14
4625,-0.6,0,0.599,7
4626,-0.57,0,0.599,20
4627,-0.56,0,0.599,8
4628,-0.5,0,0.599,15
4629,-0.52,0,0.599,5
4630,-0.59,0,0.599,5
4631,0.9,1,0.599,8
4632,-0.63,0,0.599,9
4633,-0.51,0,0.599,4
4634,-0.63,0,0.598,15
4635,0.62,0,0.598,19
4636,-0.66,0,0.598,7
4637,-0.6,0,0.598,7
4638,0.94,1,0.598,9
4639,-0.54,0,0.598,4
4640,-0.67,0,0.598,17
4641,-0.62,0,0.598,9
4642,-0.49,0,0.598,3
4643,0.96,1,0.598,9
4644,-0.51,0,0.598,6
4645,-0.62,0,0.598,13
4646,-0.63,0,0.598,14
4647,-0.64,0,0.597,11
4648,-0.52,0,0.597,5
4649,-0.67,0,0.597,11
4650,-0.54,0,0.597,8
4651,0.97,1,0.597,8
4652,-0.89,0,0.597,29
4653,-0.55,0,0.597,7
4654,-0.58,0,0.597,13
4655,-0.62,0,0.597,4
4656,-0.61,0,0.597,11
4657,0.97,1,0.597,8
4658,0.95,1,0.597,7
4659,0.91,1,0.597,8
4660,-0.68,0,0.596,19
4661,-0.54,0,0.596,7
4662,-0.65,0,0.596,22
4663,-0.58,0,0.596,7
4664,-0.54,0,0.596,5
4665,0.95,1,0.596,9
4666,0.87,1,0.596,7
4667,-0.54,0,0.596,8
4668,-0.62,0,0.596,10
4669,0.97,1,0.596,7
4670,0.59,0,0.596,26
4671,-0.58,0,0.595,6
4672,0.94,1,0.595,12
4673,-0.62,0,0.595,7
4674,-0.55,0,0.595,11
4675,-0.56,0,0.595,6
4676,0.96,1,0.595,4
4677,-0.62,0,0.595,10
4678,-0.55,0,0.595,3
4679,0.92,1,0.595,6
4680,-0.72,0,0.595,21
4681,0.91,1,0.595,8
4682,0.96,1,0.595,8
4683,-0.67,0,0.595,10
4684,0.93,1,0.595,15
4685,-0.63,0,0.594,9
4686,-0.59,0,0.594,12
4687,-0.71,0,0.594,21
4688,-0.52,0,0.594,8
4689,0.93,1,0.594,9
4690,-0.62,0,0.594,10
4691,0.93,1,0.594,4
4692,-0.64,0,0.594,19
4693,0.97,1,0.594,8
4694,0.9,1,0.594,11
4695,-0.72,0,0.594,14
4696,0.89,1,0.593,7
4697,-0.57,0,0.593,10
4698,-0.56,0,0.593,9
4699,-0.63,0,0.593,12
4700,-0.7,0,0.593,27
4701,0.78,0,0.593,15
4702,-0.56,0,0.593,6
4703,0.81,1,0.593,13
4704,0.9,1,0.593,6
4705,-0.67,0,0.593,17
4706,-0.67,0,0.592,14
4707,0.81,1,0.592,15
4708,-0.61,0,0.592,20
4709,-0.65,0,0.592,12
4710,-0.76,0,0.592,18
4711,-0.54,0,0.592,13
4712,0.96,1,0.592,5
4713,-0.69,0,0.592,22
4714,-0.5,0,0.592,11
4715,-0.57,0,0.592,4
4716,-0.65,0,0.591,11
4717,0.78,0,0.591,22
4718,-0.48,0,0.591,4
4719,0.95,1,0.591,7
4720,-0.69,0,0.591,11
4721,-0.54,0,0.591,7
4722,-0.56,0,0.591,10
4723,0.91,1,0.591,7
4724,0.94,1,0.591,8
4725,-0.55,0,0.591,9
4726,-0.72,0,0.591,14
4727,0.94,1,0.591,9
4728,0.96,1,0.59,16
4729,-0.74,0,0.59,13
4730,0.81,1,0.59,18
4731,-0.5,0,0.59,3
4732,-0.52,0,0.59,9
4733,-0.59,0,0.59,15
4734,-0.56,0,0.59,6
4735,0.97,1,0.59,4
4736,-0.59,0,0.59,10
4737,0.75,0,0.59,28
4738,0.91,1,0.59,4
4739,-0.51,0,0.59,6
4740,-0.61,0,0.589,20
4741,-0.74,0,0.589,27
4742,0.83,1,0.589,19
4743,0.89,1,0.589,10
4744,0.92,1,0.589,15
4745,-0.54,0,0.589,12
4746,-0.88,0,0.588,36
4747,-0.68,0,0.588,8
4748,0.82,1,0.588,18
4749,-0.65,0,0.588,18
4750,0.98,1,0.588,8
4751,0.94,1,0.588,8
4752,0.93,1,0.588,6
4753,-0.72,0,0.588,14
4754,0.92,1,0.588,8
4755,-0.55,0,0.588,4
4756,-0.67,0,0.588,11
4757,-0.57,0,0.587,16
4758,0.94,1,0.587,7
4759,-0.54,0,0.587,8
4760,0.89,1,0.587,8
4761,0.79,0,0.587,20
4762,-0.53,0,0.587,4
4763,0.96,1,0.587,7
4764,-0.55,0,0.587,6
4765,0.71,0,0.587,18
4766,-0.89,0,0.587,28
4767,0.74,0,0.586,18
4768,-0.58,0,0.586,6
4769,-0.75,0,0.586,12
4770,0.93,1,0.586,12
4771,-0.58,0,0.586,9
4772,1.01,1,0.586,11
4773,0.74,0,0.586,28
4774,-0.55,0,0.586,9
4775,0.74,0,0.586,21
4776,0.91,1,0.586,5
4777,-0.74,0,0.585,21
4778,-0.55,0,0.585,20
4779,-0.58,0,0.585,6
4780,0.96,1,0.585,2
4781,-0.66,0,0.585,17
4782,-0.71,0,0.585,15
4783,0.86,1,0.585,18
4784,-0.67,0,0.585,8
4785,0.91,1,0.585,3
4786,-0.6,0,0.585,5
4787,-0.57,0,0.585,7
4788,0.94,1,0.585,6
4789,0.78,0,0.584,13
4790,-0.63,0,0.584,5
4791,-0.71,0,0.584,12
4792,-0.57,0,0.584,14
4793,-0.72,0,0.584,10
4794,-0.63,0,0.584,12
4795,-0.5,0,0.584,4
4796,0.95,1,0.584,7
4797,0.92,1,0.584,6
4798,-0.58,0,0.584,13
4799,-0.7,0,0.584,12
4800,0.79,0,0.584,16
4801,-0.55,0,0.583,12
4802,-0.58,0,0.583,14
4803,-0.56,0,0.583,4
4804,-0.63,0,0.583,14
4805,-0.62,0,0.583,13
4806,0.91,1,0.583,5
4807,-0.68,0,0.583,27
4808,-0.54,0,0.583,4
4809,-0.55,0,0.583,8
4810,-0.67,0,0.583,18
4811,-0.6,0,0.583,16
4812,0.75,0,0.582,21
4813,-0.6,0,0.582,11
4814,-0.51,0,0.582,3
4815,-0.56,0,0.582,8
4816,0.87,1,0.582,15
4817,-0.52,0,0.582,5
4818,-0.66,0,0.582,7
4819,0.83,1,0.582,16
4820,-0.54,0,0.582,11
4821,-0.9,0,0.581,32
4822,-0.55,0,0.581,18
4823,-0.59,0,0.581,5
4824,-0.74,0,0.581,10
4825,-0.62,0,0.581,11
4826,-0.71,0,0.581,15
4827,-0.51,0,0.581,4
4828,-0.55,0,0.581,8
4829,0.94,1,0.581,6
4830,-0.59,0,0.581,11
4831,-0.59,0,0.581,7
4832,-0.55,0,0.581,10
4833,0.93,1,0.581,12
4834,-0.72,0,0.58,21
4835,-0.6,0,0.58,10
4836,-0.63,0,0.58,10
4837,-0.55,0,0.58,4
4838,-0.6,0,0.58,9
4839,-0.56,0,0.58,12
4840,0.87,1,0.58,11
4841,0.94,1,0.58,7
4842,0.82,1,0.58,16
4843,-0.59,0,0.58,13
4844,-0.78,0,0.579,24
4845,-0.87,0,0.579,35
4846,0.9,1,0.579,8
4847,-0.6,0,0.579,6
4848,-0.58,0,0.579,10
4849,-0.57,0,0.579,9
4850,-0.55,0,0.579,12
4851,-0.63,0,0.579,16
4852,0.87,1,0.579,17
4853,-0.7,0,0.579,8
4854,-0.7,0,0.578,5
4855,0.99,1,0.578,7
4856,-0.68,0,0.578,21
4857,-0.55,0,0.578,9
4858,-0.67,0,0.578,13
4859,0.78,0,0.578,20
4860,-0.58,0,0.578,16
4861,0.93,1,0.578,7
4862,0.86,1,0.578,18
4863,0.85,1,0.578,14
4864,-0.59,0,0.577,11
4865,0.83,1,0.577,16
4866,0.85,1,0.577,16
4867,-0.49,0,0.577,6
4868,-0.61,0,0.577,12
4869,-0.51,0,0.577,8
4870,0.9,1,0.577,6
4871,-0.52,0,0.577,7
4872,0.92,1,0.577,5
4873,-0.63,0,0.577,9
4874,0.96,1,0.577,5
4875,0.91,1,0.577,8
4876,-0.63,0,0.577,16
4877,-0.66,0,0.576,22
4878,0.96,1,0.576,6
4879,-0.61,0,0.576,16
4880,-0.54,0,0.576,17
4881,-0.48,0,0.576,4
4882,-0.73,0,0.576,28
4883,0.96,1,0.576,6
4884,-0.62,0,0.576,6
4885,-0.55,0,0.576,11
4886,-0.5,0,0.576,8
4887,0.83,1,0.575,24
4888,0.93,1,0.575,4
4889,-0.54,0,0.575,9
4890,-0.53,0,0.575,10
4891,-0.58,0,0.575,14
4892,0.91,1,0.575,6
4893,-0.5,0,0.575,6
4894,0.95,1,0.575,3
4895,-0.61,0,0.575,10
4896,-0.73,0,0.575,13
4897,0.94,1,0.575,7
4898,-0.55,0,0.575,3
4899,-0.62,0,0.575,6
4900,-0.56,0,0.575,10
4901,0.96,1,0.574,6
4902,0.97,1,0.574,4
4903,-0.68,0,0.574,28
4904,-0.67,0,0.574,18
4905,0.75,0,0.574,15
4906,0.94,1,0.574,7
4907,-0.78,0,0.574,21
4908,-0.61,0,0.574,14
4909,-0.55,0,0.574,17
4910,-0.61,0,0.573,13
4911,0.82,1,0.573,13
4912,-0.5,0,0.573,5
4913,-0.58,0,0.573,17
4914,-0.57,0,0.573,12
4915,-0.74,0,0.573,16
4916,-0.58,0,0.573,5
4917,0.77,0,0.573,17
4918,-0.6,0,0.573,13
4919,0.96,1,0.573,7
4920,-0.71,0,0.573,10
4921,-0.57,0,0.572,11
4922,0.86,1,0.572,21
4923,-0.68,0,0.572,17
4924,0.8,0,0.572,14
4925,-0.68,0,0.572,11
4926,-0.55,0,0.572,9
4927,0.92,1,0.572,4
4928,-0.64,0,0.572,14
4929,0.79,0,0.572,15
4930,-0.49,0,0.572,4
4931,-0.57,0,0.571,7
4932,-0.55,0,0.571,10
4933,0.89,1,0.571,6
4934,-0.59,0,0.571,7
4935,-0.7,0,0.571,8
4936,-0.61,0,0.571,11
4937,-0.58,0,0.571,9
4938,-0.72,0,0.571,21
4939,-0.61,0,0.571,12
4940,-0.68,0,0.571,9
4941,-0.56,0,0.571,6
4942,-0.57,0,0.571,11
4943,0.81,1,0.57,18
4944,0.82,1,0.57,19
4945,-0.68,0,0.57,16
4946,-0.73,0,0.57,17
4947,0.84,1,0.57,19
4948,-0.57,0,0.57,6
4949,-0.52,0,0.57,9
4950,-0.54,0,0.57,5
4951,0.79,0,0.57,19
4952,-0.56,0,0.57,4
4953,-0.54,0,0.57,7
4954,0.79,0,0.569,27
4955,-0.61,0,0.569,12
4956,-0.6,0,0.569,6
4957,-0.6,0,0.569,4
4958,-0.61,0,0.569,16
4959,-0.54,0,0.569,10
4960,-0.67,0,0.569,16
4961,0.88,1,0.569,10
4962,-0.57,0,0.569,4
4963,-0.69,0,0.569,15
4964,-0.5,0,0.569,5
4965,-0.75,0,0.568,14
4966,-0.53,0,0.568,9
4967,-0.71,0,0.568,20
4968,-0.5,0,0.568,3
4969,-0.57,0,0.568,4
4970,-0.55,0,0.568,10
4971,-0.63,0,0.568,8
4972,-0.69,0,0.568,21
4973,-0.58,0,0.568,8
4974,0.89,1,0.568,18
4975,0.91,1,0.568,8
4976,-0.74,0,0.567,25
4977,0.97,1,0.567,13
4978,0.94,1,0.567,3
4979,-0.64,0,0.567,9
4980,-0.59,0,0.567,10
4981,0.71,0,0.567,15
4982,0.99,1,0.567,6
4983,-0.61,0,0.567,18
4984,-0.51,0,0.567,6
4985,-0.59,0,0.567,7
4986,-0.77,0,0.567,20
4987,-0.6,0,0.566,18
4988,-0.59,0,0.566,6
4989,-0.65,0,0.566,16
4990,0.85,1,0.566,15
4991,-0.61,0,0.566,9
4992,-0.61,0,0.566,15
4993,-0.49,0,0.566,7
4994,-0.66,0,0.566,28
4995,-0.72,0,0.566,6
4996,-0.6,0,0.566,8
4997,-0.63,0,0.565,7
4998,-0.51,0,0.565,9
4999,-0.51,0,0.565,6
5000,-0.53,0,0.565,4
5001,0.92,1,0.565,3
5002,-0.49,0,0.565,10
5003,0.89,1,0.565,13
5004,-0.5,0,0.565,3
5005,0.95,1,0.565,8
5006,-0.55,0,0.565,7
5007,-0.69,0,0.565,17
5008,-0.59,0,0.565,13
5009,-0.67,0,0.565,12
5010,-0.58,0,0.565,12
5011,-0.51,0,0.564,8
5012,-0.61,0,0.564,14
5013,0.88,1,0.564,17
5014,-0.55,0,0.564,10
5015,-0.62,0,0.564,10
5016,-0.58,0,0.564,16
5017,-0.56,0,0.564,11
5018,0.62,0,0.564,24
5019,-0.52,0,0.564,9
5020,-0.62,0,0.564,9
5021,-0.51,0,0.563,7
5022,-0.6,0,0.563,20
5023,0.94,1,0.563,5
5024,-0.76,0,0.563,14
5025,0.97,1,0.563,4
5026,-0.54,0,0.563,6
5027,-0.49,0,0.563,3
5028,0.97,1,0.563,5
5029,-0.74,0,0.563,23
5030,-0.58,0,0.563,12
5031,-0.58,0,0.563,10
5032,-0.65,0,0.563,13
5033,-0.51,0,0.562,21
5034,-0.51,0,0.562,10
5035,-0.71,0,0.562,11
5036,0.94,1,0.562,10
5037,0.95,1,0.562,7
5038,-0.59,0,0.562,12
5039,0.88,1,0.562,6
5040,-0.63,0,0.562,9
5041,0.95,1,0.562,4
5042,-0.59,0,0.562,17
5043,-0.74,0,0.562,19
5044,-0.76,0,0.561,16
5045,-0.57,0,0.561,18
5046,-0.52,0,0.561,3
5047,-0.77,0,0.561,22
5048,0.75,0,0.561,15
5049,-0.59,0,0.561,16
5050,-0.5,0,0.561,3
5051,-0.61,0,0.561,18
5052,0.98,1,0.561,6
5053,-0.53,0,0.56,17
5054,-0.59,0,0.56,13
5055,-0.64,0,0.56,7
5056,-0.55,0,0.56,8
5057,0.86,1,0.56,14
5058,-0.62,0,0.56,9
5059,-0.48,0,0.56,6
5060,-0.55,0,0.56,23
5061,-0.64,0,0.56,12
5062,0.92,1,0.56,7
5063,-0.62,0,0.56,7
5064,-0.51,0,0.56,8
5065,-0.64,0,0.56,7
5066,-0.62,0,0.559,14
5067,0.96,1,0.559,7
5068,0.95,1,0.559,12
5069,0.95,1,0.559,6
5070,-0.64,0,0.559,10
5071,-0.61,0,0.559,15
5072,-0.51,0,0.559,4
5073,-0.73,0,0.559,25
5074,-0.61,0,0.559,8
5075,-0.62,0,0.559,11
5076,-0.6,0,0.559,4
5077,-0.56,0,0.559,5
5078,-0.53,0,0.558,10
5079,0.93,1,0.558,6
5080,-0.53,0,0.558,9
5081,-0.59,0,0.558,10
5082,-0.6,0,0.558,4
5083,0.97,1,0.558,6
5084,0.8,0,0.558,17
5085,0.92,1,0.558,8
5086,-0.94,0,0.558,23
5087,-0.61,0,0.558,12
5088,-0.73,0,0.558,15
5089,0.9,1,0.558,3
5090,-0.51,0,0.558,5
5091,-0.63,0,0.557,20
5092,0.71,0,0.557,14
5093,-0.51,0,0.557,4
5094,-0.49,0,0.557,6
5095,-0.54,0,0.557,16
5096,-0.6,0,0.557,13
5097,-0.59,0,0.557,16
5098,-0.53,0,0.557,15
5099,-0.61,0,0.557,9
5100,-0.51,0,0.557,6
5101,-0.71,0,0.556,19
5102,-0.61,0,0.556,16
5103,-0.59,0,0.556,7
5104,-0.59,0,0.556,12
5105,-0.61,0,0.556,13
5106,-0.5,0,0.556,4
5107,0.97,1,0.556,5
5108,-0.62,0,0.556,6
5109,-0.56,0,0.556,5
5110,-0.56,0,0.556,8
5111,-0.65,0,0.556,9
5112,-0.65,0,0.556,11
5113,-0.51,0,0.556,3
5114,-0.59,0,0.556,14
5115,0.79,0,0.555,18
5116,-0.52,0,0.555,5
5117,-0.55,0,0.555,12
5118,-0.55,0,0.555,6
5119,-0.56,0,0.555,6
5120,-0.6,0,0.555,13
5121,-0.63,0,0.555,13
5122,0.88,1,0.555,10
5123,0.84,1,0.555,15
5124,-0.98,0,0.555,24
5125,-0.61,0,0.555,8
5126,-0.55,0,0.554,8
5127,0.82,1,0.554,14
5128,-0.58,0,0.554,10
5129,-0.57,0,0.554,13
5130,0.97,1,0.554,8
5131,-0.73,0,0.554,16
5132,-0.57,0,0.554,15
5133,-0.54,0,0.554,4
5134,-0.55,0,0.554,20
5135,-0.5,0,0.554,3
5136,-0.51,0,0.554,6
5137,0.92,1,0.554,4
5138,0.92,1,0.554,7
5139,-0.65,0,0.553,18
5140,0.97,1,0.553,5
5141,-0.74,0,0.553,32
5142,-0.57,0,0.553,8
5143,-0.76,0,0.553,18
5144,0.95,1,0.553,8
5145,-0.67,0,0.553,13
5146,-0.61,0,0.553,20
5147,-0.54,0,0.553,5
5148,-0.58,0,0.552,13
5149,-0.5,0,0.552,5
5150,0.88,1,0.552,7
5151,-0.64,0,0.552,23
5152,-0.75,0,0.552,18
5153,0.85,1,0.552,16
5154,-0.68,0,0.552,18
5155,-0.9,0,0.552,25
5156,-0.52,0,0.551,16
5157,-0.53,0,0.551,8
5158,0.97,1,0.551,4
5159,0.81,1,0.551,18
5160,-0.62,0,0.551,10
5161,0.95,1,0.551,7
5162,0.88,1,0.551,11
5163,-0.6,0,0.551,13
5164,-0.66,0,0.551,8
5165,-0.66,0,0.551,12
5166,-0.62,0,0.551,18
5167,-0.57,0,0.55,6
5168,0.88,1,0.55,14
5169,0.86,1,0.55,8
5170,-0.52,0,0.55,9
5171,-0.57,0,0.55,6
5172,-0.63,0,0.55,9
5173,-0.55,0,0.55,4
5174,-0.61,0,0.55,9
5175,-0.66,0,0.55,8
5176,0.92,1,0.55,7
5177,-0.59,0,0.55,6
5178,0.89,1,0.55,6
5179,0.77,0,0.55,16
5180,0.86,1,0.55,15
5181,0.97,1,0.549,9
5182,-0.61,0,0.549,4
5183,0.93,1,0.549,10
5184,-0.52,0,0.549,10
5185,0.89,1,0.549,6
5186,0.91,1,0.549,5
5187,0.95,1,0.549,11
5188,0.83,1,0.549,22
5189,-0.56,0,0.549,3
5190,-0.52,0,0.549,5
5191,-0.68,0,0.549,28
5192,-0.65,0,0.549,5
5193,0.89,1,0.549,7
5194,0.91,1,0.548,13
5195,-0.58,0,0.548,14
5196,-0.83,0,0.548,27
5197,0.91,1,0.548,5
5198,-0.51,0,0.548,12
5199,0.73,0,0.548,15
5200,-0.5,0,0.548,5
5201,-0.59,0,0.548,13
5202,-0.57,0,0.548,25
5203,-0.51,0,0.548,5
5204,-0.5,0,0.547,7
5205,0.94,1,0.547,5
5206,0.91,1,0.547,5
5207,-0.6,0,0.547,12
5208,0.8,0,0.547,20
5209,-0.56,0,0.547,11
5210,0.84,1,0.547,15
5211,0.76,0,0.547,20
5212,-0.86,0,0.547,33
5213,-0.55,0,0.546,4
5214,0.95,1,0.546,5
5215,-0.52,0,0.546,11
5216,-0.48,0,0.546,20
5217,-0.55,0,0.546,13
5218,-0.79,0,0.546,15
5219,-0.6,0,0.546,9
5220,-0.64,0,0.546,14
5221,-0.68,0,0.546,16
5222,-0.56,0,0.546,7
5223,-0.64,0,0.545,12
5224,-0.59,0,0.545,13
5225,0.95,1,0.545,12
5226,0.62,0,0.545,25
5227,0.93,1,0.545,9
5228,-0.74,0,0.545,23
5229,0.93,1,0.545,8
5230,0.9,1,0.545,13
5231,-0.54,0,0.545,4
5232,-0.54,0,0.545,6
5233,-0.5,0,0.545,5
5234,-0.55,0,0.545,6
5235,0.96,1,0.544,5
5236,0.86,1,0.544,9
5237,-0.63,0,0.544,18
5238,0.98,1,0.544,5
5239,0.62,0,0.544,22
5240,-0.6,0,0.544,15
5241,-0.59,0,0.544,10
5242,-0.78,0,0.544,10
5243,-0.63,0,0.544,18
5244,-0.6,0,0.544,9
5245,0.94,1,0.544,5
5246,-0.63,0,0.543,11
5247,-0.62,0,0.543,10
5248,0.75,0,0.543,22
5249,0.79,0,0.543,24
5250,-0.63,0,0.543,9
5251,-0.96,0,0.543,28
5252,-0.57,0,0.543,5
5253,-0.59,0,0.543,15
5254,-0.62,0,0.542,16
5255,-0.63,0,0.542,14
5256,-0.56,0,0.542,7
5257,-0.68,0,0.542,10
5258,-0.65,0,0.542,10
5259,-0.53,0,0.542,6
5260,0.87,1,0.542,19
5261,-0.5,0,0.542,7
5262,-0.62,0,0.542,15
5263,-0.63,0,0.542,18
5264,-0.71,0,0.541,19
5265,-0.51,0,0.541,10
5266,0.8,0,0.541,17
5267,0.92,1,0.541,7
5268,-0.54,0,0.541,10
5269,0.94,1,0.541,6
5270,0.92,1,0.541,12
5271,-0.56,0,0.541,7
5272,-0.55,0,0.541,7
5273,0.91,1,0.541,10
5274,0.94,1,0.541,6
5275,-0.58,0,0.541,6
5276,-0.62,0,0.541,8
5277,-0.56,0,0.541,7
5278,0.88,1,0.54,7
5279,-0.59,0,0.54,13
5280,-0.57,0,0.54,6
5281,0.8,0,0.54,16
5282,-0.64,0,0.54,7
5283,0.91,1,0.54,5
5284,0.93,1,0.54,6
5285,-0.51,0,0.54,4
5286,-0.54,0,0.54,4
5287,-0.54,0,0.54,7
5288,-0.84,0,0.54,26
5289,-0.6,0,0.54,7
5290,-0.57,0,0.54,9
5291,0.93,1,0.54,11
5292,0.96,1,0.539,9
5293,0.82,1,0.539,14
5294,0.79,0,0.539,18
5295,-0.85,0,0.539,21
5296,-0.58,0,0.539,13
5297,0.91,1,0.539,9
5298,-0.62,0,0.539,16
5299,-0.5,0,0.539,5
5300,0.96,1,0.539,8
5301,-0.6,0,0.539,7
5302,-0.73,0,0.538,19
5303,0.78,0,0.538,15
5304,0.83,1,0.538,14
5305,0.88,1,0.538,9
5306,-0.51,0,0.538,7
5307,-0.62,0,0.538,10
5308,0.93,1,0.538,15
5309,-0.71,0,0.538,23
5310,-0.52,0,0.538,6
5311,-0.58,0,0.538,12
5312,0.91,1,0.537,6
5313,-0.65,0,0.537,9
5314,0.96,1,0.537,9
5315,0.82,1,0.537,19
5316,-0.63,0,0.537,12
5317,0.95,1,0.537,6
5318,-0.55,0,0.537,12
5319,0.92,1,0.537,8
5320,-0.6,0,0.537,6
5321,-0.53,0,0.537,6
5322,-0.68,0,0.537,20
5323,-0.56,0,0.537,5
5324,-0.71,0,0.536,19
5325,0.98,1,0.536,5
5326,-0.56,0,0.536,10
5327,0.93,1,0.536,11
5328,-0.68,0,0.536,16
5329,-0.6,0,0.536,10
5330,-0.59,0,0.536,8
5331,-0.79,0,0.536,14
5332,-0.73,0,0.536,13
5333,-0.53,0,0.536,12
5334,-0.61,0,0.535,25
5335,-0.59,0,0.535,13
5336,0.95,1,0.535,6
5337,0.93,1,0.535,16
5338,-0.52,0,0.535,17
5339,-0.62,0,0.535,9
5340,-0.64,0,0.535,16
5341,-0.58,0,0.535,10
5342,-0.56,0,0.535,4
5343,0.98,1,0.535,4
5344,-0.69,0,0.535,19
5345,-0.57,0,0.535,4
5346,-0.61,0,0.534,19
5347,-0.71,0,0.534,14
5348,0.96,1,0.534,9
5349,-0.6,0,0.534,11
5350,-0.58,0,0.534,5
5351,-0.49,0,0.534,13
5352,-0.53,0,0.534,10
5353,-0.61,0,0.534,7
5354,-0.67,0,0.534,9
5355,-0.54,0,0.534,4
5356,-0.57,0,0.534,4
5357,-0.61,0,0.534,10
5358,-0.58,0,0.534,10
5359,-0.51,0,0.534,5
5360,0.98,1,0.533,11
5361,-0.52,0,0.533,10
5362,-0.68,0,0.533,12
5363,-0.79,0,0.533,33
5364,-0.55,0,0.533,5
5365,-0.61,0,0.533,8
5366,-0.67,0,0.533,6
5367,-0.6,0,0.533,7
5368,-0.74,0,0.533,20
5369,-0.62,0,0.533,11
5370,-0.74,0,0.532,16
5371,-0.62,0,0.532,8
5372,-0.71,0,0.532,20
5373,0.96,1,0.532,6
5374,-0.67,0,0.532,8
5375,-0.55,0,0.532,11
5376,0.96,1,0.532,8
5377,-0.7,0,0.532,8
5378,-0.69,0,0.532,15
5379,0.92,1,0.532,5
5380,0.68,0,0.532,15
5381,-0.56,0,0.532,4
5382,-0.55,0,0.531,9
5383,-0.58,0,0.531,22
5384,-0.5,0,0.531,5
5385,-0.71,0,0.531,19
5386,-0.65,0,0.531,18
5387,0.84,1,0.531,15
5388,-0.59,0,0.531,9
5389,-0.54,0,0.531,9
5390,-0.55,0,0.531,8
5391,0.87,1,0.531,14
5392,-0.57,0,0.53,8
5393,0.9,1,0.53,5
5394,0.88,1,0.53,8
5395,0.75,0,0.53,22
5396,0.92,1,0.53,5
5397,-0.69,0,0.53,16
5398,0.96,1,0.53,7
5399,-0.57,0,0.53,11
5400,0.66,0,0.53,22
5401,-0.53,0,0.53,7
5402,-0.49,0,0.53,9
5403,0.7,0,0.529,16
5404,-0.67,0,0.529,14
5405,0.62,0,0.529,27
5406,0.69,0,0.529,28
5407,-0.65,0,0.529,23
5408,0.95,1,0.529,4
5409,-0.7,0,0.529,16
5410,0.88,1,0.528,13
5411,-0.6,0,0.528,12
5412,-0.71,0,0.528,13
5413,0.86,1,0.528,16
5414,-0.68,0,0.528,14
5415,-0.65,0,0.528,11
5416,-0.54,0,0.528,14
5417,-0.54,0,0.528,10
5418,-0.5,0,0.528,8
5419,-0.61,0,0.528,9
5420,-0.57,0,0.528,13
5421,-0.8,0,0.527,16
5422,-0.61,0,0.527,9
5423,0.78,0,0.527,24
5424,-0.59,0,0.527,16
5425,0.87,1,0.527,15
5426,-0.57,0,0.527,6
5427,0.97,1,0.527,10
5428,-0.62,0,0.527,14
5429,0.96,1,0.527,10
5430,-0.62,0,0.526,15
5431,-0.66,0,0.526,9
5432,-0.66,0,0.526,18
5433,-0.55,0,0.526,9
5434,-0.66,0,0.526,4
5435,-0.54,0,0.526,7
5436,0.92,1,0.526,9
5437,-0.64,0,0.526,22
5438,0.95,1,0.526,13
5439,-0.52,0,0.526,5
5440,-0.55,0,0.526,8
5441,-0.56,0,0.526,10
5442,0.93,1,0.526,6
5443,-0.7,0,0.525,17
5444,-0.64,0,0.525,21
5445,-0.54,0,0.525,7
5446,0.9,1,0.525,8
5447,0.93,1,0.525,10
5448,0.89,1,0.525,8
5449,0.71,0,0.525,19
5450,-0.79,0,0.525,29
5451,-0.68,0,0.524,15
5452,-0.58,0,0.524,11
5453,0.96,1,0.524,5
5454,-0.59,0,0.524,13
5455,0.95,1,0.524,12
5456,-0.62,0,0.524,11
5457,0.94,1,0.524,5
5458,-0.61,0,0.524,12
5459,-0.57,0,0.524,11
5460,-0.51,0,0.524,4
5461,-0.64,0,0.524,15
5462,-0.53,0,0.524,8
5463,-0.53,0,0.523,18
5464,-0.93,0,0.523,17
5465,0.89,1,0.523,5
5466,-0.7,0,0.523,14
5467,0.96,1,0.523,5
5468,-0.56,0,0.523,6
5469,-0.7,0,0.523,20
5470,-0.54,0,0.523,3
5471,0.97,1,0.523,7
5472,-0.55,0,0.523,3
5473,0.98,1,0.523,6
5474,0.97,1,0.523,5
5475,-0.61,0,0.523,12
5476,-0.6,0,0.523,9
5477,0.97,1,0.522,7
5478,-0.6,0,0.522,16
5479,0.9,1,0.522,8
5480,0.97,1,0.522,9
5481,-0.59,0,0.522,15
5482,0.73,0,0.522,41
5483,-0.62,0,0.522,11
5484,0.81,1,0.522,13
5485,-0.6,0,0.522,8
5486,-0.62,0,0.521,8
5487,0.8,0,0.521,17
5488,-0.53,0,0.521,8
5489,-0.74,0,0.521,24
5490,-0.65,0,0.521,6
5491,0.9,1,0.521,7
5492,0.88,1,0.521,9
5493,0.91,1,0.521,8
5494,-0.58,0,0.521,8
5495,0.91,1,0.521,7
5496,0.97,1,0.521,6
5497,0.9,1,0.521,6
5498,0.75,0,0.521,16
5499,-0.49,0,0.521,3
5500,0.87,1,0.52,16
5501,-0.5,0,0.52,5
5502,-0.61,0,0.52,8
5503,-0.5,0,0.52,9
5504,-0.65,0,0.52,17
5505,-0.48,0,0.52,3
5506,0.87,1,0.52,18
5507,-0.49,0,0.52,3
5508,-0.69,0,0.52,9
5509,0.86,1,0.52,15
5510,-0.57,0,0.52,8
5511,-0.68,0,0.52,14
5512,0.81,1,0.519,24
5513,0.97,1,0.519,5
5514,-0.55,0,0.519,6
5515,-0.64,0,0.519,23
5516,-0.61,0,0.519,10
5517,0.83,1,0.519,12
5518,-0.5,0,0.519,10
5519,-0.61,0,0.519,9
5520,0.97,1,0.519,5
5521,0.92,1,0.519,9
5522,0.79,0,0.518,17
5523,-0.59,0,0.518,15
5524,-0.51,0,0.518,6
5525,-0.63,0,0.518,20
5526,-0.52,0,0.518,8
5527,-0.51,0,0.518,6
5528,-0.66,0,0.518,22
5529,0.77,0,0.518,14
5530,0.95,1,0.518,7
5531,-0.67,0,0.518,7
5532,-0.64,0,0.518,16
5533,-0.61,0,0.517,7
5534,-0.54,0,0.517,8
5535,-0.57,0,0.517,9
5536,-0.58,0,0.517,9
5537,0.9,1,0.517,13
5538,-0.71,0,0.517,12
5539,-0.66,0,0.517,16
5540,0.98,1,0.517,6
5541,0.79,0,0.517,25
5542,-0.5,0,0.517,5
5543,-0.54,0,0.517,14
5544,0.94,1,0.516,11
5545,-0.66,0,0.516,11
5546,-0.7,0,0.516,20
5547,-0.62,0,0.516,8
5548,-0.58,0,0.516,12
5549,0.81,1,0.516,14
5550,-0.73,0,0.516,13
5551,-0.73,0,0.516,15
5552,-0.52,0,0.516,7
5553,0.92,1,0.516,7
5554,-0.56,0,0.516,4
5555,-0.85,0,0.515,22
5556,0.77,0,0.515,17
5557,-0.55,0,0.515,9
5558,-0.71,0,0.515,20
5559,0.9,1,0.515,6
5560,-0.73,0,0.515,17
5561,-0.72,0,0.515,16
5562,-0.54,0,0.515,10
5563,-0.63,0,0.515,10
5564,-0.51,0,0.514,10
5565,0.87,1,0.514,15
5566,-0.59,0,0.514,12
5567,-0.49,0,0.514,10
5568,0.85,1,0.514,18
5569,-0.66,0,0.514,12
5570,-0.68,0,0.514,17
5571,0.78,0,0.514,16
5572,0.99,1,0.514,6
5573,0.85,1,0.514,14
5574,0.75,0,0.513,16
5575,0.79,0,0.513,14
5576,-0.86,0,0.513,28
5577,0.9,1,0.513,3
5578,-0.72,0,0.513,19
5579,0.9,1,0.513,9
5580,-0.56,0,0.513,27
5581,-0.5,0,0.513,7
5582,0.91,1,0.512,10
5583,0.96,1,0.512,7
5584,-0.54,0,0.512,14
5585,0.96,1,0.512,8
5586,-0.56,0,0.512,16
5587,-0.52,0,0.512,14
5588,-0.62,0,0.512,18
5589,0.89,1,0.512,14
5590,-0.67,0,0.512,21
5591,-0.5,0,0.512,4
5592,-0.54,0,0.511,12
5593,-0.55,0,0.511,5
5594,-0.69,0,0.511,20
5595,0.9,1,0.511,9
5596,-0.72,0,0.511,14
5597,-0.67,0,0.511,19
5598,-0.82,0,0.511,17
5599,-0.76,0,0.511,26
5600,0.86,1,0.51,15
5601,-0.75,0,0.51,18
5602,0.91,1,0.51,8
5603,-0.51,0,0.51,4
5604,-0.74,0,0.51,24
5605,-0.54,0,0.51,7
5606,-0.47,0,0.51,6
5607,-0.6,0,0.51,11
5608,-0.61,0,0.51,26
5609,-0.52,0,0.51,10
5610,0.89,1,0.509,11
5611,0.79,0,0.509,19
5612,-0.55,0,0.509,10
5613,-0.5,0,0.509,9
5614,0.9,1,0.509,6
5615,-0.76,0,0.509,14
5616,0.95,1,0.509,10
5617,-0.56,0,0.509,13
5618,-0.62,0,0.509,10
5619,0.93,1,0.509,15
5620,-0.64,0,0.509,19
5621,-0.53,0,0.508,14
5622,0.97,1,0.508,14
5623,-0.55,0,0.508,8
5624,-0.6,0,0.508,20
5625,0.82,1,0.508,15
5626,0.74,0,0.508,22
5627,0.9,1,0.508,14
5628,0.96,1,0.508,6
5629,-0.53,0,0.507,18
5630,-0.51,0,0.507,3
5631,0.82,1,0.507,15
5632,-0.66,0,0.507,12
5633,0.77,0,0.507,15
5634,-0.67,0,0.507,13
5635,-0.56,0,0.507,10
5636,-0.54,0,0.507,10
5637,0.91,1,0.507,10
5638,-0.56,0,0.507,8
5639,0.84,1,0.507,18
5640,-0.61,0,0.506,15
5641,0.89,1,0.506,23
5642,-0.55,0,0.506,2
5643,-0.58,0,0.506,10
5644,-0.58,0,0.506,9
5645,-0.66,0,0.506,15
5646,0.82,1,0.506,15
5647,-0.6,0,0.506,14
5648,-0.57,0,0.506,11
5649,-0.62,0,0.506,11
5650,0.94,1,0.506,5
5651,-0.62,0,0.505,10
5652,-0.54,0,0.505,8
5653,-0.6,0,0.505,7
5654,-0.55,0,0.505,4
5655,0.93,1,0.505,6
5656,-0.61,0,0.505,12
5657,-0.73,0,0.505,31
5658,-0.64,0,0.505,12
5659,0.96,1,0.505,7
5660,0.93,1,0.505,7
5661,-0.61,0,0.505,17
5662,-0.57,0,0.504,11
5663,-0.6,0,0.504,5
5664,-0.69,0,0.504,26
5665,0.91,1,0.504,7
5666,0.58,0,0.504,39
5667,0.96,1,0.504,14
5668,-0.56,0,0.504,10
5669,-0.54,0,0.504,7
5670,-0.69,0,0.503,20
5671,0.94,1,0.503,6
5672,-0.57,0,0.503,16
5673,0.98,1,0.503,5
5674,0.97,1,0.503,5
5675,0.95,1,0.503,13
5676,-0.54,0,0.503,10
5677,-0.57,0,0.503,5
5678,-0.53,0,0.503,7
5679,-0.57,0,0.503,4
5680,-0.52,0,0.503,5
5681,0.78,0,0.503,19
5682,-0.51,0,0.503,6
5683,-0.54,0,0.503,4
5684,-0.55,0,0.503,7
5685,0.94,1,0.503,5
5686,0.94,1,0.502,13
5687,0.93,1,0.502,10
5688,0.71,0,0.502,28
5689,-0.56,0,0.502,7
5690,-0.62,0,0.502,8
5691,-0.7,0,0.502,19
5692,-0.62,0,0.502,14
5693,-0.51,0,0.502,5
5694,-0.56,0,0.502,12
5695,0.79,0,0.501,22
5696,-0.56,0,0.501,10
5697,0.78,0,0.501,17
5698,-0.6,0,0.501,9
5699,-0.64,0,0.501,15
5700,0.62,0,0.501,34
5701,0.91,1,0.501,8
5702,0.92,1,0.501,7
5703,-0.49,0,0.501,4
5704,-0.53,0,0.501,10
5705,-0.58,0,0.5,14
5706,0.94,1,0.5,9
5707,-0.59,0,0.5,7
5708,-0.55,0,0.5,7
5709,0.77,0,0.5,25
5710,0.91,1,0.5,7
5711,-0.74,0,0.5,15
5712,-0.72,0,0.5,15
5713,0.87,1,0.5,19
5714,0.93,1,0.5,7
5715,-0.49,0,0.5,4
5716,-0.59,0,0.499,11
5717,0.96,1,0.499,7
5718,-0.64,0,0.499,17
5719,-0.75,0,0.499,20
5720,0.77,0,0.499,16
5721,-0.68,0,0.499,9
5722,0.97,1,0.499,4
5723,0.94,1,0.499,3
5724,0.81,1,0.499,17
5725,0.96,1,0.499,12
5726,-0.76,0,0.498,24
5727,0.84,1,0.498,16
5728,-0.53,0,0.498,6
5729,0.93,1,0.498,8
5730,-0.5,0,0.498,4
5731,-0.66,0,0.498,9
5732,-0.55,0,0.498,8
5733,0.74,0,0.498,24
5734,-0.56,0,0.498,13
5735,0.82,1,0.498,16
5736,-0.55,0,0.498,11
5737,0.98,1,0.497,9
5738,0.89,1,0.497,5
5739,0.91,1,0.497,5
5740,-0.6,0,0.497,27
5741,0.8,0,0.497,19
5742,0.72,0,0.497,24
5743,-0.66,0,0.497,19
5744,-0.58,0,0.497,12
5745,0.75,0,0.496,20
5746,0.94,1,0.496,6
5747,0.88,1,0.496,9
5748,-0.91,0,0.496,24
5749,-0.72,0,0.496,16
5750,-0.67,0,0.496,21
5751,-0.47,0,0.496,10
5752,-0.55,0,0.496,3
5753,0.96,1,0.496,8
5754,-0.54,0,0.496,8
5755,-0.58,0,0.495,13
5756,-0.53,0,0.495,8
5757,-0.56,0,0.495,11
5758,0.78,0,0.495,17
5759,-0.56,0,0.495,5
5760,-0.67,0,0.495,11
5761,0.73,0,0.495,17
5762,-0.71,0,0.495,21
5763,-0.71,0,0.494,36
5764,0.95,1,0.494,12
5765,-0.72,0,0.494,21
5766,-0.61,0,0.494,11
5767,-0.56,0,0.494,13
5768,0.94,1,0.494,8
5769,0.91,1,0.494,10
5770,0.77,0,0.494,17
5771,-0.54,0,0.494,6
5772,0.97,1,0.494,4
5773,0.78,0,0.494,13
5774,-0.55,0,0.494,5
5775,0.9,1,0.493,11
5776,-0.48,0,0.493,5
5777,-0.63,0,0.493,13
5778,-0.55,0,0.493,15
5779,-0.49,0,0.493,4
5780,-0.52,0,0.493,11
5781,0.8,0,0.493,21
5782,-0.62,0,0.493,12
5783,-0.55,0,0.493,13
5784,-0.6,0,0.493,9
5785,0.98,1,0.493,4
5786,-0.55,0,0.493,6
5787,-0.71,0,0.492,8
5788,-0.75,0,0.492,16
5789,0.78,0,0.492,23
5790,-0.58,0,0.492,9
5791,-0.5,0,0.492,11
5792,-0.87,0,0.492,23
5793,-0.8,0,0.492,21
5794,0.91,1,0.492,12
5795,-0.55,0,0.492,3
5796,0.96,1,0.491,8
5797,-0.63,0,0.491,19
5798,-0.66,0,0.491,18
5799,-0.58,0,0.491,9
5800,0.94,1,0.491,5
5801,-0.57,0,0.491,8
5802,-0.54,0,0.491,3
5803,-0.6,0,0.491,14
5804,-0.54,0,0.491,13
5805,-0.67,0,0.491,17
5806,-0.54,0,0.491,11
5807,0.9,1,0.491,4
5808,0.89,1,0.49,9
5809,0.91,1,0.49,5
5810,-0.61,0,0.49,13
5811,0.81,1,0.49,16
5812,0.53,0,0.49,32
5813,-0.61,0,0.49,15
5814,-0.57,0,0.49,6
5815,-0.58,0,0.49,29
5816,-0.6,0,0.489,14
5817,-0.61,0,0.489,5
5818,0.73,0,0.489,15
5819,0.83,1,0.489,17
5820,-0.66,0,0.489,22
5821,0.86,1,0.489,15
5822,-0.63,0,0.489,13
5823,-0.6,0,0.489,11
5824,-0.59,0,0.489,10
5825,-0.79,0,0.488,19
5826,0.91,1,0.488,5
5827,-0.61,0,0.488,5
5828,-0.67,0,0.488,12
5829,0.97,1,0.488,6
5830,-0.55,0,0.488,7
5831,-0.56,0,0.488,5
5832,-0.54,0,0.488,12
5833,-0.69,0,0.488,16
5834,-0.62,0,0.488,18
5835,0.95,1,0.488,8
5836,0.95,1,0.488,8
5837,-0.55,0,0.488,13
5838,-0.56,0,0.487,12
5839,-0.55,0,0.487,3
5840,-0.69,0,0.487,7
5841,0.98,1,0.487,5
5842,0.76,0,0.487,14
5843,0.96,1,0.487,5
5844,0.95,1,0.487,5
5845,0.82,1,0.487,24
5846,-0.59,0,0.487,19
5847,-0.58,0,0.487,10
5848,-0.69,0,0.487,12
5849,-0.54,0,0.487,8
5850,0.96,1,0.486,7
5851,-0.54,0,0.486,13
5852,-0.64,0,0.486,16
5853,0.88,1,0.486,15
5854,0.92,1,0.486,11
5855,-0.51,0,0.486,4
5856,0.76,0,0.486,15
5857,-0.58,0,0.486,15
5858,0.96,1,0.486,5
5859,-0.51,0,0.486,6
5860,-0.55,0,0.486,5
5861,-0.56,0,0.486,15
5862,-0.59,0,0.485,9
5863,0.98,1,0.485,10
5864,0.98,1,0.485,6
5865,0.97,1,0.485,8
5866,0.81,1,0.485,17
5867,0.95,1,0.485,14
5868,-0.62,0,0.485,10
5869,-0.53,0,0.485,3
5870,0.79,0,0.485,19
5871,0.82,1,0.485,14
5872,-0.66,0,0.485,17
5873,0.97,1,0.484,5
5874,-0.57,0,0.484,5
5875,0.81,1,0.484,17
5876,-0.58,0,0.484,15
5877,-0.5,0,0.484,5
5878,0.76,0,0.484,19
5879,-0.56,0,0.484,4
5880,0.87,1,0.484,9
5881,-0.61,0,0.484,14
5882,-0.59,0,0.484,14
5883,-0.55,0,0.484,7
5884,-0.75,0,0.483,24
5885,-0.61,0,0.483,13
5886,0.9,1,0.483,11
5887,-0.56,0,0.483,17
5888,-0.5,0,0.483,4
5889,0.91,1,0.483,5
5890,0.95,1,0.483,7
5891,0.93,1,0.483,9
5892,0.93,1,0.483,8
5893,-0.72,0,0.483,17
5894,-0.71,0,0.483,9
5895,0.95,1,0.483,8
5896,-0.59,0,0.482,11
5897,0.88,1,0.482,6
5898,0.89,1,0.482,9
5899,-0.6,0,0.482,9
5900,-0.67,0,0.482,18
5901,-0.6,0,0.482,15
5902,0.93,1,0.482,8
5903,-0.58,0,0.482,11
5904,-0.77,0,0.482,23
5905,-0.58,0,0.482,8
5906,-0.63,0,0.482,14
5907,-0.72,0,0.481,16
5908,-0.55,0,0.481,16
5909,-0.69,0,0.481,26
5910,0.87,1,0.481,20
5911,-0.66,0,0.481,9
5912,0.95,1,0.481,6
5913,-0.56,0,0.481,12
5914,-0.54,0,0.481,11
5915,-0.58,0,0.48,18
5916,0.93,1,0.48,6
5917,-0.55,0,0.48,9
5918,0.91,1,0.48,5
5919,-0.55,0,0.48,12
5920,-0.51,0,0.48,4
5921,-0.67,0,0.48,6
5922,0.94,1,0.48,6
5923,-0.53,0,0.48,6
5924,0.96,1,0.48,8
5925,0.92,1,0.48,9
5926,-0.51,0,0.48,7
5927,0.74,0,0.48,27
5928,-0.52,0,0.48,10
5929,0.71,0,0.479,24
5930,0.95,1,0.479,6
5931,-0.68,0,0.479,11
5932,0.9,1,0.479,9
5933,1.0,1,0.479,7
5934,0.9,1,0.479,5
5935,-0.57,0,0.479,11
5936,-0.5,0,0.479,3
5937,0.89,1,0.479,6
5938,-0.71,0,0.479,13
5939,0.98,1,0.479,6
5940,-0.61,0,0.479,11
5941,-0.61,0,0.479,3
5942,-0.51,0,0.479,8
5943,-0.56,0,0.478,11
5944,0.92,1,0.478,5
5945,-0.62,0,0.478,12
5946,0.89,1,0.478,8
5947,0.59,0,0.478,31
5948,-0.74,0,0.478,17
5949,0.96,1,0.478,4
5950,0.88,1,0.478,8
5951,-0.57,0,0.478,10
5952,-0.6,0,0.478,16
5953,-0.57,0,0.478,7
5954,-0.51,0,0.477,8
5955,0.94,1,0.477,6
5956,-0.53,0,0.477,8
5957,-0.58,0,0.477,9
5958,-0.57,0,0.477,6
5959,-0.57,0,0.477,17
5960,-0.56,0,0.477,7
5961,0.94,1,0.477,5
5962,-0.66,0,0.477,16
5963,0.88,1,0.477,8
5964,-0.67,0,0.477,11
5965,-0.51,0,0.477,10
5966,0.86,1,0.477,17
5967,-0.51,0,0.476,19
5968,0.79,0,0.476,18
5969,-0.66,0,0.476,10
5970,0.93,1,0.476,8
5971,-0.61,0,0.476,8
5972,-0.56,0,0.476,11
5973,-0.72,0,0.476,27
5974,0.91,1,0.476,10
5975,0.89,1,0.476,12
5976,0.88,1,0.475,18
5977,-0.66,0,0.475,17
5978,-0.53,0,0.475,14
5979,-0.67,0,0.475,10
5980,-0.63,0,0.475,5
5981,0.82,1,0.475,13
5982,-0.57,0,0.475,6
5983,-0.48,0,0.475,20
5984,0.91,1,0.475,7
5985,0.75,0,0.474,27
5986,-0.63,0,0.474,20
5987,-0.55,0,0.474,3
5988,-0.71,0,0.474,25
5989,-0.68,0,0.474,10
5990,0.93,1,0.474,13
5991,0.89,1,0.474,21
5992,-0.5,0,0.474,7
5993,-0.62,0,0.474,13
5994,-0.52,0,0.474,5
5995,-0.53,0,0.474,6
5996,0.85,1,0.473,19
5997,0.89,1,0.473,9
5998,-0.59,0,0.473,13
5999,0.67,0,0.473,28
6000,0.95,1,0.473,7
6001,-0.62,0,0.473,12
6002,-0.61,0,0.473,15
6003,-0.53,0,0.473,7
6004,-0.64,0,0.473,11
6005,-0.53,0,0.472,8
6006,-0.64,0,0.472,9
6007,-0.68,0,0.472,25
6008,0.98,1,0.472,8
6009,0.95,1,0.472,8
6010,-0.68,0,0.472,13
6011,-0.55,0,0.472,11
6012,-0.57,0,0.472,15
6013,0.91,1,0.472,7
6014,-0.56,0,0.472,6
6015,0.79,0,0.472,20
6016,-0.65,0,0.471,22
6017,-0.55,0,0.471,5
6018,0.82,1,0.471,14
6019,-0.55,0,0.471,10
6020,-0.55,0,0.471,3
6021,0.97,1,0.471,8
6022,0.95,1,0.471,10
6023,0.7,0,0.471,17
6024,-0.63,0,0.471,9
6025,0.95,1,0.471,6
6026,-0.66,0,0.471,14
6027,0.89,1,0.471,7
6028,-0.7,0,0.47,19
6029,-0.49,0,0.47,3
6030,-0.6,0,0.47,15
6031,0.73,0,0.47,19
6032,0.97,1,0.47,4
6033,0.96,1,0.47,9
6034,-0.57,0,0.47,8
6035,-0.57,0,0.47,13
6036,0.97,1,0.47,5
6037,0.95,1,0.47,6
6038,0.91,1,0.47,16
6039,-0.51,0,0.47,9
6040,-0.68,0,0.469,18
6041,0.98,1,0.469,4
6042,0.96,1,0.469,14
6043,-0.64,0,0.469,15
6044,0.9,1,0.469,9
6045,-0.62,0,0.469,8
6046,0.62,0,0.469,34
6047,-0.51,0,0.469,7
6048,0.94,1,0.469,7
6049,-0.56,0,0.469,10
6050,-0.54,0,0.468,13
6051,-0.69,0,0.468,12
6052,-0.55,0,0.468,10
6053,0.91,1,0.468,9
6054,0.91,1,0.468,8
6055,-0.6,0,0.468,9
6056,-0.61,0,0.468,8
6057,-0.58,0,0.468,7
6058,-0.51,0,0.468,10
6059,-0.62,0,0.468,9
6060,-0.57,0,0.468,4
6061,0.9,1,0.468,4
6062,0.96,1,0.468,6
6063,0.91,1,0.468,5
6064,-0.51,0,0.468,4
6065,0.95,1,0.468,10
6066,-0.7,0,0.467,20
6067,0.98,1,0.467,6
6068,-0.57,0,0.467,7
6069,0.96,1,0.467,5
6070,-0.58,0,0.467,9
6071,0.95,1,0.467,5
6072,-0.61,0,0.467,5
6073,-0.55,0,0.467,5
6074,0.9,1,0.467,5
6075,0.94,1,0.467,3
6076,-0.57,0,0.467,14
6077,0.96,1,0.467,7
6078,0.91,1,0.467,8
6079,-0.55,0,0.467,4
6080,-0.69,0,0.467,11
6081,-0.59,0,0.467,9
6082,-0.61,0,0.466,19
6083,0.91,1,0.466,8
6084,-0.7,0,0.466,21
6085,-0.67,0,0.466,18
6086,0.92,1,0.466,5
6087,-0.5,0,0.466,5
6088,0.78,0,0.466,17
6089,-0.51,0,0.466,10
6090,0.66,0,0.465,31
6091,-0.48,0,0.465,4
6092,0.77,0,0.465,16
6093,-0.55,0,0.465,8
6094,-0.53,0,0.465,13
6095,-0.63,0,0.465,13
6096,0.96,1,0.465,7
6097,0.83,1,0.465,16
6098,-0.54,0,0.465,8
6099,-0.48,0,0.465,11
6100,-0.97,0,0.464,32
6101,-0.54,0,0.464,6
6102,-0.68,0,0.464,15
6103,0.96,1,0.464,8
6104,0.89,1,0.464,17
6105,-0.74,0,0.464,13
6106,-0.6,0,0.464,8
6107,-0.54,0,0.464,8
6108,-0.49,0,0.464,4
6109,-0.68,0,0.464,17
6110,-0.58,0,0.464,9
6111,0.88,1,0.464,6
6112,-0.63,0,0.464,14
6113,0.87,1,0.463,17
6114,-0.61,0,0.463,11
6115,-0.57,0,0.463,16
6116,-0.58,0,0.463,9
6117,-0.58,0,0.463,5
6118,0.94,1,0.463,8
6119,0.83,1,0.463,19
6120,0.94,1,0.463,8
6121,-0.55,0,0.463,13
6122,-0.5,0,0.463,5
6123,-0.73,0,0.462,22
6124,-0.68,0,0.462,7
6125,0.68,0,0.462,30
6126,0.89,1,0.462,13
6127,0.87,1,0.462,26
6128,-0.61,0,0.462,20
6129,0.9,1,0.462,7
6130,-0.65,0,0.462,10
6131,-0.59,0,0.461,14
6132,-0.69,0,0.461,21
6133,-0.61,0,0.461,11
6134,0.96,1,0.461,5
6135,-0.55,0,0.461,4
6136,-0.65,0,0.461,25
6137,-0.66,0,0.461,21
6138,-0.53,0,0.461,5
6139,-0.47,0,0.461,20
6140,0.95,1,0.46,16
6141,-0.61,0,0.46,14
6142,0.94,1,0.46,6
6143,-0.51,0,0.46,7
6144,0.94,1,0.46,8
6145,0.96,1,0.46,5
6146,0.95,1,0.46,6
6147,-0.71,0,0.46,23
6148,-0.53,0,0.46,5
6149,0.73,0,0.46,29
6150,0.9,1,0.46,11
6151,-0.52,0,0.459,10
6152,0.82,1,0.459,24
6153,-0.53,0,0.459,6
6154,0.91,1,0.459,16
6155,-0.63,0,0.459,16
6156,-0.63,0,0.459,7
6157,-0.65,0,0.459,21
6158,-0.54,0,0.459,10
6159,0.95,1,0.459,10
6160,0.94,1,0.458,7
6161,-0.56,0,0.458,9
6162,0.95,1,0.458,6
6163,-0.59,0,0.458,8
6164,0.89,1,0.458,11
6165,-0.82,0,0.458,26
6166,-0.57,0,0.458,7
6167,-0.64,0,0.458,15
6168,-0.59,0,0.458,4
6169,-0.81,0,0.458,24
6170,-0.57,0,0.458,6
6171,-0.56,0,0.458,6
6172,-0.74,0,0.457,17
6173,0.93,1,0.457,8
6174,-0.49,0,0.457,4
6175,-0.54,0,0.457,7
6176,0.96,1,0.457,5
6177,-0.66,0,0.457,7
6178,0.89,1,0.457,9
6179,-0.78,0,0.457,12
6180,-0.6,0,0.457,13
6181,0.86,1,0.457,17
6182,-0.55,0,0.457,6
6183,-0.69,0,0.457,20
6184,0.95,1,0.456,9
6185,-0.58,0,0.456,6
6186,0.92,1,0.456,15
6187,-0.53,0,0.456,13
6188,-0.5,0,0.456,4
6189,0.95,1,0.456,7
6190,-0.7,0,0.456,14
6191,-0.51,0,0.456,8
6192,-0.54,0,0.456,4
6193,0.9,1,0.456,4
6194,-0.55,0,0.456,10
6195,-0.56,0,0.456,8
6196,-0.54,0,0.456,12
6197,-0.58,0,0.455,20
6198,0.89,1,0.455,10
6199,-0.49,0,0.455,4
6200,-0.6,0,0.455,11
6201,-0.59,0,0.455,5
6202,-0.61,0,0.455,13
6203,0.89,1,0.455,5
6204,-0.61,0,0.455,24
6205,-0.58,0,0.455,9
6206,-0.55,0,0.455,12
6207,0.96,1,0.455,7
6208,0.87,1,0.455,18
6209,-0.61,0,0.455,5
6210,0.97,1,0.454,8
6211,-0.53,0,0.454,8
6212,-0.5,0,0.454,5
6213,-0.7,0,0.454,25
6214,-0.56,0,0.454,5
6215,0.9,1,0.454,18
6216,-0.54,0,0.454,6
6217,-0.55,0,0.454,11
6218,0.87,1,0.454,20
6219,0.95,1,0.454,5
6220,-0.57,0,0.454,12
6221,-0.57,0,0.453,17
6222,-0.57,0,0.453,4
6223,-0.55,0,0.453,11
6224,0.98,1,0.453,9
6225,0.94,1,0.453,7
6226,-0.57,0,0.453,5
6227,-0.54,0,0.453,6
6228,0.88,1,0.453,18
6229,0.97,1,0.453,6
6230,0.88,1,0.453,17
6231,-0.57,0,0.453,14
6232,0.92,1,0.453,7
6233,0.81,1,0.452,17
6234,0.85,1,0.452,16
6235,-0.66,0,0.452,24
6236,0.95,1,0.452,4
6237,-0.69,0,0.452,21
6238,0.95,1,0.452,5
6239,-0.96,0,0.452,36
6240,0.64,0,0.451,19
6241,0.92,1,0.451,7
6242,0.84,1,0.451,24
6243,-0.57,0,0.451,7
6244,-0.58,0,0.451,6
6245,0.96,1,0.451,8
6246,0.95,1,0.451,5
6247,-0.55,0,0.451,10
6248,0.92,1,0.451,7
6249,-0.49,0,0.451,5
6250,0.9,1,0.451,6
6251,-0.73,0,0.451,13
6252,-0.7,0,0.451,15
6253,-0.56,0,0.451,5
6254,0.95,1,0.45,21
6255,-0.54,0,0.45,5
6256,-0.71,0,0.45,16
6257,0.81,1,0.45,15
6258,-0.58,0,0.45,16
6259,0.95,1,0.45,9
6260,-0.68,0,0.45,15
6261,-0.54,0,0.45,18
6262,-0.67,0,0.45,10
6263,-0.59,0,0.449,15
6264,0.84,1,0.449,18
6265,0.88,1,0.449,10
6266,0.95,1,0.449,5
6267,-0.62,0,0.449,14
6268,-0.56,0,0.449,8
6269,-0.69,0,0.449,21
6270,-0.61,0,0.449,10
6271,0.85,1,0.449,21
6272,0.92,1,0.449,7
6273,0.92,1,0.448,7
6274,0.97,1,0.448,5
6275,-0.55,0,0.448,7
6276,-0.52,0,0.448,5
6277,0.91,1,0.448,5
6278,-0.66,0,0.448,22
6279,0.89,1,0.448,8
6280,0.88,1,0.448,6
6281,0.94,1,0.448,9
6282,-0.73,0,0.448,26
6283,-0.66,0,0.448,16
6284,-0.67,0,0.447,19
6285,-0.67,0,0.447,20
6286,-0.56,0,0.447,5
6287,-0.59,0,0.447,15
6288,-0.6,0,0.447,18
6289,-0.68,0,0.447,20
6290,-0.52,0,0.447,3
6291,-0.53,0,0.447,6
6292,-0.51,0,0.447,8
6293,-0.67,0,0.447,15
6294,-0.6,0,0.446,20
6295,-0.68,0,0.446,15
6296,-0.63,0,0.446,18
6297,-0.63,0,0.446,10
6298,-0.66,0,0.446,18
6299,-0.51,0,0.446,4
6300,0.7,0,0.446,38
6301,-0.61,0,0.445,16
6302,-0.53,0,0.445,5
6303,-0.52,0,0.445,9
6304,0.97,1,0.445,10
6305,-0.58,0,0.445,12
6306,0.97,1,0.445,10
6307,-0.57,0,0.445,4
6308,-0.52,0,0.445,8
6309,-0.59,0,0.445,13
6310,-0.68,0,0.445,22
6311,0.92,1,0.445,7
6312,0.92,1,0.445,7
6313,-0.55,0,0.445,10
6314,-0.66,0,0.444,17
6315,-0.58,0,0.444,5
6316,-0.74,0,0.444,13
6317,-0.73,0,0.444,17
6318,-0.54,0,0.444,14
6319,0.97,1,0.444,4
6320,-0.62,0,0.444,13
6321,0.98,1,0.444,4
6322,0.94,1,0.444,8
6323,0.94,1,0.444,5
6324,0.95,1,0.444,9
6325,0.95,1,0.444,6
6326,0.8,0,0.444,16
6327,-0.6,0,0.443,14
6328,-0.54,0,0.443,3
6329,0.94,1,0.443,8
6330,-0.7,0,0.443,15
6331,0.91,1,0.443,8
6332,-0.58,0,0.443,6
6333,-0.56,0,0.443,8
6334,0.89,1,0.443,16
6335,-0.57,0,0.443,13
6336,-0.54,0,0.443,4
6337,-0.63,0,0.443,9
6338,0.96,1,0.443,8
6339,0.97,1,0.443,6
6340,0.73,0,0.442,16
6341,-0.64,0,0.442,11
6342,0.77,0,0.442,16
6343,-0.55,0,0.442,13
6344,0.97,1,0.442,5
6345,0.57,0,0.442,30
6346,0.96,1,0.442,6
6347,-0.55,0,0.442,7
6348,0.96,1,0.442,5
6349,0.9,1,0.442,8
6350,-0.6,0,0.442,11
6351,0.97,1,0.442,4
6352,-0.57,0,0.441,9
6353,0.82,1,0.441,29
6354,-0.54,0,0.441,6
6355,0.96,1,0.441,8
6356,-0.66,0,0.441,17
6357,-0.52,0,0.441,11
6358,-0.56,0,0.441,20
6359,0.73,0,0.441,23
6360,-0.58,0,0.441,8
6361,-0.62,0,0.44,6
6362,-0.63,0,0.44,12
6363,0.91,1,0.44,8
6364,-0.68,0,0.44,20
6365,-0.64,0,0.44,18
6366,-0.77,0,0.44,24
6367,-0.69,0,0.44,12
6368,0.81,1,0.44,17
6369,-0.66,0,0.439,18
6370,-0.51,0,0.439,4
6371,-0.64,0,0.439,13
6372,0.97,1,0.439,6
6373,-0.63,0,0.439,7
6374,-0.52,0,0.439,7
6375,0.96,1,0.439,5
6376,0.96,1,0.439,8
6377,0.89,1,0.439,16
6378,-0.52,0,0.439,5
6379,0.88,1,0.439,15
6380,0.98,1,0.439,11
6381,-0.56,0,0.439,6
6382,-0.61,0,0.438,17
6383,-0.56,0,0.438,9
6384,0.86,1,0.438,17
6385,-0.55,0,0.438,8
6386,-0.62,0,0.438,7
6387,0.76,0,0.438,19
6388,-0.51,0,0.438,6
6389,0.75,0,0.438,16
6390,-0.55,0,0.438,5
6391,-0.6,0,0.438,14
6392,-0.51,0,0.438,12
6393,0.94,1,0.438,8
6394,0.96,1,0.437,8
6395,-0.6,0,0.437,13
6396,0.79,0,0.437,24
6397,-0.59,0,0.437,12
6398,-0.52,0,0.437,12
6399,-0.7,0,0.437,21
6400,0.94,1,0.437,6
6401,0.97,1,0.437,5
6402,0.92,1,0.437,5
6403,-0.66,0,0.437,22
6404,0.95,1,0.436,7
6405,0.77,0,0.436,25
6406,0.88,1,0.436,16
6407,-0.57,0,0.436,5
6408,0.72,0,0.436,16
6409,-0.68,0,0.436,19
6410,0.93,1,0.436,13
6411,-0.56,0,0.436,14
6412,-0.56,0,0.435,16
6413,-0.62,0,0.435,14
6414,-0.73,0,0.435,13
6415,-0.51,0,0.435,4
6416,0.94,1,0.435,7
6417,-0.65,0,0.435,18
6418,0.95,1,0.435,9
6419,0.93,1,0.435,11
6420,0.94,1,0.435,3
6421,-0.51,0,0.435,9
6422,-0.61,0,0.435,10
6423,-0.57,0,0.435,5
6424,-0.59,0,0.435,14
6425,-0.64,0,0.434,16
6426,0.75,0,0.434,16
6427,-0.55,0,0.434,12
6428,0.94,1,0.434,3
6429,0.8,0,0.434,14
6430,0.86,1,0.434,21
6431,0.79,0,0.434,21
6432,-0.56,0,0.434,14
6433,0.93,1,0.434,11
6434,0.94,1,0.433,6
6435,-0.69,0,0.433,17
6436,-0.49,0,0.433,4
6437,-0.57,0,0.433,10
6438,0.94,1,0.433,7
6439,0.81,1,0.433,16
6440,-0.6,0,0.433,12
6441,-0.58,0,0.433,11
6442,-0.57,0,0.433,9
6443,-0.5,0,0.433,9
6444,-0.52,0,0.433,7
6445,0.95,1,0.433,10
6446,0.96,1,0.433,4
6447,-0.57,0,0.433,6
6448,-0.59,0,0.432,13
6449,0.96,1,0.432,8
6450,-0.55,0,0.432,10
6451,-0.6,0,0.432,18
6452,-0.52,0,0.432,11
6453,0.86,1,0.432,16
6454,0.83,1,0.432,17
6455,0.91,1,0.432,7
6456,-0.56,0,0.432,3
6457,0.72,0,0.432,21
6458,-0.62,0,0.431,14
6459,-0.67,0,0.431,12
6460,0.96,1,0.431,11
6461,-0.73,0,0.431,11
6462,-0.61,0,0.431,13
6463,-0.63,0,0.431,16
6464,0.94,1,0.431,6
6465,-0.62,0,0.431,15
6466,-0.59,0,0.431,9
6467,-0.64,0,0.431,20
6468,-0.53,0,0.43,6
6469,0.94,1,0.43,11
6470,-0.69,0,0.43,17
6471,-0.7,0,0.43,21
6472,-0.54,0,0.43,11
6473,0.95,1,0.43,6
6474,0.59,0,0.43,28
6475,0.88,1,0.43,23
6476,0.97,1,0.43,5
6477,-0.65,0,0.429,8
6478,0.92,1,0.429,5
6479,0.99,1,0.429,5
6480,0.96,1,0.429,5
6481,-0.67,0,0.429,12
6482,-0.62,0,0.429,24
6483,0.91,1,0.429,16
6484,-0.63,0,0.429,14
6485,-0.61,0,0.429,13
6486,-0.7,0,0.429,25
6487,-0.62,0,0.428,19
6488,0.94,1,0.428,7
6489,0.95,1,0.428,7
6490,-0.52,0,0.428,18
6491,0.84,1,0.428,20
6492,-0.63,0,0.428,15
6493,-0.74,0,0.428,26
6494,0.97,1,0.428,5
6495,-0.58,0,0.427,12
6496,0.95,1,0.427,9
6497,0.91,1,0.427,15
6498,-0.5,0,0.427,4
6499,0.97,1,0.427,4
6500,-0.55,0,0.427,6
6501,-0.64,0,0.427,17
6502,0.95,1,0.427,6
6503,0.95,1,0.427,6
6504,-0.61,0,0.427,13
6505,-0.65,0,0.427,18
6506,-0.53,0,0.427,19
6507,0.95,1,0.427,7
6508,-0.8,0,0.426,33
6509,0.89,1,0.426,8
6510,-0.65,0,0.426,21
6511,-0.6,0,0.426,10
6512,-0.59,0,0.426,17
6513,-0.71,0,0.426,9
6514,0.93,1,0.426,6
6515,-0.49,0,0.426,4
6516,-0.69,0,0.425,28
6517,0.94,1,0.425,9
6518,0.97,1,0.425,9
6519,0.91,1,0.425,6
6520,-0.66,0,0.425,10
6521,0.78,0,0.425,20
6522,0.88,1,0.425,11
6523,-0.56,0,0.425,8
6524,-0.62,0,0.425,14
6525,0.93,1,0.425,10
6526,-0.67,0,0.425,10
6527,-0.64,0,0.424,13
6528,0.94,1,0.424,7
6529,-0.54,0,0.424,5
6530,0.99,1,0.424,6
6531,-0.67,0,0.424,21
6532,0.97,1,0.424,7
6533,0.78,0,0.424,17
6534,-0.56,0,0.424,15
6535,0.97,1,0.424,5
6536,-0.55,0,0.424,14
6537,0.91,1,0.424,8
6538,0.94,1,0.424,7
6539,0.96,1,0.424,8
6540,0.82,1,0.423,15
6541,-0.54,0,0.423,5
6542,0.88,1,0.423,17
6543,-0.56,0,0.423,7
6544,0.92,1,0.423,5
6545,-0.48,0,0.423,4
6546,-0.52,0,0.423,8
6547,0.9,1,0.423,14
6548,0.84,1,0.423,17
6549,0.86,1,0.423,15
6550,-0.51,0,0.423,7
6551,0.84,1,0.422,20
6552,-0.5,0,0.422,7
6553,-0.53,0,0.422,19
6554,-0.56,0,0.422,8
6555,0.98,1,0.422,6
6556,-0.56,0,0.422,5
6557,-0.66,0,0.422,14
6558,0.93,1,0.422,12
6559,-0.57,0,0.422,10
6560,-0.55,0,0.422,9
6561,-0.64,0,0.422,9
6562,0.95,1,0.422,9
6563,0.91,1,0.422,8
6564,0.91,1,0.421,20
6565,0.83,1,0.421,19
6566,0.94,1,0.421,11
6567,0.96,1,0.421,7
6568,0.96,1,0.421,5
6569,0.93,1,0.421,6
6570,0.75,0,0.421,17
6571,0.92,1,0.421,7
6572,0.92,1,0.421,11
6573,-0.5,0,0.421,2
6574,-0.69,0,0.421,20
6575,-0.59,0,0.421,10
6576,0.94,1,0.42,6
6577,-0.62,0,0.42,11
6578,0.78,0,0.42,14
6579,-0.98,0,0.42,31
6580,0.85,1,0.42,17
6581,-0.66,0,0.42,21
6582,-0.58,0,0.42,5
6583,-0.61,0,0.419,23
6584,0.96,1,0.419,9
6585,0.8,0,0.419,15
6586,0.87,1,0.419,14
6587,-0.64,0,0.419,17
6588,-0.65,0,0.419,20
6589,-0.62,0,0.419,14
6590,-0.7,0,0.419,18
6591,0.96,1,0.418,18
6592,0.91,1,0.418,6
6593,0.79,0,0.418,17
6594,0.95,1,0.418,7
6595,-0.6,0,0.418,13
6596,-0.54,0,0.418,7
6597,-0.54,0,0.418,8
6598,0.95,1,0.418,11
6599,-0.63,0,0.418,11
6600,-0.71,0,0.418,20
6601,-0.51,0,0.418,13
6602,-0.55,0,0.417,12
6603,0.93,1,0.417,9
6604,0.96,1,0.417,5
6605,0.93,1,0.417,8
6606,-0.7,0,0.417,19
6607,0.93,1,0.417,9
6608,-0.67,0,0.417,18
6609,-0.49,0,0.417,4
6610,0.95,1,0.417,7
6611,-0.56,0,0.417,12
6612,0.97,1,0.417,5
6613,-0.51,0,0.417,4
6614,-0.59,0,0.417,16
6615,-0.54,0,0.417,9
6616,-0.59,0,0.416,9
6617,0.97,1,0.416,10
6618,0.94,1,0.416,8
6619,-0.55,0,0.416,9
6620,-0.54,0,0.416,9
6621,0.88,1,0.416,18
6622,0.87,1,0.416,17
6623,-0.75,0,0.416,16
6624,0.77,0,0.416,15
6625,0.82,1,0.415,19
6626,-0.59,0,0.415,24
6627,-0.51,0,0.415,15
6628,-0.69,0,0.415,17
6629,-0.68,0,0.415,14
6630,0.75,0,0.415,29
6631,-0.65,0,0.415,15
6632,-0.54,0,0.415,4
6633,-0.53,0,0.414,6
6634,-0.6,0,0.414,12
6635,-0.67,0,0.414,19
6636,0.94,1,0.414,7
6637,0.9,1,0.414,6
6638,-0.61,0,0.414,15
6639,0.87,1,0.414,17
6640,-0.59,0,0.414,18
6641,-0.51,0,0.414,8
6642,0.86,1,0.414,18
6643,-0.54,0,0.413,18
6644,0.92,1,0.413,12
6645,0.87,1,0.413,15
6646,0.97,1,0.413,5
6647,-0.63,0,0.413,14
6648,0.79,0,0.413,16
6649,-0.68,0,0.413,13
6650,0.9,1,0.413,6
6651,-0.54,0,0.413,5
6652,0.94,1,0.413,6
6653,0.8,0,0.413,15
6654,0.91,1,0.413,4
6655,-0.57,0,0.412,15
6656,-0.58,0,0.412,12
6657,-0.48,0,0.412,4
6658,0.96,1,0.412,6
6659,0.88,1,0.412,15
6660,-0.64,0,0.412,16
6661,-0.57,0,0.412,12
6662,-0.54,0,0.412,9
6663,-0.52,0,0.412,14
6664,-0.62,0,0.412,14
6665,0.86,1,0.411,31
6666,0.85,1,0.411,18
6667,-0.62,0,0.411,21
6668,0.96,1,0.411,6
6669,-0.71,0,0.411,20
6670,-0.55,0,0.411,4
6671,-0.66,0,0.411,7
6672,-0.58,0,0.411,11
6673,-0.62,0,0.411,15
6674,0.88,1,0.41,15
6675,0.82,1,0.41,17
6676,-0.57,0,0.41,12
6677,0.96,1,0.41,7
6678,-0.78,0,0.41,33
6679,-0.58,0,0.41,15
6680,-0.57,0,0.41,8
6681,-0.66,0,0.41,9
6682,0.96,1,0.41,5
6683,-0.5,0,0.41,5
6684,-0.67,0,0.409,20
6685,-0.52,0,0.409,6
6686,-0.51,0,0.409,9
6687,0.94,1,0.409,6
6688,-0.74,0,0.409,28
6689,-0.55,0,0.409,5
6690,-0.68,0,0.409,15
6691,0.94,1,0.409,6
6692,-0.48,0,0.409,3
6693,0.92,1,0.409,9
6694,-0.49,0,0.409,4
6695,0.84,1,0.409,16
6696,-0.57,0,0.408,9
6697,0.78,0,0.408,22
6698,-0.58,0,0.408,9
6699,0.96,1,0.408,6
6700,0.96,1,0.408,9
6701,-0.56,0,0.408,8
6702,-0.6,0,0.408,14
6703,-0.71,0,0.408,17
6704,0.86,1,0.408,14
6705,-0.6,0,0.408,20
6706,-0.64,0,0.407,9
6707,-0.61,0,0.407,15
6708,0.86,1,0.407,16
6709,-0.51,0,0.407,6
6710,0.96,1,0.407,4
6711,0.9,1,0.407,9
6712,-0.49,0,0.407,3
6713,0.93,1,0.407,6
6714,0.95,1,0.407,5
6715,0.93,1,0.407,21
6716,1.0,1,0.407,6
6717,0.96,1,0.407,9
6718,0.8,0,0.406,23
6719,-0.55,0,0.406,16
6720,0.7,0,0.406,14
6721,-0.58,0,0.406,14
6722,-0.67,0,0.406,24
6723,-0.67,0,0.406,12
6724,-0.55,0,0.406,4
6725,0.94,1,0.406,10
6726,0.79,0,0.406,17
6727,0.99,1,0.406,6
6728,0.98,1,0.406,6
6729,0.97,1,0.405,6
6730,-0.54,0,0.405,7
6731,0.87,1,0.405,16
6732,-0.52,0,0.405,7
6733,-0.55,0,0.405,17
6734,0.98,1,0.405,6
6735,0.97,1,0.405,7
6736,-0.75,0,0.405,18
6737,-0.55,0,0.405,12
6738,0.52,0,0.404,51
6739,0.97,1,0.404,6
6740,0.8,0,0.404,16
6741,0.79,0,0.404,14
6742,0.81,1,0.404,19
6743,-0.49,0,0.404,4
6744,0.95,1,0.404,8
6745,0.95,1,0.404,9
6746,0.96,1,0.404,5
6747,-0.65,0,0.404,6
6748,-0.58,0,0.404,16
6749,-0.55,0,0.403,5
6750,0.9,1,0.403,17
6751,-0.54,0,0.403,12
6752,-0.63,0,0.403,23
6753,-0.6,0,0.403,11
6754,0.93,1,0.403,7
6755,0.93,1,0.403,7
6756,0.88,1,0.403,21
6757,-0.58,0,0.403,12
6758,-0.52,0,0.403,12
6759,0.98,1,0.402,10
6760,-0.7,0,0.402,24
6761,0.91,1,0.402,12
6762,-0.69,0,0.402,25
6763,-0.51,0,0.402,4
6764,-0.71,0,0.402,13
6765,0.81,1,0.402,16
6766,-0.52,0,0.402,17
6767,0.94,1,0.402,5
6768,-0.49,0,0.401,4
6769,-0.56,0,0.401,9
6770,-0.59,0,0.401,13
6771,0.9,1,0.401,7
6772,-0.7,0,0.401,22
6773,-0.48,0,0.401,3
6774,0.89,1,0.401,9
6775,-0.69,0,0.401,15
6776,-0.64,0,0.401,10
6777,0.93,1,0.401,7
6778,-0.8,0,0.401,20
6779,-0.57,0,0.401,7
6780,-0.71,0,0.4,27
6781,0.85,1,0.4,20
6782,-0.54,0,0.4,21
6783,0.8,0,0.4,18
6784,-0.62,0,0.4,9
6785,0.8,0,0.4,17
6786,-0.68,0,0.4,12
6787,0.77,0,0.399,22
6788,0.92,1,0.399,10
6789,0.97,1,0.399,5
6790,-0.54,0,0.399,11
6791,0.95,1,0.399,9
6792,0.93,1,0.399,10
6793,0.92,1,0.399,7
6794,0.96,1,0.399,10
6795,0.91,1,0.399,15
6796,-0.53,0,0.399,9
6797,-0.58,0,0.399,22
6798,-0.59,0,0.398,12
6799,0.82,1,0.398,19
6800,0.95,1,0.398,11
6801,0.8,0,0.398,15
6802,0.91,1,0.398,21
6803,-0.56,0,0.398,10
6804,0.87,1,0.398,20
6805,0.95,1,0.398,4
6806,-0.8,0,0.397,24
6807,0.86,1,0.397,15
6808,-0.5,0,0.397,3
6809,-0.58,0,0.397,8
6810,0.8,0,0.397,25
6811,0.96,1,0.397,8
6812,-0.6,0,0.397,15
6813,0.86,1,0.397,23
6814,0.96,1,0.397,10
6815,0.93,1,0.397,10
6816,0.96,1,0.396,10
6817,0.92,1,0.396,8
6818,-0.55,0,0.396,16
6819,-0.56,0,0.396,12
6820,-0.62,0,0.396,17
6821,-0.53,0,0.396,12
6822,0.97,1,0.396,4
6823,-0.64,0,0.396,12
6824,-0.52,0,0.396,3
6825,-0.56,0,0.396,10
6826,-0.57,0,0.396,11
6827,0.96,1,0.396,6
6828,-0.58,0,0.395,14
6829,-0.57,0,0.395,4
6830,-0.64,0,0.395,13
6831,0.94,1,0.395,11
6832,0.95,1,0.395,18
6833,-0.54,0,0.395,4
6834,-0.64,0,0.395,21
6835,0.64,0,0.395,36
6836,-0.48,0,0.395,4
6837,0.9,1,0.394,16
6838,-0.57,0,0.394,10
6839,0.96,1,0.394,5
6840,0.8,0,0.394,15
6841,0.91,1,0.394,22
6842,-0.5,0,0.394,5
6843,-0.54,0,0.394,9
6844,-0.49,0,0.394,4
6845,-0.69,0,0.394,17
6846,-0.59,0,0.394,13
6847,-0.72,0,0.393,19
6848,0.93,1,0.393,16
6849,0.97,1,0.393,5
6850,0.89,1,0.393,10
6851,-0.57,0,0.393,9
6852,0.94,1,0.393,6
6853,0.78,0,0.393,15
6854,0.97,1,0.393,7
6855,-0.64,0,0.393,15
6856,0.94,1,0.393,10
6857,-0.57,0,0.393,17
6858,0.85,1,0.393,14
6859,0.98,1,0.392,7
6860,-0.62,0,0.392,11
6861,-0.55,0,0.392,10
6862,0.92,1,0.392,7
6863,-0.59,0,0.392,13
6864,-0.56,0,0.392,5
6865,0.83,1,0.392,25
6866,0.94,1,0.392,5
6867,0.73,0,0.392,23
6868,-0.5,0,0.392,5
6869,0.95,1,0.392,6
6870,-0.65,0,0.391,11
6871,-0.6,0,0.391,14
6872,0.87,1,0.391,14
6873,-0.56,0,0.391,11
6874,-0.6,0,0.391,7
6875,-0.52,0,0.391,8
6876,0.85,1,0.391,26
6877,0.97,1,0.391,5
6878,0.93,1,0.391,7
6879,0.95,1,0.391,6
6880,0.96,1,0.391,7
6881,0.92,1,0.391,11
6882,0.94,1,0.391,6
6883,-0.57,0,0.39,12
6884,-0.53,0,0.39,7
6885,-0.57,0,0.39,16
6886,0.92,1,0.39,7
6887,0.97,1,0.39,5
6888,0.91,1,0.39,8
6889,0.96,1,0.39,9
6890,0.91,1,0.39,6
6891,0.92,1,0.39,5
6892,0.95,1,0.39,7
6893,-0.57,0,0.39,6
6894,-0.62,0,0.39,11
6895,-0.59,0,0.39,18
6896,-0.56,0,0.39,6
6897,0.85,1,0.389,14
6898,0.9,1,0.389,7
6899,0.74,0,0.389,13
6900,0.96,1,0.389,5
6901,0.88,1,0.389,11
6902,0.92,1,0.389,11
6903,0.9,1,0.389,9
6904,-0.66,0,0.389,9
6905,0.95,1,0.389,10
6906,-0.67,0,0.389,16
6907,0.87,1,0.389,9
6908,-0.6,0,0.389,12
6909,0.83,1,0.388,23
6910,0.96,1,0.388,6
6911,-0.57,0,0.388,13
6912,0.95,1,0.388,6
6913,-0.55,0,0.388,13
6914,0.76,0,0.388,16
6915,0.97,1,0.388,5
6916,0.64,0,0.388,24
6917,0.75,0,0.388,22
6918,0.92,1,0.387,10
6919,0.76,0,0.387,16
6920,0.8,0,0.387,31
6921,-0.63,0,0.387,16
6922,0.84,1,0.387,14
6923,0.84,1,0.387,15
6924,-0.52,0,0.387,7
6925,0.85,1,0.387,10
6926,-0.53,0,0.387,13
6927,0.72,0,0.386,20
6928,-0.54,0,0.386,13
6929,0.9,1,0.386,8
6930,0.85,1,0.386,14
6931,-0.67,0,0.386,17
6932,-0.58,0,0.386,16
6933,-0.63,0,0.386,15
6934,-0.63,0,0.386,11
6935,0.91,1,0.385,15
6936,-0.54,0,0.385,13
6937,-0.64,0,0.385,13
6938,-0.6,0,0.385,13
6939,-0.6,0,0.385,15
6940,0.96,1,0.385,9
6941,-0.62,0,0.385,10
6942,-0.51,0,0.385,18
6943,-0.51,0,0.385,4
6944,0.9,1,0.385,7
6945,0.9,1,0.385,8
6946,0.73,0,0.384,22
6947,-0.7,0,0.384,16
6948,-0.56,0,0.384,13
6949,-0.55,0,0.384,14
6950,-0.62,0,0.384,15
6951,-0.59,0,0.384,13
6952,0.94,1,0.384,8
6953,0.72,0,0.384,16
6954,-0.62,0,0.384,12
6955,0.94,1,0.384,9
6956,0.94,1,0.383,7
6957,0.84,1,0.383,16
6958,0.86,1,0.383,16
6959,0.96,1,0.383,9
6960,-0.53,0,0.383,26
6961,-0.56,0,0.383,10
6962,-0.55,0,0.383,3
6963,-0.55,0,0.383,9
6964,-0.51,0,0.383,8
6965,-0.55,0,0.383,9
6966,-0.78,0,0.382,27
6967,-0.57,0,0.382,12
6968,0.83,1,0.382,17
6969,-0.58,0,0.382,4
6970,0.98,1,0.382,7
6971,0.94,1,0.382,9
6972,-0.59,0,0.382,23
6973,-0.49,0,0.382,4
6974,-0.55,0,0.382,6
6975,-0.57,0,0.382,9
6976,0.82,1,0.382,16
6977,-0.54,0,0.382,7
6978,-0.56,0,0.381,7
6979,-0.6,0,0.381,8
6980,-0.69,0,0.381,17
6981,-0.56,0,0.381,12
6982,0.95,1,0.381,7
6983,-0.58,0,0.381,26
6984,0.74,0,0.381,15
6985,-0.57,0,0.381,22
6986,-0.57,0,0.381,13
6987,-0.75,0,0.38,18
6988,-0.58,0,0.38,11
6989,-0.6,0,0.38,7
6990,0.84,1,0.38,16
6991,0.83,1,0.38,20
6992,-0.51,0,0.38,5
6993,0.88,1,0.38,6
6994,0.72,0,0.38,30
6995,-0.52,0,0.38,13
6996,-0.56,0,0.379,14
6997,-0.53,0,0.379,5
6998,0.94,1,0.379,7
6999,-0.56,0,0.379,8
7000,0.91,1,0.379,12
7001,-0.63,0,0.379,16
7002,0.84,1,0.379,22
7003,0.91,1,0.379,5
7004,0.95,1,0.379,8
7005,0.94,1,0.379,15
7006,-0.53,0,0.379,15
7007,-0.65,0,0.378,24
7008,-0.62,0,0.378,16
7009,0.81,1,0.378,14
7010,0.89,1,0.378,7
7011,0.95,1,0.378,10
7012,-0.65,0,0.378,18
7013,-0.58,0,0.378,19
7014,-0.54,0,0.378,8
7015,-0.53,0,0.378,8
7016,-0.59,0,0.377,12
7017,0.94,1,0.377,12
7018,0.96,1,0.377,5
7019,0.94,1,0.377,19
7020,0.93,1,0.377,9
7021,-0.53,0,0.377,13
7022,0.91,1,0.377,10
7023,0.83,1,0.377,15
7024,0.94,1,0.377,7
7025,-0.66,0,0.377,20
7026,0.84,1,0.376,17
7027,0.93,1,0.376,9
7028,-0.56,0,0.376,11
7029,0.92,1,0.376,10
7030,0.96,1,0.376,5
7031,0.93,1,0.376,9
7032,0.85,1,0.376,16
7033,-0.62,0,0.376,12
7034,-0.59,0,0.376,7
7035,-0.55,0,0.376,7
7036,-0.6,0,0.376,4
7037,-0.53,0,0.376,10
7038,-0.73,0,0.375,21
7039,-0.48,0,0.375,3
7040,0.84,1,0.375,14
7041,-0.49,0,0.375,4
7042,-0.65,0,0.375,25
7043,-0.66,0,0.375,19
7044,-0.59,0,0.375,16
7045,0.92,1,0.375,13
7046,-0.55,0,0.375,13
7047,-0.56,0,0.374,18
7048,0.94,1,0.374,6
7049,0.75,0,0.374,18
7050,0.96,1,0.374,4
7051,0.88,1,0.374,17
7052,-0.67,0,0.374,27
7053,-0.69,0,0.374,13
7054,-0.54,0,0.374,4
7055,-0.57,0,0.374,5
7056,-0.54,0,0.374,5
7057,-0.57,0,0.374,5
7058,0.95,1,0.374,5
7059,-0.55,0,0.374,13
7060,-0.62,0,0.373,15
7061,0.93,1,0.373,4
7062,-0.52,0,0.373,7
7063,-0.72,0,0.373,29
7064,-0.62,0,0.373,14
7065,0.96,1,0.373,7
7066,-0.65,0,0.373,17
7067,0.91,1,0.373,6
7068,-0.64,0,0.373,12
7069,-0.75,0,0.372,23
7070,0.78,0,0.372,20
7071,-0.58,0,0.372,14
7072,-0.55,0,0.372,8
7073,0.88,1,0.372,15
7074,0.97,1,0.372,6
7075,0.92,1,0.372,7
7076,0.97,1,0.372,5
7077,0.96,1,0.372,8
7078,0.78,0,0.372,15
7079,-0.62,0,0.372,18
7080,0.77,0,0.371,13
7081,0.96,1,0.371,7
7082,-0.52,0,0.371,5
7083,0.94,1,0.371,21
7084,-0.55,0,0.371,5
7085,-0.58,0,0.371,16
7086,-0.54,0,0.371,16
7087,-0.53,0,0.371,6
7088,-0.57,0,0.371,11
7089,-0.57,0,0.371,11
7090,-0.66,0,0.371,10
7091,0.91,1,0.371,7
7092,0.93,1,0.37,6
7093,-0.56,0,0.37,7
7094,0.94,1,0.37,7
7095,0.96,1,0.37,10
7096,-0.57,0,0.37,17
7097,0.96,1,0.37,7
7098,-0.55,0,0.37,16
7099,-0.52,0,0.37,5
7100,-0.53,0,0.37,8
7101,-0.56,0,0.37,5
7102,0.88,1,0.37,8
7103,-0.56,0,0.37,4
7104,-0.71,0,0.37,26
7105,0.96,1,0.369,5
7106,-0.63,0,0.369,22
7107,-0.56,0,0.369,15
7108,-0.56,0,0.369,11
7109,0.91,1,0.369,9
7110,0.63,0,0.369,33
7111,0.9,1,0.369,10
7112,-0.57,0,0.369,7
7113,0.98,1,0.369,5
7114,-0.56,0,0.368,19
7115,0.91,1,0.368,10
7116,0.95,1,0.368,9
7117,-0.5,0,0.368,5
7118,-0.61,0,0.368,8
7119,0.95,1,0.368,6
7120,0.95,1,0.368,10
7121,-0.55,0,0.368,8
7122,0.91,1,0.368,19
7123,-0.65,0,0.368,16
7124,0.88,1,0.368,14
7125,-0.68,0,0.367,23
7126,-0.58,0,0.367,16
7127,-0.56,0,0.367,11
7128,0.86,1,0.367,19
7129,-0.65,0,0.367,14
7130,0.89,1,0.367,7
7131,0.95,1,0.367,8
7132,-0.54,0,0.367,5
7133,-0.62,0,0.367,7
7134,0.93,1,0.367,6
7135,-0.54,0,0.367,16
7136,0.75,0,0.366,14
7137,-0.56,0,0.366,9
7138,-0.57,0,0.366,16
7139,-0.64,0,0.366,15
7140,-0.53,0,0.366,4
7141,-0.67,0,0.366,14
7142,0.96,1,0.366,6
7143,0.78,0,0.366,22
7144,-0.54,0,0.366,10
7145,0.98,1,0.366,8
7146,0.91,1,0.366,9
7147,0.94,1,0.365,12
7148,-0.49,0,0.365,5
7149,-0.63,0,0.365,23
7150,0.91,1,0.365,8
7151,-0.54,0,0.365,7
7152,0.94,1,0.365,6
7153,0.96,1,0.365,7
7154,0.87,1,0.365,12
7155,0.96,1,0.365,9
7156,-0.52,0,0.365,10
7157,-0.57,0,0.365,5
7158,-0.56,0,0.365,4
7159,-0.55,0,0.365,5
7160,-0.56,0,0.365,15
7161,-0.62,0,0.364,17
7162,-0.64,0,0.364,21
7163,0.97,1,0.364,7
7164,-0.67,0,0.364,17
7165,-0.53,0,0.364,10
7166,0.92,1,0.364,7
7167,-0.51,0,0.364,15
7168,0.94,1,0.364,8
7169,0.96,1,0.364,4
7170,0.95,1,0.364,8
7171,-0.7,0,0.363,24
7172,-1.18,0,0.363,93
7173,0.95,1,0.363,5
7174,0.84,1,0.363,18
7175,-0.55,0,0.362,12
7176,0.89,1,0.362,21
7177,-0.6,0,0.362,9
7178,0.83,1,0.362,31
7179,0.92,1,0.362,8
7180,0.86,1,0.362,21
7181,-0.59,0,0.362,15
7182,0.96,1,0.362,9
7183,0.79,0,0.361,15
7184,0.94,1,0.361,22
7185,-0.58,0,0.361,23
7186,-0.62,0,0.361,12
7187,-0.54,0,0.361,16
7188,0.83,1,0.361,13
7189,0.98,1,0.361,4
7190,0.93,1,0.361,8
7191,-0.64,0,0.361,4
7192,-0.57,0,0.361,5
7193,-0.71,0,0.36,24
7194,0.82,1,0.36,15
7195,-0.57,0,0.36,5
7196,0.82,1,0.36,16
7197,-0.55,0,0.36,7
7198,-0.53,0,0.36,5
7199,0.97,1,0.36,6
7200,0.94,1,0.36,6
7201,-0.6,0,0.36,10
7202,0.89,1,0.36,15
7203,0.91,1,0.36,11
7204,-0.57,0,0.36,10
7205,0.95,1,0.36,6
7206,0.9,1,0.359,15
7207,-0.59,0,0.359,12
7208,-0.62,0,0.359,10
7209,-0.61,0,0.359,15
7210,0.94,1,0.359,9
7211,-0.58,0,0.359,12
7212,0.98,1,0.359,12
7213,-0.57,0,0.359,9
7214,0.94,1,0.359,7
7215,0.95,1,0.359,4
7216,0.89,1,0.358,22
7217,0.94,1,0.358,14
7218,0.89,1,0.358,14
7219,-0.57,0,0.358,18
7220,0.85,1,0.358,27
7221,-0.57,0,0.358,12
7222,0.88,1,0.358,14
7223,-0.54,0,0.358,20
7224,-0.57,0,0.358,4
7225,0.97,1,0.357,6
7226,-0.63,0,0.357,8
7227,-0.58,0,0.357,10
7228,0.88,1,0.357,18
7229,0.97,1,0.357,5
7230,-0.57,0,0.357,5
7231,-0.5,0,0.357,11
7232,0.9,1,0.357,6
7233,0.9,1,0.357,8
7234,-0.59,0,0.357,15
7235,-0.65,0,0.357,15
7236,-0.54,0,0.357,6
7237,-0.55,0,0.357,9
7238,-0.59,0,0.356,19
7239,-0.57,0,0.356,7
7240,0.96,1,0.356,5
7241,0.85,1,0.356,18
7242,0.95,1,0.356,6
7243,0.88,1,0.356,15
7244,-0.64,0,0.356,22
7245,-0.56,0,0.356,9
7246,0.97,1,0.356,11
7247,-0.58,0,0.356,13
7248,-0.55,0,0.355,8
7249,-0.61,0,0.355,17
7250,-0.53,0,0.355,5
7251,-0.64,0,0.355,15
7252,0.97,1,0.355,11
7253,-0.49,0,0.355,5
7254,-0.62,0,0.355,20
7255,0.82,1,0.355,13
7256,-0.57,0,0.355,14
7257,-0.55,0,0.355,8
7258,0.96,1,0.355,5
7259,-0.67,0,0.354,18
7260,0.94,1,0.354,5
7261,0.98,1,0.354,6
7262,0.93,1,0.354,7
7263,-0.63,0,0.354,21
7264,-0.55,0,0.354,14
7265,0.91,1,0.354,8
7266,-0.51,0,0.354,11
7267,0.89,1,0.354,18
7268,-0.66,0,0.354,14
7269,-0.68,0,0.354,8
7270,0.79,0,0.353,18
7271,0.81,1,0.353,17
7272,0.95,1,0.353,7
7273,-0.68,0,0.353,24
7274,0.95,1,0.353,9
7275,-0.6,0,0.353,11
7276,-0.56,0,0.353,6
7277,0.96,1,0.353,9
7278,-0.51,0,0.353,18
7279,0.95,1,0.353,9
7280,0.93,1,0.353,8
7281,0.87,1,0.352,14
7282,0.87,1,0.352,18
7283,0.85,1,0.352,17
7284,0.88,1,0.352,19
7285,-0.76,0,0.352,15
7286,-0.55,0,0.352,9
7287,0.96,1,0.352,18
7288,0.79,0,0.351,17
7289,-0.6,0,0.351,17
7290,-0.62,0,0.351,15
7291,-0.57,0,0.351,7
7292,0.91,1,0.351,5
7293,-0.54,0,0.351,7
7294,-0.64,0,0.351,25
7295,0.97,1,0.351,7
7296,-0.75,0,0.351,15
7297,0.67,0,0.351,15
7298,0.98,1,0.351,5
7299,0.96,1,0.351,7
7300,0.97,1,0.35,7
7301,-0.52,0,0.35,12
7302,0.84,1,0.35,18
7303,-0.56,0,0.35,10
7304,-0.53,0,0.35,4
7305,-0.55,0,0.35,7
7306,-0.56,0,0.35,14
7307,-0.53,0,0.35,27
7308,-0.6,0,0.35,13
7309,-0.69,0,0.35,15
7310,0.96,1,0.349,8
7311,-0.57,0,0.349,8
7312,-0.65,0,0.349,11
7313,-0.49,0,0.349,4
7314,0.9,1,0.349,12
7315,0.83,1,0.349,15
7316,0.9,1,0.349,20
7317,0.83,1,0.349,23
7318,0.97,1,0.349,4
7319,0.9,1,0.348,25
7320,0.97,1,0.348,5
7321,-0.72,0,0.348,16
7322,0.94,1,0.348,12
7323,-0.62,0,0.348,12
7324,0.96,1,0.348,6
7325,-0.66,0,0.348,21
7326,0.91,1,0.348,8
7327,0.83,1,0.348,14
7328,0.71,0,0.348,19
7329,0.92,1,0.348,9
7330,-0.68,0,0.347,17
7331,-0.57,0,0.347,10
7332,-0.64,0,0.347,6
7333,-0.56,0,0.347,7
7334,0.95,1,0.347,8
7335,-0.63,0,0.347,9
7336,0.82,1,0.347,34
7337,-0.66,0,0.347,24
7338,0.93,1,0.347,6
7339,-0.56,0,0.346,13
7340,0.94,1,0.346,10
7341,0.93,1,0.346,7
7342,-0.61,0,0.346,14
7343,0.91,1,0.346,8
7344,0.71,0,0.346,41
7345,0.95,1,0.346,7
7346,0.93,1,0.346,6
7347,-0.63,0,0.346,12
7348,-0.73,0,0.346,12
7349,0.96,1,0.345,6
7350,-0.55,0,0.345,4
7351,-0.55,0,0.345,6
7352,-0.59,0,0.345,13
7353,-0.51,0,0.345,15
7354,-0.58,0,0.345,19
7355,0.84,1,0.345,21
7356,0.95,1,0.345,9
7357,-0.54,0,0.345,6
7358,-0.68,0,0.345,13
7359,0.94,1,0.345,9
7360,-0.55,0,0.345,8
7361,0.95,1,0.344,6
7362,-0.56,0,0.344,8
7363,-0.65,0,0.344,13
7364,0.97,1,0.344,11
7365,-0.5,0,0.344,3
7366,-0.59,0,0.344,18
7367,0.91,1,0.344,9
7368,-0.6,0,0.344,16
7369,0.78,0,0.344,20
7370,0.97,1,0.344,8
7371,-0.58,0,0.343,18
7372,0.78,0,0.343,27
7373,0.95,1,0.343,11
7374,0.97,1,0.343,6
7375,-0.62,0,0.343,6
7376,0.95,1,0.343,10
7377,0.78,0,0.343,15
7378,0.82,1,0.343,16
7379,0.94,1,0.343,6
7380,-0.51,0,0.343,6
7381,0.93,1,0.343,15
7382,0.96,1,0.342,7
7383,0.94,1,0.342,7
7384,0.86,1,0.342,14
7385,0.94,1,0.342,15
7386,0.96,1,0.342,6
7387,-0.51,0,0.342,4
7388,-0.59,0,0.342,18
7389,0.95,1,0.342,11
7390,-0.62,0,0.342,17
7391,0.92,1,0.342,24
7392,-0.67,0,0.341,17
7393,0.86,1,0.341,17
7394,0.97,1,0.341,8
7395,-0.64,0,0.341,13
7396,0.89,1,0.341,24
7397,-0.58,0,0.341,13
7398,0.92,1,0.341,9
7399,-0.61,0,0.341,6
7400,0.82,1,0.341,17
7401,-0.61,0,0.34,20
7402,0.94,1,0.34,6
7403,0.98,1,0.34,10
7404,-0.67,0,0.34,26
7405,0.96,1,0.34,9
7406,0.96,1,0.34,5
7407,0.95,1,0.34,6
7408,0.78,0,0.34,15
7409,0.96,1,0.34,5
7410,-0.7,0,0.34,23
7411,-0.55,0,0.34,3
7412,0.92,1,0.339,10
7413,0.94,1,0.339,12
7414,0.97,1,0.339,19
7415,0.92,1,0.339,23
7416,0.89,1,0.339,15
7417,0.76,0,0.339,23
7418,-0.71,0,0.339,23
7419,0.97,1,0.339,6
7420,0.91,1,0.338,17
7421,-0.57,0,0.338,16
7422,0.96,1,0.338,4
7423,-0.53,0,0.338,10
7424,-0.68,0,0.338,12
7425,-0.53,0,0.338,11
7426,0.94,1,0.338,5
7427,0.93,1,0.338,9
7428,-0.59,0,0.338,11
7429,0.9,1,0.338,6
7430,0.93,1,0.338,10
7431,0.85,1,0.338,17
7432,0.9,1,0.337,13
7433,-0.53,0,0.337,8
7434,-0.6,0,0.337,25
7435,-0.59,0,0.337,13
7436,0.95,1,0.337,5
7437,0.98,1,0.337,6
7438,-0.6,0,0.337,17
7439,-0.61,0,0.337,12
7440,0.96,1,0.337,8
7441,-0.64,0,0.336,26
7442,0.91,1,0.336,17
7443,-0.59,0,0.336,8
7444,0.97,1,0.336,5
7445,0.94,1,0.336,7
7446,0.71,0,0.336,27
7447,0.95,1,0.336,6
7448,-0.5,0,0.336,5
7449,0.96,1,0.336,9
7450,0.98,1,0.336,7
7451,0.89,1,0.336,17
7452,0.8,0,0.335,22
7453,-0.6,0,0.335,6
7454,0.97,1,0.335,11
7455,0.96,1,0.335,7
7456,-0.53,0,0.335,6
7457,0.92,1,0.335,10
7458,-0.62,0,0.335,12
7459,0.93,1,0.335,7
7460,-0.63,0,0.335,12
7461,-0.77,0,0.335,30
7462,-0.68,0,0.334,18
7463,0.94,1,0.334,6
7464,-0.65,0,0.334,13
7465,0.96,1,0.334,11
7466,-0.71,0,0.334,16
7467,-0.53,0,0.334,16
7468,0.92,1,0.334,7
7469,0.95,1,0.334,7
7470,0.97,1,0.334,8
7471,-0.56,0,0.334,16
7472,-0.5,0,0.334,7
7473,0.95,1,0.334,7
7474,0.98,1,0.334,6
7475,-0.56,0,0.333,21
7476,0.9,1,0.333,17
7477,-0.64,0,0.333,23
7478,-0.66,0,0.333,20
7479,-0.6,0,0.333,15
7480,-0.52,0,0.333,7
7481,-0.49,0,0.333,6
7482,0.97,1,0.333,12
7483,-0.51,0,0.333,4
7484,-0.57,0,0.332,6
7485,-0.53,0,0.332,6
7486,-0.62,0,0.332,16
7487,0.9,1,0.332,18
7488,0.94,1,0.332,3
7489,-0.54,0,0.332,4
7490,-0.62,0,0.332,12
7491,0.85,1,0.332,26
7492,0.72,0,0.332,27
7493,0.95,1,0.332,10
7494,0.98,1,0.332,4
7495,0.78,0,0.331,16
7496,0.83,1,0.331,29
7497,-0.58,0,0.331,12
7498,0.95,1,0.331,5
7499,0.86,1,0.331,18
7500,0.98,1,0.331,6
7501,0.96,1,0.331,5
7502,-0.59,0,0.331,19
7503,0.94,1,0.331,6
7504,-0.66,0,0.33,25
7505,-0.53,0,0.33,4
7506,-0.57,0,0.33,4
7507,-0.56,0,0.33,7
7508,-0.52,0,0.33,4
7509,-0.63,0,0.33,20
7510,0.95,1,0.33,11
7511,-0.67,0,0.33,16
7512,0.87,1,0.33,16
7513,0.95,1,0.33,11
7514,-0.56,0,0.33,9
7515,-0.65,0,0.329,12
7516,0.98,1,0.329,5
7517,0.89,1,0.329,5
7518,-0.51,0,0.329,11
7519,-0.53,0,0.329,5
7520,-0.57,0,0.329,15
7521,0.95,1,0.329,12
7522,-0.49,0,0.329,9
7523,-0.53,0,0.329,18
7524,0.84,1,0.329,16
7525,0.95,1,0.329,6
7526,-0.59,0,0.329,14
7527,0.9,1,0.328,10
7528,0.94,1,0.328,10
7529,0.93,1,0.328,10
7530,0.93,1,0.328,10
7531,0.95,1,0.328,6
7532,0.95,1,0.328,4
7533,0.95,1,0.328,11
7534,-0.62,0,0.328,13
7535,0.93,1,0.328,7
7536,0.86,1,0.328,16
7537,-0.61,0,0.328,14
7538,-0.62,0,0.328,12
7539,0.96,1,0.328,9
7540,-0.7,0,0.327,15
7541,0.76,0,0.327,43
7542,-0.57,0,0.327,11
7543,0.71,0,0.327,30
7544,0.97,1,0.327,6
7545,0.87,1,0.327,15
7546,-0.6,0,0.326,11
7547,-0.5,0,0.326,10
7548,-0.55,0,0.326,4
7549,-0.56,0,0.326,13
7550,0.96,1,0.326,5
7551,-0.57,0,0.326,13
7552,0.95,1,0.326,11
7553,0.93,1,0.326,8
7554,-0.66,0,0.326,13
7555,-0.52,0,0.326,5
7556,0.89,1,0.326,8
7557,-0.72,0,0.326,17
7558,0.95,1,0.326,7
7559,-0.72,0,0.325,18
7560,0.94,1,0.325,19
7561,0.96,1,0.325,8
7562,0.97,1,0.325,5
7563,0.87,1,0.325,15
7564,0.92,1,0.325,4
7565,0.93,1,0.325,7
7566,0.94,1,0.325,12
7567,-0.68,0,0.325,23
7568,0.88,1,0.325,18
7569,-0.57,0,0.324,9
7570,-0.54,0,0.324,5
7571,-0.53,0,0.324,6
7572,0.96,1,0.324,5
7573,-0.53,0,0.324,4
7574,0.94,1,0.324,6
7575,-0.67,0,0.324,18
7576,0.95,1,0.324,6
7577,0.97,1,0.324,9
7578,-0.67,0,0.324,26
7579,0.97,1,0.324,7
7580,0.92,1,0.324,10
7581,0.96,1,0.324,7
7582,0.97,1,0.324,6
7583,0.92,1,0.323,22
7584,-0.5,0,0.323,5
7585,0.88,1,0.323,6
7586,-0.56,0,0.323,9
7587,0.96,1,0.323,11
7588,0.94,1,0.323,5
7589,0.97,1,0.323,5
7590,-0.63,0,0.323,16
7591,-0.66,0,0.323,8
7592,0.85,1,0.323,15
7593,-0.68,0,0.323,28
7594,-0.55,0,0.322,17
7595,0.92,1,0.322,7
7596,0.95,1,0.322,6
7597,0.95,1,0.322,5
7598,0.93,1,0.322,11
7599,-0.69,0,0.322,32
7600,0.95,1,0.322,8
7601,0.8,0,0.322,14
7602,-0.68,0,0.322,13
7603,0.96,1,0.322,15
7604,0.92,1,0.321,12
7605,0.83,1,0.321,14
7606,0.8,0,0.321,15
7607,-0.59,0,0.321,7
7608,-0.55,0,0.321,5
7609,0.94,1,0.321,8
7610,-0.72,0,0.321,21
7611,-0.54,0,0.321,15
7612,0.91,1,0.321,3
7613,0.96,1,0.321,9
7614,-0.58,0,0.321,10
7615,0.93,1,0.321,8
7616,-0.59,0,0.32,18
7617,0.95,1,0.32,7
7618,-0.53,0,0.32,10
7619,0.97,1,0.32,5
7620,-0.62,0,0.32,15
7621,0.88,1,0.32,19
7622,0.96,1,0.32,8
7623,-0.56,0,0.32,4
7624,-0.49,0,0.32,4
7625,0.94,1,0.32,11
7626,-0.57,0,0.32,20
7627,-0.52,0,0.319,17
7628,0.97,1,0.319,7
7629,-0.55,0,0.319,14
7630,-0.62,0,0.319,20
7631,-0.64,0,0.319,17
7632,-0.59,0,0.319,15
7633,0.95,1,0.319,11
7634,-0.67,0,0.319,22
7635,0.93,1,0.319,8
7636,-0.63,0,0.318,18
7637,0.98,1,0.318,5
7638,0.83,1,0.318,19
7639,0.98,1,0.318,12
7640,-0.51,0,0.318,9
7641,-0.52,0,0.318,14
7642,0.95,1,0.318,17
7643,-0.53,0,0.318,8
7644,-0.55,0,0.318,9
7645,0.95,1,0.318,4
7646,0.94,1,0.318,7
7647,0.94,1,0.318,5
7648,-0.5,0,0.317,5
7649,0.92,1,0.317,5
7650,0.87,1,0.317,7
7651,-0.54,0,0.317,9
7652,-0.58,0,0.317,18
7653,0.91,1,0.317,15
7654,-0.55,0,0.317,14
7655,0.95,1,0.317,8
7656,-0.6,0,0.317,12
7657,0.94,1,0.317,8
7658,0.84,1,0.317,22
7659,-0.58,0,0.316,9
7660,0.93,1,0.316,13
7661,-0.56,0,0.316,3
7662,0.96,1,0.316,4
7663,-0.67,0,0.316,10
7664,0.86,1,0.316,14
7665,0.97,1,0.316,6
7666,-0.53,0,0.316,14
7667,0.82,1,0.316,17
7668,-0.61,0,0.316,16
7669,0.95,1,0.316,9
7670,-0.54,0,0.316,11
7671,0.96,1,0.316,4
7672,-0.56,0,0.315,14
7673,-0.55,0,0.315,19
7674,-0.58,0,0.315,13
7675,0.87,1,0.315,16
7676,-0.48,0,0.315,7
7677,-0.56,0,0.315,5
7678,0.96,1,0.315,7
7679,0.76,0,0.315,15
7680,0.93,1,0.315,10
7681,-0.51,0,0.315,6
7682,-0.53,0,0.315,10
7683,0.94,1,0.315,6
7684,0.94,1,0.314,13
7685,-0.53,0,0.314,5
7686,0.95,1,0.314,4
7687,0.95,1,0.314,9
7688,0.94,1,0.314,5
7689,-0.57,0,0.314,7
7690,0.95,1,0.314,6
7691,0.91,1,0.314,11
7692,-0.53,0,0.314,3
7693,-0.56,0,0.314,8
7694,-0.55,0,0.314,5
7695,0.95,1,0.314,6
7696,0.66,0,0.314,19
7697,0.96,1,0.314,9
7698,-0.56,0,0.314,7
7699,-0.61,0,0.313,13
7700,0.94,1,0.313,3
7701,0.96,1,0.313,6
7702,-0.53,0,0.313,6
7703,0.91,1,0.313,7
7704,0.94,1,0.313,6
7705,-0.54,0,0.313,11
7706,0.95,1,0.313,9
7707,0.89,1,0.313,14
7708,-0.53,0,0.313,11
7709,0.95,1,0.313,12
7710,0.94,1,0.313,7
7711,0.88,1,0.313,21
7712,0.84,1,0.312,15
7713,0.96,1,0.312,5
7714,0.97,1,0.312,5
7715,-0.56,0,0.312,14
7716,0.96,1,0.312,5
7717,0.78,0,0.312,28
7718,-0.58,0,0.312,7
7719,-0.51,0,0.312,14
7720,0.95,1,0.312,6
7721,0.88,1,0.312,17
7722,-0.6,0,0.311,24
7723,-0.5,0,0.311,3
7724,0.79,0,0.311,15
7725,-0.6,0,0.311,19
7726,0.95,1,0.311,9
7727,-0.62,0,0.311,8
7728,-0.72,0,0.311,26
7729,0.92,1,0.311,9
7730,0.93,1,0.311,12
7731,-0.58,0,0.311,17
7732,-0.53,0,0.31,11
7733,0.94,1,0.31,6
7734,0.93,1,0.31,7
7735,-0.5,0,0.31,23
7736,0.99,1,0.31,11
7737,0.95,1,0.31,6
7738,0.91,1,0.31,16
7739,-0.56,0,0.31,13
7740,-0.57,0,0.31,13
7741,-0.55,0,0.31,10
7742,0.93,1,0.31,12
7743,0.91,1,0.309,15
7744,0.94,1,0.309,8
7745,0.91,1,0.309,15
7746,-0.58,0,0.309,14
7747,-0.71,0,0.309,27
7748,0.92,1,0.309,7
7749,-0.57,0,0.309,20
7750,0.9,1,0.309,8
7751,0.95,1,0.309,8
7752,-0.69,0,0.308,22
7753,0.97,1,0.308,6
7754,-0.56,0,0.308,9
7755,-0.62,0,0.308,23
7756,-0.53,0,0.308,4
7757,0.95,1,0.308,5
7758,-0.62,0,0.308,10
7759,0.98,1,0.308,4
7760,0.91,1,0.308,6
7761,-0.63,0,0.308,23
7762,0.86,1,0.308,16
7763,0.81,1,0.307,17
7764,-0.58,0,0.307,7
7765,0.94,1,0.307,5
7766,0.9,1,0.307,21
7767,-0.59,0,0.307,7
7768,-0.71,0,0.307,13
7769,0.81,1,0.307,17
7770,-0.56,0,0.307,10
7771,0.98,1,0.307,5
7772,0.93,1,0.307,7
7773,0.94,1,0.307,9
7774,0.83,1,0.307,15
7775,0.97,1,0.306,5
7776,0.94,1,0.306,5
7777,0.87,1,0.306,14
7778,-0.5,0,0.306,3
7779,-0.51,0,0.306,4
7780,0.93,1,0.306,8
7781,0.93,1,0.306,8
7782,-0.6,0,0.306,21
7783,0.89,1,0.306,8
7784,-0.53,0,0.306,4
7785,0.97,1,0.306,6
7786,0.96,1,0.306,10
7787,0.95,1,0.306,8
7788,-0.57,0,0.306,19
7789,0.96,1,0.305,7
7790,0.78,0,0.305,26
7791,-0.53,0,0.305,16
7792,-0.58,0,0.305,5
7793,-0.62,0,0.305,18
7794,0.97,1,0.305,11
7795,0.97,1,0.305,12
7796,-0.59,0,0.305,16
7797,0.93,1,0.305,8
7798,-0.6,0,0.305,11
7799,-0.58,0,0.304,13
7800,0.94,1,0.304,15
7801,0.97,1,0.304,5
7802,-0.58,0,0.304,10
7803,-0.65,0,0.304,18
7804,-0.75,0,0.304,19
7805,-0.53,0,0.304,12
7806,0.94,1,0.304,15
7807,0.95,1,0.304,5
7808,0.95,1,0.304,8
7809,-0.71,0,0.303,13
7810,-0.59,0,0.303,19
7811,0.91,1,0.303,7
7812,0.97,1,0.303,5
7813,0.96,1,0.303,8
7814,-0.61,0,0.303,13
7815,0.96,1,0.303,13
7816,0.94,1,0.303,8
7817,-0.57,0,0.303,7
7818,-0.53,0,0.303,14
7819,0.94,1,0.303,7
7820,0.94,1,0.303,7
7821,-0.6,0,0.303,8
7822,-0.57,0,0.302,18
7823,0.98,1,0.302,4
7824,-0.53,0,0.302,4
7825,-0.59,0,0.302,17
7826,0.95,1,0.302,8
7827,0.81,1,0.302,16
7828,-0.69,0,0.302,19
7829,0.94,1,0.302,6
7830,-0.64,0,0.302,13
7831,0.76,0,0.301,35
7832,0.95,1,0.301,9
7833,0.96,1,0.301,6
7834,0.89,1,0.301,15
7835,0.96,1,0.301,6
7836,-0.6,0,0.301,17
7837,0.96,1,0.301,8
7838,-0.54,0,0.301,11
7839,0.89,1,0.301,15
7840,0.8,0,0.301,19
7841,0.96,1,0.301,5
7842,-0.69,0,0.3,21
7843,0.97,1,0.3,9
7844,0.95,1,0.3,18
7845,0.8,0,0.3,19
7846,-0.52,0,0.3,5
7847,-0.53,0,0.3,21
7848,0.98,1,0.3,11
7849,0.96,1,0.3,10
7850,0.9,1,0.3,17
7851,-0.66,0,0.299,14
7852,0.81,1,0.299,16
7853,-0.56,0,0.299,4
7854,0.94,1,0.299,6
7855,0.98,1,0.299,5
7856,-0.64,0,0.299,20
7857,0.89,1,0.299,19
7858,-0.56,0,0.299,3
7859,0.95,1,0.299,7
7860,-0.54,0,0.299,13
7861,-0.62,0,0.299,17
7862,-0.55,0,0.298,11
7863,0.94,1,0.298,6
7864,0.89,1,0.298,19
7865,-0.58,0,0.298,8
7866,-0.5,0,0.298,7
7867,0.95,1,0.298,9
7868,-0.52,0,0.298,5
7869,0.94,1,0.298,10
7870,0.95,1,0.298,8
7871,0.88,1,0.298,21
7872,-0.66,0,0.298,18
7873,0.94,1,0.298,5
7874,-0.54,0,0.297,5
7875,-0.54,0,0.297,12
7876,-0.49,0,0.297,11
7877,0.92,1,0.297,6
7878,-0.56,0,0.297,5
7879,0.85,1,0.297,25
7880,-0.62,0,0.297,25
7881,-0.57,0,0.297,7
7882,0.91,1,0.297,16
7883,-0.66,0,0.297,15
7884,0.9,1,0.296,17
7885,-0.55,0,0.296,14
7886,0.85,1,0.296,16
7887,0.96,1,0.296,10
7888,0.79,0,0.296,17
7889,-0.54,0,0.296,13
7890,-0.61,0,0.296,26
7891,0.93,1,0.296,8
7892,0.96,1,0.296,6
7893,0.83,1,0.295,15
7894,-0.65,0,0.295,17
7895,-0.49,0,0.295,9
7896,0.93,1,0.295,10
7897,0.97,1,0.295,7
7898,0.97,1,0.295,5
7899,0.75,0,0.295,31
7900,0.93,1,0.295,17
7901,0.99,1,0.294,17
7902,0.77,0,0.294,13
7903,0.97,1,0.294,5
7904,0.85,1,0.294,14
7905,0.89,1,0.294,17
7906,-0.63,0,0.294,13
7907,-0.55,0,0.294,15
7908,0.86,1,0.294,19
7909,-0.56,0,0.294,10
7910,-0.68,0,0.294,18
7911,-0.55,0,0.293,17
7912,-0.52,0,0.293,15
7913,-0.55,0,0.293,7
7914,0.93,1,0.293,9
7915,-0.55,0,0.293,15
7916,0.97,1,0.293,5
7917,-0.55,0,0.293,8
7918,0.96,1,0.293,12
7919,0.98,1,0.293,4
7920,0.84,1,0.293,14
7921,-0.6,0,0.293,12
7922,-0.6,0,0.292,12
7923,-0.58,0,0.292,7
7924,0.9,1,0.292,12
7925,-0.53,0,0.292,14
7926,-0.56,0,0.292,10
7927,0.82,1,0.292,15
7928,-0.56,0,0.292,5
7929,-0.66,0,0.292,13
7930,0.86,1,0.292,18
7931,-0.53,0,0.292,8
7932,0.93,1,0.292,10
7933,-0.75,0,0.291,33
7934,0.89,1,0.291,7
7935,-0.51,0,0.291,3
7936,0.98,1,0.291,8
7937,-0.49,0,0.291,13
7938,0.87,1,0.291,14
7939,0.97,1,0.291,4
7940,0.82,1,0.291,18
7941,-0.56,0,0.291,12
7942,-0.49,0,0.291,4
7943,-0.63,0,0.291,14
7944,0.96,1,0.291,8
7945,0.96,1,0.29,8
7946,0.9,1,0.29,9
7947,0.96,1,0.29,6
7948,-0.54,0,0.29,14
7949,0.83,1,0.29,15
7950,0.92,1,0.29,7
7951,0.88,1,0.29,9
7952,-0.52,0,0.29,9
7953,-0.62,0,0.29,6
7954,0.82,1,0.29,16
7955,0.91,1,0.29,8
7956,-0.56,0,0.29,13
7957,0.98,1,0.289,13
7958,-0.61,0,0.289,10
7959,0.77,0,0.289,19
7960,0.88,1,0.289,6
7961,0.88,1,0.289,16
7962,-0.66,0,0.289,15
7963,0.88,1,0.289,14
7964,-0.61,0,0.289,17
7965,0.82,1,0.289,14
7966,0.93,1,0.289,8
7967,0.95,1,0.288,7
7968,0.96,1,0.288,10
7969,-0.6,0,0.288,21
7970,0.96,1,0.288,5
7971,0.92,1,0.288,5
7972,-0.61,0,0.288,6
7973,0.91,1,0.288,20
7974,-0.62,0,0.288,16
7975,0.94,1,0.288,6
7976,-0.61,0,0.288,8
7977,0.9,1,0.288,17
7978,-0.54,0,0.287,16
7979,-0.54,0,0.287,8
7980,0.94,1,0.287,6
7981,-0.71,0,0.287,26
7982,0.94,1,0.287,5
7983,-0.47,0,0.287,13
7984,-0.61,0,0.287,17
7985,0.97,1,0.287,5
7986,0.96,1,0.287,13
7987,-0.59,0,0.287,17
7988,-0.62,0,0.286,12
7989,0.95,1,0.286,14
7990,0.9,1,0.286,17
7991,-0.78,0,0.286,17
7992,-0.68,0,0.286,19
7993,0.97,1,0.286,5
7994,-0.64,0,0.286,15
7995,0.96,1,0.286,5
7996,-0.58,0,0.286,11
7997,0.92,1,0.286,9
7998,0.86,1,0.285,23
7999,-0.54,0,0.285,8
8000,0.88,1,0.285,23
8001,0.93,1,0.285,10
8002,0.89,1,0.285,10
8003,0.94,1,0.285,11
8004,0.95,1,0.285,5
8005,-0.53,0,0.285,9
8006,0.75,0,0.285,23
8007,0.95,1,0.285,8
8008,0.99,1,0.284,8
8009,-0.57,0,0.284,13
8010,-0.57,0,0.284,11
8011,0.76,0,0.284,16
8012,-0.65,0,0.284,15
8013,0.96,1,0.284,10
8014,0.9,1,0.284,15
8015,0.87,1,0.284,20
8016,0.87,1,0.284,11
8017,-0.68,0,0.283,16
8018,0.87,1,0.283,19
8019,0.95,1,0.283,5
8020,0.97,1,0.283,13
8021,0.95,1,0.283,9
8022,0.93,1,0.283,9
8023,0.95,1,0.283,10
8024,0.96,1,0.283,8
8025,-0.54,0,0.283,11
8026,-0.54,0,0.283,5
8027,0.96,1,0.283,5
8028,0.91,1,0.283,4
8029,-0.65,0,0.283,8
8030,-0.53,0,0.282,18
8031,0.84,1,0.282,22
8032,0.95,1,0.282,8
8033,-0.52,0,0.282,6
8034,0.8,0,0.282,19
8035,0.94,1,0.282,11
8036,0.89,1,0.282,9
8037,0.8,0,0.282,27
8038,-0.58,0,0.282,13
8039,0.95,1,0.282,6
8040,0.95,1,0.281,7
8041,0.98,1,0.281,5
8042,0.94,1,0.281,6
8043,-0.55,0,0.281,8
8044,-0.57,0,0.281,5
8045,-0.56,0,0.281,4
8046,-0.57,0,0.281,10
8047,-0.65,0,0.281,24
8048,-0.57,0,0.281,12
8049,0.82,1,0.281,19
8050,0.91,1,0.281,10
8051,-0.7,0,0.28,28
8052,-0.55,0,0.28,9
8053,0.96,1,0.28,6
8054,0.95,1,0.28,8
8055,-0.57,0,0.28,8
8056,0.96,1,0.28,10
8057,-0.53,0,0.28,6
8058,0.89,1,0.28,10
8059,0.97,1,0.28,5
8060,0.98,1,0.28,4
8061,-0.53,0,0.28,5
8062,0.92,1,0.28,9
8063,-0.51,0,0.28,9
8064,0.94,1,0.28,19
8065,-0.66,0,0.279,11
8066,-0.54,0,0.279,11
8067,-0.54,0,0.279,19
8068,-0.56,0,0.279,17
8069,0.87,1,0.279,15
8070,-0.63,0,0.279,6
8071,-0.55,0,0.279,13
8072,0.93,1,0.279,6
8073,0.92,1,0.279,17
8074,0.94,1,0.279,5
8075,-0.53,0,0.279,9
8076,-0.55,0,0.279,5
8077,0.98,1,0.278,5
8078,-0.55,0,0.278,25
8079,-0.56,0,0.278,9
8080,0.92,1,0.278,15
8081,-0.56,0,0.278,14
8082,-0.72,0,0.278,18
8083,0.94,1,0.278,8
8084,-0.56,0,0.278,8
8085,-0.53,0,0.278,5
8086,-0.57,0,0.278,13
8087,-0.68,0,0.277,18
8088,-0.58,0,0.277,8
8089,-0.57,0,0.277,10
8090,0.87,1,0.277,19
8091,0.73,0,0.277,19
8092,0.96,1,0.277,7
8093,-0.56,0,0.277,10
8094,-0.62,0,0.277,6
8095,-0.6,0,0.277,16
8096,-0.56,0,0.277,11
8097,0.88,1,0.277,11
8098,-0.59,0,0.276,13
8099,0.9,1,0.276,5
8100,0.97,1,0.276,4
8101,0.96,1,0.276,5
8102,0.98,1,0.276,5
8103,0.9,1,0.276,8
8104,0.96,1,0.276,9
8105,0.94,1,0.276,3
8106,-0.53,0,0.276,7
8107,0.9,1,0.276,15
8108,0.95,1,0.276,9
8109,0.94,1,0.276,7
8110,-0.55,0,0.276,13
8111,-0.67,0,0.276,19
8112,-0.54,0,0.275,8
8113,0.94,1,0.275,8
8114,0.98,1,0.275,9
8115,0.93,1,0.275,22
8116,-0.77,0,0.275,20
8117,-0.7,0,0.275,14
8118,-0.55,0,0.275,10
8119,-0.59,0,0.275,9
8120,-0.68,0,0.275,15
8121,-0.62,0,0.274,20
8122,0.87,1,0.274,17
8123,-0.66,0,0.274,20
8124,0.95,1,0.274,11
8125,0.95,1,0.274,26
8126,-0.55,0,0.274,10
8127,0.95,1,0.274,8
8128,-0.61,0,0.274,8
8129,0.89,1,0.274,15
8130,0.99,1,0.273,10
8131,0.94,1,0.273,5
8132,-0.63,0,0.273,19
8133,0.96,1,0.273,6
8134,-0.57,0,0.273,16
8135,-0.61,0,0.273,14
8136,0.96,1,0.273,5
8137,-0.61,0,0.273,14
8138,0.95,1,0.273,8
8139,-0.57,0,0.273,5
8140,0.94,1,0.273,7
8141,0.95,1,0.273,8
8142,0.96,1,0.273,4
8143,0.92,1,0.273,7
8144,-0.56,0,0.272,21
8145,0.88,1,0.272,10
8146,0.78,0,0.272,16
8147,-0.68,0,0.272,21
8148,0.89,1,0.272,17
8149,0.83,1,0.272,26
8150,0.82,1,0.272,18
8151,0.97,1,0.271,5
8152,-0.5,0,0.271,3
8153,0.98,1,0.271,11
8154,-0.62,0,0.271,20
8155,-0.54,0,0.271,16
8156,0.95,1,0.271,6
8157,-0.53,0,0.271,6
8158,-0.53,0,0.271,14
8159,0.96,1,0.271,5
8160,-0.55,0,0.271,9
8161,0.93,1,0.271,6
8162,-0.55,0,0.271,9
8163,0.94,1,0.271,8
8164,0.84,1,0.27,16
8165,-0.58,0,0.27,13
8166,0.95,1,0.27,13
8167,-0.71,0,0.27,34
8168,-0.62,0,0.27,12
8169,-0.6,0,0.27,13
8170,0.93,1,0.27,5
8171,0.95,1,0.27,6
8172,-0.64,0,0.27,15
8173,0.87,1,0.269,23
8174,-0.62,0,0.269,16
8175,-0.49,0,0.269,6
8176,0.95,1,0.269,11
8177,-0.68,0,0.269,33
8178,-0.78,0,0.269,21
8179,-0.56,0,0.269,4
8180,0.93,1,0.269,6
8181,0.9,1,0.269,15
8182,-0.58,0,0.268,10
8183,0.74,0,0.268,25
8184,0.88,1,0.268,14
8185,-0.55,0,0.268,5
8186,0.7,0,0.268,24
8187,0.91,1,0.268,14
8188,0.91,1,0.268,10
8189,0.91,1,0.268,5
8190,0.91,1,0.268,10
8191,0.88,1,0.267,18
8192,-0.61,0,0.267,9
8193,0.91,1,0.267,13
8194,-0.63,0,0.267,17
8195,-0.6,0,0.267,19
8196,0.96,1,0.267,5
8197,0.96,1,0.267,12
8198,0.95,1,0.267,4
8199,0.8,0,0.267,16
8200,0.97,1,0.267,5
8201,-0.55,0,0.267,4
8202,0.93,1,0.267,7
8203,0.92,1,0.266,11
8204,-0.62,0,0.266,21
8205,0.96,1,0.266,8
8206,-0.55,0,0.266,14
8207,-0.55,0,0.266,5
8208,0.89,1,0.266,17
8209,0.96,1,0.266,6
8210,0.86,1,0.266,21
8211,-0.73,0,0.266,16
8212,0.94,1,0.266,9
8213,0.96,1,0.265,8
8214,-0.54,0,0.265,16
8215,0.96,1,0.265,2
8216,0.94,1,0.265,9
8217,0.81,1,0.265,22
8218,0.93,1,0.265,6
8219,-0.59,0,0.265,17
8220,-0.51,0,0.265,4
8221,-0.67,0,0.265,17
8222,0.87,1,0.265,20
8223,-0.58,0,0.265,9
8224,0.95,1,0.265,4
8225,0.9,1,0.264,15
8226,-0.63,0,0.264,12
8227,-0.75,0,0.264,27
8228,-0.57,0,0.264,20
8229,0.77,0,0.264,20
8230,0.95,1,0.264,8
8231,0.94,1,0.264,5
8232,0.98,1,0.264,5
8233,0.93,1,0.264,7
8234,0.96,1,0.264,5
8235,0.93,1,0.263,6
8236,0.86,1,0.263,18
8237,-0.54,0,0.263,16
8238,-0.61,0,0.263,14
8239,0.94,1,0.263,10
8240,-0.7,0,0.263,17
8241,0.95,1,0.263,8
8242,-0.77,0,0.263,10
8243,0.95,1,0.263,7
8244,0.96,1,0.263,7
8245,0.94,1,0.263,9
8246,0.85,1,0.262,16
8247,0.92,1,0.262,7
8248,-0.49,0,0.262,8
8249,-0.55,0,0.262,17
8250,0.92,1,0.262,5
8251,0.95,1,0.262,7
8252,-0.54,0,0.262,13
8253,0.91,1,0.262,8
8254,0.93,1,0.262,6
8255,-0.54,0,0.262,12
8256,0.94,1,0.262,20
8257,-0.58,0,0.262,12
8258,-0.55,0,0.261,5
8259,0.9,1,0.261,6
8260,-0.59,0,0.261,17
8261,0.95,1,0.261,8
8262,-0.51,0,0.261,6
8263,0.91,1,0.261,23
8264,-0.5,0,0.261,4
8265,-0.62,0,0.261,19
8266,0.95,1,0.261,12
8267,0.97,1,0.261,5
8268,0.82,1,0.261,16
8269,0.95,1,0.26,8
8270,-0.57,0,0.26,16
8271,0.96,1,0.26,12
8272,0.77,0,0.26,15
8273,0.97,1,0.26,4
8274,0.84,1,0.26,16
8275,0.96,1,0.26,5
8276,0.94,1,0.26,7
8277,0.97,1,0.26,4
8278,-0.58,0,0.26,10
8279,-0.57,0,0.26,5
8280,-0.67,0,0.26,21
8281,0.8,0,0.259,13
8282,0.92,1,0.259,13
8283,-0.5,0,0.259,9
8284,-0.64,0,0.259,10
8285,0.96,1,0.259,7
8286,0.94,1,0.259,6
8287,0.85,1,0.259,28
8288,0.93,1,0.259,6
8289,0.95,1,0.259,8
8290,-0.59,0,0.259,18
8291,0.95,1,0.259,12
8292,-0.52,0,0.259,5
8293,-0.53,0,0.258,11
8294,-0.59,0,0.258,15
8295,-0.58,0,0.258,17
8296,-0.7,0,0.258,15
8297,-0.57,0,0.258,5
8298,-0.61,0,0.258,14
8299,0.86,1,0.258,24
8300,-0.59,0,0.258,18
8301,0.96,1,0.258,8
8302,-0.61,0,0.257,17
8303,-0.68,0,0.257,22
8304,0.93,1,0.257,7
8305,0.85,1,0.257,26
8306,0.96,1,0.257,4
8307,0.95,1,0.257,5
8308,-0.58,0,0.257,10
8309,-0.62,0,0.257,13
8310,0.97,1,0.257,7
8311,0.78,0,0.256,26
8312,0.87,1,0.256,15
8313,0.97,1,0.256,4
8314,0.96,1,0.256,7
8315,0.84,1,0.256,24
8316,0.89,1,0.256,16
8317,-0.49,0,0.256,7
8318,-0.62,0,0.256,23
8319,0.95,1,0.256,5
8320,-0.57,0,0.256,6
8321,0.96,1,0.256,8
8322,0.96,1,0.255,8
8323,0.93,1,0.255,8
8324,-0.52,0,0.255,5
8325,0.91,1,0.255,17
8326,0.95,1,0.255,9
8327,-0.53,0,0.255,13
8328,0.97,1,0.255,7
8329,-0.55,0,0.255,6
8330,-0.56,0,0.255,5
8331,0.93,1,0.255,20
8332,0.88,1,0.255,21
8333,-0.63,0,0.254,14
8334,0.96,1,0.254,7
8335,-0.63,0,0.254,19
8336,0.96,1,0.254,8
8337,-0.59,0,0.254,18
8338,-0.65,0,0.254,19
8339,0.96,1,0.254,10
8340,-0.53,0,0.254,11
8341,0.92,1,0.254,17
8342,-0.61,0,0.253,15
8343,0.97,1,0.253,9
8344,0.94,1,0.253,5
8345,-0.66,0,0.253,24
8346,0.95,1,0.253,6
8347,-0.59,0,0.253,13
8348,-0.7,0,0.253,16
8349,-0.55,0,0.253,10
8350,0.86,1,0.253,21
8351,0.94,1,0.253,5
8352,-0.62,0,0.253,14
8353,-0.63,0,0.252,14
8354,0.76,0,0.252,16
8355,0.84,1,0.252,16
8356,0.93,1,0.252,17
8357,-0.66,0,0.252,29
8358,0.97,1,0.252,14
8359,0.93,1,0.252,14
8360,0.97,1,0.251,9
8361,-0.57,0,0.251,9
8362,0.96,1,0.251,10
8363,0.82,1,0.251,32
8364,0.8,0,0.251,32
8365,-0.63,0,0.251,15
8366,0.87,1,0.251,15
8367,0.94,1,0.25,15
8368,-0.61,0,0.25,20
8369,-0.58,0,0.25,15
8370,-0.58,0,0.25,10
8371,0.88,1,0.25,15
8372,0.95,1,0.25,7
8373,0.96,1,0.25,5
8374,0.85,1,0.25,15
8375,0.79,0,0.25,17
8376,0.92,1,0.25,7
8377,-0.66,0,0.249,17
8378,0.95,1,0.249,14
8379,-0.5,0,0.249,8
8380,0.93,1,0.249,8
8381,0.96,1,0.249,5
8382,-0.57,0,0.249,11
8383,0.93,1,0.249,6
8384,0.84,1,0.249,16
8385,-0.74,0,0.249,19
8386,-0.56,0,0.249,13
8387,0.77,0,0.249,13
8388,-0.58,0,0.248,11
8389,-0.58,0,0.248,13
8390,0.97,1,0.248,10
8391,0.89,1,0.248,20
8392,-0.54,0,0.248,5
8393,0.89,1,0.248,19
8394,0.85,1,0.248,22
8395,-0.62,0,0.248,17
8396,0.95,1,0.248,7
8397,0.97,1,0.248,8
8398,0.95,1,0.247,8
8399,1.0,1,0.247,18
8400,0.97,1,0.247,4
8401,-0.54,0,0.247,6
8402,-0.61,0,0.247,43
8403,0.98,1,0.247,13
8404,0.96,1,0.247,6
8405,-0.63,0,0.247,17
8406,0.91,1,0.246,17
8407,-0.56,0,0.246,5
8408,-0.67,0,0.246,31
8409,-0.49,0,0.246,4
8410,0.97,1,0.246,7
8411,0.92,1,0.246,7
8412,-0.57,0,0.246,16
8413,-0.59,0,0.246,19
8414,0.93,1,0.246,6
8415,-0.54,0,0.246,7
8416,-0.53,0,0.246,8
8417,0.93,1,0.246,7
8418,0.94,1,0.245,11
8419,-0.51,0,0.245,4
8420,0.93,1,0.245,15
8421,0.96,1,0.245,8
8422,0.78,0,0.245,19
8423,0.93,1,0.245,13
8424,0.91,1,0.245,4
8425,0.86,1,0.245,20
8426,0.83,1,0.245,14
8427,-0.71,0,0.245,21
8428,0.96,1,0.244,12
8429,0.89,1,0.244,8
8430,0.86,1,0.244,14
8431,0.91,1,0.244,8
8432,0.95,1,0.244,7
8433,0.93,1,0.244,13
8434,-0.68,0,0.244,19
8435,-0.56,0,0.244,11
8436,0.85,1,0.244,17
8437,0.94,1,0.244,8
8438,0.93,1,0.244,6
8439,0.86,1,0.243,15
8440,0.94,1,0.243,6
8441,0.96,1,0.243,10
8442,0.91,1,0.243,24
8443,-0.63,0,0.243,15
8444,0.9,1,0.243,19
8445,0.93,1,0.243,9
8446,-0.56,0,0.243,13
8447,-0.58,0,0.243,16
8448,0.9,1,0.242,9
8449,0.93,1,0.242,9
8450,0.93,1,0.242,10
8451,-0.51,0,0.242,7
8452,0.94,1,0.242,6
8453,0.85,1,0.242,22
8454,-0.48,0,0.242,8
8455,0.94,1,0.242,14
8456,0.93,1,0.242,6
8457,0.97,1,0.242,7
8458,0.9,1,0.242,10
8459,-0.55,0,0.242,8
8460,-0.56,0,0.242,5
8461,0.96,1,0.242,9
8462,0.78,0,0.241,21
8463,-0.63,0,0.241,24
8464,-0.56,0,0.241,3
8465,0.82,1,0.241,20
8466,-0.53,0,0.241,15
8467,0.89,1,0.241,20
8468,0.97,1,0.241,6
8469,0.81,1,0.241,14
8470,0.99,1,0.24,11
8471,0.98,1,0.24,7
8472,-0.57,0,0.24,8
8473,-0.54,0,0.24,9
8474,-0.52,0,0.24,8
8475,-0.53,0,0.24,15
8476,-0.59,0,0.24,17
8477,0.95,1,0.24,10
8478,-0.54,0,0.24,14
8479,0.83,1,0.24,15
8480,-0.67,0,0.239,18
8481,0.94,1,0.239,9
8482,0.96,1,0.239,6
8483,0.95,1,0.239,18
8484,0.94,1,0.239,18
8485,0.96,1,0.239,6
8486,-0.51,0,0.239,7
8487,0.85,1,0.239,32
8488,0.87,1,0.239,16
8489,0.89,1,0.239,6
8490,-0.55,0,0.239,6
8491,0.95,1,0.238,11
8492,-0.57,0,0.238,6
8493,0.98,1,0.238,17
8494,0.94,1,0.238,16
8495,0.91,1,0.238,10
8496,0.96,1,0.238,10
8497,0.82,1,0.238,14
8498,0.93,1,0.238,12
8499,0.95,1,0.238,4
8500,0.97,1,0.238,10
8501,-0.57,0,0.238,6
8502,0.88,1,0.237,15
8503,0.95,1,0.237,7
8504,0.95,1,0.237,7
8505,0.94,1,0.237,9
8506,0.9,1,0.237,15
8507,0.96,1,0.237,6
8508,-0.61,0,0.237,18
8509,-0.55,0,0.237,18
8510,-0.58,0,0.237,6
8511,0.9,1,0.237,21
8512,0.94,1,0.237,6
8513,-0.55,0,0.237,3
8514,0.93,1,0.236,9
8515,0.96,1,0.236,18
8516,0.97,1,0.236,8
8517,0.97,1,0.236,9
8518,-0.53,0,0.236,11
8519,0.92,1,0.236,7
8520,0.95,1,0.236,14
8521,0.91,1,0.236,10
8522,-0.71,0,0.236,23
8523,-0.6,0,0.236,17
8524,-0.62,0,0.235,15
8525,0.94,1,0.235,10
8526,-0.48,0,0.235,14
8527,0.95,1,0.235,6
8528,0.95,1,0.235,6
8529,-0.59,0,0.235,12
8530,0.92,1,0.235,7
8531,0.97,1,0.235,10
8532,-0.56,0,0.235,12
8533,-0.61,0,0.235,19
8534,0.93,1,0.235,9
8535,0.84,1,0.234,26
8536,0.92,1,0.234,9
8537,0.95,1,0.234,9
8538,-0.45,0,0.234,13
8539,0.98,1,0.234,8
8540,-0.58,0,0.234,18
8541,-0.64,0,0.234,18
8542,-0.59,0,0.234,11
8543,0.94,1,0.234,17
8544,0.96,1,0.234,5
8545,0.96,1,0.233,18
8546,0.96,1,0.233,5
8547,-0.56,0,0.233,24
8548,0.98,1,0.233,9
8549,0.94,1,0.233,10
8550,0.96,1,0.233,5
8551,0.99,1,0.233,9
8552,0.95,1,0.233,8
8553,-0.56,0,0.233,19
8554,-0.54,0,0.233,5
8555,0.96,1,0.233,12
8556,-0.52,0,0.233,3
8557,0.84,1,0.232,17
8558,0.94,1,0.232,7
8559,0.94,1,0.232,5
8560,0.96,1,0.232,5
8561,0.89,1,0.232,20
8562,0.92,1,0.232,16
8563,0.96,1,0.232,12
8564,0.96,1,0.232,5
8565,-0.58,0,0.232,19
8566,0.96,1,0.232,6
8567,0.95,1,0.232,9
8568,0.9,1,0.232,11
8569,0.96,1,0.231,5
8570,0.95,1,0.231,5
8571,-0.53,0,0.231,15
8572,0.97,1,0.231,5
8573,0.96,1,0.231,10
8574,0.95,1,0.231,6
8575,-0.52,0,0.231,12
8576,0.94,1,0.231,7
8577,0.98,1,0.231,9
8578,-0.56,0,0.231,19
8579,0.84,1,0.231,18
8580,0.96,1,0.231,9
8581,0.95,1,0.231,8
8582,0.88,1,0.23,13
8583,-0.56,0,0.23,15
8584,0.94,1,0.23,5
8585,0.97,1,0.23,5
8586,0.78,0,0.23,34
8587,0.91,1,0.23,7
8588,-0.59,0,0.23,12
8589,0.95,1,0.23,9
8590,0.97,1,0.23,12
8591,0.95,1,0.23,7
8592,-0.52,0,0.23,4
8593,-0.63,0,0.229,19
8594,-0.55,0,0.229,11
8595,0.94,1,0.229,5
8596,-0.6,0,0.229,8
8597,0.98,1,0.229,19
8598,-0.56,0,0.229,25
8599,0.91,1,0.229,6
8600,-0.53,0,0.229,5
8601,0.86,1,0.229,28
8602,0.94,1,0.228,11
8603,-0.55,0,0.228,8
8604,0.91,1,0.228,6
8605,-0.58,0,0.228,15
8606,0.93,1,0.228,8
8607,0.96,1,0.228,6
8608,0.96,1,0.228,12
8609,0.95,1,0.228,5
8610,-0.61,0,0.228,12
8611,0.97,1,0.228,5
8612,-0.51,0,0.228,10
8613,-0.69,0,0.228,25
8614,0.95,1,0.227,7
8615,0.96,1,0.227,4
8616,0.96,1,0.227,5
8617,-0.54,0,0.227,9
8618,-0.5,0,0.227,19
8619,0.96,1,0.227,19
8620,-0.6,0,0.227,13
8621,-0.62,0,0.227,16
8622,0.89,1,0.227,16
8623,-0.58,0,0.227,6
8624,0.95,1,0.227,5
8625,0.97,1,0.227,6
8626,0.88,1,0.226,18
8627,-0.56,0,0.226,7
8628,0.95,1,0.226,6
8629,0.98,1,0.226,4
8630,0.86,1,0.226,18
8631,0.88,1,0.226,18
8632,-0.58,0,0.226,16
8633,0.97,1,0.226,9
8634,0.92,1,0.226,13
8635,-0.57,0,0.226,11
8636,-0.6,0,0.225,19
8637,-0.63,0,0.225,17
8638,0.8,0,0.225,15
8639,0.82,1,0.225,20
8640,-0.54,0,0.225,4
8641,0.91,1,0.225,6
8642,-0.59,0,0.225,18
8643,0.97,1,0.225,4
8644,0.95,1,0.225,6
8645,0.96,1,0.225,9
8646,0.96,1,0.225,8
8647,0.94,1,0.225,6
8648,0.94,1,0.225,5
8649,0.9,1,0.224,6
8650,-0.56,0,0.224,12
8651,0.98,1,0.224,5
8652,-0.51,0,0.224,4
8653,0.84,1,0.224,20
8654,-0.67,0,0.224,19
8655,-0.57,0,0.224,10
8656,-0.71,0,0.224,27
8657,-0.56,0,0.224,10
8658,0.92,1,0.224,9
8659,-0.58,0,0.223,14
8660,-0.57,0,0.223,14
8661,-0.55,0,0.223,4
8662,-0.6,0,0.223,11
8663,-0.55,0,0.223,4
8664,-0.52,0,0.223,14
8665,-0.53,0,0.223,7
8666,-0.54,0,0.223,4
8667,0.96,1,0.223,8
8668,-0.7,0,0.223,17
8669,0.85,1,0.223,22
8670,-0.62,0,0.222,16
8671,0.95,1,0.222,6
8672,0.94,1,0.222,9
8673,-0.49,0,0.222,3
8674,-0.55,0,0.222,9
8675,0.92,1,0.222,26
8676,0.73,0,0.222,21
8677,-0.67,0,0.222,19
8678,-0.58,0,0.222,14
8679,0.96,1,0.222,12
8680,0.98,1,0.221,16
8681,0.94,1,0.221,5
8682,0.97,1,0.221,7
8683,-0.53,0,0.221,16
8684,-0.48,0,0.221,3
8685,0.91,1,0.221,20
8686,0.94,1,0.221,10
8687,0.95,1,0.221,4
8688,-0.53,0,0.221,11
8689,0.98,1,0.221,5
8690,-0.53,0,0.221,14
8691,-0.52,0,0.221,11
8692,0.86,1,0.22,27
8693,-0.55,0,0.22,14
8694,0.72,0,0.22,37
8695,0.97,1,0.22,8
8696,-0.57,0,0.22,16
8697,0.94,1,0.22,6
8698,0.89,1,0.22,17
8699,-0.55,0,0.22,10
8700,-0.55,0,0.219,3
8701,0.87,1,0.219,22
8702,0.96,1,0.219,5
8703,0.96,1,0.219,6
8704,0.94,1,0.219,5
8705,0.97,1,0.219,10
8706,0.87,1,0.219,19
8707,0.89,1,0.219,12
8708,0.94,1,0.219,11
8709,0.98,1,0.219,6
8710,0.99,1,0.219,5
8711,0.97,1,0.219,4
8712,-0.64,0,0.219,14
8713,-0.64,0,0.218,14
8714,-0.57,0,0.218,13
8715,-0.56,0,0.218,10
8716,0.84,1,0.218,18
8717,0.96,1,0.218,6
8718,0.95,1,0.218,8
8719,-0.55,0,0.218,4
8720,-0.49,0,0.218,4
8721,-0.53,0,0.218,18
8722,0.97,1,0.218,4
8723,0.92,1,0.218,5
8724,-0.61,0,0.218,21
8725,0.9,1,0.217,10
8726,0.85,1,0.217,20
8727,0.94,1,0.217,10
8728,0.93,1,0.217,18
8729,0.93,1,0.217,10
8730,-0.54,0,0.217,19
8731,0.81,1,0.217,20
8732,0.89,1,0.217,27
8733,0.95,1,0.216,7
8734,0.97,1,0.216,7
8735,0.87,1,0.216,19
8736,0.94,1,0.216,9
8737,0.93,1,0.216,11
8738,0.76,0,0.216,34
8739,-0.55,0,0.216,19
8740,-0.51,0,0.216,15
8741,0.95,1,0.215,8
8742,0.96,1,0.215,10
8743,-0.64,0,0.215,13
8744,-0.54,0,0.215,4
8745,0.89,1,0.215,9
8746,-0.61,0,0.215,13
8747,0.95,1,0.215,5
8748,-0.63,0,0.215,11
8749,-0.53,0,0.215,12
8750,-0.63,0,0.215,20
8751,-0.62,0,0.215,16
8752,0.96,1,0.215,9
8753,0.95,1,0.214,6
8754,0.96,1,0.214,8
8755,0.93,1,0.214,6
8756,0.86,1,0.214,21
8757,0.98,1,0.214,9
8758,0.95,1,0.214,7
8759,0.94,1,0.214,5
8760,0.94,1,0.214,6
8761,-0.6,0,0.214,17
8762,-0.49,0,0.214,4
8763,-0.55,0,0.214,6
8764,0.9,1,0.214,8
8765,-0.56,0,0.214,8
8766,-0.53,0,0.213,16
8767,0.91,1,0.213,15
8768,-0.51,0,0.213,6
8769,0.95,1,0.213,8
8770,0.94,1,0.213,5
8771,0.98,1,0.213,9
8772,-0.65,0,0.213,22
8773,-0.62,0,0.213,16
8774,0.98,1,0.213,5
8775,0.93,1,0.213,10
8776,0.93,1,0.213,6
8777,0.96,1,0.213,7
8778,0.89,1,0.213,7
8779,-0.57,0,0.212,22
8780,-0.57,0,0.212,17
8781,0.97,1,0.212,7
8782,0.91,1,0.212,7
8783,-0.63,0,0.212,20
8784,0.89,1,0.212,17
8785,0.95,1,0.212,7
8786,-0.59,0,0.212,29
8787,0.96,1,0.211,21
8788,-0.5,0,0.211,7
8789,-0.55,0,0.211,11
8790,-0.57,0,0.211,15
8791,0.89,1,0.211,12
8792,0.94,1,0.211,11
8793,-0.63,0,0.211,14
8794,0.84,1,0.211,14
8795,0.95,1,0.211,6
8796,-0.55,0,0.211,10
8797,0.94,1,0.211,5
8798,0.94,1,0.211,6
8799,0.92,1,0.21,5
8800,0.8,0,0.21,23
8801,-0.55,0,0.21,10
8802,0.94,1,0.21,6
8803,-0.59,0,0.21,16
8804,-0.55,0,0.21,14
8805,-0.54,0,0.21,16
8806,0.95,1,0.21,10
8807,0.94,1,0.21,6
8808,0.94,1,0.21,5
8809,0.82,1,0.21,20
8810,-0.61,0,0.209,12
8811,0.74,0,0.209,28
8812,0.96,1,0.209,5
8813,-0.55,0,0.209,4
8814,-0.53,0,0.209,12
8815,-0.6,0,0.209,26
8816,-0.55,0,0.209,8
8817,0.92,1,0.209,7
8818,0.95,1,0.209,6
8819,0.92,1,0.209,10
8820,0.91,1,0.209,7
8821,-0.57,0,0.208,14
8822,0.96,1,0.208,7
8823,0.91,1,0.208,14
8824,-0.57,0,0.208,11
8825,0.96,1,0.208,14
8826,0.95,1,0.208,13
8827,0.87,1,0.208,19
8828,0.85,1,0.208,17
8829,-0.55,0,0.208,6
8830,-0.51,0,0.208,4
8831,0.97,1,0.208,6
8832,-0.51,0,0.207,4
8833,-0.55,0,0.207,6
8834,0.99,1,0.207,5
8835,0.86,1,0.207,14
8836,-0.59,0,0.207,15
8837,-0.55,0,0.207,3
8838,-0.58,0,0.207,12
8839,-0.54,0,0.207,13
8840,0.8,0,0.207,31
8841,0.96,1,0.207,4
8842,0.94,1,0.207,6
8843,-0.55,0,0.207,10
8844,-0.55,0,0.206,22
8845,0.88,1,0.206,19
8846,-0.57,0,0.206,12
8847,-0.53,0,0.206,18
8848,0.85,1,0.206,20
8849,-0.62,0,0.206,15
8850,-0.72,0,0.206,19
8851,0.94,1,0.206,5
8852,0.97,1,0.205,14
8853,0.96,1,0.205,6
8854,0.98,1,0.205,7
8855,0.96,1,0.205,5
8856,0.93,1,0.205,6
8857,-0.49,0,0.205,14
8858,0.97,1,0.205,9
8859,-0.57,0,0.205,6
8860,-0.58,0,0.205,9
8861,0.84,1,0.205,17
8862,-0.49,0,0.205,4
8863,-0.56,0,0.205,4
8864,-0.67,0,0.204,32
8865,0.98,1,0.204,18
8866,0.96,1,0.204,7
8867,-0.55,0,0.204,14
8868,-0.63,0,0.204,25
8869,0.94,1,0.204,9
8870,0.94,1,0.204,14
8871,-0.55,0,0.204,20
8872,0.97,1,0.204,5
8873,-0.55,0,0.204,8
8874,0.85,1,0.203,23
8875,0.86,1,0.203,22
8876,0.97,1,0.203,14
8877,0.98,1,0.203,5
8878,-0.51,0,0.203,6
8879,-0.59,0,0.203,22
8880,0.95,1,0.203,5
8881,0.93,1,0.203,8
8882,-0.55,0,0.203,5
8883,-0.56,0,0.203,5
8884,0.95,1,0.203,4
8885,0.95,1,0.203,7
8886,-0.65,0,0.202,18
8887,0.94,1,0.202,5
8888,-0.55,0,0.202,17
8889,0.97,1,0.202,5
8890,-0.61,0,0.202,14
8891,0.96,1,0.202,7
8892,-0.49,0,0.202,9
8893,0.89,1,0.202,23
8894,-0.56,0,0.202,4
8895,0.97,1,0.202,5
8896,-0.52,0,0.202,9
8897,0.98,1,0.201,15
8898,0.94,1,0.201,6
8899,0.84,1,0.201,15
8900,0.95,1,0.201,4
8901,0.93,1,0.201,15
8902,-0.57,0,0.201,7
8903,-0.5,0,0.201,18
8904,-0.56,0,0.201,15
8905,-0.6,0,0.201,19
8906,0.97,1,0.201,4
8907,0.95,1,0.201,4
8908,0.97,1,0.201,4
8909,0.87,1,0.2,17
8910,0.85,1,0.2,19
8911,0.96,1,0.2,6
8912,-0.54,0,0.2,13
8913,-0.54,0,0.2,14
8914,-0.5,0,0.2,5
8915,0.94,1,0.2,6
8916,-0.56,0,0.2,4
8917,-0.51,0,0.2,6
8918,0.94,1,0.2,6
8919,0.85,1,0.2,19
8920,-0.53,0,0.2,16
8921,-0.53,0,0.199,15
8922,0.94,1,0.199,5
8923,0.99,1,0.199,6
8924,-0.52,0,0.199,6
8925,0.96,1,0.199,6
8926,-0.54,0,0.199,6
8927,0.9,1,0.199,6
8928,-0.59,0,0.199,14
8929,0.95,1,0.199,5
8930,0.9,1,0.199,17
8931,-0.57,0,0.199,4
8932,-0.56,0,0.199,9
8933,0.88,1,0.199,8
8934,0.95,1,0.199,7
8935,0.83,1,0.199,14
8936,0.97,1,0.199,5
8937,0.96,1,0.198,8
8938,0.96,1,0.198,4
8939,-0.53,0,0.198,23
8940,-0.53,0,0.198,4
8941,0.96,1,0.198,6
8942,-0.62,0,0.198,27
8943,-0.56,0,0.198,5
8944,-0.55,0,0.198,4
8945,0.88,1,0.198,20
8946,-0.5,0,0.198,8
8947,0.96,1,0.198,7
8948,-0.51,0,0.198,8
8949,-0.55,0,0.197,11
8950,-0.51,0,0.197,4
8951,-0.56,0,0.197,16
8952,0.91,1,0.197,16
8953,0.93,1,0.197,6
8954,0.94,1,0.197,10
8955,0.9,1,0.197,9
8956,0.96,1,0.197,6
8957,-0.52,0,0.197,7
8958,0.96,1,0.197,8
8959,0.91,1,0.197,13
8960,0.96,1,0.197,6
8961,-0.59,0,0.197,16
8962,0.89,1,0.196,13
8963,0.95,1,0.196,9
8964,0.87,1,0.196,17
8965,0.92,1,0.196,4
8966,-0.57,0,0.196,15
8967,0.95,1,0.196,7
8968,-0.51,0,0.196,6
8969,-0.58,0,0.196,18
8970,0.94,1,0.196,5
8971,0.94,1,0.196,10
8972,-0.61,0,0.196,17
8973,-0.56,0,0.196,8
8974,0.84,1,0.195,18
8975,-0.59,0,0.195,21
8976,-0.55,0,0.195,4
8977,0.95,1,0.195,4
8978,-0.63,0,0.195,21
8979,-0.56,0,0.195,30
8980,0.98,1,0.195,5
8981,0.82,1,0.194,30
8982,0.97,1,0.194,7
8983,0.93,1,0.194,10
8984,-0.55,0,0.194,10
8985,-0.55,0,0.194,14
8986,0.85,1,0.194,32
8987,-0.49,0,0.194,3
8988,0.86,1,0.194,19
8989,0.97,1,0.194,5
8990,-0.59,0,0.194,16
8991,-0.55,0,0.193,17
8992,-0.55,0,0.193,4
8993,0.93,1,0.193,14
8994,0.94,1,0.193,5
8995,-0.56,0,0.193,11
8996,0.85,1,0.193,17
8997,0.93,1,0.193,8
8998,0.83,1,0.193,16
8999,0.97,1,0.193,5
9000,0.94,1,0.193,9
9001,-0.55,0,0.193,17
9002,0.76,0,0.192,32
9003,0.97,1,0.192,5
9004,0.92,1,0.192,13
9005,-0.61,0,0.192,8
9006,0.84,1,0.192,16
9007,0.89,1,0.192,16
9008,0.9,1,0.192,7
9009,0.93,1,0.192,8
9010,0.96,1,0.192,5
9011,0.94,1,0.192,7
9012,0.94,1,0.192,6
9013,0.83,1,0.191,19
9014,-0.61,0,0.191,17
9015,0.94,1,0.191,8
9016,0.84,1,0.191,20
9017,0.95,1,0.191,6
9018,-0.6,0,0.191,21
9019,0.95,1,0.191,6
9020,-0.54,0,0.191,15
9021,-0.5,0,0.191,3
9022,-0.67,0,0.191,9
9023,0.83,1,0.19,19
9024,0.94,1,0.19,7
9025,0.95,1,0.19,12
9026,-0.55,0,0.19,16
9027,0.95,1,0.19,8
9028,0.86,1,0.19,16
9029,0.91,1,0.19,15
9030,0.85,1,0.19,15
9031,-0.52,0,0.19,14
9032,0.94,1,0.19,5
9033,0.87,1,0.189,25
9034,-0.57,0,0.189,6
9035,0.82,1,0.189,21
9036,0.96,1,0.189,13
9037,-0.51,0,0.189,7
9038,0.99,1,0.189,16
9039,-0.53,0,0.189,9
9040,0.87,1,0.189,15
9041,0.96,1,0.189,13
9042,0.97,1,0.189,9
9043,0.81,1,0.188,14
9044,-0.63,0,0.188,12
9045,0.93,1,0.188,6
9046,0.95,1,0.188,4
9047,0.94,1,0.188,11
9048,0.96,1,0.188,10
9049,-0.57,0,0.188,26
9050,0.96,1,0.188,7
9051,0.94,1,0.188,5
9052,-0.56,0,0.188,10
9053,-0.63,0,0.188,13
9054,0.77,0,0.187,20
9055,-0.64,0,0.187,20
9056,-0.64,0,0.187,20
9057,-0.56,0,0.187,15
9058,-0.52,0,0.187,7
9059,0.93,1,0.187,6
9060,0.88,1,0.187,15
9061,0.93,1,0.187,6
9062,0.97,1,0.187,7
9063,0.94,1,0.187,8
9064,0.96,1,0.187,6
9065,-0.61,0,0.186,12
9066,0.94,1,0.186,6
9067,0.97,1,0.186,16
9068,0.83,1,0.186,19
9069,0.94,1,0.186,9
9070,0.94,1,0.186,8
9071,0.93,1,0.186,9
9072,0.96,1,0.186,7
9073,0.93,1,0.186,17
9074,-0.6,0,0.186,16
9075,0.93,1,0.186,13
9076,0.93,1,0.185,8
9077,-0.6,0,0.185,9
9078,0.92,1,0.185,16
9079,0.95,1,0.185,9
9080,0.9,1,0.185,13
9081,0.94,1,0.185,8
9082,0.96,1,0.185,6
9083,-0.54,0,0.185,14
9084,-0.57,0,0.185,16
9085,0.81,1,0.185,16
9086,0.98,1,0.185,7
9087,0.96,1,0.184,8
9088,0.97,1,0.184,15
9089,0.96,1,0.184,7
9090,0.84,1,0.184,21
9091,0.93,1,0.184,22
9092,0.96,1,0.184,4
9093,-0.56,0,0.184,15
9094,0.95,1,0.184,6
9095,0.92,1,0.184,7
9096,-0.7,0,0.184,17
9097,0.97,1,0.184,7
9098,0.93,1,0.183,20
9099,0.89,1,0.183,18
9100,0.96,1,0.183,4
9101,-0.56,0,0.183,4
9102,0.85,1,0.183,19
9103,0.95,1,0.183,8
9104,0.95,1,0.183,20
9105,0.94,1,0.183,6
9106,0.95,1,0.183,6
9107,0.89,1,0.183,15
9108,0.93,1,0.182,14
9109,-0.53,0,0.182,11
9110,0.93,1,0.182,6
9111,0.95,1,0.182,4
9112,-0.49,0,0.182,13
9113,-0.63,0,0.182,22
9114,0.97,1,0.182,8
9115,0.95,1,0.182,9
9116,-0.57,0,0.182,6
9117,-0.56,0,0.182,10
9118,-0.65,0,0.182,17
9119,0.95,1,0.182,12
9120,0.95,1,0.181,10
9121,0.86,1,0.181,15
9122,0.95,1,0.181,9
9123,0.95,1,0.181,5
9124,-0.64,0,0.181,24
9125,-0.53,0,0.181,12
9126,-0.56,0,0.181,7
9127,-0.52,0,0.181,11
9128,0.97,1,0.181,10
9129,-0.59,0,0.181,19
9130,0.97,1,0.18,8
9131,0.89,1,0.18,17
9132,0.89,1,0.18,20
9133,-0.66,0,0.18,29
9134,0.94,1,0.18,8
9135,-0.53,0,0.18,12
9136,-0.59,0,0.18,18
9137,-0.5,0,0.18,7
9138,0.97,1,0.18,8
9139,-0.55,0,0.18,8
9140,0.89,1,0.179,15
9141,0.94,1,0.179,5
9142,-0.59,0,0.179,16
9143,0.96,1,0.179,7
9144,-0.52,0,0.179,16
9145,0.94,1,0.179,13
9146,0.83,1,0.179,24
9147,0.95,1,0.179,4
9148,0.98,1,0.179,6
9149,-0.54,0,0.179,15
9150,0.88,1,0.178,21
9151,-0.58,0,0.178,8
9152,0.92,1,0.178,9
9153,0.92,1,0.178,9
9154,0.92,1,0.178,7
9155,-0.58,0,0.178,16
9156,0.96,1,0.178,4
9157,-0.56,0,0.178,16
9158,0.98,1,0.178,12
9159,-0.55,0,0.178,7
9160,0.96,1,0.178,5
9161,0.96,1,0.178,13
9162,0.96,1,0.177,11
9163,0.97,1,0.177,16
9164,0.86,1,0.177,18
9165,0.95,1,0.177,16
9166,0.95,1,0.177,11
9167,0.93,1,0.177,8
9168,-0.59,0,0.177,18
9169,-0.66,0,0.177,30
9170,-0.61,0,0.176,19
9171,0.95,1,0.176,5
9172,0.97,1,0.176,5
9173,0.91,1,0.176,13
9174,0.94,1,0.176,6
9175,-0.55,0,0.176,7
9176,0.96,1,0.176,5
9177,0.97,1,0.176,5
9178,0.95,1,0.176,6
9179,-0.56,0,0.176,19
9180,0.83,1,0.176,19
9181,0.94,1,0.176,14
9182,0.92,1,0.175,9
9183,-0.55,0,0.175,8
9184,-0.54,0,0.175,8
9185,0.95,1,0.175,8
9186,0.89,1,0.175,31
9187,-0.55,0,0.175,3
9188,0.93,1,0.175,6
9189,0.93,1,0.175,15
9190,-0.56,0,0.175,17
9191,0.87,1,0.175,22
9192,-0.55,0,0.174,9
9193,0.94,1,0.174,9
9194,-0.66,0,0.174,24
9195,0.96,1,0.174,5
9196,0.93,1,0.174,14
9197,-0.62,0,0.174,13
9198,0.93,1,0.174,9
9199,0.94,1,0.174,9
9200,0.88,1,0.174,16
9201,0.94,1,0.174,11
9202,-0.54,0,0.174,11
9203,-0.55,0,0.173,3
9204,0.94,1,0.173,12
9205,0.94,1,0.173,9
9206,0.96,1,0.173,7
9207,0.96,1,0.173,7
9208,0.97,1,0.173,8
9209,0.77,0,0.173,18
9210,-0.5,0,0.173,8
9211,0.91,1,0.173,19
9212,-0.53,0,0.173,19
9213,-0.57,0,0.173,15
9214,0.93,1,0.172,6
9215,-0.56,0,0.172,5
9216,0.89,1,0.172,22
9217,0.93,1,0.172,6
9218,0.95,1,0.172,4
9219,0.95,1,0.172,10
9220,0.93,1,0.172,10
9221,-0.54,0,0.172,15
9222,0.9,1,0.172,10
9223,-0.55,0,0.172,12
9224,0.94,1,0.172,9
9225,-0.51,0,0.172,12
9226,0.96,1,0.171,18
9227,-0.69,0,0.171,28
9228,-0.59,0,0.171,19
9229,0.94,1,0.171,5
9230,-0.57,0,0.171,17
9231,0.96,1,0.171,12
9232,-0.54,0,0.171,5
9233,0.98,1,0.171,5
9234,-0.59,0,0.171,25
9235,0.96,1,0.17,6
9236,0.91,1,0.17,18
9237,-0.54,0,0.17,5
9238,-0.56,0,0.17,5
9239,0.92,1,0.17,18
9240,0.95,1,0.17,4
9241,0.94,1,0.17,9
9242,0.95,1,0.17,9
9243,0.88,1,0.17,21
9244,0.93,1,0.17,6
9245,-0.63,0,0.17,11
9246,0.94,1,0.17,5
9247,-0.58,0,0.169,25
9248,0.9,1,0.169,16
9249,-0.56,0,0.169,18
9250,-0.52,0,0.169,9
9251,0.96,1,0.169,6
9252,-0.75,0,0.169,19
9253,-0.63,0,0.169,12
9254,0.94,1,0.169,10
9255,0.96,1,0.168,26
9256,-0.54,0,0.168,5
9257,-0.63,0,0.168,15
9258,0.98,1,0.168,4
9259,0.94,1,0.168,8
9260,0.97,1,0.168,7
9261,-0.61,0,0.168,20
9262,-0.55,0,0.168,4
9263,0.96,1,0.168,6
9264,0.82,1,0.168,15
9265,0.95,1,0.168,7
9266,0.85,1,0.168,22
9267,-0.55,0,0.168,4
9268,-0.59,0,0.167,17
9269,0.92,1,0.167,34
9270,0.88,1,0.167,8
9271,-0.55,0,0.167,12
9272,0.93,1,0.167,11
9273,-0.59,0,0.167,13
9274,-0.52,0,0.167,5
9275,-0.53,0,0.167,10
9276,-0.59,0,0.166,25
9277,0.88,1,0.166,17
9278,0.98,1,0.166,7
9279,0.97,1,0.166,3
9280,0.86,1,0.166,21
9281,0.88,1,0.166,19
9282,0.92,1,0.166,12
9283,0.96,1,0.166,12
9284,-0.54,0,0.166,11
9285,0.89,1,0.166,16
9286,0.93,1,0.165,8
9287,-0.56,0,0.165,13
9288,-0.6,0,0.165,24
9289,0.95,1,0.165,4
9290,0.9,1,0.165,26
9291,-0.57,0,0.165,13
9292,0.96,1,0.165,5
9293,0.94,1,0.165,13
9294,0.96,1,0.165,5
9295,-0.67,0,0.165,20
9296,0.87,1,0.164,18
9297,0.82,1,0.164,17
9298,0.96,1,0.164,7
9299,0.9,1,0.164,23
9300,-0.55,0,0.164,4
9301,0.83,1,0.164,14
9302,-0.59,0,0.164,12
9303,0.95,1,0.164,10
9304,0.87,1,0.164,14
9305,0.95,1,0.164,5
9306,0.97,1,0.163,6
9307,0.96,1,0.163,5
9308,0.9,1,0.163,14
9309,0.95,1,0.163,7
9310,-0.57,0,0.163,14
9311,0.95,1,0.163,6
9312,0.97,1,0.163,13
9313,0.97,1,0.163,6
9314,0.94,1,0.163,5
9315,0.91,1,0.163,6
9316,-0.56,0,0.163,18
9317,-0.59,0,0.163,14
9318,0.96,1,0.163,11
9319,0.96,1,0.162,6
9320,0.8,0,0.162,31
9321,0.96,1,0.162,5
9322,-0.59,0,0.162,11
9323,-0.54,0,0.162,18
9324,0.96,1,0.162,5
9325,0.95,1,0.162,23
9326,0.96,1,0.162,8
9327,0.96,1,0.162,17
9328,0.84,1,0.161,17
9329,0.87,1,0.161,21
9330,-0.56,0,0.161,14
9331,-0.57,0,0.161,6
9332,0.94,1,0.161,10
9333,-0.69,0,0.161,17
9334,0.96,1,0.161,7
9335,-0.55,0,0.161,4
9336,0.95,1,0.161,4
9337,0.95,1,0.161,11
9338,-0.6,0,0.161,15
9339,0.91,1,0.16,19
9340,-0.57,0,0.16,12
9341,0.96,1,0.16,8
9342,0.94,1,0.16,3
9343,-0.53,0,0.16,3
9344,0.94,1,0.16,16
9345,0.95,1,0.16,4
9346,-0.55,0,0.16,15
9347,0.9,1,0.16,9
9348,0.94,1,0.16,5
9349,0.95,1,0.16,12
9350,0.92,1,0.16,9
9351,-0.56,0,0.16,10
9352,-0.56,0,0.16,6
9353,0.92,1,0.159,9
9354,0.95,1,0.159,8
9355,0.98,1,0.159,6
9356,0.89,1,0.159,18
9357,-0.58,0,0.159,12
9358,0.95,1,0.159,5
9359,0.97,1,0.159,8
9360,-0.62,0,0.159,19
9361,0.97,1,0.159,5
9362,0.98,1,0.159,9
9363,0.98,1,0.159,5
9364,0.96,1,0.159,17
9365,0.98,1,0.159,6
9366,0.95,1,0.158,10
9367,0.82,1,0.158,26
9368,-0.59,0,0.158,15
9369,0.8,0,0.158,16
9370,-0.65,0,0.158,22
9371,0.96,1,0.158,9
9372,0.93,1,0.158,14
9373,0.93,1,0.158,9
9374,0.96,1,0.158,6
9375,-0.5,0,0.157,15
9376,-0.65,0,0.157,29
9377,-0.65,0,0.157,15
9378,0.92,1,0.157,7
9379,-0.53,0,0.157,11
9380,0.84,1,0.157,18
9381,-0.53,0,0.157,6
9382,0.97,1,0.157,5
9383,-0.55,0,0.157,4
9384,0.92,1,0.157,14
9385,0.94,1,0.156,10
9386,1.0,1,0.156,23
9387,0.95,1,0.156,6
9388,0.98,1,0.156,14
9389,-0.55,0,0.156,15
9390,0.96,1,0.156,16
9391,0.97,1,0.156,6
9392,0.98,1,0.156,5
9393,0.87,1,0.156,24
9394,0.94,1,0.156,5
9395,-0.58,0,0.155,14
9396,0.81,1,0.155,14
9397,0.95,1,0.155,6
9398,0.96,1,0.155,10
9399,-0.51,0,0.155,9
9400,-0.54,0,0.155,5
9401,0.93,1,0.155,6
9402,0.94,1,0.155,10
9403,0.91,1,0.155,12
9404,0.86,1,0.155,21
9405,0.82,1,0.155,17
9406,0.94,1,0.155,5
9407,0.96,1,0.154,11
9408,-0.5,0,0.154,17
9409,0.96,1,0.154,8
9410,0.84,1,0.154,16
9411,0.95,1,0.154,4
9412,0.92,1,0.154,13
9413,0.88,1,0.154,21
9414,0.94,1,0.154,10
9415,0.9,1,0.154,21
9416,0.86,1,0.153,16
9417,-0.65,0,0.153,20
9418,-0.62,0,0.153,22
9419,0.93,1,0.153,9
9420,-0.56,0,0.153,13
9421,0.86,1,0.153,34
9422,0.89,1,0.153,20
9423,0.92,1,0.152,7
9424,-0.56,0,0.152,11
9425,0.93,1,0.152,9
9426,-0.56,0,0.152,14
9427,0.94,1,0.152,6
9428,0.98,1,0.152,9
9429,0.96,1,0.152,5
9430,0.94,1,0.152,5
9431,0.97,1,0.152,6
9432,0.91,1,0.152,6
9433,0.94,1,0.152,10
9434,-0.56,0,0.152,11
9435,-0.55,0,0.152,3
9436,-0.58,0,0.152,21
9437,0.95,1,0.151,4
9438,-0.57,0,0.151,4
9439,0.94,1,0.151,10
9440,0.96,1,0.151,11
9441,-0.53,0,0.151,6
9442,0.93,1,0.151,6
9443,-0.56,0,0.151,9
9444,0.92,1,0.151,13
9445,-0.55,0,0.151,7
9446,0.93,1,0.151,6
9447,0.98,1,0.151,6
9448,0.98,1,0.151,7
9449,0.94,1,0.151,6
9450,0.9,1,0.151,15
9451,0.93,1,0.151,9
9452,0.97,1,0.151,7
9453,-0.62,0,0.15,17
9454,-0.49,0,0.15,16
9455,0.97,1,0.15,6
9456,0.96,1,0.15,13
9457,0.94,1,0.15,3
9458,-0.62,0,0.15,13
9459,0.96,1,0.15,5
9460,0.94,1,0.15,9
9461,-0.55,0,0.15,4
9462,0.76,0,0.15,28
9463,0.88,1,0.149,23
9464,0.98,1,0.149,19
9465,-0.57,0,0.149,5
9466,0.97,1,0.149,15
9467,0.92,1,0.149,7
9468,0.89,1,0.149,9
9469,0.98,1,0.149,5
9470,0.94,1,0.149,5
9471,0.94,1,0.149,6
9472,0.96,1,0.149,11
9473,0.81,1,0.149,16
9474,-0.58,0,0.149,12
9475,0.9,1,0.148,23
9476,0.95,1,0.148,8
9477,-0.58,0,0.148,14
9478,0.93,1,0.148,8
9479,-0.63,0,0.148,20
9480,0.93,1,0.148,10
9481,0.91,1,0.148,24
9482,0.96,1,0.148,8
9483,-0.56,0,0.148,9
9484,0.96,1,0.148,6
9485,-0.51,0,0.148,3
9486,-0.63,0,0.147,10
9487,-0.61,0,0.147,21
9488,-0.57,0,0.147,13
9489,-0.59,0,0.147,20
9490,-0.63,0,0.147,19
9491,0.95,1,0.147,10
9492,0.84,1,0.147,16
9493,0.95,1,0.147,8
9494,0.94,1,0.146,19
9495,0.89,1,0.146,17
9496,0.95,1,0.146,10
9497,-0.54,0,0.146,6
9498,0.96,1,0.146,8
9499,0.96,1,0.146,8
9500,0.96,1,0.146,14
9501,-0.65,0,0.146,29
9502,0.96,1,0.146,7
9503,0.92,1,0.146,7
9504,0.88,1,0.145,15
9505,0.94,1,0.145,12
9506,0.94,1,0.145,5
9507,-0.53,0,0.145,9
9508,-0.62,0,0.145,26
9509,-0.58,0,0.145,6
9510,0.97,1,0.145,5
9511,0.86,1,0.145,16
9512,0.92,1,0.145,17
9513,-0.54,0,0.145,4
9514,-0.55,0,0.145,13
9515,0.94,1,0.144,12
9516,0.95,1,0.144,16
9517,0.9,1,0.144,16
9518,0.89,1,0.144,16
9519,0.94,1,0.144,5
9520,-0.6,0,0.144,16
9521,-0.59,0,0.144,11
9522,-0.54,0,0.144,4
9523,0.97,1,0.144,7
9524,0.96,1,0.144,6
9525,0.89,1,0.144,7
9526,0.87,1,0.144,14
9527,0.92,1,0.143,22
9528,0.91,1,0.143,11
9529,0.87,1,0.143,19
9530,0.94,1,0.143,11
9531,0.94,1,0.143,13
9532,-0.55,0,0.143,27
9533,-0.68,0,0.143,25
9534,-0.56,0,0.142,6
9535,0.97,1,0.142,5
9536,0.97,1,0.142,8
9537,0.94,1,0.142,6
9538,0.94,1,0.142,12
9539,0.92,1,0.142,10
9540,0.84,1,0.142,15
9541,0.95,1,0.142,4
9542,0.92,1,0.142,7
9543,0.95,1,0.142,6
9544,0.91,1,0.142,15
9545,-0.51,0,0.142,4
9546,0.93,1,0.142,6
9547,-0.52,0,0.142,15
9548,0.95,1,0.142,7
9549,0.95,1,0.141,15
9550,0.96,1,0.141,7
9551,0.94,1,0.141,9
9552,-0.58,0,0.141,10
9553,-0.55,0,0.141,4
9554,0.95,1,0.141,4
9555,0.97,1,0.141,6
9556,0.89,1,0.141,17
9557,-0.59,0,0.141,12
9558,0.97,1,0.141,5
9559,0.97,1,0.141,5
9560,0.98,1,0.141,5
9561,-0.55,0,0.141,5
9562,-0.55,0,0.141,4
9563,0.97,1,0.141,8
9564,-0.57,0,0.141,16
9565,0.94,1,0.14,5
9566,-0.54,0,0.14,6
9567,0.95,1,0.14,8
9568,-0.57,0,0.14,4
9569,0.9,1,0.14,22
9570,-0.53,0,0.14,6
9571,0.94,1,0.14,10
9572,0.96,1,0.14,11
9573,0.93,1,0.14,15
9574,0.99,1,0.14,6
9575,0.95,1,0.14,9
9576,0.95,1,0.14,4
9577,0.91,1,0.14,17
9578,0.96,1,0.139,5
9579,0.95,1,0.139,8
9580,1.02,1,0.139,14
9581,-0.65,0,0.139,20
9582,0.98,1,0.139,6
9583,0.95,1,0.139,10
9584,0.91,1,0.139,14
9585,0.94,1,0.139,7
9586,0.9,1,0.139,14
9587,0.94,1,0.139,16
9588,-0.57,0,0.139,15
9589,0.93,1,0.138,11
9590,0.96,1,0.138,5
9591,-0.57,0,0.138,16
9592,0.88,1,0.138,15
9593,0.95,1,0.138,4
9594,-0.58,0,0.138,27
9595,0.82,1,0.138,16
9596,-0.63,0,0.138,8
9597,-0.57,0,0.138,16
9598,0.94,1,0.137,9
9599,-0.51,0,0.137,4
9600,-0.58,0,0.137,13
9601,-0.6,0,0.137,16
9602,-0.59,0,0.137,20
9603,-0.51,0,0.137,14
9604,0.95,1,0.137,8
9605,0.98,1,0.137,9
9606,-0.51,0,0.137,4
9607,-0.55,0,0.137,23
9608,-0.5,0,0.137,4
9609,0.92,1,0.136,15
9610,-0.65,0,0.136,18
9611,0.85,1,0.136,22
9612,0.96,1,0.136,15
9613,0.94,1,0.136,7
9614,0.87,1,0.136,23
9615,0.96,1,0.136,6
9616,-0.53,0,0.136,14
9617,0.88,1,0.136,16
9618,-0.55,0,0.135,18
9619,0.97,1,0.135,9
9620,0.96,1,0.135,25
9621,0.97,1,0.135,5
9622,-0.62,0,0.135,23
9623,0.94,1,0.135,5
9624,0.95,1,0.135,6
9625,-0.56,0,0.135,5
9626,-0.66,0,0.135,21
9627,0.93,1,0.135,10
9628,0.88,1,0.134,17
9629,0.95,1,0.134,6
9630,-0.57,0,0.134,23
9631,0.89,1,0.134,17
9632,-0.56,0,0.134,16
9633,0.92,1,0.134,7
9634,0.93,1,0.134,11
9635,0.85,1,0.134,17
9636,0.97,1,0.134,13
9637,0.94,1,0.133,7
9638,-0.56,0,0.133,14
9639,0.97,1,0.133,7
9640,0.84,1,0.133,16
9641,0.95,1,0.133,4
9642,0.95,1,0.133,6
9643,-0.54,0,0.133,8
9644,0.96,1,0.133,4
9645,-0.55,0,0.133,12
9646,0.86,1,0.133,25
9647,0.96,1,0.133,9
9648,-0.57,0,0.132,28
9649,0.93,1,0.132,6
9650,0.94,1,0.132,6
9651,0.95,1,0.132,6
9652,0.93,1,0.132,15
9653,-0.56,0,0.132,17
9654,0.97,1,0.132,5
9655,0.83,1,0.132,15
9656,0.86,1,0.132,29
9657,-0.54,0,0.132,10
9658,0.95,1,0.131,8
9659,0.96,1,0.131,8
9660,0.96,1,0.131,9
9661,0.96,1,0.131,8
9662,0.96,1,0.131,6
9663,0.96,1,0.131,16
9664,-0.61,0,0.131,23
9665,0.98,1,0.131,6
9666,0.91,1,0.131,14
9667,0.89,1,0.131,16
9668,0.96,1,0.131,7
9669,-0.62,0,0.13,15
9670,-0.62,0,0.13,17
9671,0.96,1,0.13,8
9672,0.97,1,0.13,6
9673,-0.53,0,0.13,6
9674,-0.52,0,0.13,5
9675,0.85,1,0.13,19
9676,-0.62,0,0.13,25
9677,0.96,1,0.13,4
9678,0.97,1,0.13,5
9679,0.93,1,0.13,8
9680,-0.55,0,0.13,4
9681,-0.54,0,0.13,7
9682,0.95,1,0.129,10
9683,0.95,1,0.129,7
9684,0.97,1,0.129,5
9685,0.94,1,0.129,10
9686,-0.55,0,0.129,6
9687,0.96,1,0.129,6
9688,0.96,1,0.129,4
9689,0.81,1,0.129,20
9690,0.92,1,0.129,18
9691,-0.55,0,0.129,19
9692,0.95,1,0.129,15
9693,0.96,1,0.129,5
9694,0.95,1,0.129,6
9695,-0.54,0,0.128,5
9696,-0.65,0,0.128,23
9697,0.96,1,0.128,7
9698,0.86,1,0.128,15
9699,0.95,1,0.128,4
9700,0.97,1,0.128,8
9701,0.97,1,0.128,13
9702,0.95,1,0.128,4
9703,0.88,1,0.128,6
9704,0.93,1,0.128,21
9705,-0.61,0,0.128,19
9706,-0.62,0,0.127,13
9707,0.96,1,0.127,12
9708,0.98,1,0.127,9
9709,0.97,1,0.127,6
9710,0.94,1,0.127,8
9711,-0.52,0,0.127,5
9712,-0.6,0,0.127,22
9713,0.95,1,0.127,6
9714,-0.67,0,0.127,23
9715,0.96,1,0.127,4
9716,-0.6,0,0.127,9
9717,0.86,1,0.126,22
9718,0.94,1,0.126,12
9719,0.94,1,0.126,9
9720,0.92,1,0.126,17
9721,-0.59,0,0.126,7
9722,0.94,1,0.126,3
9723,0.93,1,0.126,6
9724,0.86,1,0.126,19
9725,-0.54,0,0.126,14
9726,0.97,1,0.126,9
9727,-0.59,0,0.126,20
9728,0.86,1,0.125,19
9729,0.95,1,0.125,8
9730,-0.54,0,0.125,4
9731,0.95,1,0.125,11
9732,0.93,1,0.125,18
9733,0.94,1,0.125,9
9734,0.89,1,0.125,19
9735,0.97,1,0.125,15
9736,-0.6,0,0.125,17
9737,0.97,1,0.124,15
9738,0.83,1,0.124,32
9739,0.98,1,0.124,7
9740,-0.52,0,0.124,9
9741,-0.54,0,0.124,4
9742,-0.57,0,0.124,16
9743,-0.53,0,0.124,8
9744,-0.48,0,0.124,6
9745,-0.53,0,0.124,14
9746,0.92,1,0.124,7
9747,0.94,1,0.124,14
9748,-0.51,0,0.123,20
9749,-0.6,0,0.123,24
9750,0.92,1,0.123,7
9751,-0.57,0,0.123,19
9752,-0.57,0,0.123,5
9753,-0.55,0,0.123,15
9754,0.97,1,0.123,8
9755,-0.6,0,0.123,5
9756,-0.56,0,0.123,15
9757,-0.57,0,0.122,14
9758,-0.53,0,0.122,15
9759,-0.5,0,0.122,6
9760,0.93,1,0.122,10
9761,0.93,1,0.122,9
9762,-0.51,0,0.122,4
9763,0.98,1,0.122,6
9764,0.96,1,0.122,7
9765,-0.49,0,0.122,8
9766,-0.6,0,0.122,14
9767,0.97,1,0.122,6
9768,-0.56,0,0.122,16
9769,0.93,1,0.122,11
9770,0.93,1,0.122,8
9771,0.89,1,0.121,5
9772,0.98,1,0.121,4
9773,0.96,1,0.121,6
9774,0.96,1,0.121,7
9775,0.9,1,0.121,15
9776,0.93,1,0.121,23
9777,0.94,1,0.121,6
9778,0.94,1,0.121,5
9779,0.96,1,0.121,7
9780,0.97,1,0.121,6
9781,0.93,1,0.121,7
9782,0.95,1,0.121,6
9783,0.96,1,0.121,7
9784,-0.55,0,0.121,9
9785,-0.55,0,0.121,4
9786,-0.55,0,0.121,3
9787,0.84,1,0.12,19
9788,0.97,1,0.12,8
9789,0.9,1,0.12,25
9790,0.96,1,0.12,6
9791,0.93,1,0.12,9
9792,0.93,1,0.12,8
9793,-0.54,0,0.12,14
9794,-0.52,0,0.12,5
9795,0.94,1,0.12,10
9796,0.96,1,0.12,6
9797,0.91,1,0.12,8
9798,-0.55,0,0.12,17
9799,0.94,1,0.119,14
9800,0.85,1,0.119,16
9801,-0.55,0,0.119,14
9802,0.96,1,0.119,7
9803,-0.53,0,0.119,15
9804,0.94,1,0.119,5
9805,0.96,1,0.119,8
9806,0.96,1,0.119,15
9807,0.91,1,0.119,13
9808,0.96,1,0.119,8
9809,0.89,1,0.118,15
9810,-0.58,0,0.118,19
9811,0.79,0,0.118,24
9812,0.96,1,0.118,8
9813,0.98,1,0.118,5
9814,0.93,1,0.118,9
9815,0.96,1,0.118,5
9816,-0.54,0,0.118,16
9817,0.99,1,0.118,5
9818,-0.61,0,0.118,22
9819,0.97,1,0.118,4
9820,0.84,1,0.117,21
9821,0.93,1,0.117,11
9822,0.93,1,0.117,8
9823,0.86,1,0.117,15
9824,0.97,1,0.117,8
9825,0.94,1,0.117,5
9826,0.86,1,0.117,18
9827,0.81,1,0.117,33
9828,0.85,1,0.116,20
9829,-0.56,0,0.116,5
9830,0.94,1,0.116,9
9831,0.95,1,0.116,5
9832,-0.53,0,0.116,12
9833,0.96,1,0.116,8
9834,0.97,1,0.116,5
9835,-0.53,0,0.116,16
9836,0.82,1,0.116,18
9837,0.97,1,0.116,16
9838,0.94,1,0.116,6
9839,-0.55,0,0.116,4
9840,0.92,1,0.115,16
9841,0.96,1,0.115,5
9842,0.94,1,0.115,9
9843,-0.51,0,0.115,10
9844,0.96,1,0.115,19
9845,0.83,1,0.115,27
9846,0.88,1,0.115,17
9847,0.91,1,0.115,8
9848,-0.51,0,0.115,32
9849,0.97,1,0.114,4
9850,-0.55,0,0.114,17
9851,0.93,1,0.114,10
9852,0.88,1,0.114,15
9853,0.94,1,0.114,8
9854,0.95,1,0.114,9
9855,-0.57,0,0.114,13
9856,0.95,1,0.114,10
9857,0.96,1,0.114,6
9858,0.93,1,0.114,9
9859,0.85,1,0.113,25
9860,0.95,1,0.113,6
9861,0.94,1,0.113,14
9862,0.96,1,0.113,5
9863,0.96,1,0.113,5
9864,0.97,1,0.113,10
9865,-0.7,0,0.113,31
9866,0.95,1,0.113,5
9867,-0.57,0,0.113,9
9868,0.88,1,0.113,20
9869,0.97,1,0.113,9
9870,-0.54,0,0.113,10
9871,-0.46,0,0.112,15
9872,-0.57,0,0.112,6
9873,0.93,1,0.112,6
9874,0.9,1,0.112,23
9875,-0.59,0,0.112,19
9876,0.97,1,0.112,11
9877,0.94,1,0.112,5
9878,0.83,1,0.112,19
9879,0.95,1,0.112,4
9880,0.97,1,0.112,4
9881,0.94,1,0.112,9
9882,0.95,1,0.111,13
9883,-0.55,0,0.111,21
9884,0.97,1,0.111,9
9885,0.96,1,0.111,9
9886,0.96,1,0.111,6
9887,-0.56,0,0.111,5
9888,-0.73,0,0.111,43
9889,0.97,1,0.111,7
9890,0.96,1,0.111,5
9891,-0.55,0,0.111,10
9892,0.95,1,0.11,18
9893,-0.53,0,0.11,13
9894,-0.57,0,0.11,17
9895,-0.61,0,0.11,21
9896,0.94,1,0.11,10
9897,-0.56,0,0.11,13
9898,0.93,1,0.11,9
9899,0.99,1,0.11,18
9900,-0.53,0,0.11,8
9901,0.94,1,0.11,5
9902,0.98,1,0.109,4
9903,0.79,0,0.109,29
9904,-0.63,0,0.109,20
9905,0.96,1,0.109,9
9906,0.95,1,0.109,10
9907,0.9,1,0.109,10
9908,0.96,1,0.109,8
9909,0.93,1,0.109,10
9910,0.96,1,0.109,10
9911,0.89,1,0.109,15
9912,0.96,1,0.108,21
9913,0.88,1,0.108,32
9914,-0.58,0,0.108,22
9915,0.98,1,0.108,5
9916,-0.59,0,0.108,11
9917,-0.54,0,0.108,4
9918,0.98,1,0.108,11
9919,0.96,1,0.108,5
9920,-0.51,0,0.108,12
9921,0.96,1,0.107,24
9922,0.82,1,0.107,23
9923,0.92,1,0.107,12
9924,0.98,1,0.107,25
9925,0.98,1,0.107,5
9926,0.95,1,0.107,5
9927,0.96,1,0.107,9
9928,0.96,1,0.107,6
9929,-0.55,0,0.107,17
9930,0.89,1,0.106,27
9931,0.94,1,0.106,9
9932,0.93,1,0.106,17
9933,0.94,1,0.106,9
9934,0.84,1,0.106,16
9935,0.93,1,0.106,19
9936,-0.52,0,0.106,17
9937,-0.54,0,0.106,13
9938,0.98,1,0.105,6
9939,0.87,1,0.105,20
9940,0.93,1,0.105,10
9941,0.94,1,0.105,6
9942,0.95,1,0.105,10
9943,0.97,1,0.105,10
9944,-0.58,0,0.105,14
9945,0.93,1,0.105,9
9946,0.94,1,0.105,9
9947,0.86,1,0.105,22
9948,-0.54,0,0.105,9
9949,0.95,1,0.104,11
9950,-0.54,0,0.104,6
9951,-0.57,0,0.104,21
9952,0.94,1,0.104,12
9953,0.91,1,0.104,11
9954,0.95,1,0.104,4
9955,0.94,1,0.104,6
9956,0.96,1,0.104,6
9957,0.96,1,0.104,4
9958,0.96,1,0.104,6
9959,-0.58,0,0.104,21
9960,0.93,1,0.104,9
9961,0.95,1,0.104,6
9962,0.93,1,0.103,11
9963,-0.58,0,0.103,19
9964,0.96,1,0.103,9
9965,0.92,1,0.103,7
9966,0.92,1,0.103,19
9967,0.94,1,0.103,12
9968,0.95,1,0.103,14
9969,0.86,1,0.103,17
9970,0.94,1,0.103,6
9971,-0.55,0,0.103,11
9972,0.98,1,0.103,11
9973,0.95,1,0.102,21
9974,-0.52,0,0.102,20
9975,0.96,1,0.102,6
9976,0.98,1,0.102,19
9977,0.94,1,0.102,9
9978,0.95,1,0.102,7
9979,0.94,1,0.102,6
9980,0.91,1,0.102,6
9981,-0.65,0,0.102,24
9982,0.97,1,0.102,4
9983,0.93,1,0.101,9
9984,-0.56,0,0.101,11
9985,0.97,1,0.101,6
9986,0.96,1,0.101,6
9987,-0.61,0,0.101,12
9988,0.95,1,0.101,8
9989,-0.61,0,0.101,32
9990,-0.53,0,0.101,6
9991,0.96,1,0.101,5
9992,-0.62,0,0.101,19
9993,-0.55,0,0.101,5
9994,0.98,1,0.101,5
9995,-0.61,0,0.1,7
9996,0.98,1,0.1,5
9997,0.91,1,0.1,16
9998,0.96,1,0.1,15
9999,0.96,1,0.1,4
10000,0.96,1,0.1,4
10001,0.99,1,0.1,11
10002,0.96,1,0.1,16
10003,0.96,1,0.1,6
10004,0.91,1,0.1,14
10005,0.93,1,0.1,9
10006,0.96,1,0.1,6
10007,0.97,1,0.1,6
10008,0.94,1,0.1,8
10009,0.96,1,0.099,16
10010,0.87,1,0.099,18
10011,-0.58,0,0.099,14
10012,0.96,1,0.099,17
10013,0.97,1,0.099,6
10014,0.96,1,0.099,12
10015,0.97,1,0.099,7
10016,0.98,1,0.099,5
10017,0.93,1,0.099,9
10018,0.93,1,0.099,22
10019,0.93,1,0.098,10
10020,0.94,1,0.098,6
10021,0.95,1,0.098,4
10022,0.98,1,0.098,6
10023,-0.57,0,0.098,25
10024,-0.59,0,0.098,11
10025,-0.57,0,0.098,6
10026,0.86,1,0.098,14
10027,0.96,1,0.098,6
10028,0.87,1,0.098,34
10029,0.98,1,0.097,12
10030,0.89,1,0.097,6
10031,0.96,1,0.097,6
10032,0.96,1,0.097,6
10033,0.91,1,0.097,12
10034,0.95,1,0.097,6
10035,0.97,1,0.097,17
10036,0.87,1,0.097,17
10037,0.95,1,0.097,4
10038,-0.6,0,0.097,10
10039,0.94,1,0.097,5
10040,0.93,1,0.097,6
10041,-0.49,0,0.097,9
10042,0.95,1,0.097,5
10043,0.96,1,0.097,6
10044,0.92,1,0.096,9
10045,0.95,1,0.096,12
10046,0.96,1,0.096,16
10047,0.88,1,0.096,14
10048,0.91,1,0.096,23
10049,-0.53,0,0.096,6
10050,-0.63,0,0.096,17
10051,0.92,1,0.096,8
10052,0.94,1,0.096,5
10053,0.97,1,0.096,5
10054,0.94,1,0.096,19
10055,0.97,1,0.095,4
10056,0.94,1,0.095,12
10057,0.94,1,0.095,10
10058,0.96,1,0.095,18
10059,0.93,1,0.095,35
10060,0.95,1,0.095,9
10061,0.92,1,0.095,14
10062,0.92,1,0.094,34
10063,0.94,1,0.094,10
10064,0.94,1,0.094,8
10065,0.94,1,0.094,5
10066,0.94,1,0.094,5
10067,0.97,1,0.094,5
10068,0.96,1,0.094,8
10069,0.96,1,0.094,9
10070,0.88,1,0.094,16
10071,0.89,1,0.094,19
10072,0.95,1,0.094,8
10073,0.9,1,0.094,17
10074,0.92,1,0.093,15
10075,-0.57,0,0.093,5
10076,0.86,1,0.093,20
10077,-0.56,0,0.093,21
10078,0.93,1,0.093,6
10079,0.94,1,0.093,10
10080,0.94,1,0.093,5
10081,-0.58,0,0.093,16
10082,0.97,1,0.093,5
10083,0.91,1,0.093,19
10084,0.96,1,0.093,8
10085,0.94,1,0.092,9
10086,0.98,1,0.092,9
10087,0.96,1,0.092,9
10088,0.95,1,0.092,7
10089,0.95,1,0.092,13
10090,0.98,1,0.092,5
10091,0.92,1,0.092,9
10092,0.94,1,0.092,5
10093,0.97,1,0.092,6
10094,0.98,1,0.092,4
10095,0.93,1,0.092,10
10096,0.96,1,0.092,5
10097,0.95,1,0.092,6
10098,0.97,1,0.092,20
10099,0.92,1,0.091,15
10100,0.93,1,0.091,6
10101,0.92,1,0.091,35
10102,0.96,1,0.091,8
10103,0.83,1,0.091,18
10104,0.94,1,0.091,5
10105,-0.55,0,0.091,6
10106,0.97,1,0.091,6
10107,0.95,1,0.091,11
10108,0.87,1,0.091,31
10109,0.93,1,0.09,10
10110,0.94,1,0.09,10
10111,0.98,1,0.09,6
10112,0.94,1,0.09,11
10113,0.96,1,0.09,6
10114,0.98,1,0.09,14
10115,0.96,1,0.09,4
10116,0.89,1,0.09,25
10117,0.95,1,0.09,8
10118,0.79,0,0.089,33
10119,0.85,1,0.089,25
10120,-0.57,0,0.089,18
10121,0.94,1,0.089,9
10122,0.95,1,0.089,6
10123,-0.5,0,0.089,7
10124,0.95,1,0.089,10
10125,0.95,1,0.089,8
10126,-0.51,0,0.089,4
10127,0.93,1,0.089,9
10128,0.92,1,0.089,19
10129,0.94,1,0.089,5
10130,0.89,1,0.088,18
10131,0.93,1,0.088,10
10132,0.97,1,0.088,6
10133,0.95,1,0.088,16
10134,0.97,1,0.088,10
10135,0.94,1,0.088,5
10136,0.92,1,0.088,18
10137,-0.58,0,0.088,20
10138,0.96,1,0.088,8
10139,0.95,1,0.088,5
10140,0.93,1,0.088,9
10141,0.95,1,0.087,10
10142,-0.56,0,0.087,13
10143,0.94,1,0.087,16
10144,0.89,1,0.087,14
10145,0.93,1,0.087,6
10146,-0.62,0,0.087,13
10147,-0.56,0,0.087,9
10148,0.95,1,0.087,8
10149,-0.56,0,0.087,16
10150,0.95,1,0.087,10
10151,0.88,1,0.087,10
10152,0.84,1,0.086,14
10153,-0.54,0,0.086,11
10154,-0.55,0,0.086,17
10155,0.9,1,0.086,17
10156,0.83,1,0.086,16
10157,0.96,1,0.086,11
10158,-0.62,0,0.086,16
10159,0.98,1,0.086,20
10160,0.93,1,0.085,12
10161,0.95,1,0.085,7
10162,0.96,1,0.085,8
10163,-0.61,0,0.085,17
10164,0.94,1,0.085,12
10165,0.94,1,0.085,8
10166,-0.57,0,0.085,17
10167,-0.52,0,0.085,15
10168,0.97,1,0.085,6
10169,0.94,1,0.085,9
10170,0.96,1,0.085,7
10171,-0.53,0,0.085,16
10172,0.98,1,0.084,7
10173,-0.59,0,0.084,17
10174,-0.54,0,0.084,4
10175,-0.5,0,0.084,5
10176,-0.56,0,0.084,9
10177,0.97,1,0.084,4
10178,0.94,1,0.084,5
10179,0.94,1,0.084,10
10180,0.97,1,0.084,16
10181,-0.56,0,0.084,5
10182,-0.51,0,0.084,14
10183,0.93,1,0.084,8
10184,0.95,1,0.084,15
10185,0.94,1,0.084,8
10186,-0.54,0,0.083,21
10187,-0.51,0,0.083,9
10188,0.93,1,0.083,16
10189,-0.54,0,0.083,18
10190,0.98,1,0.083,6
10191,0.81,1,0.083,21
10192,0.95,1,0.083,12
10193,-0.6,0,0.083,16
10194,0.95,1,0.082,10
10195,0.96,1,0.082,8
10196,-0.6,0,0.082,17
10197,0.89,1,0.082,24
10198,0.94,1,0.082,3
10199,0.97,1,0.082,5
10200,0.92,1,0.082,22
10201,0.94,1,0.082,7
10202,0.92,1,0.082,16
10203,0.96,1,0.082,5
10204,0.94,1,0.082,8
10205,-0.56,0,0.082,4
10206,-0.73,0,0.081,29
10207,0.9,1,0.081,28
10208,0.96,1,0.081,4
10209,0.97,1,0.081,14
10210,0.89,1,0.081,15
10211,-0.51,0,0.081,11
10212,0.95,1,0.081,9
10213,0.97,1,0.081,5
10214,-0.55,0,0.081,3
10215,0.97,1,0.081,7
10216,0.95,1,0.08,9
10217,0.96,1,0.08,8
10218,-0.49,0,0.08,4
10219,0.98,1,0.08,10
10220,0.95,1,0.08,5
10221,0.88,1,0.08,18
10222,-0.56,0,0.08,21
10223,0.95,1,0.08,10
10224,0.98,1,0.08,10
10225,0.94,1,0.08,15
10226,0.86,1,0.079,26
10227,0.98,1,0.079,24
10228,0.97,1,0.079,11
10229,0.96,1,0.079,13
10230,0.97,1,0.079,5
10231,-0.56,0,0.079,6
10232,0.89,1,0.079,25
10233,-0.77,0,0.079,21
10234,0.97,1,0.079,14
10235,-0.56,0,0.078,24
10236,0.95,1,0.078,4
10237,0.94,1,0.078,7
10238,-0.53,0,0.078,20
10239,-0.54,0,0.078,16
10240,0.88,1,0.078,22
10241,-0.5,0,0.078,19
10242,0.94,1,0.078,11
10243,-0.51,0,0.077,21
10244,-0.52,0,0.077,15
10245,-0.49,0,0.077,13
10246,0.94,1,0.077,8
10247,-0.56,0,0.077,11
10248,0.96,1,0.077,6
10249,-0.54,0,0.077,15
10250,-0.55,0,0.077,15
10251,-0.56,0,0.077,18
10252,-0.56,0,0.077,4
10253,0.97,1,0.077,5
10254,0.96,1,0.076,9
10255,0.97,1,0.076,4
10256,-0.49,0,0.076,4
10257,0.96,1,0.076,4
10258,0.86,1,0.076,26
10259,-0.63,0,0.076,20
10260,0.95,1,0.076,8
10261,-0.53,0,0.076,16
10262,0.96,1,0.076,19
10263,0.98,1,0.076,9
10264,0.96,1,0.076,6
10265,-0.55,0,0.076,4
10266,0.96,1,0.075,6
10267,-0.59,0,0.075,16
10268,0.97,1,0.075,9
10269,0.94,1,0.075,15
10270,0.96,1,0.075,8
10271,0.99,1,0.075,12
10272,-0.52,0,0.075,12
10273,-0.61,0,0.075,33
10274,0.97,1,0.075,8
10275,-0.55,0,0.075,10
10276,0.93,1,0.074,6
10277,0.97,1,0.074,9
10278,0.94,1,0.074,8
10279,0.85,1,0.074,26
10280,0.96,1,0.074,5
10281,-0.58,0,0.074,25
10282,0.97,1,0.074,6
10283,-0.56,0,0.074,5
10284,0.97,1,0.074,13
10285,0.97,1,0.074,7
10286,0.95,1,0.074,10
10287,0.95,1,0.073,5
10288,-0.64,0,0.073,13
10289,0.95,1,0.073,5
10290,-0.56,0,0.073,14
10291,0.97,1,0.073,7
10292,0.96,1,0.073,7
10293,0.96,1,0.073,9
10294,0.98,1,0.073,16
10295,0.94,1,0.073,13
10296,-0.53,0,0.073,8
10297,-0.55,0,0.073,4
10298,-0.58,0,0.073,20
10299,0.97,1,0.073,9
10300,0.98,1,0.072,5
10301,-0.49,0,0.072,10
10302,-0.57,0,0.072,6
10303,0.97,1,0.072,11
10304,0.88,1,0.072,11
10305,-0.58,0,0.072,14
10306,0.99,1,0.072,5
10307,0.92,1,0.072,11
10308,-0.57,0,0.072,15
10309,0.96,1,0.072,10
10310,0.94,1,0.072,10
10311,-0.53,0,0.072,11
10312,0.96,1,0.072,7
10313,0.97,1,0.071,12
10314,-0.56,0,0.071,5
10315,0.9,1,0.071,30
10316,0.97,1,0.071,5
10317,0.93,1,0.071,6
10318,-0.52,0,0.071,11
10319,0.88,1,0.071,25
10320,0.98,1,0.071,6
10321,0.91,1,0.071,20
10322,-0.5,0,0.071,3
10323,0.97,1,0.07,20
10324,0.93,1,0.07,10
10325,0.9,1,0.07,12
10326,-0.54,0,0.07,5
10327,0.95,1,0.07,4
10328,0.84,1,0.07,36
10329,0.94,1,0.07,9
10330,0.94,1,0.07,9
10331,0.97,1,0.07,6
10332,0.94,1,0.07,13
10333,-0.54,0,0.069,17
10334,0.96,1,0.069,6
10335,0.98,1,0.069,6
10336,0.9,1,0.069,17
10337,0.93,1,0.069,18
10338,-0.59,0,0.069,17
10339,0.94,1,0.069,9
10340,-0.56,0,0.069,21
10341,0.97,1,0.069,12
10342,0.95,1,0.069,4
10343,-0.51,0,0.069,3
10344,0.95,1,0.068,17
10345,-0.58,0,0.068,18
10346,0.9,1,0.068,9
10347,0.98,1,0.068,4
10348,0.85,1,0.068,26
10349,0.98,1,0.068,18
10350,-0.53,0,0.068,13
10351,0.94,1,0.068,5
10352,0.93,1,0.068,9
10353,-0.56,0,0.067,15
10354,0.98,1,0.067,6
10355,0.94,1,0.067,14
10356,0.84,1,0.067,26
10357,0.94,1,0.067,8
10358,0.94,1,0.067,12
10359,0.98,1,0.067,6
10360,-0.66,0,0.067,22
10361,-0.52,0,0.067,9
10362,0.94,1,0.067,6
10363,0.95,1,0.067,11
10364,0.99,1,0.066,14
10365,0.88,1,0.066,22
10366,0.97,1,0.066,12
10367,0.94,1,0.066,6
10368,0.97,1,0.066,21
10369,0.94,1,0.066,19
10370,0.95,1,0.066,4
10371,0.93,1,0.066,6
10372,0.96,1,0.066,5
10373,0.97,1,0.066,8
10374,-0.51,0,0.066,11
10375,0.98,1,0.065,15
10376,0.97,1,0.065,14
10377,0.95,1,0.065,6
10378,-0.56,0,0.065,12
10379,0.95,1,0.065,4
10380,0.94,1,0.065,9
10381,0.98,1,0.065,5
10382,0.93,1,0.065,9
10383,0.94,1,0.065,5
10384,0.95,1,0.065,12
10385,0.98,1,0.065,6
10386,-0.5,0,0.065,17
10387,0.89,1,0.064,19
10388,0.97,1,0.064,6
10389,-0.58,0,0.064,14
10390,0.95,1,0.064,8
10391,0.96,1,0.064,5
10392,0.96,1,0.064,6
10393,0.98,1,0.064,8
10394,-0.51,0,0.064,4
10395,0.94,1,0.064,10
10396,0.96,1,0.064,8
10397,0.98,1,0.064,6
10398,0.97,1,0.064,15
10399,0.96,1,0.064,10
10400,-0.57,0,0.064,15
10401,0.9,1,0.063,18
10402,-0.6,0,0.063,25
10403,0.98,1,0.063,5
10404,0.9,1,0.063,16
10405,0.98,1,0.063,5
10406,-0.55,0,0.063,14
10407,-0.55,0,0.063,8
10408,0.76,0,0.063,28
10409,0.98,1,0.063,5
10410,0.95,1,0.063,4
10411,0.95,1,0.062,23
10412,0.97,1,0.062,5
10413,0.98,1,0.062,6
10414,0.93,1,0.062,20
10415,0.96,1,0.062,19
10416,0.94,1,0.062,18
10417,0.95,1,0.062,5
10418,0.95,1,0.062,8
10419,0.96,1,0.062,24
10420,-0.51,0,0.061,11
10421,0.97,1,0.061,3
10422,0.92,1,0.061,5
10423,0.95,1,0.061,10
10424,0.93,1,0.061,13
10425,-0.61,0,0.061,29
10426,0.98,1,0.061,8
10427,0.92,1,0.061,5
10428,-0.57,0,0.061,16
10429,0.94,1,0.061,9
10430,-0.57,0,0.061,15
10431,0.93,1,0.06,24
10432,0.96,1,0.06,6
10433,0.95,1,0.06,10
10434,0.97,1,0.06,6
10435,0.95,1,0.06,6
10436,-0.56,0,0.06,19
10437,0.89,1,0.06,21
10438,0.96,1,0.06,6
10439,0.88,1,0.06,21
10440,0.97,1,0.06,10
10441,0.96,1,0.059,24
10442,-0.56,0,0.059,27
10443,0.97,1,0.059,8
10444,0.94,1,0.059,5
10445,0.97,1,0.059,5
10446,-0.53,0,0.059,14
10447,0.96,1,0.059,9
10448,0.88,1,0.059,20
10449,0.93,1,0.059,12
10450,0.96,1,0.058,7
10451,0.96,1,0.058,9
10452,0.94,1,0.058,9
10453,0.95,1,0.058,4
10454,0.87,1,0.058,17
10455,-0.55,0,0.058,17
10456,0.95,1,0.058,8
10457,0.95,1,0.058,8
10458,0.97,1,0.058,5
10459,0.97,1,0.058,6
10460,-0.55,0,0.058,5
10461,-0.52,0,0.058,13
10462,0.95,1,0.058,18
10463,0.97,1,0.058,5
10464,0.95,1,0.057,14
10465,0.96,1,0.057,6
10466,0.89,1,0.057,22
10467,-0.55,0,0.057,22
10468,0.94,1,0.057,5
10469,0.92,1,0.057,14
10470,0.94,1,0.057,5
10471,0.96,1,0.057,8
10472,0.95,1,0.057,4
10473,0.95,1,0.057,9
10474,0.96,1,0.057,8
10475,0.94,1,0.056,9
10476,0.96,1,0.056,8
10477,1.0,1,0.056,21
10478,-0.57,0,0.056,14
10479,0.96,1,0.056,10
10480,0.91,1,0.056,22
10481,0.94,1,0.056,10
10482,0.99,1,0.056,5
10483,0.94,1,0.056,18
10484,0.97,1,0.056,8
10485,1.0,1,0.055,17
10486,0.94,1,0.055,7
10487,0.95,1,0.055,15
10488,-0.59,0,0.055,19
10489,0.96,1,0.055,5
10490,-0.57,0,0.055,14
10491,0.94,1,0.055,11
10492,0.94,1,0.055,8
10493,0.92,1,0.055,11
10494,0.96,1,0.055,7
10495,-0.56,0,0.055,5
10496,-0.57,0,0.054,20
10497,0.96,1,0.054,9
10498,0.94,1,0.054,5
10499,0.96,1,0.054,13
10500,0.97,1,0.054,6
10501,0.97,1,0.054,5
10502,0.94,1,0.054,5
10503,0.94,1,0.054,9
10504,0.98,1,0.054,15
10505,0.94,1,0.054,9
10506,0.96,1,0.054,6
10507,-0.62,0,0.054,23
10508,0.96,1,0.054,6
10509,0.93,1,0.054,9
10510,-0.51,0,0.053,19
10511,0.85,1,0.053,17
10512,-0.53,0,0.053,6
10513,0.95,1,0.053,16
10514,0.96,1,0.053,6
10515,0.94,1,0.053,5
10516,0.97,1,0.053,5
10517,-0.58,0,0.053,24
10518,0.98,1,0.053,8
10519,0.93,1,0.053,12
10520,0.96,1,0.053,11
10521,0.94,1,0.052,9
10522,0.96,1,0.052,6
10523,-0.57,0,0.052,14
10524,0.95,1,0.052,14
10525,-0.6,0,0.052,19
10526,0.97,1,0.052,8
10527,-0.57,0,0.052,14
10528,0.98,1,0.052,5
10529,0.94,1,0.052,12
10530,0.95,1,0.052,11
10531,0.95,1,0.052,8
10532,0.95,1,0.052,4
10533,0.75,0,0.051,26
10534,0.9,1,0.051,22
10535,0.89,1,0.051,10
10536,0.94,1,0.051,9
10537,-0.62,0,0.051,15
10538,0.89,1,0.051,17
10539,0.94,1,0.051,11
10540,0.98,1,0.051,6
10541,0.97,1,0.051,8
10542,0.98,1,0.05,9
10543,-0.61,0,0.05,21
10544,0.97,1,0.05,8
10545,0.93,1,0.05,14
10546,0.89,1,0.05,18
10547,0.95,1,0.05,7
10548,0.91,1,0.05,15
10549,0.96,1,0.05,9
10550,0.95,1,0.05,12
10551,-0.58,0,0.05,19
10552,0.88,1,0.05,22
10553,0.97,1,0.05,8
10554,0.94,1,0.05,8
10555,0.97,1,0.05,5
10556,-0.58,0,0.05,24
10557,-0.48,0,0.05,6
10558,0.95,1,0.05,17
10559,0.93,1,0.05,11
10560,0.96,1,0.05,5
10561,-0.57,0,0.05,18
10562,0.97,1,0.05,6
10563,0.94,1,0.05,5
10564,0.97,1,0.05,5
10565,0.93,1,0.05,9
10566,0.98,1,0.05,5
10567,0.94,1,0.05,6
10568,0.96,1,0.05,16
10569,0.91,1,0.05,10
10570,0.96,1,0.05,11
10571,0.95,1,0.05,8
10572,0.94,1,0.05,11
10573,0.82,1,0.05,18
10574,0.98,1,0.05,6
10575,0.93,1,0.05,10
10576,0.92,1,0.05,7
10577,0.97,1,0.05,8
10578,0.98,1,0.05,5
10579,0.95,1,0.05,9
10580,-0.61,0,0.05,23
10581,0.94,1,0.05,6
10582,0.94,1,0.05,5
10583,0.95,1,0.05,10
10584,0.98,1,0.05,6
10585,0.95,1,0.05,7
10586,0.94,1,0.05,10
10587,0.96,1,0.05,6
10588,-0.57,0,0.05,6
10589,-0.59,0,0.05,15
10590,0.97,1,0.05,5
10591,0.87,1,0.05,23
10592,0.95,1,0.05,7
10593,0.93,1,0.05,12
10594,0.96,1,0.05,16
10595,-0.54,0,0.05,14
10596,0.98,1,0.05,12
10597,0.94,1,0.05,5
10598,0.95,1,0.05,6
10599,0.93,1,0.05,10
10600,0.87,1,0.05,22
10601,0.94,1,0.05,5
10602,0.96,1,0.05,9
10603,0.94,1,0.05,9
10604,0.96,1,0.05,16
10605,0.87,1,0.05,17
10606,0.95,1,0.05,12
10607,0.96,1,0.05,11
10608,0.97,1,0.05,19
10609,0.95,1,0.05,9
10610,0.94,1,0.05,9
10611,0.96,1,0.05,9
10612,0.96,1,0.05,8
10613,0.97,1,0.05,8
10614,0.89,1,0.05,25
10615,-0.52,0,0.05,12
10616,0.95,1,0.05,14
10617,0.92,1,0.05,10
10618,0.92,1,0.05,11
10619,0.94,1,0.05,7
10620,0.96,1,0.05,9
10621,0.93,1,0.05,10
10622,0.97,1,0.05,10
10623,0.94,1,0.05,9
10624,0.96,1,0.05,14
10625,0.94,1,0.05,11
10626,-0.55,0,0.05,4
10627,0.93,1,0.05,13
10628,0.94,1,0.05,9
10629,0.95,1,0.05,5
10630,0.95,1,0.05,16
10631,0.95,1,0.05,4
10632,0.96,1,0.05,6
10633,0.94,1,0.05,5
10634,0.85,1,0.05,21
10635,0.95,1,0.05,6
10636,0.92,1,0.05,7
10637,0.94,1,0.05,9
10638,-0.55,0,0.05,12
10639,0.86,1,0.05,34
10640,0.96,1,0.05,6
10641,-0.57,0,0.05,5
10642,0.93,1,0.05,10
10643,0.95,1,0.05,5
10644,0.92,1,0.05,14
10645,0.95,1,0.05,9
10646,0.94,1,0.05,9
10647,0.94,1,0.05,12
10648,0.92,1,0.05,7
10649,0.98,1,0.05,13
10650,0.89,1,0.05,31
10651,0.94,1,0.05,5
10652,0.94,1,0.05,5
10653,0.95,1,0.05,4
10654,-0.62,0,0.05,16
10655,0.95,1,0.05,7
10656,0.97,1,0.05,19
10657,0.89,1,0.05,14
10658,0.94,1,0.05,10
10659,0.95,1,0.05,6
10660,0.97,1,0.05,14
10661,-0.56,0,0.05,13
10662,0.98,1,0.05,15
10663,0.97,1,0.05,6
10664,0.92,1,0.05,10
10665,0.94,1,0.05,12
10666,0.92,1,0.05,7
10667,0.96,1,0.05,14
10668,0.9,1,0.05,5
10669,0.97,1,0.05,10
10670,-0.58,0,0.05,31
10671,0.94,1,0.05,8
10672,0.94,1,0.05,17
10673,-0.53,0,0.05,16
10674,0.98,1,0.05,5
10675,-0.52,0,0.05,15
10676,0.82,1,0.05,27
10677,0.94,1,0.05,7
10678,0.97,1,0.05,6
10679,-0.54,0,0.05,12
10680,0.96,1,0.05,16
10681,-0.58,0,0.05,7
10682,0.98,1,0.05,17
10683,-0.6,0,0.05,11
10684,0.96,1,0.05,6
10685,0.87,1,0.05,17
10686,0.97,1,0.05,8
10687,-0.53,0,0.05,4
10688,0.95,1,0.05,12
10689,0.95,1,0.05,4
10690,0.93,1,0.05,10
10691,-0.58,0,0.05,18
10692,0.93,1,0.05,9
10693,0.93,1,0.05,10
10694,0.93,1,0.05,9
10695,0.93,1,0.05,8
10696,0.97,1,0.05,10
10697,-0.67,0,0.05,22
10698,0.94,1,0.05,5
10699,-0.57,0,0.05,5
10700,0.97,1,0.05,13
10701,0.94,1,0.05,7
10702,0.97,1,0.05,6
10703,0.98,1,0.05,9
10704,0.95,1,0.05,4
10705,0.91,1,0.05,13
10706,0.97,1,0.05,5
10707,0.98,1,0.05,21
10708,0.96,1,0.05,6
10709,0.96,1,0.05,9
10710,0.96,1,0.05,9
10711,0.96,1,0.05,6
10712,-0.63,0,0.05,28
10713,0.95,1,0.05,6
10714,0.97,1,0.05,5
10715,0.95,1,0.05,6
10716,-0.63,0,0.05,29
10717,0.97,1,0.05,5
10718,0.98,1,0.05,4
10719,-0.53,0,0.05,14
10720,0.96,1,0.05,10
10721,0.96,1,0.05,6
10722,0.95,1,0.05,18
10723,-0.52,0,0.05,5
10724,0.95,1,0.05,18
10725,0.95,1,0.05,5
10726,-0.56,0,0.05,5
10727,0.84,1,0.05,17
10728,-0.56,0,0.05,5
10729,-0.55,0,0.05,4
10730,0.94,1,0.05,5
10731,0.97,1,0.05,8
10732,0.95,1,0.05,5
10733,-0.74,0,0.05,28
10734,0.97,1,0.05,12
10735,0.92,1,0.05,17
10736,0.96,1,0.05,8
10737,0.94,1,0.05,11
10738,0.97,1,0.05,14
10739,0.94,1,0.05,12
10740,0.92,1,0.05,21
10741,0.97,1,0.05,19
10742,0.97,1,0.05,5
10743,0.98,1,0.05,24
10744,-0.52,0,0.05,11
10745,0.97,1,0.05,7
10746,0.96,1,0.05,9
10747,0.92,1,0.05,22
10748,-0.59,0,0.05,22
10749,0.95,1,0.05,4
10750,0.95,1,0.05,7
10751,0.95,1,0.05,8
10752,0.96,1,0.05,9
10753,-0.51,0,0.05,4
10754,0.95,1,0.05,4
10755,0.97,1,0.05,10
10756,0.97,1,0.05,10
10757,0.98,1,0.05,5
10758,0.97,1,0.05,6
10759,-0.51,0,0.05,4
10760,0.95,1,0.05,13
10761,0.95,1,0.05,11
10762,0.96,1,0.05,19
10763,0.96,1,0.05,16
10764,0.95,1,0.05,7
10765,-0.59,0,0.05,19
10766,0.94,1,0.05,5
10767,0.95,1,0.05,8
10768,0.83,1,0.05,38
10769,-0.57,0,0.05,16
10770,0.97,1,0.05,3
10771,0.95,1,0.05,5
10772,0.95,1,0.05,17
10773,0.86,1,0.05,22
10774,0.94,1,0.05,23
10775,0.96,1,0.05,6
10776,-0.53,0,0.05,15
10777,0.93,1,0.05,11
10778,-0.51,0,0.05,17
10779,0.94,1,0.05,18
10780,0.95,1,0.05,7
10781,0.95,1,0.05,13
10782,-0.52,0,0.05,13
10783,0.91,1,0.05,14
10784,0.96,1,0.05,8
10785,0.94,1,0.05,12
10786,0.86,1,0.05,14
10787,0.96,1,0.05,7
10788,0.99,1,0.05,7
10789,0.92,1,0.05,18
10790,0.87,1,0.05,17
10791,0.97,1,0.05,11
10792,0.96,1,0.05,6
10793,0.98,1,0.05,13
10794,-0.57,0,0.05,8
10795,0.97,1,0.05,11
10796,0.93,1,0.05,10
10797,0.96,1,0.05,9
10798,0.97,1,0.05,10
10799,0.97,1,0.05,5
10800,-0.61,0,0.05,16
10801,0.97,1,0.05,5
10802,0.96,1,0.05,6
10803,0.97,1,0.05,16
10804,0.94,1,0.05,8
10805,0.96,1,0.05,8
10806,1.0,1,0.05,17
10807,0.99,1,0.05,17
10808,0.93,1,0.05,6
10809,0.96,1,0.05,5
10810,0.96,1,0.05,11
10811,0.96,1,0.05,13
10812,0.92,1,0.05,13
10813,0.95,1,0.05,8
10814,0.96,1,0.05,6
10815,0.96,1,0.05,6
10816,0.95,1,0.05,4
10817,0.95,1,0.05,17
10818,-0.6,0,0.05,19
10819,0.85,1,0.05,24
10820,0.94,1,0.05,5
10821,0.95,1,0.05,8
10822,0.93,1,0.05,12
10823,0.96,1,0.05,17
10824,0.94,1,0.05,20
10825,0.95,1,0.05,24
10826,-0.56,0,0.05,4
10827,0.96,1,0.05,6
10828,-0.64,0,0.05,34
10829,0.96,1,0.05,6
10830,0.97,1,0.05,11
10831,0.9,1,0.05,19
10832,0.94,1,0.05,12
10833,0.95,1,0.05,4
10834,0.93,1,0.05,10
10835,0.98,1,0.05,6
10836,0.94,1,0.05,6
10837,0.95,1,0.05,10
10838,0.94,1,0.05,12
10839,0.9,1,0.05,17
10840,0.97,1,0.05,8
10841,0.97,1,0.05,9
10842,0.91,1,0.05,8
10843,0.96,1,0.05,11
10844,0.93,1,0.05,9
10845,0.97,1,0.05,6
10846,0.96,1,0.05,10
10847,0.97,1,0.05,8
10848,-0.56,0,0.05,17
10849,0.95,1,0.05,9
10850,0.89,1,0.05,16
10851,0.9,1,0.05,22
10852,0.97,1,0.05,10
10853,0.94,1,0.05,20
10854,0.97,1,0.05,5
10855,0.97,1,0.05,7
10856,0.97,1,0.05,9
10857,0.96,1,0.05,6
10858,0.97,1,0.05,9
10859,0.94,1,0.05,13
10860,0.96,1,0.05,12
10861,0.93,1,0.05,17
10862,0.92,1,0.05,12
10863,0.95,1,0.05,10
10864,-0.51,0,0.05,5
10865,0.98,1,0.05,21
10866,-0.54,0,0.05,10
10867,0.96,1,0.05,9
10868,0.85,1,0.05,25
10869,0.91,1,0.05,17
10870,0.93,1,0.05,11
10871,0.97,1,0.05,10
10872,0.92,1,0.05,7
10873,0.95,1,0.05,16
10874,0.95,1,0.05,8
10875,0.95,1,0.05,7
10876,0.95,1,0.05,6
10877,0.84,1,0.05,35
10878,0.94,1,0.05,17
10879,-0.56,0,0.05,18
10880,0.96,1,0.05,14
10881,-0.52,0,0.05,6
10882,0.94,1,0.05,6
10883,0.96,1,0.05,6
10884,0.91,1,0.05,8
10885,0.93,1,0.05,19
10886,0.96,1,0.05,6
10887,0.94,1,0.05,14
10888,0.96,1,0.05,9
10889,0.91,1,0.05,16
10890,0.83,1,0.05,19
10891,0.95,1,0.05,10
10892,0.96,1,0.05,6
10893,0.94,1,0.05,10
10894,0.87,1,0.05,20
10895,0.96,1,0.05,9
10896,0.96,1,0.05,4
10897,0.97,1,0.05,5
10898,-0.55,0,0.05,3
10899,0.96,1,0.05,5
10900,0.97,1,0.05,6
10901,0.95,1,0.05,10
10902,1.0,1,0.05,13
10903,0.96,1,0.05,13
10904,0.95,1,0.05,13
10905,0.95,1,0.05,7
10906,0.96,1,0.05,6
10907,0.96,1,0.05,9
10908,0.94,1,0.05,11
10909,0.94,1,0.05,5
10910,0.96,1,0.05,6
10911,0.94,1,0.05,5
10912,0.85,1,0.05,27
10913,-0.55,0,0.05,3
10914,0.95,1,0.05,6
10915,0.98,1,0.05,16
10916,-0.53,0,0.05,18
10917,0.81,1,0.05,37
10918,0.92,1,0.05,9
10919,0.94,1,0.05,9
10920,0.94,1,0.05,5
10921,0.96,1,0.05,17
10922,0.96,1,0.05,11
10923,0.97,1,0.05,6
10924,0.94,1,0.05,5
10925,1.01,1,0.05,24
10926,0.96,1,0.05,11
10927,0.94,1,0.05,10
10928,0.96,1,0.05,18
10929,0.97,1,0.05,3
10930,0.95,1,0.05,4
10931,0.95,1,0.05,4
10932,0.96,1,0.05,8
10933,0.96,1,0.05,6
10934,0.95,1,0.05,7
10935,0.95,1,0.05,14
10936,0.96,1,0.05,9
10937,0.93,1,0.05,12
10938,0.96,1,0.05,5
10939,0.89,1,0.05,14
10940,0.97,1,0.05,3
10941,0.94,1,0.05,18
10942,-0.61,0,0.05,15
10943,0.97,1,0.05,8
10944,-0.55,0,0.05,4
10945,0.98,1,0.05,10
10946,0.95,1,0.05,5
10947,0.94,1,0.05,11
10948,0.94,1,0.05,9
10949,0.97,1,0.05,11
10950,0.96,1,0.05,14
10951,0.95,1,0.05,9
10952,0.96,1,0.05,16
10953,0.86,1,0.05,16
10954,0.94,1,0.05,11
10955,0.95,1,0.05,6
10956,0.96,1,0.05,6
10957,0.98,1,0.05,22
10958,0.93,1,0.05,10
10959,0.95,1,0.05,22
10960,0.94,1,0.05,13
10961,-0.61,0,0.05,31
10962,0.97,1,0.05,13
10963,0.97,1,0.05,16
10964,0.79,0,0.05,19
10965,0.95,1,0.05,27
10966,0.86,1,0.05,26
10967,-0.61,0,0.05,36
10968,0.94,1,0.05,10
10969,0.95,1,0.05,8
10970,0.98,1,0.05,12
10971,0.97,1,0.05,19
10972,-0.63,0,0.05,21
10973,0.96,1,0.05,11
10974,0.94,1,0.05,5
10975,0.98,1,0.05,9
10976,-0.57,0,0.05,6
10977,0.97,1,0.05,25
10978,0.94,1,0.05,13
10979,0.92,1,0.05,7
10980,0.94,1,0.05,6
10981,0.95,1,0.05,15
10982,-0.6,0,0.05,20
10983,0.95,1,0.05,14
10984,0.95,1,0.05,10
10985,0.96,1,0.05,5
10986,0.95,1,0.05,4
10987,0.96,1,0.05,8
10988,0.93,1,0.05,10
10989,0.86,1,0.05,25
10990,0.95,1,0.05,9
10991,0.94,1,0.05,9
10992,0.96,1,0.05,5
10993,0.94,1,0.05,5
10994,0.92,1,0.05,11
10995,0.94,1,0.05,10
10996,0.96,1,0.05,8
10997,0.97,1,0.05,5
10998,0.95,1,0.05,11
10999,0.95,1,0.05,19
11000,0.96,1,0.05,6
11001,0.95,1,0.05,4
11002,0.83,1,0.05,21
11003,0.95,1,0.05,8
11004,0.93,1,0.05,11
11005,0.95,1,0.05,7
11006,0.96,1,0.05,8
11007,0.97,1,0.05,8
11008,0.97,1,0.05,18
11009,-0.51,0,0.05,5
11010,0.97,1,0.05,5
11011,0.9,1,0.05,17
11012,0.97,1,0.05,8
11013,0.96,1,0.05,5
11014,0.96,1,0.05,7
11015,0.88,1,0.05,27
11016,0.94,1,0.05,5
11017,0.97,1,0.05,10
11018,-0.54,0,0.05,7
11019,0.93,1,0.05,8
11020,0.9,1,0.05,15
11021,-0.57,0,0.05,19
11022,-0.57,0,0.05,15
11023,0.92,1,0.05,18
11024,0.97,1,0.05,9
11025,0.96,1,0.05,5
11026,0.98,1,0.05,17
11027,0.95,1,0.05,17
11028,0.96,1,0.05,9
11029,0.94,1,0.05,8
11030,-0.53,0,0.05,4
11031,0.95,1,0.05,12
11032,-0.57,0,0.05,13
11033,0.95,1,0.05,19
11034,-0.53,0,0.05,3
11035,0.92,1,0.05,12
11036,0.95,1,0.05,9
11037,-0.54,0,0.05,10
11038,0.95,1,0.05,7
11039,0.98,1,0.05,22
11040,0.95,1,0.05,10
11041,0.96,1,0.05,11
11042,0.94,1,0.05,10
11043,-0.54,0,0.05,12
11044,0.94,1,0.05,8
11045,0.96,1,0.05,6
11046,0.96,1,0.05,4
11047,0.93,1,0.05,17
11048,0.96,1,0.05,6
11049,0.96,1,0.05,9
11050,0.97,1,0.05,5
11051,0.95,1,0.05,5
11052,0.98,1,0.05,5
11053,0.95,1,0.05,7
11054,-0.58,0,0.05,22
11055,0.97,1,0.05,5
11056,0.96,1,0.05,11
11057,0.96,1,0.05,5
11058,0.97,1,0.05,7
11059,0.97,1,0.05,8
11060,0.94,1,0.05,13
11061,-0.65,0,0.05,24
11062,0.97,1,0.05,4
11063,0.96,1,0.05,14
11064,-0.56,0,0.05,9
11065,0.97,1,0.05,5
11066,0.95,1,0.05,6
11067,-0.61,0,0.05,13
11068,0.9,1,0.05,10
11069,0.96,1,0.05,11
11070,0.96,1,0.05,5
11071,0.94,1,0.05,10
11072,0.88,1,0.05,17
11073,0.97,1,0.05,5
11074,0.97,1,0.05,19
11075,-0.62,0,0.05,19
11076,0.95,1,0.05,4
11077,-0.56,0,0.05,10
11078,0.95,1,0.05,5
11079,0.96,1,0.05,6
11080,-0.51,0,0.05,4
11081,0.95,1,0.05,11
11082,0.96,1,0.05,4
11083,0.95,1,0.05,22
11084,0.94,1,0.05,7
11085,0.97,1,0.05,11
11086,0.9,1,0.05,21
11087,-0.56,0,0.05,5
11088,0.88,1,0.05,14
11089,0.88,1,0.05,22
11090,0.98,1,0.05,10
11091,0.88,1,0.05,6
11092,0.95,1,0.05,14
11093,0.95,1,0.05,8
11094,0.94,1,0.05,7
11095,0.94,1,0.05,5
11096,0.96,1,0.05,8
11097,0.96,1,0.05,4
11098,0.95,1,0.05,7
11099,0.9,1,0.05,23
11100,0.95,1,0.05,15
11101,0.98,1,0.05,12
11102,-0.52,0,0.05,16
11103,0.96,1,0.05,10
11104,0.97,1,0.05,5
11105,-0.52,0,0.05,5
11106,0.92,1,0.05,24
11107,0.95,1,0.05,5
11108,0.93,1,0.05,19
11109,0.97,1,0.05,5
11110,0.97,1,0.05,3
11111,0.98,1,0.05,5
11112,0.93,1,0.05,13
11113,0.95,1,0.05,8
11114,0.98,1,0.05,5
11115,0.95,1,0.05,8
11116,0.93,1,0.05,12
11117,0.97,1,0.05,3
11118,0.97,1,0.05,7
11119,0.93,1,0.05,14
11120,0.98,1,0.05,18
11121,0.95,1,0.05,6
11122,0.95,1,0.05,17
11123,0.97,1,0.05,13
11124,0.94,1,0.05,16
11125,0.94,1,0.05,8
11126,0.92,1,0.05,15
11127,0.93,1,0.05,8
11128,0.93,1,0.05,17
11129,0.94,1,0.05,8
11130,0.88,1,0.05,29
11131,0.95,1,0.05,5
11132,0.93,1,0.05,23
11133,0.96,1,0.05,4
11134,-0.55,0,0.05,10
11135,0.95,1,0.05,23
11136,-0.55,0,0.05,13
11137,0.93,1,0.05,13
11138,0.95,1,0.05,9
11139,0.88,1,0.05,18
11140,-0.57,0,0.05,24
11141,-0.53,0,0.05,13
11142,0.95,1,0.05,4
11143,0.98,1,0.05,9
11144,-0.61,0,0.05,22
11145,0.92,1,0.05,11
11146,0.98,1,0.05,6
11147,0.95,1,0.05,9
11148,0.95,1,0.05,5
11149,-0.57,0,0.05,7
11150,0.96,1,0.05,15
11151,-0.55,0,0.05,5
11152,0.97,1,0.05,4
11153,0.92,1,0.05,14
11154,-0.64,0,0.05,28
11155,-0.53,0,0.05,5
11156,0.94,1,0.05,8
11157,0.98,1,0.05,5
11158,0.97,1,0.05,5
11159,0.97,1,0.05,5
11160,-0.57,0,0.05,7
11161,0.97,1,0.05,5
11162,-0.63,0,0.05,13
11163,0.94,1,0.05,7
11164,0.94,1,0.05,15
11165,-0.5,0,0.05,4
11166,-0.55,0,0.05,27
11167,1.0,1,0.05,9
11168,0.97,1,0.05,8
11169,0.93,1,0.05,6
11170,0.97,1,0.05,18
11171,0.9,1,0.05,15
11172,0.94,1,0.05,10
11173,0.96,1,0.05,6
11174,0.86,1,0.05,23
11175,0.92,1,0.05,11
11176,0.98,1,0.05,23
11177,0.96,1,0.05,4
11178,0.96,1,0.05,6
11179,0.95,1,0.05,21
11180,0.93,1,0.05,8
11181,0.94,1,0.05,5
11182,0.95,1,0.05,14
11183,0.96,1,0.05,9
11184,-0.61,0,0.05,24
11185,0.97,1,0.05,10
11186,-0.54,0,0.05,16
11187,0.95,1,0.05,9
11188,0.94,1,0.05,7
11189,0.96,1,0.05,13
11190,0.96,1,0.05,8
11191,0.94,1,0.05,8
11192,0.96,1,0.05,5
11193,0.95,1,0.05,9
11194,0.97,1,0.05,22
11195,0.97,1,0.05,8
11196,0.92,1,0.05,9
11197,0.97,1,0.05,11
11198,0.95,1,0.05,7
11199,0.96,1,0.05,5
11200,0.97,1,0.05,6
11201,0.96,1,0.05,6
11202,0.92,1,0.05,12
11203,-0.57,0,0.05,18
11204,-0.58,0,0.05,18
11205,0.92,1,0.05,15
11206,0.8,0,0.05,31
11207,0.92,1,0.05,23
11208,0.94,1,0.05,5
11209,0.96,1,0.05,6
11210,0.89,1,0.05,22
11211,0.97,1,0.05,7
11212,0.97,1,0.05,9
11213,0.95,1,0.05,8
11214,0.94,1,0.05,16
11215,-0.53,0,0.05,16
11216,0.92,1,0.05,17
11217,0.94,1,0.05,9
11218,0.93,1,0.05,11
11219,-0.56,0,0.05,15
11220,0.91,1,0.05,17
11221,0.94,1,0.05,5
11222,-0.56,0,0.05,4
11223,-0.57,0,0.05,5
11224,0.9,1,0.05,20
11225,0.98,1,0.05,11
11226,0.91,1,0.05,15
11227,0.99,1,0.05,16
11228,0.94,1,0.05,9
11229,0.94,1,0.05,16
11230,0.98,1,0.05,11
11231,0.97,1,0.05,5
11232,0.96,1,0.05,6
11233,0.96,1,0.05,6
11234,0.97,1,0.05,12
11235,0.93,1,0.05,8
11236,0.96,1,0.05,5
11237,0.92,1,0.05,12
11238,0.94,1,0.05,13
11239,0.94,1,0.05,39
11240,0.95,1,0.05,7
11241,0.95,1,0.05,12
11242,0.97,1,0.05,8
11243,0.97,1,0.05,5
11244,0.94,1,0.05,17
11245,0.85,1,0.05,23
11246,0.93,1,0.05,12
11247,-0.59,0,0.05,37
11248,-0.57,0,0.05,5
11249,0.97,1,0.05,12
11250,0.97,1,0.05,7
11251,0.91,1,0.05,14
11252,0.95,1,0.05,8
11253,0.92,1,0.05,19
11254,0.95,1,0.05,14
11255,0.97,1,0.05,9
11256,0.94,1,0.05,7
11257,0.94,1,0.05,16
11258,0.84,1,0.05,24
11259,0.94,1,0.05,6
11260,0.93,1,0.05,21
11261,-0.61,0,0.05,28
11262,0.98,1,0.05,6
11263,0.83,1,0.05,34
11264,0.94,1,0.05,9
11265,0.97,1,0.05,18
11266,0.99,1,0.05,18
11267,0.94,1,0.05,20
11268,0.95,1,0.05,8
11269,0.97,1,0.05,5
11270,0.95,1,0.05,5
11271,0.96,1,0.05,10
11272,0.93,1,0.05,19
11273,0.95,1,0.05,9
11274,0.95,1,0.05,7
11275,0.96,1,0.05,11
11276,0.96,1,0.05,9
11277,0.93,1,0.05,11
11278,0.97,1,0.05,4
11279,0.96,1,0.05,6
11280,0.94,1,0.05,5
11281,-0.53,0,0.05,12
11282,0.87,1,0.05,20
11283,0.97,1,0.05,11
11284,-0.53,0,0.05,11
11285,0.98,1,0.05,19
11286,0.97,1,0.05,10
11287,0.89,1,0.05,24
11288,0.97,1,0.05,14
11289,0.97,1,0.05,8
11290,-0.55,0,0.05,5
11291,0.96,1,0.05,5
11292,0.97,1,0.05,5
11293,-0.53,0,0.05,19
11294,0.91,1,0.05,17
11295,0.91,1,0.05,14
11296,0.93,1,0.05,6
11297,0.92,1,0.05,11
11298,0.96,1,0.05,7
11299,0.95,1,0.05,15
11300,0.95,1,0.05,7
11301,-0.55,0,0.05,13
11302,0.94,1,0.05,11
11303,0.95,1,0.05,15
11304,0.95,1,0.05,7
11305,-0.54,0,0.05,19
11306,-0.53,0,0.05,16
11307,0.97,1,0.05,6
11308,0.94,1,0.05,5
11309,0.95,1,0.05,10
11310,-0.52,0,0.05,11
11311,-0.55,0,0.05,12
11312,0.95,1,0.05,11
11313,0.89,1,0.05,19
11314,0.97,1,0.05,6
11315,-0.54,0,0.05,12
11316,0.91,1,0.05,10
11317,-0.56,0,0.05,5
11318,0.94,1,0.05,21
11319,-0.52,0,0.05,5
11320,0.93,1,0.05,21
11321,0.96,1,0.05,16
11322,0.88,1,0.05,16
11323,0.96,1,0.05,8
11324,0.95,1,0.05,5
11325,0.95,1,0.05,8
11326,-0.51,0,0.05,4
11327,-0.61,0,0.05,19
11328,0.94,1,0.05,7
11329,0.88,1,0.05,18
11330,-0.51,0,0.05,6
11331,-0.61,0,0.05,26
11332,-0.56,0,0.05,19
11333,0.97,1,0.05,7
11334,0.94,1,0.05,11
11335,0.95,1,0.05,12
11336,-0.54,0,0.05,13
11337,0.93,1,0.05,6
11338,0.91,1,0.05,23
11339,0.95,1,0.05,15
11340,0.93,1,0.05,10
11341,0.96,1,0.05,9
11342,0.93,1,0.05,6
11343,0.91,1,0.05,17
11344,0.95,1,0.05,9
11345,0.91,1,0.05,10
11346,0.92,1,0.05,21
11347,-0.54,0,0.05,15
11348,0.97,1,0.05,8
11349,0.97,1,0.05,14
11350,0.94,1,0.05,7
11351,0.95,1,0.05,7
11352,0.92,1,0.05,16
11353,-0.6,0,0.05,19
11354,0.94,1,0.05,26
11355,0.97,1,0.05,13
11356,0.97,1,0.05,6
11357,-0.52,0,0.05,15
11358,-0.51,0,0.05,15
11359,-0.53,0,0.05,15
11360,0.97,1,0.05,13
11361,0.96,1,0.05,6
11362,0.96,1,0.05,4
11363,0.93,1,0.05,12
11364,0.92,1,0.05,11
11365,0.97,1,0.05,5
11366,0.96,1,0.05,6
11367,0.97,1,0.05,18
11368,0.93,1,0.05,8
11369,0.97,1,0.05,9
11370,0.96,1,0.05,9
11371,0.96,1,0.05,14
11372,0.94,1,0.05,5
11373,0.94,1,0.05,5
11374,0.96,1,0.05,5
11375,0.96,1,0.05,9
11376,0.97,1,0.05,5
11377,0.97,1,0.05,13
11378,0.96,1,0.05,7
11379,0.97,1,0.05,14
11380,0.97,1,0.05,8
11381,0.91,1,0.05,15
11382,0.98,1,0.05,17
11383,0.97,1,0.05,10
11384,-0.56,0,0.05,5
11385,0.96,1,0.05,7
11386,0.95,1,0.05,7
11387,-0.54,0,0.05,13
11388,0.95,1,0.05,5
11389,0.97,1,0.05,3
11390,-0.67,0,0.05,30
11391,-0.57,0,0.05,7
11392,0.96,1,0.05,9
11393,0.95,1,0.05,10
11394,0.97,1,0.05,9
11395,0.96,1,0.05,22
11396,0.96,1,0.05,6
11397,-0.56,0,0.05,5
11398,-0.63,0,0.05,16
11399,0.96,1,0.05,9
11400,0.96,1,0.05,7
11401,-0.56,0,0.05,5
11402,0.95,1,0.05,7
11403,0.91,1,0.05,14
11404,0.96,1,0.05,4
11405,0.96,1,0.05,5
11406,0.96,1,0.05,11
11407,-0.55,0,0.05,25
11408,0.95,1,0.05,7
11409,-0.53,0,0.05,4
11410,0.92,1,0.05,11
11411,-0.6,0,0.05,16
11412,-0.57,0,0.05,20
11413,0.94,1,0.05,12
11414,0.94,1,0.05,9
11415,0.94,1,0.05,10
11416,0.95,1,0.05,8
11417,0.94,1,0.05,22
11418,0.89,1,0.05,22
11419,0.94,1,0.05,5
11420,0.96,1,0.05,8
11421,-0.56,0,0.05,9
11422,0.98,1,0.05,9
11423,-0.54,0,0.05,16
11424,-0.57,0,0.05,34
11425,0.93,1,0.05,6
11426,0.95,1,0.05,14
11427,0.93,1,0.05,8
11428,0.95,1,0.05,7
11429,0.89,1,0.05,23
11430,0.95,1,0.05,4
11431,-0.56,0,0.05,11
11432,0.98,1,0.05,15
11433,0.94,1,0.05,5
11434,-0.56,0,0.05,4
11435,-0.53,0,0.05,14
11436,-0.56,0,0.05,20
11437,0.93,1,0.05,14
11438,-0.55,0,0.05,18
11439,0.97,1,0.05,5
11440,0.96,1,0.05,10
11441,0.95,1,0.05,4
11442,0.94,1,0.05,3
11443,0.95,1,0.05,11
11444,0.95,1,0.05,10
11445,0.95,1,0.05,20
11446,0.94,1,0.05,9
11447,0.93,1,0.05,19
11448,0.95,1,0.05,5
11449,0.95,1,0.05,6
11450,0.93,1,0.05,6
11451,0.96,1,0.05,14
11452,0.96,1,0.05,5
11453,-0.5,0,0.05,3
11454,0.96,1,0.05,20
11455,0.97,1,0.05,5
11456,0.97,1,0.05,5
11457,0.96,1,0.05,6
11458,0.94,1,0.05,5
11459,0.96,1,0.05,16
11460,0.91,1,0.05,15
11461,-0.54,0,0.05,5
11462,0.95,1,0.05,9
11463,0.97,1,0.05,14
11464,0.97,1,0.05,25
11465,0.86,1,0.05,22
11466,0.95,1,0.05,4
11467,-0.7,0,0.05,35
11468,0.93,1,0.05,13
11469,0.94,1,0.05,6
11470,0.93,1,0.05,6
11471,-0.55,0,0.05,13
11472,0.91,1,0.05,19
11473,0.94,1,0.05,5
11474,0.95,1,0.05,9
11475,0.97,1,0.05,11
11476,0.95,1,0.05,5
11477,0.94,1,0.05,8
11478,0.96,1,0.05,6
11479,0.95,1,0.05,5
11480,0.95,1,0.05,9
11481,-0.65,0,0.05,21
11482,0.94,1,0.05,16
11483,0.97,1,0.05,4
11484,0.97,1,0.05,8
11485,-0.51,0,0.05,4
11486,0.94,1,0.05,9
11487,0.93,1,0.05,13
11488,0.95,1,0.05,9
11489,-0.55,0,0.05,21
11490,0.93,1,0.05,6
11491,0.94,1,0.05,5
11492,0.96,1,0.05,11
11493,0.93,1,0.05,12
11494,0.89,1,0.05,19
11495,0.96,1,0.05,5
11496,0.95,1,0.05,12
11497,0.94,1,0.05,14
11498,0.94,1,0.05,9
11499,0.95,1,0.05,10
11500,0.95,1,0.05,4
11501,0.96,1,0.05,5
11502,0.94,1,0.05,12
11503,0.81,1,0.05,29
11504,0.93,1,0.05,9
11505,0.98,1,0.05,5
11506,0.96,1,0.05,15
11507,0.89,1,0.05,28
11508,-0.51,0,0.05,26
11509,0.96,1,0.05,8
11510,0.97,1,0.05,5
11511,0.95,1,0.05,4
11512,0.97,1,0.05,11
11513,0.95,1,0.05,10
11514,0.98,1,0.05,14
11515,0.95,1,0.05,4
11516,-0.55,0,0.05,16
11517,0.97,1,0.05,5
11518,0.96,1,0.05,5
11519,0.94,1,0.05,9
11520,0.97,1,0.05,6
11521,0.97,1,0.05,8
11522,0.97,1,0.05,5
11523,0.96,1,0.05,6
11524,0.97,1,0.05,10
11525,0.96,1,0.05,9
11526,0.87,1,0.05,16
11527,0.96,1,0.05,11
11528,0.96,1,0.05,18
11529,0.92,1,0.05,15
11530,0.97,1,0.05,6
11531,0.96,1,0.05,5
11532,0.94,1,0.05,8
11533,0.87,1,0.05,19
11534,0.92,1,0.05,18
11535,0.95,1,0.05,10
11536,0.96,1,0.05,4
11537,-0.57,0,0.05,11
11538,0.91,1,0.05,13
11539,0.84,1,0.05,28
11540,0.88,1,0.05,21
11541,0.97,1,0.05,7
11542,0.94,1,0.05,8
11543,0.97,1,0.05,9
11544,0.97,1,0.05,5
11545,0.95,1,0.05,10
11546,0.96,1,0.05,6
11547,0.86,1,0.05,26
11548,0.93,1,0.05,6
11549,0.94,1,0.05,5
11550,0.98,1,0.05,9
11551,0.95,1,0.05,10
11552,0.99,1,0.05,14
11553,0.93,1,0.05,13
11554,0.94,1,0.05,5
11555,0.94,1,0.05,5
11556,-0.51,0,0.05,4
11557,-0.51,0,0.05,4
11558,0.72,0,0.05,33
11559,-0.58,0,0.05,13
11560,0.96,1,0.05,11
11561,0.97,1,0.05,11
11562,0.94,1,0.05,9
11563,0.95,1,0.05,4
11564,-0.58,0,0.05,14
11565,0.96,1,0.05,7
11566,0.91,1,0.05,6
11567,0.94,1,0.05,5
11568,0.95,1,0.05,5
11569,0.96,1,0.05,20
11570,0.93,1,0.05,9
11571,-0.56,0,0.05,5
11572,0.96,1,0.05,8
11573,0.98,1,0.05,6
11574,0.97,1,0.05,8
11575,0.94,1,0.05,5
11576,0.94,1,0.05,12
11577,0.93,1,0.05,13
11578,0.98,1,0.05,12
11579,0.96,1,0.05,6
11580,0.95,1,0.05,22
11581,0.94,1,0.05,7
11582,0.95,1,0.05,4
11583,0.96,1,0.05,11
11584,0.96,1,0.05,12
11585,0.98,1,0.05,6
11586,0.92,1,0.05,24
11587,0.95,1,0.05,9
11588,0.95,1,0.05,13
11589,0.95,1,0.05,17
11590,0.93,1,0.05,22
11591,0.95,1,0.05,8
11592,-0.62,0,0.05,16
11593,0.99,1,0.05,14
11594,0.95,1,0.05,5
11595,0.9,1,0.05,5
11596,-0.54,0,0.05,16
11597,0.98,1,0.05,9
11598,0.99,1,0.05,9
11599,0.89,1,0.05,23
11600,0.95,1,0.05,11
11601,0.96,1,0.05,10
11602,0.97,1,0.05,6
11603,0.96,1,0.05,6
11604,0.9,1,0.05,18
11605,0.95,1,0.05,11
11606,-0.53,0,0.05,4
11607,0.91,1,0.05,5
11608,0.95,1,0.05,12
11609,0.93,1,0.05,6
11610,0.96,1,0.05,21
11611,0.98,1,0.05,5
11612,0.95,1,0.05,8
11613,0.95,1,0.05,9
11614,-0.55,0,0.05,10
11615,0.94,1,0.05,11
11616,0.87,1,0.05,29
11617,0.97,1,0.05,4
11618,0.96,1,0.05,10
11619,-0.6,0,0.05,21
11620,-0.53,0,0.05,4
11621,0.85,1,0.05,21
11622,0.98,1,0.05,13
11623,0.94,1,0.05,9
11624,-0.57,0,0.05,11
11625,0.97,1,0.05,8
11626,0.95,1,0.05,7
11627,-0.56,0,0.05,17
11628,0.94,1,0.05,5
11629,-0.58,0,0.05,13
11630,0.97,1,0.05,9
11631,0.98,1,0.05,5
11632,-0.55,0,0.05,9
11633,0.97,1,0.05,11
11634,0.96,1,0.05,17
11635,0.94,1,0.05,5
11636,-0.56,0,0.05,4
11637,0.98,1,0.05,6
11638,-0.56,0,0.05,5
11639,0.97,1,0.05,4
11640,0.97,1,0.05,6
11641,0.96,1,0.05,5
11642,0.96,1,0.05,11
11643,0.86,1,0.05,18
11644,0.96,1,0.05,15
11645,0.95,1,0.05,5
11646,0.94,1,0.05,7
11647,0.86,1,0.05,33
11648,0.83,1,0.05,28
11649,0.95,1,0.05,15
11650,0.94,1,0.05,12
11651,-0.52,0,0.05,23
11652,0.94,1,0.05,9
11653,0.97,1,0.05,6
11654,0.94,1,0.05,9
11655,0.96,1,0.05,5
11656,0.96,1,0.05,4
11657,0.94,1,0.05,9
11658,0.94,1,0.05,5
11659,0.95,1,0.05,17
11660,0.94,1,0.05,14
11661,-0.56,0,0.05,9
11662,0.94,1,0.05,5
11663,0.93,1,0.05,8
11664,-0.59,0,0.05,18
11665,-0.56,0,0.05,6
11666,0.97,1,0.05,10
11667,-0.56,0,0.05,25
11668,-0.51,0,0.05,4
11669,0.94,1,0.05,5
11670,0.93,1,0.05,10
11671,-0.54,0,0.05,3
11672,0.98,1,0.05,17
11673,-0.56,0,0.05,16
11674,0.94,1,0.05,16
11675,0.96,1,0.05,8
11676,0.97,1,0.05,7
11677,0.95,1,0.05,23
11678,0.88,1,0.05,29
11679,0.95,1,0.05,7
11680,-0.61,0,0.05,16
11681,0.98,1,0.05,5
11682,0.96,1,0.05,5
11683,0.94,1,0.05,22
11684,0.97,1,0.05,5
11685,0.96,1,0.05,12
11686,0.96,1,0.05,12
11687,-0.53,0,0.05,12
11688,0.95,1,0.05,7
11689,-0.63,0,0.05,18
11690,0.94,1,0.05,7
11691,0.96,1,0.05,6
11692,0.97,1,0.05,5
11693,-0.48,0,0.05,5
11694,0.95,1,0.05,14
11695,0.95,1,0.05,9
11696,0.96,1,0.05,7
11697,0.97,1,0.05,6
11698,0.96,1,0.05,11
11699,0.96,1,0.05,6
11700,0.94,1,0.05,5
11701,0.93,1,0.05,6
11702,0.92,1,0.05,7
11703,0.94,1,0.05,5
11704,0.88,1,0.05,18
11705,0.95,1,0.05,9
11706,-0.64,0,0.05,20
11707,1.0,1,0.05,13
11708,-0.48,0,0.05,10
11709,0.95,1,0.05,14
11710,-0.57,0,0.05,7
11711,0.97,1,0.05,14
11712,0.97,1,0.05,6
11713,0.95,1,0.05,13
11714,0.96,1,0.05,9
11715,0.93,1,0.05,6
11716,-0.5,0,0.05,5
11717,0.94,1,0.05,8
11718,1.0,1,0.05,23
11719,0.94,1,0.05,6
11720,0.94,1,0.05,9
11721,0.96,1,0.05,6
11722,0.98,1,0.05,5
11723,0.87,1,0.05,19
11724,0.97,1,0.05,14
11725,0.91,1,0.05,17
11726,0.94,1,0.05,5
11727,0.93,1,0.05,10
11728,0.93,1,0.05,9
11729,0.97,1,0.05,9
11730,0.8,0,0.05,18
11731,0.94,1,0.05,8
11732,0.94,1,0.05,12
11733,0.71,0,0.05,36
11734,0.99,1,0.05,9
11735,0.94,1,0.05,8
11736,0.94,1,0.05,11
11737,0.81,1,0.05,22
11738,0.9,1,0.05,24
11739,0.94,1,0.05,11
11740,0.95,1,0.05,5
11741,0.96,1,0.05,16
11742,0.89,1,0.05,29
11743,0.94,1,0.05,5
11744,0.97,1,0.05,10
11745,0.94,1,0.05,5
11746,0.97,1,0.05,11
11747,0.95,1,0.05,6
11748,-0.57,0,0.05,20
11749,0.92,1,0.05,26
11750,0.96,1,0.05,11
11751,-0.52,0,0.05,5
11752,0.97,1,0.05,12
11753,0.96,1,0.05,8
11754,0.98,1,0.05,13
11755,-0.56,0,0.05,6
11756,0.97,1,0.05,5
11757,-0.51,0,0.05,4
11758,0.97,1,0.05,5
11759,0.94,1,0.05,10
11760,0.93,1,0.05,8
11761,-0.6,0,0.05,17
11762,0.83,1,0.05,39
11763,0.95,1,0.05,4
11764,0.96,1,0.05,8
11765,-0.59,0,0.05,22
11766,0.95,1,0.05,5
11767,0.93,1,0.05,12
11768,-0.55,0,0.05,9
11769,0.96,1,0.05,6
11770,0.66,0,0.05,22
11771,0.95,1,0.05,20
11772,0.95,1,0.05,10
11773,0.96,1,0.05,7
11774,0.97,1,0.05,5
11775,-0.61,0,0.05,5
11776,0.93,1,0.05,19
11777,0.96,1,0.05,9
11778,0.93,1,0.05,8
11779,0.96,1,0.05,10
11780,0.96,1,0.05,6
11781,-0.56,0,0.05,15
11782,0.94,1,0.05,5
11783,0.98,1,0.05,5
11784,0.96,1,0.05,8
11785,0.94,1,0.05,8
11786,0.92,1,0.05,7
11787,-0.54,0,0.05,3
11788,0.95,1,0.05,16
11789,0.94,1,0.05,10
11790,0.97,1,0.05,8
11791,0.98,1,0.05,4
11792,0.94,1,0.05,9
11793,0.96,1,0.05,5
11794,0.96,1,0.05,11
11795,0.94,1,0.05,8
11796,0.92,1,0.05,7
11797,0.92,1,0.05,13
11798,0.94,1,0.05,12
11799,0.88,1,0.05,18
11800,0.96,1,0.05,10
11801,0.95,1,0.05,4
11802,0.95,1,0.05,17
11803,0.92,1,0.05,9
11804,0.96,1,0.05,6
11805,0.97,1,0.05,5
11806,0.93,1,0.05,6
11807,0.92,1,0.05,15
11808,0.98,1,0.05,15
11809,0.98,1,0.05,5
11810,0.96,1,0.05,9
11811,0.96,1,0.05,3
11812,0.96,1,0.05,6
11813,0.93,1,0.05,11
11814,0.96,1,0.05,10
11815,0.97,1,0.05,9
11816,0.95,1,0.05,5
11817,0.96,1,0.05,17
11818,0.91,1,0.05,16
11819,0.96,1,0.05,5
11820,-0.49,0,0.05,3
11821,0.95,1,0.05,17
11822,0.96,1,0.05,14
11823,0.97,1,0.05,3
11824,0.93,1,0.05,21
11825,0.89,1,0.05,17
11826,0.87,1,0.05,29
11827,0.97,1,0.05,8
11828,-0.52,0,0.05,14
11829,-0.53,0,0.05,4
11830,0.97,1,0.05,5
11831,0.95,1,0.05,5
11832,0.96,1,0.05,6
11833,0.98,1,0.05,16
11834,0.93,1,0.05,8
11835,0.96,1,0.05,12
11836,0.95,1,0.05,7
11837,-0.56,0,0.05,4
11838,0.93,1,0.05,10
11839,0.96,1,0.05,6
11840,0.94,1,0.05,11
11841,0.94,1,0.05,5
11842,0.98,1,0.05,4
11843,0.92,1,0.05,17
11844,-0.53,0,0.05,4
11845,-0.66,0,0.05,36
11846,0.95,1,0.05,11
11847,0.9,1,0.05,19
11848,0.96,1,0.05,6
11849,0.93,1,0.05,8
11850,0.98,1,0.05,19
11851,-0.64,0,0.05,24
11852,0.93,1,0.05,8
11853,0.95,1,0.05,7
11854,0.98,1,0.05,5
11855,0.97,1,0.05,8
11856,0.95,1,0.05,11
11857,-0.57,0,0.05,13
11858,0.95,1,0.05,5
11859,0.86,1,0.05,30
11860,0.97,1,0.05,5
11861,0.98,1,0.05,17
11862,0.97,1,0.05,4
11863,0.97,1,0.05,19
11864,0.95,1,0.05,8
11865,0.88,1,0.05,19
11866,0.95,1,0.05,8
11867,0.97,1,0.05,6
11868,0.94,1,0.05,11
11869,0.94,1,0.05,7
11870,0.93,1,0.05,6
11871,0.9,1,0.05,25
11872,0.93,1,0.05,12
11873,0.97,1,0.05,5
11874,0.96,1,0.05,10
11875,0.95,1,0.05,11
11876,0.97,1,0.05,8
11877,0.93,1,0.05,8
11878,0.94,1,0.05,9
11879,0.93,1,0.05,6
11880,0.93,1,0.05,21
11881,0.96,1,0.05,5
11882,0.97,1,0.05,6
11883,0.96,1,0.05,6
11884,0.94,1,0.05,7
11885,0.94,1,0.05,5
11886,0.96,1,0.05,14
11887,0.96,1,0.05,6
11888,0.93,1,0.05,21
11889,0.95,1,0.05,4
11890,0.96,1,0.05,6
11891,0.96,1,0.05,6
11892,0.96,1,0.05,4
11893,0.97,1,0.05,5
11894,0.95,1,0.05,15
11895,0.94,1,0.05,5
11896,0.92,1,0.05,12
11897,0.95,1,0.05,12
11898,0.98,1,0.05,7
11899,0.94,1,0.05,12
11900,0.98,1,0.05,9
11901,0.95,1,0.05,5
11902,0.94,1,0.05,5
11903,0.95,1,0.05,7
11904,0.97,1,0.05,5
11905,0.93,1,0.05,6
11906,0.94,1,0.05,7
11907,0.96,1,0.05,7
11908,0.95,1,0.05,7
11909,-0.52,0,0.05,5
11910,0.95,1,0.05,17
11911,-0.52,0,0.05,13
11912,0.95,1,0.05,12
11913,0.95,1,0.05,17
11914,0.95,1,0.05,8
11915,0.8,0,0.05,16
11916,0.93,1,0.05,8
11917,0.94,1,0.05,6
11918,0.97,1,0.05,5
11919,0.97,1,0.05,8
11920,0.95,1,0.05,7
11921,0.94,1,0.05,8
11922,0.96,1,0.05,4
11923,0.95,1,0.05,14
11924,-0.53,0,0.05,21
11925,0.96,1,0.05,8
11926,0.94,1,0.05,5
11927,0.97,1,0.05,4
11928,0.95,1,0.05,16
11929,0.94,1,0.05,7
11930,0.94,1,0.05,9
11931,0.96,1,0.05,6
11932,0.93,1,0.05,8
11933,0.96,1,0.05,13
11934,0.97,1,0.05,15
11935,0.95,1,0.05,13
11936,0.97,1,0.05,4
11937,0.97,1,0.05,9
11938,0.9,1,0.05,17
11939,0.94,1,0.05,9
11940,0.98,1,0.05,11
11941,0.96,1,0.05,6
11942,0.92,1,0.05,9
11943,0.95,1,0.05,9
11944,0.96,1,0.05,5
11945,-0.53,0,0.05,22
11946,0.9,1,0.05,18
11947,0.98,1,0.05,11
11948,0.96,1,0.05,8
11949,-0.52,0,0.05,7
11950,0.95,1,0.05,13
11951,0.97,1,0.05,4
11952,0.96,1,0.05,8
11953,0.98,1,0.05,16
11954,0.95,1,0.05,5
11955,0.96,1,0.05,14
11956,0.95,1,0.05,25
11957,-0.57,0,0.05,21
11958,0.95,1,0.05,7
11959,0.94,1,0.05,5
11960,0.95,1,0.05,11
11961,0.95,1,0.05,22
11962,0.92,1,0.05,15
11963,0.97,1,0.05,5
11964,0.95,1,0.05,4
11965,0.94,1,0.05,5
11966,0.94,1,0.05,5
11967,-0.56,0,0.05,19
11968,0.97,1,0.05,8
11969,0.97,1,0.05,6
11970,0.97,1,0.05,6
11971,0.97,1,0.05,13
11972,0.94,1,0.05,13
11973,0.95,1,0.05,10
11974,0.96,1,0.05,5
11975,0.95,1,0.05,17
11976,0.97,1,0.05,6
11977,0.93,1,0.05,17
11978,0.94,1,0.05,5
11979,0.97,1,0.05,10
11980,0.93,1,0.05,10
11981,0.92,1,0.05,11
11982,0.97,1,0.05,5
11983,0.93,1,0.05,10
11984,0.95,1,0.05,9
11985,0.96,1,0.05,15
11986,0.91,1,0.05,9
11987,0.94,1,0.05,20
11988,-0.55,0,0.05,11
11989,0.95,1,0.05,11
11990,-0.54,0,0.05,8
11991,0.95,1,0.05,5
11992,0.96,1,0.05,9
11993,0.96,1,0.05,14
11994,0.96,1,0.05,8
11995,0.95,1,0.05,5
11996,-0.54,0,0.05,3
11997,0.94,1,0.05,9
11998,0.97,1,0.05,15
11999,0.96,1,0.05,13
12000,0.96,1,0.05,17
12001,0.9,1,0.05,10
12002,0.99,1,0.05,11
12003,0.98,1,0.05,18
12004,0.95,1,0.05,9
12005,0.97,1,0.05,5
12006,0.98,1,0.05,5
12007,0.93,1,0.05,14
12008,-0.57,0,0.05,10
12009,0.91,1,0.05,18
12010,0.98,1,0.05,13
12011,0.94,1,0.05,21
12012,0.97,1,0.05,14
12013,0.93,1,0.05,11
12014,0.96,1,0.05,6
12015,0.96,1,0.05,10
12016,0.95,1,0.05,6
12017,-0.5,0,0.05,3
12018,0.94,1,0.05,16
12019,0.98,1,0.05,10
12020,0.96,1,0.05,18
12021,0.96,1,0.05,16
12022,0.9,1,0.05,16
12023,0.97,1,0.05,12
12024,0.96,1,0.05,6
12025,0.95,1,0.05,20
12026,0.95,1,0.05,5
12027,0.95,1,0.05,5
12028,0.93,1,0.05,17
12029,-0.5,0,0.05,4
12030,0.95,1,0.05,4
12031,0.95,1,0.05,5
12032,0.96,1,0.05,16
12033,-0.52,0,0.05,5
12034,0.97,1,0.05,22
12035,0.94,1,0.05,5
12036,0.97,1,0.05,5
12037,0.97,1,0.05,5
12038,-0.51,0,0.05,9
12039,0.95,1,0.05,6
12040,0.97,1,0.05,5
12041,0.94,1,0.05,11
12042,0.96,1,0.05,14
12043,0.97,1,0.05,5
12044,0.94,1,0.05,8
12045,-0.57,0,0.05,7
12046,0.98,1,0.05,6
12047,0.98,1,0.05,18
12048,0.94,1,0.05,10
12049,0.93,1,0.05,8
12050,0.94,1,0.05,5
12051,0.97,1,0.05,5
12052,0.98,1,0.05,11
12053,0.94,1,0.05,11
12054,0.96,1,0.05,10
12055,0.88,1,0.05,17
12056,-0.58,0,0.05,21
12057,1.0,1,0.05,16
12058,0.82,1,0.05,27
12059,0.92,1,0.05,14
12060,0.98,1,0.05,6
12061,-0.53,0,0.05,4
12062,0.92,1,0.05,12
12063,0.95,1,0.05,4
12064,0.96,1,0.05,7
12065,0.94,1,0.05,7
12066,0.97,1,0.05,16
12067,0.92,1,0.05,14
12068,0.94,1,0.05,5
12069,-0.56,0,0.05,4
12070,0.95,1,0.05,14
12071,0.98,1,0.05,5
12072,0.95,1,0.05,15
12073,0.95,1,0.05,11
12074,-0.49,0,0.05,3
12075,0.97,1,0.05,6
12076,0.96,1,0.05,6
12077,0.95,1,0.05,9
12078,-0.55,0,0.05,4
12079,0.92,1,0.05,14
12080,0.96,1,0.05,5
12081,-0.55,0,0.05,3
12082,0.96,1,0.05,13
12083,0.95,1,0.05,7
12084,-0.55,0,0.05,4
12085,0.95,1,0.05,16
12086,0.98,1,0.05,16
12087,0.98,1,0.05,14
12088,0.96,1,0.05,6
12089,0.85,1,0.05,20
12090,-0.53,0,0.05,4
12091,0.98,1,0.05,6
12092,0.95,1,0.05,5
12093,0.96,1,0.05,8
12094,0.96,1,0.05,9
12095,-0.57,0,0.05,6
12096,-0.55,0,0.05,11
12097,0.94,1,0.05,8
12098,0.94,1,0.05,5
12099,0.94,1,0.05,10
12100,-0.6,0,0.05,15
12101,0.96,1,0.05,11
12102,0.97,1,0.05,13
12103,0.99,1,0.05,5
12104,0.96,1,0.05,5
12105,0.93,1,0.05,11
12106,0.93,1,0.05,6
12107,0.95,1,0.05,7
12108,0.96,1,0.05,13
12109,0.97,1,0.05,6
12110,-0.57,0,0.05,13
12111,0.94,1,0.05,7
12112,0.98,1,0.05,5
12113,-0.54,0,0.05,12
12114,0.92,1,0.05,3
12115,0.86,1,0.05,21
12116,-0.56,0,0.05,5
12117,0.97,1,0.05,8
12118,-0.55,0,0.05,10
12119,0.98,1,0.05,4
12120,0.96,1,0.05,13
12121,0.96,1,0.05,11
12122,0.95,1,0.05,8
12123,0.94,1,0.05,5
12124,0.94,1,0.05,10
12125,0.97,1,0.05,6
12126,0.97,1,0.05,12
12127,0.92,1,0.05,17
12128,0.97,1,0.05,10
12129,0.93,1,0.05,12
12130,0.95,1,0.05,4
12131,0.98,1,0.05,8
12132,0.96,1,0.05,15
12133,0.96,1,0.05,6
12134,0.96,1,0.05,7
12135,0.96,1,0.05,11
12136,0.97,1,0.05,6
12137,-0.51,0,0.05,3
12138,0.94,1,0.05,14
12139,0.95,1,0.05,8
12140,-0.55,0,0.05,4
12141,0.68,0,0.05,24
12142,0.86,1,0.05,21
12143,0.94,1,0.05,7
12144,0.96,1,0.05,5
12145,0.94,1,0.05,10
12146,-0.56,0,0.05,8
12147,-0.54,0,0.05,20
12148,-0.63,0,0.05,28
12149,0.96,1,0.05,7
12150,0.95,1,0.05,5
12151,0.96,1,0.05,7
12152,0.97,1,0.05,4
12153,0.97,1,0.05,9
12154,0.94,1,0.05,10
12155,0.96,1,0.05,6
12156,0.96,1,0.05,11
12157,0.95,1,0.05,4
12158,0.93,1,0.05,10
12159,0.89,1,0.05,23
12160,0.95,1,0.05,11
12161,0.97,1,0.05,12
12162,0.96,1,0.05,11
12163,-0.56,0,0.05,10
12164,0.97,1,0.05,21
12165,0.89,1,0.05,20
12166,0.96,1,0.05,9
12167,0.86,1,0.05,29
12168,-0.75,0,0.05,28
12169,0.95,1,0.05,12
12170,0.79,0,0.05,30
12171,0.96,1,0.05,7
12172,-0.53,0,0.05,13
12173,0.96,1,0.05,9
12174,0.95,1,0.05,8
12175,0.94,1,0.05,17
12176,-0.56,0,0.05,4
12177,0.97,1,0.05,6
12178,0.98,1,0.05,17
12179,0.93,1,0.05,8
12180,-0.65,0,0.05,34
12181,0.93,1,0.05,22
12182,0.96,1,0.05,7
12183,0.92,1,0.05,20
12184,0.91,1,0.05,16
12185,0.95,1,0.05,10
12186,0.97,1,0.05,8
12187,0.97,1,0.05,5
12188,0.96,1,0.05,6
12189,0.96,1,0.05,6
12190,0.97,1,0.05,10
12191,1.0,1,0.05,13
12192,-0.54,0,0.05,23
12193,0.95,1,0.05,9
12194,0.96,1,0.05,6
12195,0.94,1,0.05,5
12196,-0.56,0,0.05,14
12197,0.94,1,0.05,9
12198,0.99,1,0.05,13
12199,-0.5,0,0.05,4
12200,1.0,1,0.05,8
12201,0.99,1,0.05,18
12202,0.99,1,0.05,10
12203,0.97,1,0.05,7
12204,0.51,0,0.05,25
12205,-0.53,0,0.05,15
12206,0.95,1,0.05,5
12207,0.97,1,0.05,6
12208,-0.6,0,0.05,15
12209,0.9,1,0.05,34
12210,0.95,1,0.05,10
12211,0.87,1,0.05,25
12212,0.93,1,0.05,6
12213,0.91,1,0.05,5
12214,0.94,1,0.05,15
12215,0.96,1,0.05,8
12216,0.98,1,0.05,5
12217,0.98,1,0.05,10
12218,0.94,1,0.05,5
12219,0.95,1,0.05,14
12220,0.97,1,0.05,14
12221,0.95,1,0.05,4
12222,0.97,1,0.05,7
12223,0.96,1,0.05,17
12224,0.89,1,0.05,17
12225,0.91,1,0.05,13
12226,0.96,1,0.05,6
12227,0.96,1,0.05,7
12228,0.94,1,0.05,10
12229,0.83,1,0.05,20
12230,0.93,1,0.05,10
12231,0.97,1,0.05,6
12232,0.93,1,0.05,22
12233,0.98,1,0.05,6
12234,0.94,1,0.05,8
12235,0.94,1,0.05,6
12236,0.94,1,0.05,13
12237,-0.55,0,0.05,21
12238,0.96,1,0.05,8
12239,0.98,1,0.05,6
12240,0.97,1,0.05,19
12241,0.83,1,0.05,28
12242,0.94,1,0.05,18
12243,0.84,1,0.05,27
12244,-0.56,0,0.05,5
12245,0.96,1,0.05,9
12246,0.93,1,0.05,6
12247,0.87,1,0.05,23
12248,0.92,1,0.05,5
12249,0.96,1,0.05,5
12250,0.94,1,0.05,9
12251,0.98,1,0.05,19
12252,0.95,1,0.05,10
12253,-0.52,0,0.05,12
12254,0.96,1,0.05,10
12255,0.99,1,0.05,18
12256,0.95,1,0.05,8
12257,0.93,1,0.05,6
12258,0.92,1,0.05,5
12259,0.96,1,0.05,6
12260,0.94,1,0.05,5
12261,0.97,1,0.05,21
12262,0.98,1,0.05,13
12263,0.94,1,0.05,5
12264,-0.51,0,0.05,16
12265,0.94,1,0.05,5
12266,-0.51,0,0.05,4
12267,0.96,1,0.05,12
12268,0.95,1,0.05,17
12269,-0.59,0,0.05,18
12270,0.93,1,0.05,6
12271,0.94,1,0.05,10
12272,0.93,1,0.05,8
12273,0.95,1,0.05,20
12274,0.96,1,0.05,4
12275,0.94,1,0.05,5
12276,0.94,1,0.05,21
12277,0.95,1,0.05,7
12278,0.92,1,0.05,3
12279,0.98,1,0.05,4
12280,0.99,1,0.05,9
12281,0.96,1,0.05,14
12282,0.96,1,0.05,5
12283,0.95,1,0.05,20
12284,0.95,1,0.05,4
12285,0.96,1,0.05,7
12286,0.95,1,0.05,10
12287,0.95,1,0.05,10
12288,0.96,1,0.05,5
12289,-0.62,0,0.05,46
12290,0.93,1,0.05,8
12291,0.96,1,0.05,7
12292,0.94,1,0.05,5
12293,0.93,1,0.05,6
12294,0.96,1,0.05,16
12295,0.84,1,0.05,19
12296,0.94,1,0.05,5
12297,0.99,1,0.05,16
12298,0.94,1,0.05,10
12299,-0.55,0,0.05,3
12300,0.98,1,0.05,5
12301,-0.57,0,0.05,17
12302,-0.63,0,0.05,31
12303,-0.55,0,0.05,4
12304,0.96,1,0.05,4
12305,0.95,1,0.05,10
12306,0.94,1,0.05,7
12307,0.84,1,0.05,23
12308,0.94,1,0.05,16
12309,-0.55,0,0.05,9
12310,0.97,1,0.05,5
12311,0.97,1,0.05,5
12312,0.95,1,0.05,13
12313,-0.58,0,0.05,24
12314,0.96,1,0.05,8
12315,0.98,1,0.05,4
12316,-0.55,0,0.05,15
12317,-0.52,0,0.05,7
12318,0.96,1,0.05,11
12319,0.98,1,0.05,6
12320,0.95,1,0.05,22
12321,0.94,1,0.05,9
12322,0.95,1,0.05,7
12323,-0.54,0,0.05,17
12324,0.95,1,0.05,19
12325,0.96,1,0.05,2
12326,0.97,1,0.05,8
12327,0.97,1,0.05,5
12328,0.93,1,0.05,15
12329,0.96,1,0.05,8
12330,0.93,1,0.05,12
12331,0.98,1,0.05,5
12332,-0.55,0,0.05,12
12333,0.97,1,0.05,7
12334,-0.57,0,0.05,6
12335,0.96,1,0.05,11
12336,-0.54,0,0.05,21
12337,0.95,1,0.05,6
12338,-0.56,0,0.05,4
12339,0.94,1,0.05,5
12340,0.95,1,0.05,8
12341,0.93,1,0.05,20
12342,0.96,1,0.05,7
12343,0.92,1,0.05,12
12344,-0.56,0,0.05,17
12345,-0.53,0,0.05,5
12346,0.97,1,0.05,6
12347,-0.56,0,0.05,4
12348,0.94,1,0.05,13
12349,0.95,1,0.05,5
12350,0.95,1,0.05,5
12351,0.97,1,0.05,19
12352,0.96,1,0.05,10
12353,0.92,1,0.05,14
12354,-0.56,0,0.05,4
12355,0.86,1,0.05,32
12356,-0.56,0,0.05,4
12357,0.97,1,0.05,4
12358,0.94,1,0.05,5
12359,0.94,1,0.05,12
12360,0.92,1,0.05,15
12361,1.0,1,0.05,16
12362,0.97,1,0.05,23
12363,0.95,1,0.05,11
12364,0.98,1,0.05,19
12365,0.95,1,0.05,15
12366,0.96,1,0.05,8
12367,0.95,1,0.05,4
12368,0.92,1,0.05,11
12369,-0.56,0,0.05,19
12370,0.95,1,0.05,7
12371,0.92,1,0.05,18
12372,0.94,1,0.05,7
12373,0.98,1,0.05,8
12374,0.84,1,0.05,20
12375,0.97,1,0.05,8
12376,0.94,1,0.05,5
12377,0.95,1,0.05,4
12378,0.98,1,0.05,9
12379,0.97,1,0.05,4
12380,-0.57,0,0.05,25
12381,0.96,1,0.05,8
12382,0.94,1,0.05,9
12383,0.97,1,0.05,5
12384,0.95,1,0.05,12
12385,0.96,1,0.05,13
12386,0.95,1,0.05,8
12387,0.97,1,0.05,4
12388,0.95,1,0.05,4
12389,1.0,1,0.05,23
12390,0.95,1,0.05,7
12391,0.97,1,0.05,12
12392,0.98,1,0.05,11
12393,-0.51,0,0.05,4
12394,0.97,1,0.05,6
12395,-0.55,0,0.05,4
12396,0.95,1,0.05,7
12397,0.95,1,0.05,5
12398,-0.53,0,0.05,3
12399,0.95,1,0.05,5
12400,0.92,1,0.05,11
12401,0.98,1,0.05,12
12402,-0.58,0,0.05,19
12403,0.96,1,0.05,13
12404,-0.54,0,0.05,18
12405,-0.55,0,0.05,4
12406,0.94,1,0.05,10
12407,0.92,1,0.05,9
12408,0.97,1,0.05,14
12409,0.95,1,0.05,11
12410,0.88,1,0.05,16
12411,0.9,1,0.05,14
12412,0.97,1,0.05,9
12413,0.98,1,0.05,11
12414,0.95,1,0.05,4
12415,0.94,1,0.05,13
12416,0.97,1,0.05,6
12417,0.94,1,0.05,18
12418,0.95,1,0.05,9
12419,0.96,1,0.05,5
12420,0.96,1,0.05,5
12421,0.98,1,0.05,5
12422,0.94,1,0.05,8
12423,0.96,1,0.05,6
12424,-0.52,0,0.05,12
12425,0.94,1,0.05,6
12426,-0.53,0,0.05,4
12427,0.98,1,0.05,6
12428,0.97,1,0.05,15
12429,0.96,1,0.05,5
12430,0.95,1,0.05,12
12431,-0.53,0,0.05,4
12432,0.95,1,0.05,5
12433,0.92,1,0.05,11
12434,0.95,1,0.05,9
12435,0.98,1,0.05,6
12436,0.96,1,0.05,9
12437,0.94,1,0.05,24
12438,0.95,1,0.05,7
12439,0.96,1,0.05,17
12440,0.93,1,0.05,9
12441,0.94,1,0.05,7
12442,0.96,1,0.05,9
12443,0.95,1,0.05,7
12444,0.96,1,0.05,9
12445,-0.51,0,0.05,20
12446,0.96,1,0.05,18
12447,0.94,1,0.05,9
12448,0.95,1,0.05,7
12449,0.94,1,0.05,5
12450,-0.55,0,0.05,18
12451,0.94,1,0.05,10
12452,0.95,1,0.05,7
12453,-0.53,0,0.05,12
12454,0.93,1,0.05,11
12455,0.9,1,0.05,7
12456,0.95,1,0.05,10
12457,0.97,1,0.05,5
12458,-0.5,0,0.05,4
12459,0.99,1,0.05,25
12460,0.95,1,0.05,15
12461,0.97,1,0.05,6
12462,0.93,1,0.05,9
12463,0.83,1,0.05,26
12464,0.91,1,0.05,18
12465,0.96,1,0.05,6
12466,0.96,1,0.05,5
12467,0.95,1,0.05,9
12468,0.97,1,0.05,7
12469,-0.54,0,0.05,13
12470,0.96,1,0.05,5
12471,0.95,1,0.05,12
12472,-0.51,0,0.05,4
12473,-0.54,0,0.05,19
12474,0.96,1,0.05,9
12475,0.97,1,0.05,6
12476,-0.57,0,0.05,11
12477,0.97,1,0.05,4
12478,0.96,1,0.05,9
12479,0.93,1,0.05,9
12480,-0.57,0,0.05,5
12481,0.95,1,0.05,6
12482,0.94,1,0.05,6
12483,-0.55,0,0.05,3
12484,0.97,1,0.05,11
12485,0.92,1,0.05,7
12486,-0.5,0,0.05,15
12487,0.94,1,0.05,5
12488,0.99,1,0.05,12
12489,0.94,1,0.05,10
12490,0.9,1,0.05,25
12491,0.95,1,0.05,5
12492,0.84,1,0.05,18
12493,-0.6,0,0.05,23
12494,0.97,1,0.05,10
12495,0.95,1,0.05,14
12496,0.91,1,0.05,12
12497,0.95,1,0.05,11
12498,0.9,1,0.05,21
12499,-0.52,0,0.05,5
12500,0.97,1,0.05,7
12501,0.95,1,0.05,10
12502,0.89,1,0.05,22
12503,0.98,1,0.05,9
12504,0.94,1,0.05,23
12505,0.96,1,0.05,20
12506,0.98,1,0.05,10
12507,0.96,1,0.05,9
12508,-0.55,0,0.05,12
12509,0.97,1,0.05,5
12510,0.98,1,0.05,5
12511,0.88,1,0.05,22
12512,0.95,1,0.05,8
12513,0.97,1,0.05,9
12514,0.98,1,0.05,7
12515,0.98,1,0.05,5
12516,0.93,1,0.05,7
12517,0.93,1,0.05,10
12518,0.98,1,0.05,13
12519,0.96,1,0.05,23
12520,0.95,1,0.05,21
12521,0.96,1,0.05,4
12522,0.98,1,0.05,13
12523,0.91,1,0.05,21
12524,-0.51,0,0.05,4
12525,0.93,1,0.05,11
12526,0.94,1,0.05,17
12527,0.95,1,0.05,12
12528,0.97,1,0.05,15
12529,0.94,1,0.05,16
12530,0.9,1,0.05,20
12531,0.95,1,0.05,7
12532,0.95,1,0.05,14
12533,0.95,1,0.05,7
12534,-0.56,0,0.05,18
12535,0.93,1,0.05,9
12536,0.92,1,0.05,15
12537,0.98,1,0.05,8
12538,0.95,1,0.05,10
12539,0.96,1,0.05,4
12540,-0.55,0,0.05,4
12541,0.95,1,0.05,8
12542,-0.68,0,0.05,10
12543,0.93,1,0.05,10
12544,0.93,1,0.05,13
12545,0.94,1,0.05,10
12546,-0.55,0,0.05,11
12547,0.95,1,0.05,6
12548,0.99,1,0.05,11
12549,0.87,1,0.05,22
12550,-0.64,0,0.05,12
12551,0.88,1,0.05,14
12552,0.96,1,0.05,10
12553,0.92,1,0.05,10
12554,0.94,1,0.05,9
12555,0.93,1,0.05,10
12556,-0.56,0,0.05,16
12557,0.96,1,0.05,21
12558,0.93,1,0.05,8
12559,0.97,1,0.05,8
12560,0.93,1,0.05,10
12561,0.9,1,0.05,18
12562,0.95,1,0.05,14
12563,0.94,1,0.05,18
12564,0.99,1,0.05,11
12565,0.96,1,0.05,13
12566,-0.63,0,0.05,18
12567,-0.58,0,0.05,23
12568,-0.56,0,0.05,4
12569,-0.56,0,0.05,18
12570,0.97,1,0.05,6
12571,-0.48,0,0.05,3
12572,0.96,1,0.05,5
12573,0.95,1,0.05,12
12574,-0.56,0,0.05,10
12575,0.95,1,0.05,13
12576,0.93,1,0.05,11
12577,0.94,1,0.05,13
12578,0.93,1,0.05,9
12579,-0.56,0,0.05,21
12580,0.97,1,0.05,12
12581,0.94,1,0.05,17
12582,0.96,1,0.05,5
12583,0.94,1,0.05,11
12584,0.94,1,0.05,18
12585,0.96,1,0.05,7
12586,0.95,1,0.05,8
12587,0.96,1,0.05,9
12588,0.94,1,0.05,5
12589,-0.51,0,0.05,4
12590,0.97,1,0.05,4
12591,0.97,1,0.05,5
12592,0.89,1,0.05,16
12593,0.96,1,0.05,11
12594,0.95,1,0.05,5
12595,0.92,1,0.05,22
12596,0.97,1,0.05,6
12597,0.98,1,0.05,7
12598,0.96,1,0.05,25
12599,0.98,1,0.05,9
12600,0.96,1,0.05,9
12601,0.94,1,0.05,13
12602,-0.56,0,0.05,6
12603,0.98,1,0.05,17
12604,0.95,1,0.05,4
12605,-0.53,0,0.05,14
12606,-0.62,0,0.05,25
12607,0.93,1,0.05,10
12608,0.92,1,0.05,19
12609,0.96,1,0.05,7
12610,0.95,1,0.05,7
12611,0.96,1,0.05,17
12612,0.95,1,0.05,11
12613,0.98,1,0.05,4
12614,0.96,1,0.05,10
12615,0.97,1,0.05,18
12616,0.97,1,0.05,9
12617,0.96,1,0.05,11
12618,0.93,1,0.05,11
12619,0.95,1,0.05,9
12620,0.96,1,0.05,5
12621,-0.53,0,0.05,6
12622,0.92,1,0.05,15
12623,0.92,1,0.05,12
12624,0.97,1,0.05,5
12625,0.99,1,0.05,14
12626,0.98,1,0.05,7
12627,0.98,1,0.05,8
12628,0.93,1,0.05,8
12629,0.95,1,0.05,7
12630,0.93,1,0.05,6
12631,0.94,1,0.05,5
12632,0.97,1,0.05,6
12633,0.96,1,0.05,7
12634,-0.54,0,0.05,9
12635,0.98,1,0.05,14
12636,0.91,1,0.05,19
12637,0.95,1,0.05,15
12638,0.94,1,0.05,7
12639,0.95,1,0.05,21
12640,0.97,1,0.05,9
12641,0.96,1,0.05,5
12642,0.97,1,0.05,6
12643,0.93,1,0.05,17
12644,-0.51,0,0.05,4
12645,0.98,1,0.05,11
12646,-0.62,0,0.05,22
12647,0.92,1,0.05,16
12648,-0.52,0,0.05,17
12649,0.93,1,0.05,8
12650,0.87,1,0.05,23
12651,0.94,1,0.05,7
12652,0.95,1,0.05,5
12653,-0.57,0,0.05,9
12654,0.95,1,0.05,10
12655,0.96,1,0.05,8
12656,0.99,1,0.05,16
12657,0.96,1,0.05,5
12658,0.96,1,0.05,5
12659,0.97,1,0.05,5
12660,0.93,1,0.05,11
12661,0.95,1,0.05,20
12662,-0.57,0,0.05,12
12663,0.93,1,0.05,22
12664,0.93,1,0.05,14
12665,0.97,1,0.05,8
12666,0.96,1,0.05,7
12667,-0.5,0,0.05,4
12668,0.95,1,0.05,7
12669,0.85,1,0.05,23
12670,0.95,1,0.05,4
12671,1.0,1,0.05,15
12672,0.95,1,0.05,5
12673,0.98,1,0.05,18
12674,0.95,1,0.05,7
12675,0.98,1,0.05,9
12676,0.97,1,0.05,5
12677,-0.55,0,0.05,7
12678,0.96,1,0.05,22
12679,-0.51,0,0.05,4
12680,-0.52,0,0.05,13
12681,0.95,1,0.05,7
12682,0.94,1,0.05,13
12683,0.95,1,0.05,11
12684,0.89,1,0.05,22
12685,0.97,1,0.05,4
12686,0.94,1,0.05,5
12687,0.97,1,0.05,5
12688,0.97,1,0.05,4
12689,0.97,1,0.05,6
12690,0.95,1,0.05,11
12691,0.93,1,0.05,6
12692,-0.57,0,0.05,15
12693,0.95,1,0.05,8
12694,0.96,1,0.05,5
12695,-0.56,0,0.05,10
12696,0.96,1,0.05,8
12697,0.98,1,0.05,6
12698,0.95,1,0.05,8
12699,0.95,1,0.05,8
12700,0.95,1,0.05,7
12701,0.96,1,0.05,4
12702,-0.55,0,0.05,19
12703,0.96,1,0.05,7
12704,0.97,1,0.05,19
12705,0.96,1,0.05,14
12706,0.91,1,0.05,17
12707,0.93,1,0.05,24
12708,0.97,1,0.05,8
12709,0.96,1,0.05,5
12710,0.95,1,0.05,10
12711,0.93,1,0.05,8
12712,0.95,1,0.05,4
12713,0.97,1,0.05,8
12714,0.95,1,0.05,6
12715,0.94,1,0.05,8
12716,0.96,1,0.05,16
12717,0.94,1,0.05,7
12718,0.97,1,0.05,6
12719,0.94,1,0.05,16
12720,0.97,1,0.05,6
12721,0.9,1,0.05,20
12722,0.94,1,0.05,3
12723,0.96,1,0.05,9
12724,0.92,1,0.05,15
12725,0.94,1,0.05,7
12726,0.96,1,0.05,5
12727,0.97,1,0.05,10
12728,0.93,1,0.05,8
12729,0.96,1,0.05,6
12730,-0.55,0,0.05,9
12731,0.95,1,0.05,9
12732,0.94,1,0.05,13
12733,0.95,1,0.05,7
12734,0.95,1,0.05,8
12735,0.94,1,0.05,9
12736,0.95,1,0.05,7
12737,-0.57,0,0.05,29
12738,0.96,1,0.05,13
12739,0.98,1,0.05,12
12740,-0.53,0,0.05,9
12741,-0.52,0,0.05,5
12742,0.96,1,0.05,6
12743,0.84,1,0.05,29
12744,0.97,1,0.05,7
12745,-0.55,0,0.05,4
12746,0.95,1,0.05,11
12747,0.93,1,0.05,25
12748,-0.56,0,0.05,4
12749,0.87,1,0.05,25
12750,0.97,1,0.05,5
12751,0.97,1,0.05,8
12752,0.98,1,0.05,19
12753,-0.58,0,0.05,20
12754,0.87,1,0.05,15
12755,0.97,1,0.05,22
12756,0.94,1,0.05,5
12757,0.95,1,0.05,10
12758,0.98,1,0.05,13
12759,0.98,1,0.05,5
12760,0.97,1,0.05,6
12761,0.96,1,0.05,10
12762,0.97,1,0.05,4
12763,0.94,1,0.05,6
12764,0.94,1,0.05,17
12765,0.91,1,0.05,18
12766,0.98,1,0.05,7
12767,-0.56,0,0.05,14
12768,0.91,1,0.05,16
12769,0.88,1,0.05,18
12770,-0.52,0,0.05,7
12771,0.83,1,0.05,19
12772,0.97,1,0.05,4
12773,-0.57,0,0.05,13
12774,0.97,1,0.05,9
12775,0.93,1,0.05,8
12776,0.95,1,0.05,5
12777,0.98,1,0.05,5
12778,0.93,1,0.05,9
12779,-0.52,0,0.05,9
12780,-0.56,0,0.05,7
12781,0.95,1,0.05,13
12782,0.88,1,0.05,27
12783,0.94,1,0.05,11
12784,0.96,1,0.05,11
12785,0.93,1,0.05,10
12786,-0.55,0,0.05,3
12787,0.89,1,0.05,19
12788,-0.54,0,0.05,5
12789,0.97,1,0.05,8
12790,0.97,1,0.05,6
12791,0.94,1,0.05,8
12792,0.95,1,0.05,9
12793,-0.56,0,0.05,4
12794,0.96,1,0.05,18
12795,0.97,1,0.05,6
12796,0.85,1,0.05,29
12797,-0.58,0,0.05,18
12798,-0.6,0,0.05,24
12799,0.86,1,0.05,123
12800,0.97,1,0.05,10
12801,0.99,1,0.05,14
12802,0.98,1,0.05,9
12803,-0.55,0,0.05,16
12804,0.92,1,0.05,19
12805,0.96,1,0.05,6
12806,0.94,1,0.05,5
12807,0.96,1,0.05,10
12808,0.95,1,0.05,6
12809,0.92,1,0.05,13
12810,0.96,1,0.05,6
12811,-0.55,0,0.05,4
12812,0.97,1,0.05,6
12813,0.97,1,0.05,6
12814,0.97,1,0.05,10
12815,0.96,1,0.05,6
12816,0.93,1,0.05,12
12817,0.93,1,0.05,9
12818,0.98,1,0.05,6
12819,0.95,1,0.05,7
12820,0.96,1,0.05,6
12821,0.92,1,0.05,13
12822,0.96,1,0.05,8
12823,-0.62,0,0.05,12
12824,0.96,1,0.05,7
12825,0.82,1,0.05,34
12826,-0.56,0,0.05,5
12827,0.94,1,0.05,7
12828,0.96,1,0.05,10
12829,0.9,1,0.05,5
12830,0.98,1,0.05,13
12831,0.96,1,0.05,8
12832,0.96,1,0.05,8
12833,0.97,1,0.05,4
12834,0.96,1,0.05,4
12835,0.96,1,0.05,5
12836,0.94,1,0.05,9
12837,0.95,1,0.05,6
12838,0.95,1,0.05,10
12839,0.96,1,0.05,13
12840,0.94,1,0.05,10
12841,0.97,1,0.05,6
12842,0.97,1,0.05,5
12843,0.92,1,0.05,16
12844,0.93,1,0.05,8
12845,0.97,1,0.05,12
12846,0.96,1,0.05,21
12847,-0.55,0,0.05,4
12848,0.96,1,0.05,10
12849,0.97,1,0.05,6
12850,0.94,1,0.05,7
12851,0.93,1,0.05,8
12852,0.97,1,0.05,6
12853,-0.56,0,0.05,5
12854,0.97,1,0.05,22
12855,0.95,1,0.05,7
12856,0.96,1,0.05,19
12857,0.97,1,0.05,9
12858,0.87,1,0.05,38
12859,0.92,1,0.05,16
12860,0.96,1,0.05,14
12861,0.96,1,0.05,19
12862,0.95,1,0.05,20
12863,-0.59,0,0.05,18
12864,0.96,1,0.05,4
12865,0.93,1,0.05,9
12866,0.97,1,0.05,11
12867,0.95,1,0.05,7
12868,0.98,1,0.05,16
12869,0.92,1,0.05,18
12870,0.95,1,0.05,7
12871,0.96,1,0.05,6
12872,0.96,1,0.05,5
12873,0.96,1,0.05,6
12874,-0.57,0,0.05,13
12875,0.98,1,0.05,5
12876,0.95,1,0.05,7
12877,0.93,1,0.05,19
12878,0.91,1,0.05,24
12879,0.96,1,0.05,6
12880,0.98,1,0.05,7
12881,0.99,1,0.05,10
12882,0.88,1,0.05,17
12883,0.96,1,0.05,7
12884,0.97,1,0.05,6
12885,0.94,1,0.05,9
12886,0.95,1,0.05,7
12887,0.96,1,0.05,5
12888,-0.56,0,0.05,14
12889,0.96,1,0.05,14
12890,0.93,1,0.05,12
12891,0.93,1,0.05,8
12892,0.96,1,0.05,7
12893,-0.53,0,0.05,13
12894,0.95,1,0.05,9
12895,0.82,1,0.05,18
12896,0.92,1,0.05,16
12897,0.95,1,0.05,14
12898,0.95,1,0.05,14
12899,-0.56,0,0.05,6
12900,0.94,1,0.05,10
12901,-0.54,0,0.05,8
12902,-0.55,0,0.05,4
12903,0.95,1,0.05,7
12904,0.93,1,0.05,9
12905,0.95,1,0.05,4
12906,0.93,1,0.05,6
12907,-0.56,0,0.05,6
12908,-0.52,0,0.05,7
12909,0.95,1,0.05,9
12910,0.95,1,0.05,9
12911,0.93,1,0.05,10
12912,0.91,1,0.05,21
12913,0.96,1,0.05,14
12914,0.97,1,0.05,13
12915,0.92,1,0.05,12
12916,0.9,1,0.05,15
12917,0.97,1,0.05,8
12918,0.98,1,0.05,18
12919,0.94,1,0.05,19
12920,0.97,1,0.05,6
12921,0.94,1,0.05,12
12922,0.8,0,0.05,33
12923,0.96,1,0.05,6
12924,0.99,1,0.05,18
12925,0.92,1,0.05,10
12926,0.95,1,0.05,12
12927,0.91,1,0.05,37
12928,0.94,1,0.05,13
12929,0.86,1,0.05,15
12930,0.9,1,0.05,16
12931,0.95,1,0.05,10
12932,0.96,1,0.05,6
12933,0.95,1,0.05,7
12934,0.95,1,0.05,19
12935,0.94,1,0.05,9
12936,0.97,1,0.05,6
12937,0.95,1,0.05,5
12938,0.96,1,0.05,5
12939,0.93,1,0.05,12
12940,0.95,1,0.05,7
12941,0.88,1,0.05,14
12942,0.94,1,0.05,9
12943,-0.55,0,0.05,14
12944,0.92,1,0.05,11
12945,0.95,1,0.05,8
12946,0.98,1,0.05,13
12947,0.97,1,0.05,24
12948,0.94,1,0.05,18
12949,0.98,1,0.05,6
12950,0.96,1,0.05,19
12951,0.97,1,0.05,8
12952,0.98,1,0.05,23
12953,0.95,1,0.05,6
12954,0.94,1,0.05,9
12955,0.95,1,0.05,7
12956,0.98,1,0.05,10
12957,-0.56,0,0.05,9
12958,0.95,1,0.05,5
12959,0.95,1,0.05,4
12960,0.94,1,0.05,9
12961,0.97,1,0.05,6
12962,0.95,1,0.05,19
12963,0.94,1,0.05,16
12964,0.98,1,0.05,14
12965,-0.53,0,0.05,11
12966,0.93,1,0.05,8
12967,0.93,1,0.05,6
12968,0.95,1,0.05,7
12969,0.93,1,0.05,10
12970,0.95,1,0.05,18
12971,0.95,1,0.05,19
12972,0.93,1,0.05,12
12973,0.96,1,0.05,9
12974,0.95,1,0.05,12
12975,0.97,1,0.05,5
12976,-0.52,0,0.05,14
12977,0.96,1,0.05,17
12978,0.95,1,0.05,4
12979,-0.5,0,0.05,7
12980,0.95,1,0.05,12
12981,0.97,1,0.05,8
12982,0.95,1,0.05,8
12983,0.89,1,0.05,19
12984,0.95,1,0.05,9
12985,0.95,1,0.05,4
12986,-0.53,0,0.05,4
12987,-0.55,0,0.05,4
12988,0.89,1,0.05,21
12989,-0.58,0,0.05,24
12990,0.95,1,0.05,17
12991,0.95,1,0.05,9
12992,-0.53,0,0.05,6
12993,0.94,1,0.05,6
12994,0.98,1,0.05,6
12995,0.94,1,0.05,13
12996,0.94,1,0.05,7
12997,0.94,1,0.05,9
12998,0.94,1,0.05,9
12999,0.9,1,0.05,17
13000,0.95,1,0.05,9
13001,0.96,1,0.05,5
13002,0.96,1,0.05,8
13003,0.98,1,0.05,4
13004,0.93,1,0.05,10
13005,0.97,1,0.05,18
13006,-0.56,0,0.05,17
13007,0.94,1,0.05,19
13008,0.94,1,0.05,6
13009,0.95,1,0.05,8
13010,0.94,1,0.05,5
13011,0.94,1,0.05,8
13012,0.95,1,0.05,8
13013,-0.52,0,0.05,10
13014,0.94,1,0.05,14
13015,0.95,1,0.05,5
13016,0.98,1,0.05,11
13017,0.93,1,0.05,24
13018,-0.53,0,0.05,11
13019,0.98,1,0.05,25
13020,0.96,1,0.05,8
13021,0.94,1,0.05,11
13022,0.98,1,0.05,9
13023,0.98,1,0.05,11
13024,-0.53,0,0.05,6
13025,0.94,1,0.05,9
13026,1.0,1,0.05,23
13027,0.98,1,0.05,5
13028,0.94,1,0.05,9
13029,0.95,1,0.05,4
13030,0.92,1,0.05,12
13031,0.95,1,0.05,7
13032,-0.55,0,0.05,7
13033,0.97,1,0.05,5
13034,0.99,1,0.05,12
13035,-0.55,0,0.05,10
13036,0.96,1,0.05,6
13037,0.97,1,0.05,10
13038,0.93,1,0.05,9
13039,0.94,1,0.05,9
13040,0.93,1,0.05,14
13041,0.97,1,0.05,9
13042,-0.55,0,0.05,4
13043,0.96,1,0.05,8
13044,0.94,1,0.05,9
13045,0.93,1,0.05,7
13046,0.96,1,0.05,5
13047,0.96,1,0.05,6
13048,0.98,1,0.05,12
13049,0.97,1,0.05,8
13050,-0.55,0,0.05,9
13051,0.95,1,0.05,7
13052,0.95,1,0.05,14
13053,0.96,1,0.05,10
13054,0.98,1,0.05,5
13055,-0.57,0,0.05,13
13056,0.94,1,0.05,6
13057,0.95,1,0.05,5
13058,0.99,1,0.05,6
13059,0.81,1,0.05,15
13060,0.95,1,0.05,11
13061,0.97,1,0.05,11
13062,0.95,1,0.05,4
13063,-0.66,0,0.05,31
13064,0.94,1,0.05,9
13065,0.95,1,0.05,10
13066,0.95,1,0.05,7
13067,0.97,1,0.05,12
13068,0.84,1,0.05,20
13069,0.94,1,0.05,9
13070,0.95,1,0.05,4
13071,0.95,1,0.05,8
13072,-0.55,0,0.05,3
13073,0.98,1,0.05,9
13074,0.95,1,0.05,8
13075,0.95,1,0.05,16
13076,0.95,1,0.05,5
13077,0.95,1,0.05,13
13078,-0.51,0,0.05,4
13079,-0.53,0,0.05,4
13080,-0.57,0,0.05,26
13081,0.97,1,0.05,8
13082,-0.52,0,0.05,7
13083,0.95,1,0.05,8
13084,0.96,1,0.05,4
13085,0.95,1,0.05,11
13086,0.92,1,0.05,7
13087,-0.55,0,0.05,5
13088,-0.53,0,0.05,5
13089,0.97,1,0.05,6
13090,0.95,1,0.05,17
13091,0.91,1,0.05,10
13092,-0.54,0,0.05,13
13093,0.96,1,0.05,6
13094,0.95,1,0.05,6
13095,0.93,1,0.05,9
13096,0.97,1,0.05,6
13097,0.99,1,0.05,7
13098,0.97,1,0.05,10
13099,0.95,1,0.05,12
13100,0.94,1,0.05,9
13101,0.96,1,0.05,10
13102,0.97,1,0.05,6
13103,0.97,1,0.05,6
13104,-0.51,0,0.05,4
13105,0.96,1,0.05,13
13106,0.94,1,0.05,12
13107,0.98,1,0.05,5
13108,0.96,1,0.05,4
13109,0.97,1,0.05,5
13110,0.97,1,0.05,6
13111,-0.56,0,0.05,4
13112,-0.58,0,0.05,18
13113,-0.57,0,0.05,28
13114,0.93,1,0.05,10
13115,0.96,1,0.05,13
13116,0.93,1,0.05,12
13117,0.98,1,0.05,7
13118,0.93,1,0.05,9
13119,0.97,1,0.05,7
13120,0.89,1,0.05,17
13121,0.97,1,0.05,5
13122,0.96,1,0.05,5
13123,0.96,1,0.05,7
13124,0.93,1,0.05,12
13125,0.95,1,0.05,9
13126,0.85,1,0.05,21
13127,0.97,1,0.05,9
13128,0.96,1,0.05,6
13129,0.95,1,0.05,15
13130,0.95,1,0.05,7
13131,0.93,1,0.05,22
13132,0.94,1,0.05,10
13133,0.96,1,0.05,5
13134,0.98,1,0.05,7
13135,0.94,1,0.05,9
13136,-0.56,0,0.05,4
13137,0.96,1,0.05,5
13138,0.94,1,0.05,15
13139,-0.59,0,0.05,19
13140,0.95,1,0.05,9
13141,0.96,1,0.05,4
13142,0.91,1,0.05,17
13143,0.82,1,0.05,29
13144,0.96,1,0.05,13
13145,0.97,1,0.05,7
13146,0.96,1,0.05,7
13147,0.95,1,0.05,14
13148,0.97,1,0.05,19
13149,0.94,1,0.05,9
13150,0.96,1,0.05,9
13151,0.95,1,0.05,10
13152,0.94,1,0.05,7
13153,0.96,1,0.05,4
13154,0.92,1,0.05,18
13155,-0.54,0,0.05,11
13156,-0.56,0,0.05,6
13157,0.96,1,0.05,6
13158,0.97,1,0.05,6
13159,0.94,1,0.05,9
13160,0.94,1,0.05,10
13161,-0.53,0,0.05,11
13162,0.94,1,0.05,13
13163,0.96,1,0.05,6
13164,0.97,1,0.05,7
13165,0.9,1,0.05,14
13166,0.8,0,0.05,19
13167,0.98,1,0.05,6
13168,0.97,1,0.05,5
13169,0.96,1,0.05,19
13170,0.95,1,0.05,8
13171,0.97,1,0.05,24
13172,0.96,1,0.05,9
13173,0.93,1,0.05,13
13174,0.94,1,0.05,5
13175,-0.59,0,0.05,21
13176,0.94,1,0.05,8
13177,-0.56,0,0.05,16
13178,0.95,1,0.05,5
13179,0.95,1,0.05,10
13180,0.99,1,0.05,9
13181,0.94,1,0.05,10
13182,0.97,1,0.05,8
13183,0.95,1,0.05,4
13184,0.95,1,0.05,14
13185,0.97,1,0.05,9
13186,-0.49,0,0.05,4
13187,0.93,1,0.05,13
13188,0.9,1,0.05,15
13189,0.96,1,0.05,13
13190,0.94,1,0.05,10
13191,0.95,1,0.05,4
13192,0.97,1,0.05,11
13193,0.88,1,0.05,30
13194,0.94,1,0.05,11
13195,0.93,1,0.05,8
13196,0.95,1,0.05,14
13197,0.94,1,0.05,5
13198,0.92,1,0.05,18
13199,0.99,1,0.05,7
13200,0.79,0,0.05,21
13201,0.96,1,0.05,8
13202,0.93,1,0.05,10
13203,0.98,1,0.05,10
13204,0.97,1,0.05,5
13205,0.95,1,0.05,11
13206,0.95,1,0.05,6
13207,0.94,1,0.05,6
13208,1.01,1,0.05,19
13209,0.93,1,0.05,10
13210,0.94,1,0.05,11
13211,-0.55,0,0.05,16
13212,0.97,1,0.05,10
13213,0.93,1,0.05,10
13214,0.98,1,0.05,5
13215,0.96,1,0.05,8
13216,0.95,1,0.05,11
13217,0.97,1,0.05,6
13218,0.97,1,0.05,12
13219,0.98,1,0.05,29
13220,0.96,1,0.05,8
13221,0.94,1,0.05,10
13222,0.98,1,0.05,5
13223,0.13,0,0.05,26
13224,0.94,1,0.05,12
13225,-0.49,0,0.05,4
13226,0.98,1,0.05,5
13227,0.92,1,0.05,9
13228,0.94,1,0.05,9
13229,0.94,1,0.05,6
13230,-0.58,0,0.05,13
13231,0.89,1,0.05,22
13232,0.94,1,0.05,6
13233,0.96,1,0.05,10
13234,0.95,1,0.05,6
13235,0.95,1,0.05,11
13236,0.96,1,0.05,5
13237,0.92,1,0.05,11
13238,0.94,1,0.05,5
13239,0.98,1,0.05,8
13240,-0.51,0,0.05,15
13241,0.82,1,0.05,17
13242,0.94,1,0.05,5
13243,0.96,1,0.05,10
13244,0.8,0,0.05,25
13245,-0.55,0,0.05,3
13246,0.95,1,0.05,5
13247,0.95,1,0.05,18
13248,-0.59,0,0.05,11
13249,1.0,1,0.05,17
13250,0.95,1,0.05,9
13251,0.94,1,0.05,12
13252,0.97,1,0.05,5
13253,0.97,1,0.05,6
13254,-0.56,0,0.05,10
13255,0.93,1,0.05,17
13256,0.94,1,0.05,14
13257,0.96,1,0.05,11
13258,0.9,1,0.05,11
13259,0.97,1,0.05,6
13260,0.94,1,0.05,10
13261,0.96,1,0.05,5
13262,0.98,1,0.05,6
13263,0.93,1,0.05,10
13264,0.96,1,0.05,15
13265,0.97,1,0.05,6
13266,0.89,1,0.05,24
13267,0.94,1,0.05,5
13268,0.94,1,0.05,7
13269,0.97,1,0.05,6
13270,0.93,1,0.05,13
13271,0.95,1,0.05,5
13272,1.0,1,0.05,10
13273,0.99,1,0.05,9
13274,0.95,1,0.05,11
13275,0.97,1,0.05,6
13276,0.9,1,0.05,9
13277,0.96,1,0.05,6
13278,0.97,1,0.05,14
13279,-0.58,0,0.05,10
13280,-0.53,0,0.05,11
13281,0.96,1,0.05,6
13282,0.96,1,0.05,10
13283,0.96,1,0.05,8
13284,0.93,1,0.05,10
13285,0.94,1,0.05,8
13286,0.96,1,0.05,17
13287,0.92,1,0.05,9
13288,0.97,1,0.05,11
13289,0.94,1,0.05,9
13290,0.96,1,0.05,16
13291,0.98,1,0.05,13
13292,0.96,1,0.05,4
13293,0.98,1,0.05,9
13294,0.94,1,0.05,9
13295,0.95,1,0.05,13
13296,0.98,1,0.05,16
13297,0.95,1,0.05,5
13298,0.94,1,0.05,9
13299,0.94,1,0.05,5
13300,-0.51,0,0.05,3
13301,0.96,1,0.05,7
13302,-0.55,0,0.05,13
13303,-0.54,0,0.05,22
13304,0.96,1,0.05,9
13305,0.96,1,0.05,9
13306,0.95,1,0.05,5
13307,0.92,1,0.05,14
13308,0.96,1,0.05,6
13309,0.95,1,0.05,10
13310,-0.58,0,0.05,10
13311,0.96,1,0.05,4
13312,0.97,1,0.05,15
13313,0.97,1,0.05,5
13314,0.93,1,0.05,6
13315,0.93,1,0.05,12
13316,0.92,1,0.05,14
13317,0.88,1,0.05,36
13318,0.94,1,0.05,20
13319,0.96,1,0.05,4
13320,-0.56,0,0.05,4
13321,0.94,1,0.05,10
13322,0.95,1,0.05,7
13323,0.91,1,0.05,10
13324,0.96,1,0.05,10
13325,-0.53,0,0.05,6
13326,0.97,1,0.05,5
13327,0.96,1,0.05,8
13328,0.94,1,0.05,12
13329,0.93,1,0.05,12
13330,0.99,1,0.05,18
13331,0.99,1,0.05,8
13332,-0.57,0,0.05,5
13333,0.95,1,0.05,21
13334,0.96,1,0.05,6
13335,0.8,0,0.05,25
13336,0.94,1,0.05,6
13337,0.94,1,0.05,10
13338,0.98,1,0.05,17
13339,0.94,1,0.05,6
13340,0.95,1,0.05,10
13341,0.96,1,0.05,8
13342,0.96,1,0.05,10
13343,0.95,1,0.05,6
13344,0.94,1,0.05,6
13345,0.96,1,0.05,11
13346,0.95,1,0.05,25
13347,-0.51,0,0.05,4
13348,0.93,1,0.05,10
13349,0.97,1,0.05,8
13350,0.98,1,0.05,4
13351,0.93,1,0.05,6
13352,0.96,1,0.05,5
13353,0.95,1,0.05,6
13354,0.93,1,0.05,17
13355,0.99,1,0.05,6
13356,0.97,1,0.05,4
13357,0.95,1,0.05,7
13358,0.96,1,0.05,6
13359,0.95,1,0.05,4
13360,-0.54,0,0.05,24
13361,0.91,1,0.05,15
13362,0.95,1,0.05,6
13363,0.96,1,0.05,6
13364,0.97,1,0.05,6
13365,0.94,1,0.05,10
13366,-0.56,0,0.05,10
13367,-0.56,0,0.05,26
13368,0.95,1,0.05,12
13369,-0.49,0,0.05,5
13370,-0.51,0,0.05,4
13371,0.91,1,0.05,19
13372,0.94,1,0.05,11
13373,0.93,1,0.05,20
13374,0.97,1,0.05,12
13375,0.94,1,0.05,9
13376,0.95,1,0.05,9
13377,0.96,1,0.05,13
13378,0.98,1,0.05,14
13379,0.94,1,0.05,9
13380,0.96,1,0.05,9
13381,0.95,1,0.05,10
13382,0.98,1,0.05,19
13383,0.96,1,0.05,6
13384,-0.55,0,0.05,4
13385,0.94,1,0.05,8
13386,0.93,1,0.05,9
13387,0.97,1,0.05,9
13388,0.86,1,0.05,15
13389,0.97,1,0.05,5
13390,0.97,1,0.05,13
13391,-0.53,0,0.05,6
13392,0.95,1,0.05,12
13393,0.82,1,0.05,20
13394,0.95,1,0.05,8
13395,0.97,1,0.05,13
13396,0.96,1,0.05,4
13397,-0.56,0,0.05,18
13398,0.92,1,0.05,14
13399,0.96,1,0.05,14
13400,0.97,1,0.05,8
13401,0.88,1,0.05,22
13402,-0.56,0,0.05,16
13403,-0.51,0,0.05,15
13404,0.82,1,0.05,26
13405,0.94,1,0.05,8
13406,0.97,1,0.05,16
13407,0.98,1,0.05,15
13408,0.87,1,0.05,26
13409,0.98,1,0.05,5
13410,-0.57,0,0.05,14
13411,0.94,1,0.05,11
13412,0.97,1,0.05,10
13413,0.96,1,0.05,7
13414,0.98,1,0.05,5
13415,0.97,1,0.05,17
13416,0.97,1,0.05,7
13417,0.97,1,0.05,7
13418,0.95,1,0.05,9
13419,0.9,1,0.05,26
13420,0.97,1,0.05,6
13421,0.96,1,0.05,8
13422,0.98,1,0.05,4
13423,0.97,1,0.05,7
13424,0.97,1,0.05,5
13425,0.95,1,0.05,8
13426,0.96,1,0.05,4
13427,0.9,1,0.05,8
13428,0.97,1,0.05,7
13429,0.95,1,0.05,4
13430,0.97,1,0.05,18
13431,0.95,1,0.05,7
13432,-0.55,0,0.05,4
13433,-0.5,0,0.05,3
13434,0.9,1,0.05,13
13435,0.96,1,0.05,6
13436,0.94,1,0.05,10
13437,0.94,1,0.05,14
13438,0.92,1,0.05,24
13439,0.95,1,0.05,6
13440,1.0,1,0.05,11
13441,0.95,1,0.05,10
13442,0.96,1,0.05,11
13443,0.95,1,0.05,20
13444,-0.56,0,0.05,6
13445,0.97,1,0.05,11
13446,0.95,1,0.05,5
13447,0.96,1,0.05,8
13448,0.96,1,0.05,6
13449,0.95,1,0.05,15
13450,0.96,1,0.05,6
13451,0.98,1,0.05,6
13452,0.96,1,0.05,6
13453,0.96,1,0.05,10
13454,0.95,1,0.05,8
13455,0.98,1,0.05,12
13456,0.94,1,0.05,25
13457,0.96,1,0.05,6
13458,0.95,1,0.05,7
13459,0.97,1,0.05,18
13460,0.96,1,0.05,7
13461,0.95,1,0.05,7
13462,0.96,1,0.05,16
13463,0.96,1,0.05,20
13464,0.96,1,0.05,5
13465,0.98,1,0.05,5
13466,0.94,1,0.05,7
13467,0.94,1,0.05,16
13468,0.82,1,0.05,18
13469,0.95,1,0.05,6
13470,0.96,1,0.05,7
13471,0.97,1,0.05,19
13472,0.92,1,0.05,13
13473,0.97,1,0.05,4
13474,0.98,1,0.05,4
13475,0.92,1,0.05,9
13476,0.99,1,0.05,6
13477,-0.54,0,0.05,16
13478,0.96,1,0.05,6
13479,0.91,1,0.05,14
13480,0.92,1,0.05,24
13481,-0.55,0,0.05,11
13482,0.96,1,0.05,20
13483,0.96,1,0.05,8
13484,0.97,1,0.05,5
13485,0.97,1,0.05,17
13486,0.99,1,0.05,6
13487,0.97,1,0.05,10
13488,0.97,1,0.05,6
13489,-0.5,0,0.05,3
13490,0.93,1,0.05,10
13491,0.9,1,0.05,189
13492,0.92,1,0.05,24
13493,0.91,1,0.05,21
13494,-0.56,0,0.05,7
13495,0.94,1,0.05,6
13496,0.94,1,0.05,10
13497,-0.53,0,0.05,17
13498,0.96,1,0.05,11
13499,0.96,1,0.05,8
13500,0.96,1,0.05,5
13501,0.96,1,0.05,6
13502,0.97,1,0.05,11
13503,0.98,1,0.05,7
13504,0.88,1,0.05,23
13505,0.98,1,0.05,15
13506,0.96,1,0.05,4
13507,0.88,1,0.05,9
13508,0.95,1,0.05,4
13509,0.94,1,0.05,9
13510,0.96,1,0.05,12
13511,0.95,1,0.05,6
13512,0.94,1,0.05,9
13513,0.96,1,0.05,8
13514,0.97,1,0.05,5
13515,0.94,1,0.05,22
13516,0.92,1,0.05,21
13517,0.98,1,0.05,6
13518,0.94,1,0.05,8
13519,0.97,1,0.05,9
13520,0.94,1,0.05,14
13521,0.92,1,0.05,15
13522,-0.51,0,0.05,4
13523,-0.56,0,0.05,5
13524,0.98,1,0.05,15
13525,0.97,1,0.05,5
13526,0.92,1,0.05,12
13527,0.95,1,0.05,7
13528,0.87,1,0.05,20
13529,0.98,1,0.05,5
13530,0.97,1,0.05,10
13531,-0.56,0,0.05,17
13532,0.95,1,0.05,5
13533,-0.55,0,0.05,14
13534,0.94,1,0.05,5
13535,0.97,1,0.05,10
13536,1.0,1,0.05,17
13537,0.93,1,0.05,13
13538,-0.55,0,0.05,16
13539,-0.54,0,0.05,20
13540,-0.55,0,0.05,4
13541,0.91,1,0.05,13
13542,0.91,1,0.05,32
13543,0.88,1,0.05,15
13544,0.95,1,0.05,4
13545,0.94,1,0.05,14
13546,0.96,1,0.05,12
13547,0.97,1,0.05,8
13548,0.99,1,0.05,11
13549,0.97,1,0.05,5
13550,0.96,1,0.05,15
13551,0.96,1,0.05,6
13552,0.96,1,0.05,18
13553,-0.5,0,0.05,12
13554,0.94,1,0.05,6
13555,0.94,1,0.05,14
13556,-0.55,0,0.05,11
13557,-0.56,0,0.05,8
13558,-0.51,0,0.05,4
13559,-0.65,0,0.05,19
13560,0.93,1,0.05,9
13561,0.94,1,0.05,9
13562,0.97,1,0.05,10
13563,-0.5,0,0.05,10
13564,0.96,1,0.05,4
13565,0.94,1,0.05,13
13566,-0.55,0,0.05,9
13567,0.95,1,0.05,7
13568,0.97,1,0.05,19
13569,0.96,1,0.05,9
13570,-0.56,0,0.05,19
13571,0.95,1,0.05,10
13572,0.92,1,0.05,9
13573,0.94,1,0.05,8
13574,0.97,1,0.05,19
13575,-0.55,0,0.05,10
13576,0.95,1,0.05,10
13577,0.95,1,0.05,8
13578,0.96,1,0.05,9
13579,0.92,1,0.05,16
13580,0.97,1,0.05,10
13581,-0.54,0,0.05,15
13582,0.94,1,0.05,19
13583,0.97,1,0.05,6
13584,0.96,1,0.05,5
13585,0.94,1,0.05,9
13586,0.94,1,0.05,9
13587,-0.53,0,0.05,25
13588,-0.52,0,0.05,12
13589,0.99,1,0.05,8
13590,0.96,1,0.05,7
13591,0.95,1,0.05,6
13592,-0.51,0,0.05,3
13593,0.96,1,0.05,7
13594,-0.53,0,0.05,3
13595,0.96,1,0.05,20
13596,0.97,1,0.05,8
13597,0.97,1,0.05,12
13598,0.96,1,0.05,16
13599,0.96,1,0.05,10
13600,0.96,1,0.05,6
13601,-0.54,0,0.05,14
13602,0.93,1,0.05,8
13603,0.96,1,0.05,9
13604,-0.57,0,0.05,23
13605,0.96,1,0.05,6
13606,0.96,1,0.05,6
13607,0.98,1,0.05,4
13608,0.95,1,0.05,12
13609,0.98,1,0.05,11
13610,0.95,1,0.05,5
13611,0.96,1,0.05,12
13612,0.97,1,0.05,18
13613,0.92,1,0.05,11
13614,0.96,1,0.05,6
13615,0.93,1,0.05,10
13616,0.96,1,0.05,5
13617,0.95,1,0.05,7
13618,0.94,1,0.05,9
13619,0.93,1,0.05,10
13620,0.96,1,0.05,7
13621,0.98,1,0.05,4
13622,0.97,1,0.05,9
13623,0.94,1,0.05,22
13624,0.98,1,0.05,4
13625,-0.5,0,0.05,3
13626,-0.56,0,0.05,5
13627,0.97,1,0.05,13
13628,0.95,1,0.05,7
13629,0.96,1,0.05,13
13630,0.95,1,0.05,6
13631,0.95,1,0.05,10
13632,0.97,1,0.05,6
13633,0.94,1,0.05,5
13634,0.88,1,0.05,16
13635,0.94,1,0.05,12
13636,0.9,1,0.05,14
13637,0.82,1,0.05,30
13638,-0.5,0,0.05,4
13639,0.92,1,0.05,12
13640,0.94,1,0.05,8
13641,0.94,1,0.05,8
13642,0.98,1,0.05,4
13643,0.97,1,0.05,9
13644,0.99,1,0.05,16
13645,0.94,1,0.05,5
13646,0.96,1,0.05,8
13647,0.97,1,0.05,23
13648,0.96,1,0.05,9
13649,0.97,1,0.05,6
13650,0.96,1,0.05,22
13651,0.96,1,0.05,8
13652,0.94,1,0.05,5
13653,0.7,0,0.05,22
13654,0.95,1,0.05,4
13655,0.96,1,0.05,6
13656,0.94,1,0.05,6
13657,0.96,1,0.05,20
13658,0.85,1,0.05,15
13659,0.95,1,0.05,10
13660,0.96,1,0.05,6
13661,0.96,1,0.05,4
13662,0.93,1,0.05,26
13663,0.97,1,0.05,7
13664,0.73,0,0.05,15
13665,0.93,1,0.05,9
13666,-0.52,0,0.05,5
13667,0.97,1,0.05,12
13668,0.97,1,0.05,5
13669,0.95,1,0.05,13
13670,0.96,1,0.05,10
13671,0.98,1,0.05,5
13672,-0.63,0,0.05,26
13673,0.97,1,0.05,5
13674,0.93,1,0.05,9
13675,0.94,1,0.05,7
13676,0.87,1,0.05,22
13677,0.99,1,0.05,15
13678,0.93,1,0.05,9
13679,0.97,1,0.05,4
13680,0.94,1,0.05,5
13681,-0.51,0,0.05,4
13682,0.96,1,0.05,14
13683,0.94,1,0.05,21
13684,-0.56,0,0.05,16
13685,0.96,1,0.05,6
13686,0.96,1,0.05,6
13687,0.97,1,0.05,9
13688,0.95,1,0.05,4
13689,0.98,1,0.05,9
13690,0.9,1,0.05,22
13691,0.96,1,0.05,8
13692,0.95,1,0.05,4
13693,0.97,1,0.05,9
13694,0.96,1,0.05,7
13695,0.96,1,0.05,7
13696,-0.57,0,0.05,5
13697,0.96,1,0.05,13
13698,0.97,1,0.05,7
13699,0.95,1,0.05,8
13700,0.98,1,0.05,9
13701,0.96,1,0.05,20
13702,0.97,1,0.05,15
13703,0.97,1,0.05,9
13704,-0.56,0,0.05,7
13705,0.95,1,0.05,11
13706,0.98,1,0.05,11
13707,0.95,1,0.05,15
13708,0.97,1,0.05,4
13709,0.95,1,0.05,11
13710,0.94,1,0.05,5
13711,0.92,1,0.05,9
13712,0.99,1,0.05,16
13713,-0.52,0,0.05,17
13714,0.93,1,0.05,9
13715,0.95,1,0.05,9
13716,0.93,1,0.05,12
13717,0.95,1,0.05,8
13718,0.94,1,0.05,10
13719,0.96,1,0.05,10
13720,-0.51,0,0.05,4
13721,0.94,1,0.05,8
13722,-0.51,0,0.05,4
13723,0.98,1,0.05,6
13724,0.98,1,0.05,13
13725,0.93,1,0.05,11
13726,0.93,1,0.05,9
13727,0.95,1,0.05,16
13728,0.86,1,0.05,27
13729,-0.53,0,0.05,14
13730,0.96,1,0.05,15
13731,-0.5,0,0.05,27
13732,-0.55,0,0.05,14
13733,0.99,1,0.05,13
13734,-0.5,0,0.05,4
13735,0.96,1,0.05,4
13736,0.92,1,0.05,19
13737,0.99,1,0.05,9
13738,0.97,1,0.05,7
13739,0.96,1,0.05,10
13740,-0.59,0,0.05,14
13741,0.96,1,0.05,16
13742,0.97,1,0.05,8
13743,0.95,1,0.05,7
13744,0.94,1,0.05,7
13745,0.94,1,0.05,11
13746,0.97,1,0.05,9
13747,0.93,1,0.05,10
13748,0.95,1,0.05,9
13749,0.96,1,0.05,5
13750,0.94,1,0.05,12
13751,0.89,1,0.05,26
13752,-0.56,0,0.05,6
13753,0.94,1,0.05,10
13754,0.95,1,0.05,5
13755,0.85,1,0.05,26
13756,-0.56,0,0.05,13
13757,0.98,1,0.05,12
13758,0.98,1,0.05,14
13759,-0.61,0,0.05,21
13760,0.98,1,0.05,11
13761,0.95,1,0.05,7
13762,0.97,1,0.05,6
13763,0.94,1,0.05,9
13764,0.95,1,0.05,6
13765,0.94,1,0.05,11
13766,0.96,1,0.05,15
13767,0.95,1,0.05,6
13768,0.83,1,0.05,14
13769,0.94,1,0.05,9
13770,0.98,1,0.05,4
13771,0.98,1,0.05,22
13772,0.94,1,0.05,12
13773,0.9,1,0.05,5
13774,0.95,1,0.05,9
13775,0.93,1,0.05,19
13776,0.97,1,0.05,11
13777,0.94,1,0.05,10
13778,-0.53,0,0.05,13
13779,0.96,1,0.05,7
13780,0.96,1,0.05,4
13781,0.94,1,0.05,5
13782,0.93,1,0.05,17
13783,0.96,1,0.05,5
13784,0.96,1,0.05,14
13785,-0.6,0,0.05,9
13786,0.97,1,0.05,5
13787,0.96,1,0.05,12
13788,0.98,1,0.05,4
13789,0.97,1,0.05,4
13790,0.97,1,0.05,11
13791,0.94,1,0.05,7
13792,-0.53,0,0.05,21
13793,-0.55,0,0.05,8
13794,0.94,1,0.05,9
13795,0.97,1,0.05,6
13796,0.98,1,0.05,17
13797,0.93,1,0.05,19
13798,0.98,1,0.05,5
13799,-0.55,0,0.05,20
13800,0.97,1,0.05,7
13801,1.0,1,0.05,26
13802,-0.53,0,0.05,8
13803,0.95,1,0.05,17
13804,0.97,1,0.05,7
13805,0.94,1,0.05,6
13806,0.94,1,0.05,10
13807,0.97,1,0.05,3
13808,-0.51,0,0.05,4
13809,0.94,1,0.05,23
13810,0.99,1,0.05,16
13811,-0.63,0,0.05,10
13812,0.96,1,0.05,16
13813,0.96,1,0.05,22
13814,0.97,1,0.05,4
13815,0.94,1,0.05,9
13816,-0.56,0,0.05,9
13817,0.96,1,0.05,11
13818,0.89,1,0.05,15
13819,0.95,1,0.05,6
13820,0.96,1,0.05,8
13821,0.94,1,0.05,19
13822,0.97,1,0.05,12
13823,0.97,1,0.05,6
13824,0.93,1,0.05,17
13825,0.93,1,0.05,11
13826,0.97,1,0.05,6
13827,0.98,1,0.05,8
13828,0.94,1,0.05,6
13829,0.95,1,0.05,8
13830,0.97,1,0.05,10
13831,0.93,1,0.05,11
13832,0.98,1,0.05,13
13833,0.97,1,0.05,8
13834,0.93,1,0.05,14
13835,0.97,1,0.05,8
13836,-0.55,0,0.05,20
13837,0.97,1,0.05,9
13838,0.94,1,0.05,11
13839,0.97,1,0.05,18
13840,0.99,1,0.05,15
13841,0.97,1,0.05,3
13842,0.96,1,0.05,8
13843,0.95,1,0.05,5
13844,0.94,1,0.05,6
13845,0.93,1,0.05,8
13846,0.96,1,0.05,11
13847,0.96,1,0.05,10
13848,0.96,1,0.05,11
13849,0.95,1,0.05,13
13850,0.97,1,0.05,6
13851,-0.54,0,0.05,10
13852,0.96,1,0.05,16
13853,0.97,1,0.05,25
13854,0.95,1,0.05,6
13855,0.96,1,0.05,10
13856,-0.5,0,0.05,4
13857,0.94,1,0.05,9
13858,0.95,1,0.05,5
13859,0.95,1,0.05,4
13860,0.98,1,0.05,5
13861,0.96,1,0.05,6
13862,0.97,1,0.05,4
13863,0.97,1,0.05,6
13864,0.95,1,0.05,12
13865,-0.49,0,0.05,10
13866,0.93,1,0.05,8
13867,-0.6,0,0.05,19
13868,0.94,1,0.05,12
13869,0.97,1,0.05,11
13870,0.92,1,0.05,25
13871,0.97,1,0.05,9
13872,0.95,1,0.05,27
13873,1.01,1,0.05,19
13874,-0.56,0,0.05,20
13875,0.94,1,0.05,19
13876,-0.54,0,0.05,9
13877,0.94,1,0.05,10
13878,0.95,1,0.05,16
13879,0.97,1,0.05,5
13880,0.96,1,0.05,4
13881,0.95,1,0.05,4
13882,0.97,1,0.05,5
13883,0.95,1,0.05,5
13884,0.92,1,0.05,9
13885,0.96,1,0.05,10
13886,-0.52,0,0.05,20
13887,0.95,1,0.05,4
13888,0.93,1,0.05,13
13889,0.97,1,0.05,11
13890,0.89,1,0.05,8
13891,0.95,1,0.05,9
13892,0.97,1,0.05,13
13893,0.93,1,0.05,9
13894,0.95,1,0.05,10
13895,0.87,1,0.05,21
13896,-0.53,0,0.05,10
13897,-0.53,0,0.05,13
13898,0.94,1,0.05,9
13899,0.94,1,0.05,6
13900,0.95,1,0.05,11
13901,0.94,1,0.05,8
13902,0.95,1,0.05,9
13903,-0.54,0,0.05,9
13904,0.95,1,0.05,10
13905,-0.55,0,0.05,10
13906,0.95,1,0.05,6
13907,-0.56,0,0.05,10
13908,0.96,1,0.05,5
13909,0.97,1,0.05,4
13910,0.93,1,0.05,6
13911,0.87,1,0.05,27
13912,0.96,1,0.05,10
13913,0.95,1,0.05,7
13914,0.97,1,0.05,7
13915,0.96,1,0.05,7
13916,0.95,1,0.05,11
13917,0.94,1,0.05,17
13918,0.97,1,0.05,6
13919,0.97,1,0.05,11
13920,0.96,1,0.05,5
13921,0.95,1,0.05,15
13922,0.97,1,0.05,12
13923,0.92,1,0.05,12
13924,0.98,1,0.05,4
13925,0.97,1,0.05,5
13926,0.97,1,0.05,11
13927,0.84,1,0.05,20
13928,0.95,1,0.05,11
13929,0.97,1,0.05,7
13930,0.96,1,0.05,7
13931,0.91,1,0.05,8
13932,0.98,1,0.05,12
13933,0.96,1,0.05,15
13934,0.91,1,0.05,19
13935,0.95,1,0.05,17
13936,0.91,1,0.05,9
13937,0.95,1,0.05,12
13938,0.93,1,0.05,11
13939,0.94,1,0.05,12
13940,0.94,1,0.05,6
13941,0.96,1,0.05,9
13942,0.94,1,0.05,16
13943,0.97,1,0.05,6
13944,0.85,1,0.05,22
13945,0.93,1,0.05,8
13946,0.95,1,0.05,10
13947,0.93,1,0.05,8
13948,0.95,1,0.05,13
13949,0.92,1,0.05,14
13950,0.97,1,0.05,9
13951,0.94,1,0.05,5
13952,0.95,1,0.05,8
13953,0.95,1,0.05,10
13954,0.95,1,0.05,7
13955,0.88,1,0.05,17
13956,-0.53,0,0.05,22
13957,0.93,1,0.05,12
13958,-0.53,0,0.05,16
13959,0.98,1,0.05,5
13960,0.97,1,0.05,6
13961,0.96,1,0.05,11
13962,0.96,1,0.05,4
13963,0.94,1,0.05,6
13964,0.93,1,0.05,6
13965,0.95,1,0.05,12
13966,0.93,1,0.05,10
13967,0.97,1,0.05,24
13968,0.92,1,0.05,12
13969,0.95,1,0.05,10
13970,0.95,1,0.05,6
13971,0.95,1,0.05,16
13972,0.85,1,0.05,20
13973,0.94,1,0.05,9
13974,0.95,1,0.05,10
13975,0.96,1,0.05,8
13976,0.96,1,0.05,11
13977,0.97,1,0.05,6
13978,0.94,1,0.05,6
13979,0.85,1,0.05,22
13980,0.94,1,0.05,27
13981,0.96,1,0.05,11
13982,0.91,1,0.05,10
13983,-0.49,0,0.05,4
13984,0.89,1,0.05,15
13985,0.96,1,0.05,8
13986,0.96,1,0.05,7
13987,0.97,1,0.05,10
13988,0.96,1,0.05,6
13989,0.91,1,0.05,10
13990,0.95,1,0.05,9
13991,0.96,1,0.05,6
13992,0.98,1,0.05,5
13993,0.94,1,0.05,7
13994,0.86,1,0.05,13
13995,0.97,1,0.05,9
13996,0.92,1,0.05,9
13997,0.87,1,0.05,22
13998,0.96,1,0.05,11
13999,0.98,1,0.05,4
14000,0.97,1,0.05,8
14001,0.94,1,0.05,9
14002,0.96,1,0.05,6
14003,0.92,1,0.05,21
14004,0.94,1,0.05,12
14005,0.98,1,0.05,21
14006,0.95,1,0.05,5
14007,0.92,1,0.05,10
14008,0.97,1,0.05,5
14009,0.95,1,0.05,10
14010,0.97,1,0.05,19
14011,0.97,1,0.05,8
14012,0.97,1,0.05,9
14013,0.95,1,0.05,9
14014,0.96,1,0.05,8
14015,0.95,1,0.05,6
14016,0.96,1,0.05,7
14017,-0.54,0,0.05,5
14018,0.97,1,0.05,6
14019,0.96,1,0.05,7
14020,0.96,1,0.05,8
14021,0.74,0,0.05,18
14022,0.97,1,0.05,10
14023,0.94,1,0.05,12
14024,0.95,1,0.05,17
14025,-0.54,0,0.05,8
14026,0.97,1,0.05,9
14027,0.96,1,0.05,5
14028,0.91,1,0.05,16
14029,0.93,1,0.05,9
14030,-0.51,0,0.05,29
14031,0.92,1,0.05,22
14032,0.94,1,0.05,10
14033,0.95,1,0.05,20
14034,0.98,1,0.05,4
14035,0.97,1,0.05,12
14036,0.96,1,0.05,6
14037,-0.53,0,0.05,6
14038,0.96,1,0.05,4
14039,0.93,1,0.05,9
14040,0.93,1,0.05,10
14041,0.96,1,0.05,9
14042,0.94,1,0.05,5
14043,0.98,1,0.05,21
14044,0.96,1,0.05,21
14045,0.97,1,0.05,17
14046,0.94,1,0.05,7
14047,0.92,1,0.05,8
14048,0.86,1,0.05,23
14049,0.96,1,0.05,6
14050,-0.53,0,0.05,6
14051,0.94,1,0.05,10
14052,0.96,1,0.05,22
14053,0.95,1,0.05,7
14054,0.95,1,0.05,13
14055,0.95,1,0.05,13
14056,-0.56,0,0.05,25
14057,0.97,1,0.05,14
14058,0.96,1,0.05,13
14059,-0.51,0,0.05,4
14060,0.94,1,0.05,20
14061,0.95,1,0.05,12
14062,0.95,1,0.05,12
14063,0.96,1,0.05,7
14064,0.97,1,0.05,12
14065,0.95,1,0.05,9
14066,0.96,1,0.05,6
14067,0.95,1,0.05,4
14068,0.97,1,0.05,9
14069,0.93,1,0.05,18
14070,0.82,1,0.05,28
14071,0.95,1,0.05,18
14072,0.97,1,0.05,10
14073,0.96,1,0.05,8
14074,0.91,1,0.05,18
14075,0.97,1,0.05,8
14076,-0.54,0,0.05,13
14077,0.98,1,0.05,5
14078,0.82,1,0.05,20
14079,-0.58,0,0.05,6
14080,0.95,1,0.05,3
14081,0.96,1,0.05,12
14082,0.95,1,0.05,16
14083,0.96,1,0.05,8
14084,-0.55,0,0.05,5
14085,0.94,1,0.05,9
14086,0.95,1,0.05,14
14087,0.97,1,0.05,4
14088,1.0,1,0.05,8
14089,0.97,1,0.05,8
14090,0.96,1,0.05,21
14091,0.96,1,0.05,8
14092,-0.59,0,0.05,22
14093,0.97,1,0.05,5
14094,0.98,1,0.05,12
14095,0.95,1,0.05,9
14096,0.97,1,0.05,5
14097,0.97,1,0.05,6
14098,0.92,1,0.05,9
14099,0.96,1,0.05,13
14100,0.97,1,0.05,4
14101,0.97,1,0.05,8
14102,-0.51,0,0.05,4
14103,0.97,1,0.05,3
14104,0.98,1,0.05,5
14105,0.95,1,0.05,15
14106,0.93,1,0.05,8
14107,0.96,1,0.05,14
14108,0.97,1,0.05,5
14109,0.94,1,0.05,7
14110,-0.52,0,0.05,5
14111,-0.55,0,0.05,18
14112,0.93,1,0.05,23
14113,0.97,1,0.05,5
14114,0.96,1,0.05,23
14115,0.95,1,0.05,8
14116,0.95,1,0.05,6
14117,0.98,1,0.05,14
14118,0.98,1,0.05,9
14119,0.92,1,0.05,19
14120,0.83,1,0.05,21
14121,0.87,1,0.05,18
14122,0.96,1,0.05,23
14123,-0.54,0,0.05,23
14124,0.97,1,0.05,3
14125,-0.61,0,0.05,9
14126,0.95,1,0.05,8
14127,0.96,1,0.05,8
14128,-0.6,0,0.05,20
14129,0.97,1,0.05,5
14130,0.96,1,0.05,6
14131,0.96,1,0.05,7
14132,0.95,1,0.05,9
14133,0.97,1,0.05,15
14134,0.96,1,0.05,12
14135,0.94,1,0.05,3
14136,0.95,1,0.05,6
14137,0.97,1,0.05,11
14138,0.95,1,0.05,11
14139,0.98,1,0.05,4
14140,0.96,1,0.05,10
14141,0.95,1,0.05,7
14142,0.96,1,0.05,7
14143,-0.55,0,0.05,17
14144,0.93,1,0.05,9
14145,-0.55,0,0.05,2
14146,0.94,1,0.05,12
14147,-0.53,0,0.05,9
14148,0.91,1,0.05,14
14149,-0.62,0,0.05,21
14150,0.97,1,0.05,12
14151,0.93,1,0.05,8
14152,-0.57,0,0.05,13
14153,0.94,1,0.05,9
14154,0.98,1,0.05,10
14155,-0.55,0,0.05,9
14156,0.98,1,0.05,4
14157,0.96,1,0.05,7
14158,0.98,1,0.05,4
14159,0.94,1,0.05,12
14160,0.94,1,0.05,15
14161,0.95,1,0.05,7
14162,0.96,1,0.05,11
14163,0.98,1,0.05,11
14164,0.97,1,0.05,12
14165,0.95,1,0.05,5
14166,0.97,1,0.05,5
14167,0.94,1,0.05,9
14168,0.97,1,0.05,3
14169,0.98,1,0.05,10
14170,0.97,1,0.05,5
14171,0.94,1,0.05,9
14172,0.94,1,0.05,15
14173,0.96,1,0.05,9
14174,0.95,1,0.05,10
14175,0.94,1,0.05,15
14176,0.95,1,0.05,11
14177,0.95,1,0.05,9
14178,0.93,1,0.05,15
14179,0.93,1,0.05,6
14180,0.97,1,0.05,5
14181,0.94,1,0.05,19
14182,0.98,1,0.05,5
14183,0.97,1,0.05,6
14184,0.96,1,0.05,5
14185,0.96,1,0.05,10
14186,0.95,1,0.05,6
14187,0.97,1,0.05,13
14188,0.98,1,0.05,5
14189,0.95,1,0.05,13
14190,1.0,1,0.05,17
14191,0.94,1,0.05,8
14192,0.96,1,0.05,10
14193,-0.58,0,0.05,20
14194,0.95,1,0.05,17
14195,0.91,1,0.05,10
14196,-0.55,0,0.05,15
14197,-0.61,0,0.05,23
14198,0.89,1,0.05,18
14199,0.95,1,0.05,6
14200,0.96,1,0.05,6
14201,0.77,0,0.05,29
14202,0.96,1,0.05,11
14203,0.96,1,0.05,16
14204,-0.62,0,0.05,16
14205,0.96,1,0.05,6
14206,0.93,1,0.05,9
14207,0.94,1,0.05,8
14208,0.92,1,0.05,13
14209,-0.59,0,0.05,12
14210,0.95,1,0.05,10
14211,0.97,1,0.05,7
14212,0.97,1,0.05,6
14213,0.96,1,0.05,5
14214,-0.55,0,0.05,3
14215,0.95,1,0.05,7
14216,0.97,1,0.05,5
14217,0.77,0,0.05,21
14218,-0.53,0,0.05,14
14219,0.96,1,0.05,5
14220,0.85,1,0.05,24
14221,-0.55,0,0.05,10
14222,0.92,1,0.05,12
14223,0.97,1,0.05,5
14224,0.97,1,0.05,5
14225,0.95,1,0.05,12
14226,0.97,1,0.05,6
14227,-0.57,0,0.05,9
14228,0.93,1,0.05,6
14229,0.91,1,0.05,13
14230,0.96,1,0.05,4
14231,0.97,1,0.05,4
14232,0.91,1,0.05,6
14233,0.94,1,0.05,5
14234,0.96,1,0.05,19
14235,-0.6,0,0.05,15
14236,0.97,1,0.05,10
14237,0.94,1,0.05,24
14238,0.96,1,0.05,8
14239,0.97,1,0.05,7
14240,0.94,1,0.05,12
14241,-0.54,0,0.05,24
14242,0.94,1,0.05,11
14243,0.97,1,0.05,15
14244,0.96,1,0.05,13
14245,0.95,1,0.05,10
14246,0.97,1,0.05,23
14247,0.94,1,0.05,7
14248,0.95,1,0.05,4
14249,0.99,1,0.05,9
14250,0.95,1,0.05,21
14251,0.96,1,0.05,8
14252,0.96,1,0.05,6
14253,-0.51,0,0.05,4
14254,0.97,1,0.05,12
14255,0.95,1,0.05,5
14256,0.96,1,0.05,15
14257,0.92,1,0.05,14
14258,0.95,1,0.05,5
14259,0.96,1,0.05,7
14260,-0.52,0,0.05,4
14261,0.95,1,0.05,8
14262,0.95,1,0.05,7
14263,0.92,1,0.05,6
14264,0.95,1,0.05,11
14265,0.95,1,0.05,6
14266,0.93,1,0.05,10
14267,0.98,1,0.05,10
14268,0.94,1,0.05,13
14269,0.93,1,0.05,17
14270,0.97,1,0.05,4
14271,0.91,1,0.05,13
14272,0.94,1,0.05,14
14273,0.93,1,0.05,9
14274,0.97,1,0.05,8
14275,0.96,1,0.05,6
14276,0.96,1,0.05,8
14277,0.99,1,0.05,16
14278,0.95,1,0.05,7
14279,0.93,1,0.05,19
14280,0.97,1,0.05,5
14281,0.96,1,0.05,12
14282,0.97,1,0.05,10
14283,0.94,1,0.05,9
14284,0.96,1,0.05,18
14285,0.96,1,0.05,21
14286,0.96,1,0.05,9
14287,0.94,1,0.05,9
14288,0.94,1,0.05,21
14289,0.93,1,0.05,23
14290,0.92,1,0.05,14
14291,0.94,1,0.05,24
14292,0.94,1,0.05,23
14293,0.96,1,0.05,7
14294,-0.5,0,0.05,4
14295,0.97,1,0.05,7
14296,0.97,1,0.05,3
14297,0.96,1,0.05,12
14298,0.95,1,0.05,9
14299,0.95,1,0.05,11
14300,0.93,1,0.05,23
14301,0.97,1,0.05,8
14302,0.96,1,0.05,8
14303,0.93,1,0.05,6
14304,0.94,1,0.05,9
14305,0.93,1,0.05,17
14306,-0.57,0,0.05,15
14307,0.93,1,0.05,18
14308,-0.53,0,0.05,19
14309,-0.6,0,0.05,17
14310,0.89,1,0.05,9
14311,0.94,1,0.05,10
14312,0.95,1,0.05,14
14313,0.95,1,0.05,4
14314,0.95,1,0.05,13
14315,0.98,1,0.05,10
14316,0.96,1,0.05,5
14317,0.95,1,0.05,13
14318,0.92,1,0.05,9
14319,0.95,1,0.05,6
14320,0.96,1,0.05,8
14321,0.94,1,0.05,16
14322,0.95,1,0.05,23
14323,0.95,1,0.05,7
14324,0.94,1,0.05,16
14325,0.96,1,0.05,10
14326,-0.58,0,0.05,31
14327,0.96,1,0.05,13
14328,0.97,1,0.05,16
14329,-0.59,0,0.05,15
14330,0.95,1,0.05,7
14331,0.95,1,0.05,5
14332,0.93,1,0.05,10
14333,0.96,1,0.05,5
14334,0.97,1,0.05,9
14335,0.98,1,0.05,16
14336,0.93,1,0.05,16
14337,0.95,1,0.05,7
14338,0.96,1,0.05,8
14339,0.93,1,0.05,9
14340,0.97,1,0.05,17
14341,0.68,0,0.05,23
14342,0.96,1,0.05,9
14343,0.98,1,0.05,13
14344,0.97,1,0.05,6
14345,0.79,0,0.05,24
14346,0.95,1,0.05,24
14347,-0.51,0,0.05,16
14348,0.95,1,0.05,6
14349,-0.55,0,0.05,14
14350,-0.53,0,0.05,11
14351,0.99,1,0.05,7
14352,0.77,0,0.05,25
14353,0.93,1,0.05,9
14354,-0.55,0,0.05,11
14355,-0.56,0,0.05,6
14356,0.94,1,0.05,10
14357,0.96,1,0.05,6
14358,0.98,1,0.05,4
14359,0.95,1,0.05,15
14360,-0.5,0,0.05,4
14361,0.85,1,0.05,33
14362,0.92,1,0.05,12
14363,-0.55,0,0.05,11
14364,0.85,1,0.05,24
14365,0.93,1,0.05,13
14366,0.95,1,0.05,8
14367,-0.59,0,0.05,14
14368,0.96,1,0.05,14
14369,0.95,1,0.05,10
14370,0.95,1,0.05,4
14371,0.94,1,0.05,5
14372,0.93,1,0.05,13
14373,0.96,1,0.05,7
14374,0.98,1,0.05,10
14375,0.95,1,0.05,9
14376,0.96,1,0.05,3
14377,0.96,1,0.05,11
14378,0.97,1,0.05,5
14379,0.97,1,0.05,17
14380,0.95,1,0.05,10
14381,0.95,1,0.05,7
14382,0.94,1,0.05,20
14383,0.94,1,0.05,6
14384,0.96,1,0.05,9
14385,0.95,1,0.05,9
14386,0.98,1,0.05,6
14387,0.95,1,0.05,23
14388,-0.57,0,0.05,7
14389,0.98,1,0.05,14
14390,0.88,1,0.05,9
14391,0.98,1,0.05,7
14392,0.87,1,0.05,17
14393,0.94,1,0.05,12
14394,1.0,1,0.05,15
14395,0.92,1,0.05,19
14396,0.91,1,0.05,15
14397,0.94,1,0.05,7
14398,0.95,1,0.05,9
14399,0.91,1,0.05,10
14400,0.94,1,0.05,9
14401,0.96,1,0.05,8
14402,0.96,1,0.05,8
14403,0.93,1,0.05,14
14404,0.94,1,0.05,10
14405,0.96,1,0.05,9
14406,-0.55,0,0.05,16
14407,0.92,1,0.05,16
14408,0.97,1,0.05,5
14409,0.93,1,0.05,9
14410,0.97,1,0.05,17
14411,0.95,1,0.05,13
14412,0.97,1,0.05,16
14413,0.95,1,0.05,15
14414,0.94,1,0.05,10
14415,0.98,1,0.05,11
14416,0.98,1,0.05,4
14417,0.94,1,0.05,14
14418,0.93,1,0.05,7
14419,0.97,1,0.05,20
14420,0.96,1,0.05,6
14421,0.97,1,0.05,6
14422,0.95,1,0.05,10
14423,-0.52,0,0.05,9
14424,0.96,1,0.05,9
14425,0.93,1,0.05,15
14426,0.95,1,0.05,4
14427,-0.5,0,0.05,5
14428,0.96,1,0.05,4
14429,0.96,1,0.05,4
14430,0.97,1,0.05,6
14431,-0.51,0,0.05,5
14432,0.93,1,0.05,22
14433,0.96,1,0.05,6
14434,0.67,0,0.05,29
14435,0.94,1,0.05,9
14436,0.93,1,0.05,15
14437,0.95,1,0.05,10
14438,0.96,1,0.05,6
14439,0.98,1,0.05,23
14440,0.95,1,0.05,9
14441,0.95,1,0.05,19
14442,0.95,1,0.05,18
14443,0.97,1,0.05,12
14444,-0.6,0,0.05,17
14445,-0.58,0,0.05,11
14446,0.97,1,0.05,7
14447,0.95,1,0.05,20
14448,0.94,1,0.05,10
14449,-0.52,0,0.05,7
14450,0.95,1,0.05,12
14451,0.96,1,0.05,9
14452,0.93,1,0.05,10
14453,0.95,1,0.05,6
14454,0.96,1,0.05,6
14455,0.95,1,0.05,9
14456,0.97,1,0.05,9
14457,0.98,1,0.05,8
14458,0.97,1,0.05,11
14459,0.98,1,0.05,10
14460,0.94,1,0.05,14
14461,0.98,1,0.05,13
14462,0.95,1,0.05,4
14463,-0.51,0,0.05,4
14464,-0.58,0,0.05,15
14465,0.94,1,0.05,7
14466,0.95,1,0.05,12
14467,0.95,1,0.05,15
14468,0.93,1,0.05,10
14469,0.94,1,0.05,16
14470,0.96,1,0.05,6
14471,0.98,1,0.05,5
14472,-0.56,0,0.05,20
14473,-0.53,0,0.05,9
14474,0.96,1,0.05,13
14475,0.96,1,0.05,25
14476,0.97,1,0.05,11
14477,0.88,1,0.05,20
14478,0.91,1,0.05,10
14479,0.96,1,0.05,6
14480,0.95,1,0.05,7
14481,0.95,1,0.05,11
14482,-0.55,0,0.05,4
14483,0.99,1,0.05,10
14484,0.96,1,0.05,5
14485,0.94,1,0.05,6
14486,0.95,1,0.05,10
14487,0.94,1,0.05,10
14488,0.96,1,0.05,12
14489,0.94,1,0.05,12
14490,0.98,1,0.05,19
14491,0.96,1,0.05,14
14492,0.96,1,0.05,9
14493,-0.53,0,0.05,16
14494,0.97,1,0.05,10
14495,-0.55,0,0.05,10
14496,0.97,1,0.05,7
14497,-0.59,0,0.05,17
14498,0.94,1,0.05,10
14499,0.87,1,0.05,19
14500,0.9,1,0.05,29
14501,0.98,1,0.05,12
14502,0.94,1,0.05,10
14503,0.98,1,0.05,5
14504,1.0,1,0.05,9
14505,0.95,1,0.05,6
14506,-0.51,0,0.05,9
14507,-0.49,0,0.05,24
14508,0.93,1,0.05,20
14509,-0.56,0,0.05,13
14510,-0.58,0,0.05,8
14511,-0.53,0,0.05,19
14512,-0.54,0,0.05,11
14513,0.95,1,0.05,8
14514,0.95,1,0.05,7
14515,0.94,1,0.05,18
14516,-0.56,0,0.05,15
14517,0.95,1,0.05,7
14518,0.97,1,0.05,6
14519,0.95,1,0.05,15
14520,0.94,1,0.05,14
14521,0.94,1,0.05,9
14522,0.93,1,0.05,15
14523,0.93,1,0.05,19
14524,0.97,1,0.05,15
14525,0.93,1,0.05,12
14526,0.94,1,0.05,14
14527,-0.55,0,0.05,15
14528,0.96,1,0.05,8
14529,0.88,1,0.05,18
14530,0.95,1,0.05,14
14531,0.96,1,0.05,5
14532,0.94,1,0.05,18
14533,0.94,1,0.05,9
14534,0.95,1,0.05,10
14535,0.94,1,0.05,12
14536,0.95,1,0.05,17
14537,0.96,1,0.05,17
14538,-0.52,0,0.05,6
14539,1.0,1,0.05,15
14540,0.98,1,0.05,6
14541,-0.51,0,0.05,4
14542,0.96,1,0.05,7
14543,0.94,1,0.05,19
14544,-0.53,0,0.05,13
14545,0.97,1,0.05,14
14546,0.93,1,0.05,9
14547,0.97,1,0.05,5
14548,0.96,1,0.05,13
14549,0.94,1,0.05,7
14550,0.96,1,0.05,9
14551,-0.56,0,0.05,4
14552,0.97,1,0.05,8
14553,0.95,1,0.05,13
14554,-0.56,0,0.05,13
14555,0.94,1,0.05,5
14556,0.96,1,0.05,20
14557,-0.56,0,0.05,11
14558,0.97,1,0.05,19
14559,0.96,1,0.05,11
14560,0.89,1,0.05,19
14561,-0.52,0,0.05,6
14562,-0.5,0,0.05,5
14563,0.93,1,0.05,20
14564,0.95,1,0.05,4
14565,0.96,1,0.05,11
14566,0.96,1,0.05,6
14567,0.97,1,0.05,14
14568,0.95,1,0.05,12
14569,0.95,1,0.05,7
14570,0.83,1,0.05,21
14571,-0.56,0,0.05,6
14572,0.88,1,0.05,15
14573,0.94,1,0.05,22
14574,0.97,1,0.05,7
14575,0.95,1,0.05,15
14576,0.93,1,0.05,9
14577,0.91,1,0.05,21
14578,0.96,1,0.05,9
14579,0.94,1,0.05,9
14580,0.94,1,0.05,10
14581,0.95,1,0.05,6
14582,0.96,1,0.05,6
14583,0.95,1,0.05,6
14584,0.95,1,0.05,11
14585,-0.53,0,0.05,16
14586,-0.52,0,0.05,5
14587,0.95,1,0.05,10
14588,0.96,1,0.05,14
14589,0.96,1,0.05,17
14590,0.93,1,0.05,25
14591,0.98,1,0.05,23
14592,0.95,1,0.05,4
14593,0.95,1,0.05,13
14594,0.96,1,0.05,8
14595,0.89,1,0.05,8
14596,0.96,1,0.05,10
14597,0.95,1,0.05,8
14598,0.96,1,0.05,11
14599,0.96,1,0.05,9
14600,0.94,1,0.05,20
14601,0.97,1,0.05,8
14602,0.95,1,0.05,6
14603,0.92,1,0.05,15
14604,0.96,1,0.05,6
14605,0.97,1,0.05,8
14606,0.94,1,0.05,12
14607,0.95,1,0.05,9
14608,0.94,1,0.05,9
14609,0.98,1,0.05,12
14610,-0.5,0,0.05,5
14611,-0.59,0,0.05,29
14612,0.98,1,0.05,14
14613,-0.52,0,0.05,8
14614,0.88,1,0.05,16
14615,0.92,1,0.05,21
14616,0.95,1,0.05,10
14617,0.97,1,0.05,8
14618,0.97,1,0.05,19
14619,0.95,1,0.05,11
14620,-0.51,0,0.05,5
14621,0.63,0,0.05,16
14622,-0.51,0,0.05,3
14623,0.94,1,0.05,10
14624,-0.57,0,0.05,14
14625,0.96,1,0.05,7
14626,0.93,1,0.05,6
14627,-0.57,0,0.05,5
14628,0.95,1,0.05,18
14629,0.97,1,0.05,6
14630,0.93,1,0.05,21
14631,0.98,1,0.05,14
14632,0.96,1,0.05,4
14633,0.96,1,0.05,18
14634,0.97,1,0.05,4
14635,0.95,1,0.05,14
14636,0.95,1,0.05,9
14637,0.95,1,0.05,7
14638,-0.51,0,0.05,13
14639,0.96,1,0.05,13
14640,0.99,1,0.05,5
14641,-0.55,0,0.05,6
14642,-0.48,0,0.05,8
14643,0.95,1,0.05,12
14644,0.96,1,0.05,10
14645,0.94,1,0.05,6
14646,0.98,1,0.05,5
14647,0.94,1,0.05,12
14648,-0.54,0,0.05,15
14649,0.97,1,0.05,5
14650,-0.54,0,0.05,20
14651,0.96,1,0.05,5
14652,-0.49,0,0.05,5
14653,-0.53,0,0.05,7
14654,-0.54,0,0.05,5
14655,0.93,1,0.05,16
14656,-0.55,0,0.05,20
14657,0.99,1,0.05,34
14658,0.95,1,0.05,5
14659,0.95,1,0.05,13
14660,0.87,1,0.05,20
14661,0.96,1,0.05,10
14662,0.94,1,0.05,16
14663,0.97,1,0.05,7
14664,0.95,1,0.05,12
14665,0.88,1,0.05,17
14666,-0.54,0,0.05,8
14667,0.96,1,0.05,13
14668,0.95,1,0.05,5
14669,0.96,1,0.05,7
14670,0.96,1,0.05,6
14671,0.94,1,0.05,23
14672,0.97,1,0.05,11
14673,0.98,1,0.05,11
14674,-0.53,0,0.05,6
14675,-0.51,0,0.05,5
14676,1.0,1,0.05,11
14677,0.97,1,0.05,8
14678,0.96,1,0.05,5
14679,0.94,1,0.05,7
14680,0.96,1,0.05,7
14681,0.96,1,0.05,7
14682,0.92,1,0.05,14
14683,0.94,1,0.05,14
14684,0.98,1,0.05,11
14685,0.95,1,0.05,6
14686,0.95,1,0.05,8
14687,0.95,1,0.05,21
14688,0.92,1,0.05,12
14689,0.97,1,0.05,17
14690,0.97,1,0.05,8
14691,-0.52,0,0.05,5
14692,0.98,1,0.05,16
14693,-0.56,0,0.05,15
14694,-0.55,0,0.05,7
14695,-0.52,0,0.05,5
14696,0.95,1,0.05,10
14697,0.94,1,0.05,5
14698,0.93,1,0.05,22
14699,-0.54,0,0.05,17
14700,0.94,1,0.05,7
14701,0.97,1,0.05,3
14702,0.97,1,0.05,15
14703,0.95,1,0.05,8
14704,0.97,1,0.05,5
14705,0.95,1,0.05,6
14706,0.93,1,0.05,9
14707,0.93,1,0.05,11
14708,0.97,1,0.05,7
14709,0.92,1,0.05,17
14710,-0.55,0,0.05,7
14711,0.94,1,0.05,6
14712,0.97,1,0.05,12
14713,0.97,1,0.05,5
14714,0.97,1,0.05,8
14715,0.97,1,0.05,10
14716,0.93,1,0.05,11
14717,0.97,1,0.05,9
14718,-0.55,0,0.05,13
14719,0.94,1,0.05,5
14720,0.93,1,0.05,10
14721,0.95,1,0.05,6
14722,0.98,1,0.05,9
14723,0.96,1,0.05,5
14724,0.96,1,0.05,16
14725,0.95,1,0.05,13
14726,0.94,1,0.05,20
14727,0.95,1,0.05,10
14728,0.94,1,0.05,10
14729,0.96,1,0.05,20
14730,0.96,1,0.05,13
14731,0.9,1,0.05,18
14732,0.96,1,0.05,5
14733,0.94,1,0.05,15
14734,0.94,1,0.05,9
14735,0.96,1,0.05,9
14736,0.95,1,0.05,12
14737,0.94,1,0.05,9
14738,0.96,1,0.05,5
14739,0.95,1,0.05,16
14740,0.97,1,0.05,12
14741,-0.55,0,0.05,4
14742,0.96,1,0.05,10
14743,0.99,1,0.05,10
14744,0.96,1,0.05,16
14745,0.96,1,0.05,15
14746,0.97,1,0.05,7
14747,0.96,1,0.05,7
14748,0.94,1,0.05,20
14749,0.95,1,0.05,4
14750,-0.53,0,0.05,25
14751,0.96,1,0.05,6
14752,-0.54,0,0.05,25
14753,0.94,1,0.05,19
14754,-0.54,0,0.05,7
14755,0.96,1,0.05,17
14756,0.96,1,0.05,12
14757,-0.51,0,0.05,4
14758,0.95,1,0.05,6
14759,0.96,1,0.05,10
14760,0.97,1,0.05,8
14761,0.96,1,0.05,9
14762,-0.55,0,0.05,20
14763,1.0,1,0.05,27
14764,0.95,1,0.05,24
14765,0.93,1,0.05,19
14766,0.97,1,0.05,4
14767,0.95,1,0.05,10
14768,-0.48,0,0.05,6
14769,0.96,1,0.05,14
14770,0.96,1,0.05,7
14771,0.88,1,0.05,14
14772,0.95,1,0.05,11
14773,0.97,1,0.05,9
14774,0.81,1,0.05,21
14775,-0.54,0,0.05,5
14776,0.93,1,0.05,9
14777,-0.57,0,0.05,17
14778,1.0,1,0.05,24
14779,0.94,1,0.05,3
14780,0.94,1,0.05,27
14781,0.93,1,0.05,9
14782,0.93,1,0.05,19
14783,0.91,1,0.05,15
14784,0.94,1,0.05,19
14785,-0.53,0,0.05,6
14786,0.98,1,0.05,5
14787,0.97,1,0.05,7
14788,-0.57,0,0.05,14
14789,0.94,1,0.05,7
14790,0.97,1,0.05,5
14791,0.96,1,0.05,5
14792,0.96,1,0.05,6
14793,0.93,1,0.05,18
14794,0.85,1,0.05,19
14795,-0.53,0,0.05,4
14796,0.95,1,0.05,10
14797,-0.54,0,0.05,6
14798,0.96,1,0.05,4
14799,0.95,1,0.05,14
14800,0.94,1,0.05,9
14801,-0.51,0,0.05,12
14802,0.97,1,0.05,5
14803,0.95,1,0.05,12
14804,0.98,1,0.05,4
14805,0.88,1,0.05,17
14806,0.97,1,0.05,13
14807,0.96,1,0.05,6
14808,0.96,1,0.05,5
14809,-0.53,0,0.05,4
14810,0.96,1,0.05,21
14811,-0.53,0,0.05,3
14812,0.9,1,0.05,21
14813,0.95,1,0.05,12
14814,0.98,1,0.05,12
14815,0.98,1,0.05,10
14816,0.96,1,0.05,8
14817,0.93,1,0.05,9
14818,0.95,1,0.05,15
14819,0.99,1,0.05,19
14820,0.93,1,0.05,22
14821,0.95,1,0.05,13
14822,0.95,1,0.05,16
14823,0.97,1,0.05,5
14824,-0.55,0,0.05,4
14825,0.94,1,0.05,5
14826,0.96,1,0.05,18
14827,0.95,1,0.05,23
14828,-0.52,0,0.05,10
14829,0.98,1,0.05,11
14830,0.97,1,0.05,5
14831,-0.5,0,0.05,4
14832,0.98,1,0.05,11
14833,0.96,1,0.05,5
14834,0.95,1,0.05,9
14835,0.92,1,0.05,24
14836,0.96,1,0.05,10
14837,0.95,1,0.05,9
14838,0.96,1,0.05,6
14839,0.94,1,0.05,10
14840,0.97,1,0.05,10
14841,0.95,1,0.05,12
14842,0.95,1,0.05,9
14843,0.94,1,0.05,6
14844,0.99,1,0.05,14
14845,0.95,1,0.05,7
14846,0.96,1,0.05,5
14847,0.97,1,0.05,4
14848,0.95,1,0.05,18
14849,-0.52,0,0.05,19
14850,0.98,1,0.05,21
14851,0.97,1,0.05,3
14852,0.95,1,0.05,7
14853,0.96,1,0.05,9
14854,0.92,1,0.05,5
14855,-0.5,0,0.05,23
14856,-0.54,0,0.05,9
14857,-0.56,0,0.05,14
14858,0.97,1,0.05,8
14859,0.97,1,0.05,5
14860,0.9,1,0.05,15
14861,0.93,1,0.05,13
14862,0.97,1,0.05,6
14863,0.98,1,0.05,11
14864,0.98,1,0.05,24
14865,0.99,1,0.05,12
14866,0.96,1,0.05,5
14867,0.97,1,0.05,6
14868,-0.56,0,0.05,5
14869,0.92,1,0.05,14
14870,0.98,1,0.05,8
14871,0.96,1,0.05,10
14872,0.97,1,0.05,23
14873,0.97,1,0.05,5
14874,-0.51,0,0.05,9
14875,0.94,1,0.05,9
14876,0.96,1,0.05,6
14877,0.97,1,0.05,14
14878,0.96,1,0.05,12
14879,0.97,1,0.05,10
14880,0.96,1,0.05,10
14881,0.94,1,0.05,26
14882,0.97,1,0.05,4
14883,0.93,1,0.05,7
14884,0.94,1,0.05,8
14885,-0.53,0,0.05,13
14886,0.98,1,0.05,19
14887,0.87,1,0.05,22
14888,0.87,1,0.05,24
14889,0.93,1,0.05,9
14890,0.92,1,0.05,28
14891,0.94,1,0.05,11
14892,0.97,1,0.05,4
14893,0.91,1,0.05,17
14894,0.87,1,0.05,19
14895,0.95,1,0.05,10
14896,0.97,1,0.05,11
14897,0.96,1,0.05,6
14898,-0.54,0,0.05,5
14899,0.93,1,0.05,14
14900,0.96,1,0.05,6
14901,0.94,1,0.05,22
14902,0.97,1,0.05,9
14903,0.95,1,0.05,11
14904,0.95,1,0.05,8
14905,0.96,1,0.05,6
14906,0.88,1,0.05,19
14907,0.95,1,0.05,12
14908,0.97,1,0.05,11
14909,0.95,1,0.05,22
14910,0.82,1,0.05,15
14911,0.99,1,0.05,8
14912,0.97,1,0.05,7
14913,0.98,1,0.05,23
14914,0.98,1,0.05,11
14915,0.98,1,0.05,11
14916,0.97,1,0.05,6
14917,0.97,1,0.05,11
14918,0.95,1,0.05,16
14919,0.93,1,0.05,17
14920,0.93,1,0.05,9
14921,0.97,1,0.05,9
14922,0.97,1,0.05,8
14923,0.96,1,0.05,7
14924,0.95,1,0.05,6
14925,0.96,1,0.05,15
14926,0.96,1,0.05,14
14927,0.96,1,0.05,6
14928,0.93,1,0.05,14
14929,0.93,1,0.05,9
14930,0.96,1,0.05,12
14931,0.96,1,0.05,12
14932,0.97,1,0.05,4
14933,-0.52,0,0.05,13
14934,0.94,1,0.05,15
14935,0.94,1,0.05,5
14936,0.98,1,0.05,14
14937,0.95,1,0.05,16
14938,0.98,1,0.05,5
14939,0.97,1,0.05,8
14940,0.9,1,0.05,17
14941,-0.52,0,0.05,12
14942,0.96,1,0.05,8
14943,0.93,1,0.05,16
14944,-0.54,0,0.05,10
14945,0.95,1,0.05,12
14946,0.87,1,0.05,26
14947,0.99,1,0.05,7
14948,0.86,1,0.05,21
14949,-0.5,0,0.05,12
14950,0.99,1,0.05,7
14951,0.96,1,0.05,20
14952,0.95,1,0.05,6
14953,-0.57,0,0.05,20
14954,-0.58,0,0.05,12
14955,0.96,1,0.05,12
14956,0.93,1,0.05,11
14957,0.92,1,0.05,24
14958,0.97,1,0.05,8
14959,0.96,1,0.05,8
14960,0.97,1,0.05,16
14961,0.96,1,0.05,20
14962,0.94,1,0.05,9
14963,-0.5,0,0.05,14
14964,0.94,1,0.05,12
14965,0.95,1,0.05,13
14966,0.94,1,0.05,9
14967,0.95,1,0.05,16
14968,0.96,1,0.05,11
14969,0.93,1,0.05,15
14970,-0.48,0,0.05,10
14971,0.92,1,0.05,16
14972,0.98,1,0.05,15
14973,0.95,1,0.05,9
14974,0.98,1,0.05,4
14975,0.97,1,0.05,7
14976,0.95,1,0.05,13
14977,0.95,1,0.05,6
14978,0.95,1,0.05,17
14979,0.96,1,0.05,6
14980,0.93,1,0.05,12
14981,-0.51,0,0.05,6
14982,0.99,1,0.05,19
14983,0.93,1,0.05,18
14984,0.69,0,0.05,25
14985,0.97,1,0.05,4
14986,0.95,1,0.05,5
14987,0.94,1,0.05,18
14988,0.95,1,0.05,11
14989,0.96,1,0.05,5
14990,0.95,1,0.05,28
14991,0.95,1,0.05,13
14992,-0.52,0,0.05,10
14993,0.94,1,0.05,9
14994,0.97,1,0.05,5
14995,0.98,1,0.05,14
14996,0.96,1,0.05,17
14997,-0.56,0,0.05,34
14998,0.96,1,0.05,6
14999,0.71,0,0.05,26
15000,0.97,1,0.05,6
15001,0.96,1,0.05,11
15002,-0.61,0,0.05,19
15003,-0.61,0,0.05,31
15004,-0.49,0,0.05,9
15005,0.91,1,0.05,12
15006,-0.54,0,0.05,18
15007,0.95,1,0.05,6
15008,0.93,1,0.05,11
15009,0.84,1,0.05,15
15010,0.95,1,0.05,8
15011,0.96,1,0.05,8
15012,0.95,1,0.05,17
15013,0.94,1,0.05,10
15014,0.96,1,0.05,22
15015,0.95,1,0.05,7
15016,0.96,1,0.05,5
15017,0.94,1,0.05,12
15018,0.97,1,0.05,13
15019,0.97,1,0.05,4
15020,0.95,1,0.05,10
15021,0.92,1,0.05,18
15022,0.95,1,0.05,8
15023,0.97,1,0.05,11
15024,0.96,1,0.05,8
15025,0.95,1,0.05,17
15026,0.95,1,0.05,6
15027,0.96,1,0.05,11
15028,0.97,1,0.05,11
15029,-0.57,0,0.05,15
15030,0.96,1,0.05,11
15031,-0.57,0,0.05,5
15032,0.96,1,0.05,8
15033,0.93,1,0.05,19
15034,0.97,1,0.05,4
15035,-0.55,0,0.05,3
15036,1.0,1,0.05,10
15037,0.97,1,0.05,6
15038,0.96,1,0.05,12
15039,0.96,1,0.05,5
15040,0.93,1,0.05,13
15041,0.93,1,0.05,10
15042,0.96,1,0.05,6
15043,0.97,1,0.05,5
15044,0.96,1,0.05,6
15045,0.96,1,0.05,8
15046,0.96,1,0.05,7
15047,0.94,1,0.05,13
15048,0.93,1,0.05,9
15049,0.93,1,0.05,19
15050,0.96,1,0.05,5
15051,0.97,1,0.05,6
15052,0.97,1,0.05,10
15053,0.81,1,0.05,16
15054,0.94,1,0.05,6
15055,0.91,1,0.05,21
15056,0.94,1,0.05,6
15057,0.96,1,0.05,5
15058,-0.58,0,0.05,13
15059,0.87,1,0.05,30
15060,0.95,1,0.05,7
15061,0.95,1,0.05,11
15062,-0.56,0,0.05,10
15063,0.94,1,0.05,9
15064,0.97,1,0.05,17
15065,0.97,1,0.05,7
15066,0.88,1,0.05,23
15067,0.95,1,0.05,7
15068,0.96,1,0.05,12
15069,-0.55,0,0.05,12
15070,0.96,1,0.05,8
15071,0.96,1,0.05,18
15072,0.94,1,0.05,9
15073,0.97,1,0.05,4
15074,0.95,1,0.05,7
15075,0.95,1,0.05,9
15076,0.97,1,0.05,5
15077,-0.52,0,0.05,19
15078,-0.53,0,0.05,14
15079,0.96,1,0.05,7
15080,0.93,1,0.05,20
15081,0.93,1,0.05,16
15082,0.97,1,0.05,5
15083,-0.58,0,0.05,11
15084,0.95,1,0.05,5
15085,0.94,1,0.05,12
15086,0.92,1,0.05,14
15087,0.99,1,0.05,10
15088,0.96,1,0.05,5
15089,0.94,1,0.05,12
15090,0.93,1,0.05,26
15091,0.92,1,0.05,13
15092,0.95,1,0.05,6
15093,0.95,1,0.05,4
15094,0.95,1,0.05,10
15095,0.96,1,0.05,13
15096,0.96,1,0.05,11
15097,0.95,1,0.05,6
15098,0.95,1,0.05,4
15099,0.99,1,0.05,14
15100,0.95,1,0.05,8
15101,0.95,1,0.05,15
15102,0.96,1,0.05,5
15103,0.94,1,0.05,16
15104,0.93,1,0.05,17
15105,0.97,1,0.05,7
15106,-0.53,0,0.05,10
15107,0.96,1,0.05,20
15108,0.94,1,0.05,14
15109,0.94,1,0.05,12
15110,0.94,1,0.05,12
15111,0.96,1,0.05,5
15112,0.92,1,0.05,12
15113,0.97,1,0.05,13
15114,-0.54,0,0.05,12
15115,0.91,1,0.05,25
15116,0.97,1,0.05,11
15117,0.91,1,0.05,13
15118,0.91,1,0.05,13
15119,0.97,1,0.05,8
15120,0.97,1,0.05,12
15121,0.94,1,0.05,10
15122,0.98,1,0.05,5
15123,0.93,1,0.05,13
15124,0.95,1,0.05,11
15125,-0.53,0,0.05,13
15126,0.97,1,0.05,12
15127,0.97,1,0.05,11
15128,-0.57,0,0.05,5
15129,0.94,1,0.05,9
15130,0.93,1,0.05,12
15131,0.97,1,0.05,4
15132,0.95,1,0.05,17
15133,0.94,1,0.05,6
15134,0.96,1,0.05,17
15135,0.95,1,0.05,13
15136,0.96,1,0.05,5
15137,0.96,1,0.05,24
15138,0.97,1,0.05,5
15139,0.93,1,0.05,15
15140,0.92,1,0.05,27
15141,0.95,1,0.05,23
15142,0.95,1,0.05,5
15143,0.93,1,0.05,9
15144,0.97,1,0.05,5
15145,0.96,1,0.05,7
15146,0.97,1,0.05,5
15147,0.93,1,0.05,9
15148,0.96,1,0.05,10
15149,0.96,1,0.05,10
15150,0.93,1,0.05,9
15151,0.97,1,0.05,7
15152,0.96,1,0.05,4
15153,0.95,1,0.05,6
15154,0.95,1,0.05,9
15155,0.97,1,0.05,8
15156,0.95,1,0.05,20
15157,-0.56,0,0.05,12
15158,0.96,1,0.05,5
15159,0.97,1,0.05,24
15160,0.96,1,0.05,4
15161,0.97,1,0.05,10
15162,0.97,1,0.05,3
15163,0.96,1,0.05,6
15164,0.97,1,0.05,5
15165,0.97,1,0.05,5
15166,0.98,1,0.05,6
15167,0.95,1,0.05,6
15168,0.93,1,0.05,9
15169,0.96,1,0.05,11
15170,0.97,1,0.05,4
15171,0.9,1,0.05,14
15172,0.98,1,0.05,5
15173,-0.56,0,0.05,12
15174,0.95,1,0.05,7
15175,0.96,1,0.05,15
15176,0.98,1,0.05,4
15177,-0.57,0,0.05,18
15178,0.98,1,0.05,4
15179,0.96,1,0.05,7
15180,0.94,1,0.05,5
15181,0.95,1,0.05,6
15182,0.97,1,0.05,13
15183,-0.55,0,0.05,8
15184,0.94,1,0.05,15
15185,0.97,1,0.05,7
15186,0.95,1,0.05,6
15187,0.97,1,0.05,9
15188,0.92,1,0.05,10
15189,0.87,1,0.05,15
15190,0.93,1,0.05,9
15191,0.94,1,0.05,16
15192,0.93,1,0.05,12
15193,0.96,1,0.05,5
15194,0.93,1,0.05,9
15195,0.95,1,0.05,20
15196,-0.55,0,0.05,5
15197,0.94,1,0.05,12
15198,0.97,1,0.05,15
15199,-0.57,0,0.05,18
15200,0.94,1,0.05,12
15201,0.95,1,0.05,7
15202,0.93,1,0.05,9
15203,-0.58,0,0.05,20
15204,0.96,1,0.05,14
15205,0.97,1,0.05,7
15206,0.96,1,0.05,10
15207,0.95,1,0.05,10
15208,0.88,1,0.05,20
15209,0.95,1,0.05,10
15210,0.93,1,0.05,8
15211,0.97,1,0.05,4
15212,0.93,1,0.05,18
15213,0.95,1,0.05,17
15214,-0.56,0,0.05,21
15215,-0.53,0,0.05,13
15216,0.93,1,0.05,13
15217,0.97,1,0.05,8
15218,0.93,1,0.05,9
15219,0.97,1,0.05,8
15220,-0.61,0,0.05,12
15221,0.97,1,0.05,10
15222,0.94,1,0.05,10
15223,0.96,1,0.05,6
15224,0.93,1,0.05,20
15225,0.95,1,0.05,10
15226,0.96,1,0.05,6
15227,0.94,1,0.05,19
15228,-0.6,0,0.05,12
15229,0.98,1,0.05,5
15230,0.96,1,0.05,10
15231,0.94,1,0.05,11
15232,0.79,0,0.05,23
15233,0.97,1,0.05,7
15234,0.96,1,0.05,9
15235,0.93,1,0.05,9
15236,-0.61,0,0.05,23
15237,0.97,1,0.05,15
15238,0.97,1,0.05,5
15239,-0.53,0,0.05,9
15240,0.96,1,0.05,10
15241,0.96,1,0.05,5
15242,0.98,1,0.05,4
15243,0.97,1,0.05,11
15244,0.95,1,0.05,7
15245,0.98,1,0.05,4
15246,0.93,1,0.05,9
15247,0.97,1,0.05,4
15248,0.91,1,0.05,19
15249,0.97,1,0.05,9
15250,0.95,1,0.05,30
15251,0.94,1,0.05,10
15252,0.94,1,0.05,9
15253,0.95,1,0.05,7
15254,0.94,1,0.05,14
15255,0.94,1,0.05,9
15256,0.94,1,0.05,8
15257,-0.56,0,0.05,4
15258,0.95,1,0.05,7
15259,0.96,1,0.05,7
15260,0.97,1,0.05,5
15261,0.95,1,0.05,17
15262,0.93,1,0.05,11
15263,0.86,1,0.05,26
15264,0.96,1,0.05,5
15265,0.93,1,0.05,30
15266,0.94,1,0.05,9
15267,0.91,1,0.05,10
15268,0.94,1,0.05,28
15269,0.96,1,0.05,15
15270,0.94,1,0.05,10
15271,0.95,1,0.05,12
15272,0.97,1,0.05,6
15273,0.94,1,0.05,15
15274,0.94,1,0.05,17
15275,0.97,1,0.05,4
15276,0.95,1,0.05,19
15277,0.97,1,0.05,5
15278,0.99,1,0.05,24
15279,0.93,1,0.05,16
15280,0.96,1,0.05,6
15281,0.94,1,0.05,18
15282,0.88,1,0.05,30
15283,0.93,1,0.05,10
15284,-0.56,0,0.05,13
15285,0.96,1,0.05,3
15286,0.96,1,0.05,7
15287,0.94,1,0.05,13
15288,0.96,1,0.05,5
15289,0.95,1,0.05,18
15290,0.94,1,0.05,10
15291,0.98,1,0.05,9
15292,0.96,1,0.05,6
15293,0.98,1,0.05,25
15294,0.94,1,0.05,8
15295,0.95,1,0.05,10
15296,0.95,1,0.05,21
15297,0.95,1,0.05,6
15298,0.96,1,0.05,10
15299,0.95,1,0.05,9
15300,0.97,1,0.05,7
15301,0.93,1,0.05,13
15302,-0.55,0,0.05,10
15303,0.95,1,0.05,7
15304,0.94,1,0.05,12
15305,0.98,1,0.05,9
15306,0.97,1,0.05,3
15307,0.95,1,0.05,13
15308,0.97,1,0.05,8
15309,0.94,1,0.05,3
15310,0.95,1,0.05,6
15311,-0.56,0,0.05,9
15312,-0.54,0,0.05,3
15313,0.94,1,0.05,3
15314,0.97,1,0.05,8
15315,0.97,1,0.05,7
15316,0.97,1,0.05,10
15317,0.95,1,0.05,23
15318,0.95,1,0.05,8
15319,0.93,1,0.05,9
15320,0.96,1,0.05,4
15321,0.83,1,0.05,29
15322,0.96,1,0.05,10
15323,0.87,1,0.05,18
15324,0.94,1,0.05,8
15325,0.98,1,0.05,17
15326,0.95,1,0.05,6
15327,0.96,1,0.05,11
15328,0.92,1,0.05,21
15329,0.95,1,0.05,6
15330,0.96,1,0.05,7
15331,0.97,1,0.05,5
15332,0.94,1,0.05,20
15333,0.98,1,0.05,5
15334,-0.57,0,0.05,21
15335,0.9,1,0.05,17
15336,0.96,1,0.05,10
15337,0.91,1,0.05,20
15338,0.96,1,0.05,4
15339,-0.57,0,0.05,6
15340,0.96,1,0.05,8
15341,0.96,1,0.05,17
15342,0.94,1,0.05,6
15343,0.96,1,0.05,7
15344,0.89,1,0.05,17
15345,0.94,1,0.05,18
15346,0.96,1,0.05,14
15347,0.98,1,0.05,5
15348,0.96,1,0.05,15
15349,-0.55,0,0.05,11
15350,0.97,1,0.05,5
15351,0.88,1,0.05,21
15352,0.92,1,0.05,15
15353,0.97,1,0.05,13
15354,-0.5,0,0.05,11
15355,-0.57,0,0.05,23
15356,0.98,1,0.05,15
15357,-0.53,0,0.05,14
15358,0.96,1,0.05,7
15359,0.95,1,0.05,15
15360,0.95,1,0.05,6
15361,0.97,1,0.05,13
15362,0.95,1,0.05,8
15363,0.94,1,0.05,9
15364,0.95,1,0.05,13
15365,0.96,1,0.05,14
15366,0.97,1,0.05,3
15367,0.92,1,0.05,12
15368,0.92,1,0.05,12
15369,0.95,1,0.05,6
15370,0.96,1,0.05,5
15371,0.94,1,0.05,8
15372,0.96,1,0.05,7
15373,-0.58,0,0.05,17
15374,0.96,1,0.05,20
15375,-0.55,0,0.05,14
15376,0.96,1,0.05,10
15377,0.96,1,0.05,6
15378,0.97,1,0.05,5
15379,0.95,1,0.05,7
15380,0.98,1,0.05,5
15381,0.93,1,0.05,13
15382,0.85,1,0.05,28
15383,0.97,1,0.05,11
15384,0.98,1,0.05,4
15385,0.96,1,0.05,18
15386,-0.51,0,0.05,8
15387,-0.59,0,0.05,22
15388,0.94,1,0.05,23
15389,-0.57,0,0.05,12
15390,0.94,1,0.05,11
15391,-0.49,0,0.05,26
15392,0.95,1,0.05,16
15393,0.88,1,0.05,17
15394,0.97,1,0.05,16
15395,0.95,1,0.05,7
15396,0.93,1,0.05,9
15397,0.94,1,0.05,9
15398,-0.56,0,0.05,19
15399,0.94,1,0.05,23
15400,0.97,1,0.05,9
15401,0.94,1,0.05,24
15402,0.91,1,0.05,12
15403,0.95,1,0.05,7
15404,0.93,1,0.05,10
15405,-0.61,0,0.05,16
15406,0.92,1,0.05,17
15407,0.91,1,0.05,16
15408,0.93,1,0.05,13
15409,-0.52,0,0.05,12
15410,0.98,1,0.05,8
15411,0.98,1,0.05,5
15412,0.96,1,0.05,7
15413,0.92,1,0.05,7
15414,0.97,1,0.05,5
15415,0.91,1,0.05,19
15416,0.93,1,0.05,9
15417,0.96,1,0.05,5
15418,0.96,1,0.05,2
15419,-0.6,0,0.05,21
15420,0.95,1,0.05,5
15421,0.94,1,0.05,10
15422,0.94,1,0.05,10
15423,0.95,1,0.05,10
15424,0.95,1,0.05,11
15425,-0.56,0,0.05,21
15426,0.97,1,0.05,3
15427,0.98,1,0.05,12
15428,0.94,1,0.05,8
15429,-0.49,0,0.05,3
15430,0.94,1,0.05,11
15431,0.97,1,0.05,8
15432,0.92,1,0.05,21
15433,0.95,1,0.05,5
15434,0.96,1,0.05,5
15435,0.97,1,0.05,19
15436,0.96,1,0.05,7
15437,0.84,1,0.05,19
15438,0.97,1,0.05,4
15439,-0.49,0,0.05,20
15440,0.94,1,0.05,12
15441,0.96,1,0.05,6
15442,0.96,1,0.05,7
15443,0.96,1,0.05,5
15444,0.95,1,0.05,17
15445,0.95,1,0.05,5
15446,0.93,1,0.05,14
15447,0.96,1,0.05,13
15448,0.97,1,0.05,3
15449,0.97,1,0.05,6
15450,0.97,1,0.05,3
15451,0.87,1,0.05,22
15452,0.98,1,0.05,4
15453,0.96,1,0.05,5
15454,0.85,1,0.05,20
15455,-0.51,0,0.05,13
15456,0.96,1,0.05,5
15457,0.94,1,0.05,12
15458,0.95,1,0.05,6
15459,0.97,1,0.05,8
15460,0.95,1,0.05,10
15461,-0.51,0,0.05,8
15462,0.98,1,0.05,5
15463,-0.53,0,0.05,7
15464,0.97,1,0.05,5
15465,0.96,1,0.05,6
15466,0.97,1,0.05,5
15467,0.93,1,0.05,10
15468,-0.56,0,0.05,10
15469,0.94,1,0.05,10
15470,0.96,1,0.05,2
15471,0.96,1,0.05,9
15472,0.97,1,0.05,10
15473,0.97,1,0.05,10
15474,-0.55,0,0.05,13
15475,0.94,1,0.05,19
15476,0.97,1,0.05,8
15477,0.97,1,0.05,3
15478,0.96,1,0.05,8
15479,0.95,1,0.05,6
15480,0.96,1,0.05,7
15481,0.95,1,0.05,4
15482,0.93,1,0.05,12
15483,0.93,1,0.05,16
15484,-0.53,0,0.05,4
15485,0.96,1,0.05,5
15486,0.92,1,0.05,22
15487,0.95,1,0.05,12
15488,0.95,1,0.05,11
15489,0.98,1,0.05,4
15490,0.96,1,0.05,8
15491,-0.5,0,0.05,5
15492,0.93,1,0.05,9
15493,0.95,1,0.05,9
15494,0.89,1,0.05,13
15495,0.97,1,0.05,17
15496,0.95,1,0.05,11
15497,0.96,1,0.05,8
15498,0.91,1,0.05,26
15499,0.97,1,0.05,7
15500,0.95,1,0.05,6
15501,-0.51,0,0.05,4
15502,0.93,1,0.05,10
15503,0.97,1,0.05,9
15504,0.96,1,0.05,10
15505,0.86,1,0.05,21
15506,0.98,1,0.05,7
15507,0.97,1,0.05,15
15508,0.96,1,0.05,18
15509,0.96,1,0.05,5
15510,0.95,1,0.05,12
15511,0.96,1,0.05,14
15512,1.0,1,0.05,16
15513,0.95,1,0.05,9
15514,-0.59,0,0.05,19
15515,0.94,1,0.05,14
15516,0.92,1,0.05,23
15517,0.96,1,0.05,9
15518,0.97,1,0.05,22
15519,0.97,1,0.05,8
15520,0.96,1,0.05,7
15521,-0.56,0,0.05,11
15522,0.93,1,0.05,22
15523,0.94,1,0.05,18
15524,0.92,1,0.05,11
15525,0.94,1,0.05,9
15526,0.96,1,0.05,6
15527,0.96,1,0.05,14
15528,0.97,1,0.05,7
15529,0.95,1,0.05,14
15530,0.98,1,0.05,4
15531,0.95,1,0.05,9
15532,0.93,1,0.05,14
15533,0.96,1,0.05,10
15534,-0.55,0,0.05,9
15535,0.94,1,0.05,29
15536,0.94,1,0.05,10
15537,0.96,1,0.05,6
15538,0.98,1,0.05,6
15539,0.94,1,0.05,25
15540,0.95,1,0.05,12
15541,0.95,1,0.05,12
15542,0.98,1,0.05,6
15543,0.91,1,0.05,19
15544,-0.49,0,0.05,4
15545,0.97,1,0.05,8
15546,0.98,1,0.05,5
15547,0.95,1,0.05,12
15548,0.96,1,0.05,7
15549,0.92,1,0.05,9
15550,0.93,1,0.05,15
15551,0.93,1,0.05,9
15552,0.99,1,0.05,8
15553,0.94,1,0.05,12
15554,0.96,1,0.05,5
15555,0.97,1,0.05,12
15556,0.97,1,0.05,3
15557,0.91,1,0.05,19
15558,0.94,1,0.05,3
15559,0.97,1,0.05,11
15560,0.96,1,0.05,8
15561,0.96,1,0.05,6
15562,0.94,1,0.05,10
15563,0.95,1,0.05,10
15564,0.97,1,0.05,11
15565,-0.55,0,0.05,11
15566,0.99,1,0.05,12
15567,0.96,1,0.05,9
15568,0.92,1,0.05,13
15569,0.97,1,0.05,4
15570,0.98,1,0.05,19
15571,0.97,1,0.05,16
15572,0.97,1,0.05,17
15573,0.97,1,0.05,12
15574,0.98,1,0.05,6
15575,-0.53,0,0.05,13
15576,0.97,1,0.05,6
15577,0.87,1,0.05,21
15578,0.89,1,0.05,19
15579,0.95,1,0.05,6
15580,0.92,1,0.05,16
15581,0.95,1,0.05,4
15582,0.95,1,0.05,11
15583,0.98,1,0.05,5
15584,0.96,1,0.05,16
15585,0.97,1,0.05,7
15586,0.96,1,0.05,9
15587,0.94,1,0.05,9
15588,0.97,1,0.05,5
15589,0.96,1,0.05,5
15590,0.96,1,0.05,8
15591,0.97,1,0.05,5
15592,-0.55,0,0.05,14
15593,0.96,1,0.05,10
15594,0.83,1,0.05,30
15595,0.97,1,0.05,16
15596,0.97,1,0.05,16
15597,0.97,1,0.05,6
15598,0.94,1,0.05,9
15599,0.99,1,0.05,13
15600,-0.58,0,0.05,19
15601,-0.58,0,0.05,20
15602,0.99,1,0.05,21
15603,-0.5,0,0.05,5
15604,0.96,1,0.05,10
15605,0.97,1,0.05,5
15606,0.97,1,0.05,4
15607,0.97,1,0.05,5
15608,0.95,1,0.05,9
15609,-0.5,0,0.05,3
15610,0.96,1,0.05,10
15611,0.96,1,0.05,12
15612,-0.55,0,0.05,4
15613,0.94,1,0.05,12
15614,0.94,1,0.05,18
15615,0.96,1,0.05,9
15616,0.98,1,0.05,5
15617,0.98,1,0.05,20
15618,0.97,1,0.05,5
15619,0.85,1,0.05,21
15620,0.96,1,0.05,5
15621,0.92,1,0.05,22
15622,0.95,1,0.05,14
15623,0.96,1,0.05,10
15624,0.95,1,0.05,6
15625,0.96,1,0.05,11
15626,0.96,1,0.05,10
15627,0.97,1,0.05,4
15628,0.95,1,0.05,8
15629,0.96,1,0.05,5
15630,0.95,1,0.05,10
15631,0.98,1,0.05,5
15632,0.96,1,0.05,5
15633,-0.56,0,0.05,11
15634,0.97,1,0.05,3
15635,0.89,1,0.05,10
15636,0.94,1,0.05,9
15637,-0.55,0,0.05,7
15638,0.94,1,0.05,20
15639,0.98,1,0.05,11
15640,0.98,1,0.05,4
15641,0.97,1,0.05,5
15642,0.85,1,0.05,16
15643,0.95,1,0.05,11
15644,0.94,1,0.05,14
15645,0.93,1,0.05,15
15646,0.99,1,0.05,17
15647,0.94,1,0.05,15
15648,0.94,1,0.05,9
15649,0.97,1,0.05,10
15650,0.97,1,0.05,9
15651,0.97,1,0.05,3
15652,0.98,1,0.05,5
15653,0.97,1,0.05,4
15654,0.91,1,0.05,7
15655,0.91,1,0.05,16
15656,0.96,1,0.05,12
15657,0.92,1,0.05,3
15658,0.87,1,0.05,16
15659,0.98,1,0.05,6
15660,0.96,1,0.05,11
15661,0.97,1,0.05,8
15662,0.82,1,0.05,18
15663,0.97,1,0.05,4
15664,0.94,1,0.05,6
15665,0.95,1,0.05,13
15666,0.97,1,0.05,11
15667,0.83,1,0.05,15
15668,0.94,1,0.05,10
15669,-0.56,0,0.05,18
15670,0.97,1,0.05,19
15671,0.97,1,0.05,6
15672,0.97,1,0.05,15
15673,0.96,1,0.05,6
15674,-0.5,0,0.05,3
15675,0.97,1,0.05,4
15676,0.96,1,0.05,6
15677,0.97,1,0.05,8
15678,0.93,1,0.05,23
15679,0.97,1,0.05,7
15680,0.99,1,0.05,10
15681,0.96,1,0.05,18
15682,0.94,1,0.05,12
15683,0.96,1,0.05,16
15684,0.96,1,0.05,10
15685,0.95,1,0.05,4
15686,0.93,1,0.05,13
15687,0.96,1,0.05,9
15688,0.94,1,0.05,6
15689,-0.5,0,0.05,3
15690,-0.56,0,0.05,13
15691,0.95,1,0.05,9
15692,0.88,1,0.05,19
15693,0.95,1,0.05,5
15694,0.94,1,0.05,16
15695,0.96,1,0.05,12
15696,0.94,1,0.05,24
15697,0.95,1,0.05,9
15698,0.96,1,0.05,5
15699,0.96,1,0.05,8
15700,0.97,1,0.05,8
15701,0.96,1,0.05,11
15702,0.93,1,0.05,15
15703,0.96,1,0.05,14
15704,0.75,0,0.05,23
15705,-0.56,0,0.05,9
15706,0.98,1,0.05,4
15707,0.94,1,0.05,6
15708,0.96,1,0.05,6
15709,0.92,1,0.05,15
15710,0.97,1,0.05,3
15711,0.98,1,0.05,19
15712,0.93,1,0.05,11
15713,0.95,1,0.05,8
15714,0.97,1,0.05,15
15715,0.94,1,0.05,5
15716,0.96,1,0.05,14
15717,0.95,1,0.05,6
15718,0.98,1,0.05,5
15719,-0.57,0,0.05,16
15720,0.95,1,0.05,7
15721,0.97,1,0.05,7
15722,0.97,1,0.05,7
15723,0.89,1,0.05,16
15724,0.96,1,0.05,8
15725,0.95,1,0.05,7
15726,0.95,1,0.05,20
15727,0.93,1,0.05,16
15728,0.93,1,0.05,21
15729,0.93,1,0.05,13
15730,-0.49,0,0.05,7
15731,0.94,1,0.05,22
15732,0.96,1,0.05,17
15733,0.97,1,0.05,6
15734,-0.6,0,0.05,11
15735,0.92,1,0.05,17
15736,0.95,1,0.05,11
15737,0.96,1,0.05,5
15738,0.94,1,0.05,3
15739,0.95,1,0.05,23
15740,-0.51,0,0.05,5
15741,0.91,1,0.05,20
15742,0.95,1,0.05,13
15743,0.95,1,0.05,10
15744,0.95,1,0.05,12
15745,-0.52,0,0.05,14
15746,0.93,1,0.05,12
15747,0.98,1,0.05,8
15748,0.96,1,0.05,9
15749,0.96,1,0.05,9
15750,0.95,1,0.05,15
15751,0.95,1,0.05,4
15752,-0.54,0,0.05,14
15753,0.96,1,0.05,8
15754,-0.54,0,0.05,10
15755,0.86,1,0.05,20
15756,0.95,1,0.05,7
15757,0.95,1,0.05,14
15758,0.93,1,0.05,12
15759,0.94,1,0.05,22
15760,0.96,1,0.05,12
15761,0.97,1,0.05,11
15762,0.95,1,0.05,13
15763,0.97,1,0.05,6
15764,0.95,1,0.05,6
15765,0.94,1,0.05,13
15766,0.96,1,0.05,7
15767,0.94,1,0.05,18
15768,0.96,1,0.05,7
15769,0.98,1,0.05,4
15770,0.93,1,0.05,21
15771,-0.5,0,0.05,5
15772,0.95,1,0.05,7
15773,0.96,1,0.05,7
15774,0.95,1,0.05,29
15775,0.97,1,0.05,8
15776,0.98,1,0.05,11
15777,0.89,1,0.05,16
15778,0.91,1,0.05,6
15779,0.91,1,0.05,14
15780,0.93,1,0.05,11
15781,0.97,1,0.05,8
15782,0.94,1,0.05,11
15783,0.96,1,0.05,5
15784,0.94,1,0.05,10
15785,-0.56,0,0.05,5
15786,0.84,1,0.05,18
15787,0.93,1,0.05,18
15788,0.93,1,0.05,13
15789,0.95,1,0.05,8
15790,0.97,1,0.05,16
15791,0.96,1,0.05,8
15792,0.49,0,0.05,25
15793,-0.61,0,0.05,16
15794,0.97,1,0.05,5
15795,0.96,1,0.05,7
15796,0.94,1,0.05,8
15797,0.98,1,0.05,8
15798,0.96,1,0.05,10
15799,0.81,1,0.05,36
15800,0.89,1,0.05,17
15801,0.95,1,0.05,7
15802,0.97,1,0.05,7
15803,0.93,1,0.05,19
15804,0.92,1,0.05,22
15805,0.95,1,0.05,7
15806,0.97,1,0.05,17
15807,0.96,1,0.05,9
15808,0.96,1,0.05,14
15809,0.93,1,0.05,11
15810,0.95,1,0.05,10
15811,0.95,1,0.05,21
15812,0.97,1,0.05,8
15813,-0.56,0,0.05,8
15814,0.89,1,0.05,15
15815,0.94,1,0.05,9
15816,0.89,1,0.05,15
15817,0.94,1,0.05,10
15818,0.95,1,0.05,12
15819,-0.56,0,0.05,10
15820,0.93,1,0.05,23
15821,0.93,1,0.05,10
15822,0.95,1,0.05,4
15823,0.94,1,0.05,13
15824,0.98,1,0.05,4
15825,0.92,1,0.05,24
15826,0.94,1,0.05,10
15827,0.94,1,0.05,3
15828,0.95,1,0.05,7
15829,0.98,1,0.05,4
15830,0.97,1,0.05,16
15831,-0.53,0,0.05,9
15832,0.94,1,0.05,6
15833,-0.57,0,0.05,6
15834,0.97,1,0.05,13
15835,0.97,1,0.05,5
15836,0.97,1,0.05,17
15837,0.97,1,0.05,8
15838,0.95,1,0.05,8
15839,0.95,1,0.05,19
15840,0.96,1,0.05,7
15841,-0.53,0,0.05,8
15842,0.95,1,0.05,8
15843,0.96,1,0.05,12
15844,0.95,1,0.05,4
15845,0.96,1,0.05,12
15846,0.94,1,0.05,10
15847,0.95,1,0.05,11
15848,-0.56,0,0.05,7
15849,0.95,1,0.05,13
15850,0.94,1,0.05,10
15851,0.95,1,0.05,6
15852,0.96,1,0.05,5
15853,0.96,1,0.05,5
15854,0.96,1,0.05,13
15855,0.91,1,0.05,17
15856,0.93,1,0.05,9
15857,0.95,1,0.05,10
15858,0.94,1,0.05,18
15859,0.96,1,0.05,4
15860,0.98,1,0.05,4
15861,0.94,1,0.05,10
15862,0.94,1,0.05,6
15863,0.97,1,0.05,9
15864,0.99,1,0.05,8
15865,0.97,1,0.05,8
15866,0.96,1,0.05,8
15867,-0.56,0,0.05,4
15868,0.96,1,0.05,3
15869,-0.54,0,0.05,17
15870,0.95,1,0.05,6
15871,0.96,1,0.05,9
15872,0.98,1,0.05,19
15873,0.97,1,0.05,8
15874,0.94,1,0.05,9
15875,0.64,0,0.05,209
15876,0.94,1,0.05,14
15877,0.95,1,0.05,4
15878,0.95,1,0.05,4
15879,0.41,0,0.05,30
15880,0.96,1,0.05,20
15881,0.98,1,0.05,5
15882,-0.56,0,0.05,4
15883,0.95,1,0.05,17
15884,0.98,1,0.05,4
15885,0.87,1,0.05,18
15886,0.93,1,0.05,10
15887,0.97,1,0.05,5
15888,0.95,1,0.05,7
15889,0.95,1,0.05,14
15890,0.97,1,0.05,5
15891,0.96,1,0.05,7
15892,0.97,1,0.05,5
15893,0.96,1,0.05,9
15894,0.96,1,0.05,4
15895,0.91,1,0.05,25
15896,0.87,1,0.05,14
15897,0.97,1,0.05,5
15898,0.92,1,0.05,18
15899,0.94,1,0.05,10
15900,0.97,1,0.05,7
15901,0.92,1,0.05,13
15902,0.9,1,0.05,15
15903,0.96,1,0.05,7
15904,0.88,1,0.05,16
15905,0.96,1,0.05,10
15906,0.97,1,0.05,7
15907,0.96,1,0.05,6
15908,0.97,1,0.05,5
15909,0.99,1,0.05,20
15910,0.9,1,0.05,12
15911,0.96,1,0.05,9
15912,0.96,1,0.05,6
15913,0.95,1,0.05,7
15914,0.95,1,0.05,7
15915,-0.56,0,0.05,9
15916,0.94,1,0.05,3
15917,0.96,1,0.05,14
15918,0.95,1,0.05,14
15919,0.94,1,0.05,3
15920,0.93,1,0.05,9
15921,0.99,1,0.05,6
15922,0.95,1,0.05,10
15923,0.96,1,0.05,6
15924,0.98,1,0.05,5
15925,-0.55,0,0.05,14
15926,0.89,1,0.05,9
15927,0.96,1,0.05,4
15928,0.93,1,0.05,11
15929,0.97,1,0.05,5
15930,0.97,1,0.05,5
15931,0.95,1,0.05,8
15932,0.95,1,0.05,9
15933,0.95,1,0.05,22
15934,0.82,1,0.05,21
15935,0.96,1,0.05,5
15936,0.95,1,0.05,8
15937,0.98,1,0.05,9
15938,0.98,1,0.05,9
15939,0.97,1,0.05,9
15940,0.96,1,0.05,4
15941,0.95,1,0.05,10
15942,-0.58,0,0.05,12
15943,0.89,1,0.05,16
15944,0.97,1,0.05,8
15945,0.97,1,0.05,5
15946,-0.51,0,0.05,5
15947,0.94,1,0.05,13
15948,0.94,1,0.05,9
15949,0.94,1,0.05,11
15950,0.96,1,0.05,9
15951,-0.56,0,0.05,17
15952,-0.54,0,0.05,7
15953,0.96,1,0.05,6
15954,0.96,1,0.05,5
15955,0.98,1,0.05,18
15956,0.96,1,0.05,4
15957,0.96,1,0.05,7
15958,0.95,1,0.05,5
15959,0.94,1,0.05,20
15960,0.93,1,0.05,13
15961,0.95,1,0.05,8
15962,0.97,1,0.05,5
15963,-0.54,0,0.05,15
15964,0.96,1,0.05,8
15965,0.95,1,0.05,20
15966,0.93,1,0.05,9
15967,0.95,1,0.05,19
15968,0.94,1,0.05,5
15969,0.98,1,0.05,13
15970,0.98,1,0.05,4
15971,0.98,1,0.05,23
15972,0.97,1,0.05,8
15973,0.89,1,0.05,16
15974,0.97,1,0.05,3
15975,0.96,1,0.05,8
15976,0.95,1,0.05,9
15977,0.97,1,0.05,16
15978,0.9,1,0.05,13
15979,0.97,1,0.05,15
15980,0.97,1,0.05,5
15981,0.97,1,0.05,8
15982,0.89,1,0.05,17
15983,0.94,1,0.05,10
15984,1.0,1,0.05,14
15985,0.96,1,0.05,11
15986,0.96,1,0.05,16
15987,-0.54,0,0.05,15
15988,-0.55,0,0.05,5
15989,0.89,1,0.05,19
15990,0.96,1,0.05,6
15991,0.97,1,0.05,20
15992,0.95,1,0.05,6
15993,0.97,1,0.05,15
15994,0.98,1,0.05,15
15995,0.95,1,0.05,6
15996,-0.54,0,0.05,10
15997,0.94,1,0.05,11
15998,0.98,1,0.05,4
15999,0.91,1,0.05,13
16000,0.97,1,0.05,5
16001,0.97,1,0.05,6
16002,-0.54,0,0.05,13
16003,0.95,1,0.05,10
16004,0.93,1,0.05,27
16005,0.95,1,0.05,22
16006,-1.18,0,0.05,29
16007,0.93,1,0.05,13
16008,0.96,1,0.05,5
16009,0.96,1,0.05,6
16010,0.97,1,0.05,20
16011,0.95,1,0.05,10
16012,0.96,1,0.05,6
16013,0.95,1,0.05,4
16014,0.94,1,0.05,13
16015,0.82,1,0.05,19
16016,0.97,1,0.05,17
16017,0.87,1,0.05,17
16018,0.96,1,0.05,10
16019,-0.5,0,0.05,4
16020,0.96,1,0.05,12
16021,0.96,1,0.05,16
16022,0.96,1,0.05,7
16023,0.95,1,0.05,15
16024,-0.57,0,0.05,21
16025,0.97,1,0.05,11
16026,0.97,1,0.05,5
16027,0.92,1,0.05,26
16028,0.94,1,0.05,16
16029,0.96,1,0.05,5
16030,0.93,1,0.05,10
16031,0.95,1,0.05,11
16032,0.95,1,0.05,7
16033,0.97,1,0.05,6
16034,-0.55,0,0.05,25
16035,0.95,1,0.05,10
16036,-0.53,0,0.05,14
16037,0.97,1,0.05,9
16038,0.93,1,0.05,10
16039,0.96,1,0.05,8
16040,0.95,1,0.05,14
16041,0.98,1,0.05,20
16042,0.89,1,0.05,22
16043,0.96,1,0.05,6
16044,0.96,1,0.05,5
16045,0.95,1,0.05,10
16046,0.94,1,0.05,17
16047,0.94,1,0.05,14
16048,0.96,1,0.05,6
16049,0.98,1,0.05,8
16050,0.96,1,0.05,9
16051,-0.54,0,0.05,14
16052,0.96,1,0.05,8
16053,0.95,1,0.05,8
16054,0.92,1,0.05,19
16055,0.94,1,0.05,14
16056,0.95,1,0.05,21
16057,0.92,1,0.05,11
16058,0.86,1,0.05,14
16059,0.99,1,0.05,10
16060,0.96,1,0.05,8
16061,0.95,1,0.05,13
16062,-0.53,0,0.05,13
16063,-0.58,0,0.05,24
16064,0.97,1,0.05,10
16065,0.98,1,0.05,5
16066,0.96,1,0.05,16
16067,0.95,1,0.05,10
16068,0.89,1,0.05,9
16069,0.98,1,0.05,15
16070,0.95,1,0.05,11
16071,-0.61,0,0.05,20
16072,0.93,1,0.05,9
16073,0.89,1,0.05,18
16074,0.94,1,0.05,18
16075,-0.5,0,0.05,3
16076,0.93,1,0.05,9
16077,0.97,1,0.05,17
16078,0.93,1,0.05,9
16079,0.95,1,0.05,6
16080,-0.53,0,0.05,9
16081,0.98,1,0.05,24
16082,0.94,1,0.05,8
16083,0.97,1,0.05,8
16084,0.97,1,0.05,5
16085,0.95,1,0.05,9
16086,0.94,1,0.05,16
16087,0.98,1,0.05,7
16088,0.95,1,0.05,7
16089,0.99,1,0.05,24
16090,0.95,1,0.05,12
16091,0.96,1,0.05,10
16092,0.97,1,0.05,13
16093,0.95,1,0.05,15
16094,0.89,1,0.05,16
16095,0.97,1,0.05,4
16096,0.96,1,0.05,16
16097,0.96,1,0.05,6
16098,0.86,1,0.05,19
16099,0.94,1,0.05,14
16100,0.96,1,0.05,10
16101,0.95,1,0.05,7
16102,-0.49,0,0.05,5
16103,0.97,1,0.05,8
16104,0.97,1,0.05,18
16105,0.94,1,0.05,13
16106,0.95,1,0.05,10
16107,0.95,1,0.05,11
16108,-0.51,0,0.05,21
16109,0.97,1,0.05,9
16110,0.91,1,0.05,19
16111,0.96,1,0.05,5
16112,0.97,1,0.05,19
16113,0.99,1,0.05,21
16114,-0.48,0,0.05,9
16115,0.97,1,0.05,7
16116,0.97,1,0.05,5
16117,0.94,1,0.05,19
16118,0.92,1,0.05,14
16119,0.94,1,0.05,22
16120,0.92,1,0.05,16
16121,0.97,1,0.05,19
16122,0.94,1,0.05,10
16123,0.97,1,0.05,6
16124,0.91,1,0.05,27
16125,0.92,1,0.05,17
16126,0.96,1,0.05,6
16127,0.97,1,0.05,6
16128,0.94,1,0.05,16
16129,-0.53,0,0.05,5
16130,0.96,1,0.05,5
16131,-0.56,0,0.05,18
16132,0.96,1,0.05,12
16133,0.96,1,0.05,4
16134,0.96,1,0.05,9
16135,0.98,1,0.05,9
16136,0.97,1,0.05,5
16137,0.95,1,0.05,17
16138,0.97,1,0.05,10
16139,-0.94,0,0.05,23
16140,0.94,1,0.05,14
16141,0.95,1,0.05,6
16142,0.97,1,0.05,9
16143,0.93,1,0.05,19
16144,0.96,1,0.05,8
16145,0.9,1,0.05,24
16146,0.97,1,0.05,15
16147,0.96,1,0.05,7
16148,0.97,1,0.05,19
16149,0.94,1,0.05,10
16150,0.92,1,0.05,14
16151,0.96,1,0.05,7
16152,0.95,1,0.05,7
16153,0.97,1,0.05,7
16154,0.97,1,0.05,7
16155,0.95,1,0.05,14
16156,-0.51,0,0.05,18
16157,0.97,1,0.05,7
16158,0.99,1,0.05,10
16159,0.94,1,0.05,3
16160,0.95,1,0.05,13
16161,0.97,1,0.05,8
16162,0.88,1,0.05,15
16163,-0.49,0,0.05,15
16164,0.96,1,0.05,9
16165,-0.56,0,0.05,20
16166,0.97,1,0.05,7
16167,0.96,1,0.05,4
16168,-0.56,0,0.05,13
16169,0.96,1,0.05,5
16170,-0.55,0,0.05,10
16171,-0.49,0,0.05,4
16172,0.96,1,0.05,6
16173,0.96,1,0.05,10
16174,0.89,1,0.05,17
16175,-0.61,0,0.05,20
16176,0.96,1,0.05,5
16177,0.97,1,0.05,7
16178,0.95,1,0.05,9
16179,0.94,1,0.05,7
16180,0.95,1,0.05,20
16181,0.94,1,0.05,10
16182,0.92,1,0.05,21
16183,0.92,1,0.05,10
16184,0.97,1,0.05,6
16185,0.95,1,0.05,8
16186,0.96,1,0.05,9
16187,0.95,1,0.05,11
16188,0.97,1,0.05,6
16189,0.94,1,0.05,9
16190,0.94,1,0.05,27
16191,0.94,1,0.05,10
16192,0.95,1,0.05,17
16193,0.95,1,0.05,21
16194,0.93,1,0.05,14
16195,0.95,1,0.05,6
16196,0.95,1,0.05,9
16197,0.93,1,0.05,10
16198,0.95,1,0.05,10
16199,-0.54,0,0.05,22
16200,0.97,1,0.05,8
16201,0.97,1,0.05,15
16202,0.95,1,0.05,9
16203,0.96,1,0.05,5
16204,0.95,1,0.05,6
16205,0.95,1,0.05,6
16206,-0.56,0,0.05,18
16207,0.91,1,0.05,14
16208,-0.55,0,0.05,14
16209,0.96,1,0.05,8
16210,0.95,1,0.05,10
16211,0.96,1,0.05,9
16212,0.97,1,0.05,20
16213,0.98,1,0.05,4
16214,-0.54,0,0.05,13
16215,0.34,0,0.05,28
16216,0.96,1,0.05,11
16217,0.97,1,0.05,5
16218,0.96,1,0.05,10
16219,0.96,1,0.05,15
16220,0.94,1,0.05,3
16221,0.97,1,0.05,19
16222,0.96,1,0.05,4
16223,0.95,1,0.05,6
16224,0.94,1,0.05,3
16225,0.94,1,0.05,12
16226,0.93,1,0.05,15
16227,0.83,1,0.05,19
16228,0.93,1,0.05,22
16229,-0.56,0,0.05,13
16230,-0.55,0,0.05,8
16231,0.88,1,0.05,8
16232,0.96,1,0.05,8
16233,0.94,1,0.05,12
16234,0.93,1,0.05,18
16235,0.96,1,0.05,17
16236,0.94,1,0.05,13
16237,0.88,1,0.05,22
16238,0.92,1,0.05,13
16239,0.95,1,0.05,13
16240,0.97,1,0.05,3
16241,0.94,1,0.05,3
16242,0.96,1,0.05,6
16243,0.93,1,0.05,11
16244,1.0,1,0.05,13
16245,0.96,1,0.05,6
16246,0.96,1,0.05,16
16247,0.94,1,0.05,18
16248,0.96,1,0.05,7
16249,0.9,1,0.05,8
16250,0.95,1,0.05,8
16251,0.95,1,0.05,8
16252,0.78,0,0.05,24
16253,0.98,1,0.05,16
16254,0.97,1,0.05,6
16255,0.97,1,0.05,13
16256,0.96,1,0.05,9
16257,0.97,1,0.05,17
16258,0.84,1,0.05,29
16259,0.94,1,0.05,11
16260,0.96,1,0.05,17
16261,0.98,1,0.05,7
16262,0.94,1,0.05,3
16263,0.93,1,0.05,12
16264,0.95,1,0.05,11
16265,0.95,1,0.05,11
16266,-0.51,0,0.05,4
16267,0.95,1,0.05,9
16268,0.97,1,0.05,6
16269,0.96,1,0.05,10
16270,0.95,1,0.05,15
16271,-0.52,0,0.05,5
16272,0.95,1,0.05,12
16273,0.95,1,0.05,13
16274,0.96,1,0.05,6
16275,0.96,1,0.05,8
16276,0.97,1,0.05,22
16277,0.97,1,0.05,7
16278,-0.53,0,0.05,14
16279,0.96,1,0.05,9
16280,0.97,1,0.05,5
16281,0.97,1,0.05,17
16282,-0.56,0,0.05,20
16283,0.98,1,0.05,4
16284,0.96,1,0.05,13
16285,0.95,1,0.05,20
16286,0.96,1,0.05,5
16287,0.96,1,0.05,19
16288,0.95,1,0.05,10
16289,0.97,1,0.05,8
16290,0.98,1,0.05,13
16291,-0.55,0,0.05,18
16292,0.94,1,0.05,13
16293,0.98,1,0.05,6
16294,0.97,1,0.05,6
16295,0.95,1,0.05,10
16296,-0.58,0,0.05,20
16297,0.96,1,0.05,5
16298,0.95,1,0.05,10
16299,0.95,1,0.05,13
16300,0.96,1,0.05,6
16301,0.94,1,0.05,23
16302,0.94,1,0.05,12
16303,0.95,1,0.05,11
16304,0.96,1,0.05,5
16305,-0.53,0,0.05,4
16306,-0.55,0,0.05,5
16307,0.95,1,0.05,10
16308,-0.5,0,0.05,3
16309,0.96,1,0.05,6
16310,0.98,1,0.05,19
16311,0.95,1,0.05,16
16312,-0.56,0,0.05,16
16313,0.97,1,0.05,3
16314,0.98,1,0.05,6
16315,0.98,1,0.05,17
16316,0.94,1,0.05,11
16317,0.96,1,0.05,11
16318,1.0,1,0.05,25
16319,0.88,1,0.05,21
16320,0.96,1,0.05,6
16321,0.96,1,0.05,18
16322,0.96,1,0.05,5
16323,0.98,1,0.05,18
16324,0.97,1,0.05,5
16325,0.94,1,0.05,5
16326,-0.54,0,0.05,12
16327,-0.6,0,0.05,9
16328,0.96,1,0.05,13
16329,-0.55,0,0.05,11
16330,0.97,1,0.05,5
16331,-0.56,0,0.05,18
16332,0.97,1,0.05,7
16333,0.94,1,0.05,12
16334,0.97,1,0.05,4
16335,0.98,1,0.05,20
16336,0.93,1,0.05,11
16337,0.97,1,0.05,12
16338,-0.56,0,0.05,11
16339,0.96,1,0.05,5
16340,0.92,1,0.05,10
16341,0.95,1,0.05,4
16342,0.96,1,0.05,7
16343,0.95,1,0.05,6
16344,0.91,1,0.05,13
16345,0.96,1,0.05,5
16346,0.97,1,0.05,8
16347,0.92,1,0.05,17
16348,0.98,1,0.05,6
16349,0.96,1,0.05,9
16350,0.94,1,0.05,12
16351,0.93,1,0.05,9
16352,0.96,1,0.05,6
16353,0.97,1,0.05,3
16354,0.97,1,0.05,18
16355,-0.53,0,0.05,5
16356,0.95,1,0.05,7
16357,-0.55,0,0.05,9
16358,0.96,1,0.05,4
16359,0.96,1,0.05,9
16360,0.94,1,0.05,3
16361,0.94,1,0.05,9
16362,0.92,1,0.05,16
16363,0.91,1,0.05,23
16364,0.94,1,0.05,23
16365,0.87,1,0.05,19
16366,0.96,1,0.05,4
16367,0.97,1,0.05,18
16368,0.73,0,0.05,20
16369,0.95,1,0.05,12
16370,0.96,1,0.05,5
16371,0.98,1,0.05,10
16372,-0.55,0,0.05,8
16373,0.96,1,0.05,17
16374,0.95,1,0.05,17
16375,-0.52,0,0.05,18
16376,0.94,1,0.05,18
16377,0.94,1,0.05,10
16378,0.93,1,0.05,12
16379,0.98,1,0.05,14
16380,-0.56,0,0.05,8
16381,0.97,1,0.05,6
16382,-0.54,0,0.05,8
16383,0.95,1,0.05,26
16384,0.95,1,0.05,11
16385,0.94,1,0.05,3
16386,0.96,1,0.05,8
16387,0.97,1,0.05,8
16388,-0.56,0,0.05,11
16389,0.75,0,0.05,15
16390,0.96,1,0.05,3
16391,0.96,1,0.05,9
16392,-0.55,0,0.05,7
16393,-0.6,0,0.05,24
16394,0.95,1,0.05,10
16395,0.94,1,0.05,8
16396,0.97,1,0.05,5
16397,0.96,1,0.05,7
16398,0.84,1,0.05,26
16399,0.96,1,0.05,14
16400,0.97,1,0.05,3
16401,0.92,1,0.05,32
16402,-0.55,0,0.05,14
16403,0.98,1,0.05,9
16404,0.86,1,0.05,126
16405,0.96,1,0.05,7
16406,1.0,1,0.05,19
16407,0.96,1,0.05,6
16408,0.94,1,0.05,3
16409,0.9,1,0.05,12
16410,0.95,1,0.05,15
16411,0.82,1,0.05,19
16412,0.96,1,0.05,6
16413,-0.49,0,0.05,3
16414,0.97,1,0.05,11
16415,0.95,1,0.05,12
16416,0.95,1,0.05,7
16417,0.96,1,0.05,9
16418,0.86,1,0.05,18
16419,0.96,1,0.05,12
16420,-0.55,0,0.05,6
16421,0.96,1,0.05,6
16422,-0.55,0,0.05,3
16423,0.94,1,0.05,9
16424,0.97,1,0.05,6
16425,0.97,1,0.05,7
16426,0.96,1,0.05,10
16427,0.98,1,0.05,4
16428,0.92,1,0.05,14
16429,0.86,1,0.05,17
16430,0.96,1,0.05,4
16431,0.97,1,0.05,8
16432,0.97,1,0.05,4
16433,0.97,1,0.05,4
16434,-0.58,0,0.05,10
16435,0.95,1,0.05,6
16436,0.97,1,0.05,8
16437,0.95,1,0.05,27
16438,-0.49,0,0.05,5
16439,0.96,1,0.05,8
16440,0.95,1,0.05,13
16441,-0.49,0,0.05,3
16442,0.94,1,0.05,3
16443,0.73,0,0.05,17
16444,0.96,1,0.05,6
16445,0.96,1,0.05,5
16446,0.97,1,0.05,16
16447,0.96,1,0.05,2
16448,-0.54,0,0.05,4
16449,0.95,1,0.05,4
16450,-0.52,0,0.05,18
16451,0.97,1,0.05,6
16452,0.98,1,0.05,4
16453,0.94,1,0.05,5
16454,0.98,1,0.05,16
16455,-0.54,0,0.05,10
16456,0.92,1,0.05,14
16457,0.91,1,0.05,14
16458,0.96,1,0.05,23
16459,0.91,1,0.05,16
16460,-0.55,0,0.05,5
16461,0.97,1,0.05,8
16462,0.95,1,0.05,11
16463,0.89,1,0.05,25
16464,0.97,1,0.05,4
16465,0.98,1,0.05,5
16466,0.97,1,0.05,8
16467,0.95,1,0.05,7
16468,-0.5,0,0.05,25
16469,0.95,1,0.05,16
16470,0.92,1,0.05,13
16471,0.95,1,0.05,16
16472,0.98,1,0.05,9
16473,0.95,1,0.05,14
16474,-0.49,0,0.05,4
16475,0.96,1,0.05,13
16476,0.96,1,0.05,7
16477,0.95,1,0.05,8
16478,0.96,1,0.05,5
16479,0.88,1,0.05,9
16480,0.95,1,0.05,16
16481,0.91,1,0.05,20
16482,0.96,1,0.05,23
16483,0.98,1,0.05,6
16484,0.95,1,0.05,4
16485,-0.55,0,0.05,5
16486,0.94,1,0.05,12
16487,0.96,1,0.05,7
16488,0.97,1,0.05,4
16489,0.96,1,0.05,27
16490,0.89,1,0.05,24
16491,0.94,1,0.05,25
16492,0.95,1,0.05,7
16493,0.95,1,0.05,6
16494,0.94,1,0.05,15
16495,0.97,1,0.05,5
16496,-0.55,0,0.05,10
16497,0.94,1,0.05,14
16498,-0.53,0,0.05,10
16499,0.95,1,0.05,7
16500,-0.57,0,0.05,11
16501,0.98,1,0.05,5
16502,0.95,1,0.05,23
16503,0.97,1,0.05,6
16504,0.95,1,0.05,8
16505,0.97,1,0.05,5
16506,0.89,1,0.05,16
16507,0.95,1,0.05,17
16508,0.94,1,0.05,11
16509,-0.59,0,0.05,11
16510,0.71,0,0.05,19
16511,0.94,1,0.05,20
16512,0.96,1,0.05,6
16513,0.95,1,0.05,10
16514,0.94,1,0.05,13
16515,0.96,1,0.05,14
16516,0.96,1,0.05,6
16517,0.96,1,0.05,6
16518,0.98,1,0.05,7
16519,0.89,1,0.05,27
16520,0.97,1,0.05,5
16521,0.89,1,0.05,16
16522,-0.53,0,0.05,14
16523,0.96,1,0.05,6
16524,0.97,1,0.05,12
16525,0.99,1,0.05,20
16526,0.98,1,0.05,4
16527,0.94,1,0.05,13
16528,0.93,1,0.05,17
16529,0.92,1,0.05,21
16530,0.96,1,0.05,23
16531,-0.5,0,0.05,5
16532,0.98,1,0.05,4
16533,0.9,1,0.05,16
16534,0.96,1,0.05,6
16535,-0.55,0,0.05,12
16536,0.96,1,0.05,4
16537,0.97,1,0.05,17
16538,0.96,1,0.05,6
16539,-0.53,0,0.05,14
16540,0.97,1,0.05,5
16541,0.98,1,0.05,13
16542,0.94,1,0.05,9
16543,0.96,1,0.05,9
16544,0.94,1,0.05,12
16545,0.96,1,0.05,7
16546,0.96,1,0.05,8
16547,0.8,0,0.05,16
16548,0.98,1,0.05,4
16549,-0.54,0,0.05,10
16550,0.89,1,0.05,19
16551,0.97,1,0.05,8
16552,0.95,1,0.05,6
16553,0.98,1,0.05,5
16554,0.97,1,0.05,11
16555,0.91,1,0.05,17
16556,0.85,1,0.05,22
16557,0.96,1,0.05,14
16558,0.97,1,0.05,15
16559,0.99,1,0.05,16
16560,0.97,1,0.05,5
16561,0.94,1,0.05,10
16562,0.97,1,0.05,11
16563,-0.56,0,0.05,9
16564,0.93,1,0.05,10
16565,1.01,1,0.05,16
16566,0.94,1,0.05,6
16567,0.96,1,0.05,8
16568,0.92,1,0.05,12
16569,0.92,1,0.05,17
16570,0.95,1,0.05,18
16571,0.97,1,0.05,14
16572,0.95,1,0.05,4
16573,0.95,1,0.05,18
16574,0.95,1,0.05,5
16575,0.97,1,0.05,8
16576,0.96,1,0.05,20
16577,0.96,1,0.05,13
16578,0.97,1,0.05,7
16579,0.98,1,0.05,5
16580,0.96,1,0.05,9
16581,0.95,1,0.05,10
16582,0.95,1,0.05,11
16583,0.92,1,0.05,21
16584,0.97,1,0.05,7
16585,0.97,1,0.05,16
16586,0.94,1,0.05,12
16587,0.96,1,0.05,6
16588,-0.53,0,0.05,11
16589,0.93,1,0.05,10
16590,-0.54,0,0.05,16
16591,0.96,1,0.05,16
16592,0.94,1,0.05,9
16593,-0.5,0,0.05,5
16594,0.98,1,0.05,5
16595,0.96,1,0.05,7
16596,0.95,1,0.05,9
16597,0.95,1,0.05,11
16598,0.95,1,0.05,9
16599,0.96,1,0.05,6
16600,0.98,1,0.05,8
16601,0.97,1,0.05,11
16602,0.98,1,0.05,4
16603,0.96,1,0.05,8
16604,0.97,1,0.05,19
16605,-0.54,0,0.05,4
16606,0.96,1,0.05,5
16607,-0.51,0,0.05,5
16608,0.98,1,0.05,4
16609,-0.58,0,0.05,9
16610,0.96,1,0.05,14
16611,0.95,1,0.05,4
16612,0.95,1,0.05,19
16613,0.94,1,0.05,10
16614,0.97,1,0.05,8
16615,0.93,1,0.05,13
16616,0.96,1,0.05,10
16617,0.94,1,0.05,12
16618,-0.53,0,0.05,7
16619,0.96,1,0.05,22
16620,-0.5,0,0.05,3
16621,0.95,1,0.05,6
16622,0.94,1,0.05,18
16623,0.97,1,0.05,13
16624,0.95,1,0.05,8
16625,0.93,1,0.05,17
16626,-0.49,0,0.05,4
16627,0.95,1,0.05,6
16628,0.93,1,0.05,10
16629,0.97,1,0.05,5
16630,0.96,1,0.05,5
16631,0.96,1,0.05,8
16632,0.96,1,0.05,14
16633,0.96,1,0.05,14
16634,0.96,1,0.05,10
16635,0.9,1,0.05,18
16636,0.97,1,0.05,9
16637,0.95,1,0.05,9
16638,-0.58,0,0.05,14
16639,0.91,1,0.05,17
16640,0.95,1,0.05,12
16641,0.94,1,0.05,14
16642,-0.47,0,0.05,11
16643,0.98,1,0.05,6
16644,0.95,1,0.05,6
16645,0.94,1,0.05,19
16646,0.96,1,0.05,7
16647,0.95,1,0.05,15
16648,0.95,1,0.05,4
16649,0.98,1,0.05,13
16650,0.93,1,0.05,22
16651,0.97,1,0.05,20
16652,0.56,0,0.05,21
16653,-0.57,0,0.05,15
16654,0.96,1,0.05,7
16655,-0.51,0,0.05,18
16656,0.95,1,0.05,4
16657,0.96,1,0.05,6
16658,0.97,1,0.05,9
16659,0.96,1,0.05,8
16660,0.95,1,0.05,9
16661,0.95,1,0.05,15
16662,0.96,1,0.05,24
16663,0.97,1,0.05,5
16664,0.95,1,0.05,6
16665,0.98,1,0.05,11
16666,0.91,1,0.05,12
16667,0.98,1,0.05,8
16668,-0.62,0,0.05,18
16669,-0.57,0,0.05,23
16670,0.98,1,0.05,9
16671,0.87,1,0.05,20
16672,0.96,1,0.05,13
16673,0.98,1,0.05,8
16674,0.97,1,0.05,5
16675,0.95,1,0.05,21
16676,0.99,1,0.05,10
16677,0.98,1,0.05,5
16678,0.97,1,0.05,5
16679,0.98,1,0.05,15
16680,0.94,1,0.05,12
16681,0.93,1,0.05,17
16682,0.96,1,0.05,5
16683,0.94,1,0.05,16
16684,0.96,1,0.05,13
16685,0.96,1,0.05,5
16686,0.96,1,0.05,6
16687,0.97,1,0.05,6
16688,0.98,1,0.05,8
16689,0.94,1,0.05,16
16690,0.91,1,0.05,10
16691,0.96,1,0.05,6
16692,0.94,1,0.05,22
16693,0.94,1,0.05,10
16694,0.97,1,0.05,11
16695,0.95,1,0.05,18
16696,0.94,1,0.05,19
16697,0.97,1,0.05,5
16698,0.97,1,0.05,19
16699,0.96,1,0.05,10
16700,0.96,1,0.05,8
16701,-0.56,0,0.05,13
16702,0.93,1,0.05,13
16703,0.78,0,0.05,23
16704,0.94,1,0.05,13
16705,0.97,1,0.05,14
16706,0.95,1,0.05,8
16707,0.96,1,0.05,14
16708,0.97,1,0.05,18
16709,0.95,1,0.05,11
16710,0.95,1,0.05,9
16711,0.97,1,0.05,22
16712,0.74,0,0.05,23
16713,0.95,1,0.05,10
16714,0.97,1,0.05,8
16715,0.98,1,0.05,13
16716,0.95,1,0.05,5
16717,0.96,1,0.05,11
16718,0.96,1,0.05,10
16719,-0.5,0,0.05,9
16720,0.95,1,0.05,6
16721,0.94,1,0.05,3
16722,0.97,1,0.05,12
16723,-0.55,0,0.05,17
16724,0.97,1,0.05,7
16725,0.96,1,0.05,11
16726,0.9,1,0.05,11
16727,-0.58,0,0.05,15
16728,0.94,1,0.05,9
16729,0.96,1,0.05,14
16730,0.97,1,0.05,5
16731,0.99,1,0.05,16
16732,0.95,1,0.05,10
16733,0.93,1,0.05,10
16734,0.85,1,0.05,21
16735,-0.5,0,0.05,3
16736,0.96,1,0.05,7
16737,0.96,1,0.05,5
16738,0.99,1,0.05,8
16739,0.96,1,0.05,6
16740,0.95,1,0.05,7
16741,0.93,1,0.05,13
16742,0.96,1,0.05,6
16743,0.95,1,0.05,17
16744,0.97,1,0.05,5
16745,-0.56,0,0.05,8
16746,0.97,1,0.05,19
16747,0.97,1,0.05,8
16748,0.97,1,0.05,11
16749,0.96,1,0.05,8
16750,0.97,1,0.05,8
16751,0.97,1,0.05,6
16752,0.91,1,0.05,18
16753,0.95,1,0.05,13
16754,0.95,1,0.05,6
16755,-0.5,0,0.05,3
16756,-0.55,0,0.05,18
16757,0.96,1,0.05,6
16758,0.95,1,0.05,8
16759,0.95,1,0.05,19
16760,0.95,1,0.05,11
16761,0.95,1,0.05,6
16762,0.96,1,0.05,6
16763,0.98,1,0.05,11
16764,0.96,1,0.05,6
16765,0.29,0,0.05,27
16766,0.94,1,0.05,13
16767,0.96,1,0.05,16
16768,0.95,1,0.05,11
16769,0.96,1,0.05,7
16770,0.96,1,0.05,11
16771,0.97,1,0.05,9
16772,0.94,1,0.05,14
16773,0.97,1,0.05,8
16774,0.95,1,0.05,8
16775,0.95,1,0.05,12
16776,0.96,1,0.05,5
16777,0.93,1,0.05,21
16778,0.96,1,0.05,5
16779,-0.59,0,0.05,21
16780,0.93,1,0.05,22
16781,0.95,1,0.05,10
16782,-0.57,0,0.05,14
16783,0.97,1,0.05,19
16784,0.96,1,0.05,9
16785,-0.51,0,0.05,6
16786,0.95,1,0.05,6
16787,-0.56,0,0.05,7
16788,0.98,1,0.05,5
16789,0.94,1,0.05,12
16790,-0.51,0,0.05,4
16791,0.98,1,0.05,9
16792,-0.5,0,0.05,3
16793,0.95,1,0.05,17
16794,0.89,1,0.05,21
16795,0.95,1,0.05,6
16796,0.94,1,0.05,11
16797,0.94,1,0.05,26
16798,0.96,1,0.05,14
16799,0.9,1,0.05,12
16800,0.95,1,0.05,6
16801,0.94,1,0.05,18
16802,-0.6,0,0.05,11
16803,0.97,1,0.05,22
16804,-0.56,0,0.05,18
16805,0.96,1,0.05,7
16806,-0.57,0,0.05,6
16807,0.95,1,0.05,7
16808,0.97,1,0.05,21
16809,0.97,1,0.05,3
16810,-0.55,0,0.05,5
16811,0.97,1,0.05,8
16812,-0.49,0,0.05,17
16813,0.98,1,0.05,5
16814,-0.57,0,0.05,13
16815,0.96,1,0.05,16
16816,0.96,1,0.05,5
16817,0.97,1,0.05,8
16818,0.97,1,0.05,16
16819,0.97,1,0.05,3
16820,0.96,1,0.05,8
16821,0.88,1,0.05,22
16822,0.97,1,0.05,5
16823,0.89,1,0.05,15
16824,0.97,1,0.05,5
16825,-0.54,0,0.05,14
16826,0.95,1,0.05,14
16827,0.91,1,0.05,8
16828,0.96,1,0.05,13
16829,0.94,1,0.05,7
16830,-0.89,0,0.05,25
16831,0.97,1,0.05,6
16832,0.96,1,0.05,26
16833,0.95,1,0.05,12
16834,-0.54,0,0.05,4
16835,0.95,1,0.05,4
16836,-0.51,0,0.05,4
16837,-0.55,0,0.05,5
16838,0.94,1,0.05,16
16839,0.97,1,0.05,6
16840,0.98,1,0.05,5
16841,-0.5,0,0.05,3
16842,-0.55,0,0.05,17
16843,0.97,1,0.05,8
16844,0.92,1,0.05,8
16845,0.97,1,0.05,4
16846,-0.53,0,0.05,25
16847,-0.58,0,0.05,11
16848,0.97,1,0.05,7
16849,0.94,1,0.05,9
16850,0.97,1,0.05,11
16851,0.96,1,0.05,8
16852,0.94,1,0.05,22
16853,0.95,1,0.05,9
16854,0.94,1,0.05,10
16855,0.95,1,0.05,10
16856,0.95,1,0.05,4
16857,0.98,1,0.05,11
16858,0.9,1,0.05,27
16859,0.98,1,0.05,7
16860,0.96,1,0.05,11
16861,0.95,1,0.05,11
16862,-0.6,0,0.05,13
16863,0.91,1,0.05,15
16864,0.92,1,0.05,11
16865,0.94,1,0.05,11
16866,-0.54,0,0.05,11
16867,0.93,1,0.05,14
16868,0.95,1,0.05,4
16869,0.95,1,0.05,6
16870,0.93,1,0.05,13
16871,0.95,1,0.05,6
16872,0.9,1,0.05,23
16873,-0.57,0,0.05,13
16874,0.95,1,0.05,15
16875,0.98,1,0.05,5
16876,-0.53,0,0.05,18
16877,-0.55,0,0.05,9
16878,0.95,1,0.05,10
16879,0.98,1,0.05,19
16880,0.96,1,0.05,6
16881,-0.62,0,0.05,21
16882,0.93,1,0.05,19
16883,0.93,1,0.05,10
16884,0.95,1,0.05,8
16885,0.96,1,0.05,24
16886,0.95,1,0.05,7
16887,0.97,1,0.05,13
16888,0.98,1,0.05,11
16889,0.94,1,0.05,15
16890,-0.56,0,0.05,17
16891,0.96,1,0.05,5
16892,-0.56,0,0.05,13
16893,0.98,1,0.05,4
16894,0.88,1,0.05,19
16895,-0.51,0,0.05,15
16896,0.92,1,0.05,11
16897,0.94,1,0.05,13
16898,0.96,1,0.05,13
16899,0.96,1,0.05,10
16900,0.98,1,0.05,17
16901,0.96,1,0.05,6
16902,0.98,1,0.05,20
16903,-0.55,0,0.05,5
16904,0.81,1,0.05,19
16905,0.94,1,0.05,17
16906,0.93,1,0.05,17
16907,-0.59,0,0.05,16
16908,0.98,1,0.05,9
16909,0.98,1,0.05,19
16910,0.87,1,0.05,18
16911,0.95,1,0.05,6
16912,0.98,1,0.05,4
16913,0.96,1,0.05,7
16914,-0.55,0,0.05,11
16915,0.97,1,0.05,14
16916,0.95,1,0.05,11
16917,0.96,1,0.05,8
16918,0.95,1,0.05,11
16919,0.91,1,0.05,23
16920,-0.58,0,0.05,12
16921,0.93,1,0.05,15
16922,0.94,1,0.05,19
16923,0.95,1,0.05,6
16924,-0.56,0,0.05,11
16925,0.95,1,0.05,6
16926,0.95,1,0.05,10
16927,-0.54,0,0.05,16
16928,0.96,1,0.05,5
16929,0.97,1,0.05,5
16930,0.98,1,0.05,9
16931,0.92,1,0.05,26
16932,0.97,1,0.05,5
16933,0.94,1,0.05,17
16934,0.97,1,0.05,10
16935,0.95,1,0.05,6
16936,0.98,1,0.05,6
16937,0.97,1,0.05,5
16938,0.96,1,0.05,5
16939,0.93,1,0.05,23
16940,0.95,1,0.05,8
16941,0.95,1,0.05,6
16942,0.96,1,0.05,4
16943,0.94,1,0.05,9
16944,0.95,1,0.05,6
16945,0.93,1,0.05,11
16946,0.97,1,0.05,12
16947,-0.55,0,0.05,13
16948,-0.56,0,0.05,15
16949,0.96,1,0.05,8
16950,0.96,1,0.05,7
16951,0.95,1,0.05,5
16952,-0.5,0,0.05,3
16953,-0.55,0,0.05,5
16954,-0.51,0,0.05,19
16955,0.97,1,0.05,11
16956,-0.55,0,0.05,17
16957,0.95,1,0.05,11
16958,0.95,1,0.05,13
16959,0.97,1,0.05,6
16960,0.9,1,0.05,8
16961,0.95,1,0.05,6
16962,0.97,1,0.05,5
16963,0.96,1,0.05,9
16964,0.96,1,0.05,11
16965,0.97,1,0.05,3
16966,-0.63,0,0.05,25
16967,0.94,1,0.05,3
16968,0.94,1,0.05,25
16969,0.96,1,0.05,11
16970,0.97,1,0.05,5
16971,-0.51,0,0.05,6
16972,0.97,1,0.05,6
16973,0.96,1,0.05,16
16974,0.98,1,0.05,12
16975,0.98,1,0.05,10
16976,0.97,1,0.05,5
16977,0.98,1,0.05,6
16978,0.94,1,0.05,22
16979,0.96,1,0.05,13
16980,0.91,1,0.05,25
16981,0.98,1,0.05,4
16982,-0.55,0,0.05,23
16983,0.97,1,0.05,5
16984,0.95,1,0.05,18
16985,0.96,1,0.05,17
16986,0.96,1,0.05,6
16987,0.97,1,0.05,5
16988,0.95,1,0.05,8
16989,0.95,1,0.05,13
16990,0.91,1,0.05,9
16991,0.94,1,0.05,22
16992,-0.56,0,0.05,11
16993,0.95,1,0.05,7
16994,0.94,1,0.05,11
16995,0.97,1,0.05,7
16996,0.94,1,0.05,14
16997,0.95,1,0.05,7
16998,0.95,1,0.05,6
16999,0.97,1,0.05,14
17000,0.98,1,0.05,6
17001,0.9,1,0.05,19
17002,0.94,1,0.05,26
17003,0.88,1,0.05,17
17004,0.97,1,0.05,6
17005,0.95,1,0.05,6
17006,0.97,1,0.05,9
17007,0.92,1,0.05,15
17008,0.96,1,0.05,6
17009,0.92,1,0.05,18
17010,0.95,1,0.05,14
17011,0.89,1,0.05,13
17012,0.96,1,0.05,11
17013,0.95,1,0.05,6
17014,0.96,1,0.05,18
17015,0.97,1,0.05,5
17016,0.95,1,0.05,5
17017,0.97,1,0.05,11
17018,0.96,1,0.05,17
17019,-0.59,0,0.05,18
17020,0.95,1,0.05,4
17021,0.96,1,0.05,10
17022,0.96,1,0.05,7
17023,0.95,1,0.05,6
17024,0.93,1,0.05,17
17025,0.97,1,0.05,7
17026,0.96,1,0.05,10
17027,0.95,1,0.05,9
17028,0.99,1,0.05,10
17029,-0.56,0,0.05,13
17030,0.96,1,0.05,18
17031,0.95,1,0.05,27
17032,0.95,1,0.05,12
17033,0.96,1,0.05,11
17034,0.95,1,0.05,6
17035,0.96,1,0.05,7
17036,0.94,1,0.05,3
17037,0.97,1,0.05,9
17038,0.96,1,0.05,3
17039,0.95,1,0.05,6
17040,0.95,1,0.05,8
17041,0.98,1,0.05,9
17042,0.96,1,0.05,8
17043,0.94,1,0.05,15
17044,0.97,1,0.05,13
17045,0.97,1,0.05,8
17046,0.95,1,0.05,9
17047,0.95,1,0.05,12
17048,-0.61,0,0.05,17
17049,0.96,1,0.05,7
17050,0.93,1,0.05,13
17051,0.95,1,0.05,4
17052,0.95,1,0.05,8
17053,0.97,1,0.05,5
17054,0.96,1,0.05,14
17055,-0.54,0,0.05,4
17056,0.98,1,0.05,5
17057,0.95,1,0.05,24
17058,0.96,1,0.05,4
17059,0.95,1,0.05,28
17060,0.96,1,0.05,9
17061,0.95,1,0.05,8
17062,0.95,1,0.05,4
17063,0.96,1,0.05,13
17064,0.95,1,0.05,4
17065,0.89,1,0.05,16
17066,0.95,1,0.05,7
17067,0.93,1,0.05,17
17068,-0.61,0,0.05,16
17069,0.96,1,0.05,10
17070,0.96,1,0.05,17
17071,1.0,1,0.05,18
17072,0.96,1,0.05,7
17073,0.96,1,0.05,9
17074,0.95,1,0.05,10
17075,0.97,1,0.05,6
17076,0.95,1,0.05,6
17077,0.95,1,0.05,14
17078,0.96,1,0.05,9
17079,0.95,1,0.05,6
17080,0.96,1,0.05,5
17081,0.95,1,0.05,6
17082,0.97,1,0.05,5
17083,0.95,1,0.05,12
17084,0.96,1,0.05,5
17085,0.95,1,0.05,12
17086,0.94,1,0.05,14
17087,0.94,1,0.05,14
17088,0.94,1,0.05,12
17089,0.96,1,0.05,6
17090,0.96,1,0.05,14
17091,0.98,1,0.05,4
17092,0.95,1,0.05,14
17093,0.97,1,0.05,11
17094,-0.55,0,0.05,4
17095,0.94,1,0.05,8
17096,0.96,1,0.05,15
17097,-0.57,0,0.05,5
17098,0.92,1,0.05,13
17099,0.88,1,0.05,15
17100,0.96,1,0.05,6
17101,0.98,1,0.05,8
17102,0.97,1,0.05,21
17103,0.92,1,0.05,13
17104,0.96,1,0.05,8
17105,0.94,1,0.05,13
17106,0.98,1,0.05,12
17107,0.95,1,0.05,20
17108,0.96,1,0.05,9
17109,0.86,1,0.05,18
17110,0.89,1,0.05,15
17111,0.97,1,0.05,5
17112,0.97,1,0.05,3
17113,0.91,1,0.05,5
17114,0.95,1,0.05,16
17115,0.97,1,0.05,5
17116,0.95,1,0.05,4
17117,0.98,1,0.05,16
17118,0.92,1,0.05,14
17119,-0.55,0,0.05,14
17120,0.94,1,0.05,15
17121,0.96,1,0.05,6
17122,0.96,1,0.05,9
17123,0.97,1,0.05,13
17124,0.92,1,0.05,21
17125,0.96,1,0.05,15
17126,0.96,1,0.05,9
17127,0.89,1,0.05,27
17128,0.95,1,0.05,23
17129,0.97,1,0.05,5
17130,0.96,1,0.05,4
17131,0.93,1,0.05,9
17132,0.96,1,0.05,10
17133,0.93,1,0.05,13
17134,0.96,1,0.05,7
17135,0.94,1,0.05,16
17136,0.93,1,0.05,16
17137,0.96,1,0.05,4
17138,0.86,1,0.05,14
17139,0.98,1,0.05,5
17140,-0.5,0,0.05,5
17141,0.88,1,0.05,23
17142,0.93,1,0.05,13
17143,0.95,1,0.05,14
17144,0.94,1,0.05,11
17145,0.93,1,0.05,9
17146,0.9,1,0.05,9
17147,0.93,1,0.05,15
17148,0.92,1,0.05,3
17149,0.87,1,0.05,17
17150,0.86,1,0.05,20
17151,0.96,1,0.05,6
17152,0.97,1,0.05,7
17153,0.96,1,0.05,6
17154,0.92,1,0.05,11
17155,0.96,1,0.05,10
17156,0.96,1,0.05,7
17157,0.95,1,0.05,11
17158,0.95,1,0.05,7
17159,0.91,1,0.05,5
17160,0.96,1,0.05,8
17161,0.96,1,0.05,16
17162,0.94,1,0.05,16
17163,0.96,1,0.05,3
17164,0.96,1,0.05,5
17165,-0.54,0,0.05,3
17166,0.98,1,0.05,18
17167,-0.54,0,0.05,13
17168,0.94,1,0.05,10
17169,0.94,1,0.05,17
17170,0.89,1,0.05,13
17171,0.91,1,0.05,6
17172,0.82,1,0.05,22
17173,0.94,1,0.05,6
17174,0.95,1,0.05,8
17175,0.94,1,0.05,17
17176,0.96,1,0.05,5
17177,0.95,1,0.05,4
17178,0.95,1,0.05,10
17179,0.93,1,0.05,10
17180,-0.54,0,0.05,13
17181,0.98,1,0.05,5
17182,0.91,1,0.05,19
17183,0.95,1,0.05,22
17184,0.96,1,0.05,8
17185,0.95,1,0.05,6
17186,0.95,1,0.05,11
17187,0.97,1,0.05,5
17188,0.95,1,0.05,12
17189,-0.57,0,0.05,5
17190,0.92,1,0.05,13
17191,-0.54,0,0.05,8
17192,0.95,1,0.05,4
17193,0.97,1,0.05,5
17194,0.95,1,0.05,6
17195,-0.5,0,0.05,3
17196,0.93,1,0.05,24
17197,0.97,1,0.05,9
17198,-0.53,0,0.05,4
17199,0.92,1,0.05,17
17200,0.97,1,0.05,15
17201,0.95,1,0.05,17
17202,0.93,1,0.05,13
17203,0.95,1,0.05,10
17204,0.97,1,0.05,5
17205,0.79,0,0.05,27
17206,0.95,1,0.05,8
17207,-0.55,0,0.05,11
17208,0.97,1,0.05,22
17209,0.94,1,0.05,9
17210,0.96,1,0.05,5
17211,0.96,1,0.05,6
17212,0.98,1,0.05,18
17213,0.96,1,0.05,11
17214,0.95,1,0.05,9
17215,0.93,1,0.05,16
17216,-0.61,0,0.05,19
17217,0.97,1,0.05,5
17218,0.95,1,0.05,9
17219,0.97,1,0.05,9
17220,0.94,1,0.05,13
17221,0.97,1,0.05,8
17222,0.89,1,0.05,7
17223,0.93,1,0.05,13
17224,0.97,1,0.05,11
17225,0.95,1,0.05,7
17226,0.99,1,0.05,11
17227,0.96,1,0.05,6
17228,0.96,1,0.05,14
17229,0.95,1,0.05,17
17230,0.96,1,0.05,4
17231,0.94,1,0.05,12
17232,-0.56,0,0.05,6
17233,0.98,1,0.05,15
17234,0.98,1,0.05,6
17235,0.98,1,0.05,5
17236,0.94,1,0.05,3
17237,-0.56,0,0.05,15
17238,0.91,1,0.05,3
17239,0.83,1,0.05,14
17240,0.92,1,0.05,14
17241,0.95,1,0.05,9
17242,0.94,1,0.05,11
17243,0.93,1,0.05,13
17244,0.96,1,0.05,9
17245,0.96,1,0.05,9
17246,0.95,1,0.05,10
17247,0.96,1,0.05,6
17248,0.97,1,0.05,6
17249,0.96,1,0.05,11
17250,0.97,1,0.05,9
17251,0.98,1,0.05,18
17252,0.98,1,0.05,24
17253,0.96,1,0.05,14
17254,0.93,1,0.05,30
17255,0.93,1,0.05,16
17256,0.96,1,0.05,8
17257,0.96,1,0.05,9
17258,0.96,1,0.05,6
17259,-0.6,0,0.05,13
17260,0.94,1,0.05,19
17261,0.72,0,0.05,17
17262,0.93,1,0.05,16
17263,0.95,1,0.05,11
17264,0.95,1,0.05,4
17265,0.94,1,0.05,13
17266,0.96,1,0.05,18
17267,0.96,1,0.05,5
17268,-0.5,0,0.05,16
17269,0.94,1,0.05,23
17270,0.93,1,0.05,19
17271,0.98,1,0.05,16
17272,-0.57,0,0.05,10
17273,0.96,1,0.05,8
17274,0.94,1,0.05,10
17275,0.95,1,0.05,8
17276,0.96,1,0.05,8
17277,0.94,1,0.05,17
17278,0.96,1,0.05,13
17279,0.97,1,0.05,11
17280,0.95,1,0.05,6
17281,0.95,1,0.05,16
17282,0.97,1,0.05,4
17283,0.95,1,0.05,12
17284,0.93,1,0.05,18
17285,0.94,1,0.05,10
17286,0.98,1,0.05,6
17287,0.93,1,0.05,20
17288,0.96,1,0.05,9
17289,0.98,1,0.05,6
17290,0.96,1,0.05,14
17291,0.95,1,0.05,4
17292,0.97,1,0.05,6
17293,-0.52,0,0.05,5
17294,0.91,1,0.05,7
17295,0.96,1,0.05,18
17296,0.95,1,0.05,6
17297,0.91,1,0.05,16
17298,-0.56,0,0.05,16
17299,0.97,1,0.05,7
17300,0.94,1,0.05,9
17301,0.95,1,0.05,12
17302,0.96,1,0.05,8
17303,0.95,1,0.05,9
17304,0.95,1,0.05,6
17305,0.93,1,0.05,20
17306,0.92,1,0.05,24
17307,0.96,1,0.05,5
17308,0.97,1,0.05,21
17309,0.97,1,0.05,6
17310,0.96,1,0.05,12
17311,0.95,1,0.05,6
17312,0.95,1,0.05,13
17313,0.83,1,0.05,33
17314,-0.53,0,0.05,13
17315,0.97,1,0.05,5
17316,-0.57,0,0.05,11
17317,-0.49,0,0.05,4
17318,0.96,1,0.05,5
17319,0.95,1,0.05,6
17320,0.95,1,0.05,19
17321,0.96,1,0.05,6
17322,0.96,1,0.05,6
17323,0.96,1,0.05,7
17324,0.94,1,0.05,14
17325,0.96,1,0.05,5
17326,0.97,1,0.05,5
17327,0.93,1,0.05,17
17328,0.96,1,0.05,6
17329,0.95,1,0.05,6
17330,0.93,1,0.05,17
17331,0.95,1,0.05,6
17332,0.97,1,0.05,5
17333,-0.61,0,0.05,21
17334,0.96,1,0.05,13
17335,0.98,1,0.05,5
17336,0.95,1,0.05,6
17337,0.93,1,0.05,14
17338,0.96,1,0.05,5
17339,0.94,1,0.05,9
17340,0.98,1,0.05,13
17341,0.92,1,0.05,25
17342,0.94,1,0.05,15
17343,0.96,1,0.05,5
17344,0.81,1,0.05,27
17345,0.97,1,0.05,13
17346,0.95,1,0.05,8
17347,0.97,1,0.05,6
17348,0.98,1,0.05,29
17349,0.96,1,0.05,5
17350,0.88,1,0.05,14
17351,0.98,1,0.05,6
17352,0.95,1,0.05,23
17353,0.97,1,0.05,8
17354,0.9,1,0.05,17
17355,-0.57,0,0.05,12
17356,0.92,1,0.05,16
17357,0.92,1,0.05,24
17358,0.88,1,0.05,18
17359,-0.63,0,0.05,34
17360,0.91,1,0.05,20
17361,0.96,1,0.05,5
17362,-0.58,0,0.05,20
17363,0.96,1,0.05,11
17364,0.98,1,0.05,4
17365,0.94,1,0.05,3
17366,-0.55,0,0.05,5
17367,0.96,1,0.05,6
17368,0.97,1,0.05,15
17369,0.96,1,0.05,10
17370,0.97,1,0.05,22
17371,0.92,1,0.05,16
17372,0.97,1,0.05,9
17373,0.96,1,0.05,6
17374,0.99,1,0.05,10
17375,0.92,1,0.05,11
17376,-0.53,0,0.05,7
17377,0.93,1,0.05,11
17378,0.97,1,0.05,17
17379,0.97,1,0.05,5
17380,0.94,1,0.05,9
17381,0.99,1,0.05,7
17382,0.96,1,0.05,5
17383,0.95,1,0.05,4
17384,0.96,1,0.05,9
17385,0.96,1,0.05,9
17386,0.95,1,0.05,6
17387,0.97,1,0.05,8
17388,0.97,1,0.05,6
17389,0.97,1,0.05,9
17390,0.92,1,0.05,18
17391,-0.59,0,0.05,13
17392,0.93,1,0.05,22
17393,-0.5,0,0.05,18
17394,-0.61,0,0.05,25
17395,0.94,1,0.05,14
17396,0.95,1,0.05,6
17397,0.97,1,0.05,3
17398,0.95,1,0.05,6
17399,-0.5,0,0.05,3
17400,0.92,1,0.05,14
17401,0.95,1,0.05,6
17402,0.96,1,0.05,4
17403,0.97,1,0.05,5
17404,0.94,1,0.05,14
17405,0.94,1,0.05,17
17406,0.91,1,0.05,33
17407,0.96,1,0.05,6
17408,0.94,1,0.05,9
17409,0.96,1,0.05,10
17410,-0.55,0,0.05,16
17411,0.97,1,0.05,11
17412,0.93,1,0.05,19
17413,0.97,1,0.05,8
17414,0.97,1,0.05,3
17415,0.92,1,0.05,3
17416,0.96,1,0.05,7
17417,0.94,1,0.05,20
17418,0.93,1,0.05,8
17419,0.98,1,0.05,19
17420,-0.55,0,0.05,15
17421,0.97,1,0.05,5
17422,0.97,1,0.05,4
17423,0.92,1,0.05,18
17424,0.95,1,0.05,11
17425,0.94,1,0.05,17
17426,0.88,1,0.05,28
17427,-0.59,0,0.05,18
17428,0.86,1,0.05,16
17429,-0.56,0,0.05,14
17430,0.98,1,0.05,13
17431,0.96,1,0.05,10
17432,0.97,1,0.05,7
17433,0.95,1,0.05,7
17434,0.97,1,0.05,14
17435,0.93,1,0.05,16
17436,-0.5,0,0.05,3
17437,0.98,1,0.05,20
17438,-0.56,0,0.05,13
17439,0.97,1,0.05,5
17440,-0.53,0,0.05,11
17441,0.96,1,0.05,10
17442,0.94,1,0.05,20
17443,-0.55,0,0.05,14
17444,0.96,1,0.05,12
17445,0.95,1,0.05,18
17446,-0.55,0,0.05,16
17447,0.92,1,0.05,15
17448,0.96,1,0.05,8
17449,0.96,1,0.05,16
17450,0.98,1,0.05,7
17451,0.94,1,0.05,11
17452,0.97,1,0.05,8
17453,0.96,1,0.05,5
17454,0.97,1,0.05,4
17455,0.96,1,0.05,6
17456,-0.61,0,0.05,20
17457,0.95,1,0.05,8
17458,0.97,1,0.05,6
17459,0.97,1,0.05,5
17460,-0.55,0,0.05,13
17461,0.93,1,0.05,23
17462,0.89,1,0.05,14
17463,0.63,0,0.05,23
17464,-0.52,0,0.05,15
17465,0.96,1,0.05,6
17466,0.94,1,0.05,15
17467,0.91,1,0.05,19
17468,0.94,1,0.05,17
17469,0.95,1,0.05,12
17470,0.93,1,0.05,13
17471,0.97,1,0.05,5
17472,-0.55,0,0.05,5
17473,0.94,1,0.05,8
17474,0.91,1,0.05,12
17475,0.95,1,0.05,13
17476,0.92,1,0.05,23
17477,0.94,1,0.05,10
17478,0.97,1,0.05,17
17479,0.95,1,0.05,6
17480,0.97,1,0.05,5
17481,0.9,1,0.05,16
17482,-0.57,0,0.05,9
17483,-0.53,0,0.05,15
17484,0.96,1,0.05,8
17485,0.95,1,0.05,13
17486,0.96,1,0.05,5
17487,0.96,1,0.05,5
17488,-0.99,0,0.05,28
17489,0.9,1,0.05,15
17490,0.89,1,0.05,21
17491,0.98,1,0.05,4
17492,0.93,1,0.05,17
17493,0.93,1,0.05,13
17494,0.97,1,0.05,4
17495,0.91,1,0.05,18
17496,0.97,1,0.05,6
17497,0.97,1,0.05,5
17498,0.94,1,0.05,30
17499,0.95,1,0.05,4
17500,0.96,1,0.05,9
17501,0.97,1,0.05,5
17502,0.97,1,0.05,6
17503,-0.52,0,0.05,11
17504,0.95,1,0.05,9
17505,0.96,1,0.05,9
17506,0.97,1,0.05,3
17507,0.91,1,0.05,21
17508,0.87,1,0.05,18
17509,0.96,1,0.05,18
17510,0.94,1,0.05,16
17511,0.96,1,0.05,9
17512,0.9,1,0.05,12
17513,0.95,1,0.05,6
17514,0.9,1,0.05,12
17515,0.97,1,0.05,5
17516,0.96,1,0.05,7
17517,0.89,1,0.05,12
17518,0.94,1,0.05,18
17519,-0.58,0,0.05,12
17520,0.97,1,0.05,10
17521,0.93,1,0.05,12
17522,0.89,1,0.05,16
17523,-0.52,0,0.05,23
17524,0.93,1,0.05,15
17525,0.95,1,0.05,4
17526,0.98,1,0.05,23
17527,0.97,1,0.05,12
17528,0.97,1,0.05,5
17529,0.78,0,0.05,28
17530,0.95,1,0.05,5
17531,0.95,1,0.05,10
17532,0.95,1,0.05,6
17533,0.97,1,0.05,11
17534,0.88,1,0.05,18
17535,0.98,1,0.05,13
17536,0.95,1,0.05,8
17537,-0.5,0,0.05,3
17538,0.95,1,0.05,12
17539,0.95,1,0.05,9
17540,0.96,1,0.05,13
17541,0.93,1,0.05,17
17542,0.95,1,0.05,4
17543,0.93,1,0.05,14
17544,0.97,1,0.05,8
17545,0.96,1,0.05,8
17546,0.94,1,0.05,8
17547,0.97,1,0.05,5
17548,0.95,1,0.05,6
17549,0.96,1,0.05,6
17550,0.95,1,0.05,6
17551,-0.56,0,0.05,13
17552,0.98,1,0.05,19
17553,0.96,1,0.05,14
17554,-0.56,0,0.05,21
17555,0.95,1,0.05,17
17556,0.97,1,0.05,6
17557,0.97,1,0.05,11
17558,-0.52,0,0.05,15
17559,0.98,1,0.05,20
17560,0.95,1,0.05,4
17561,0.95,1,0.05,10
17562,0.91,1,0.05,3
17563,0.99,1,0.05,15
17564,0.95,1,0.05,4
17565,-0.54,0,0.05,13
17566,0.98,1,0.05,5
17567,0.93,1,0.05,15
17568,0.88,1,0.05,13
17569,0.93,1,0.05,11
17570,0.96,1,0.05,14
17571,0.96,1,0.05,5
17572,0.98,1,0.05,22
17573,0.94,1,0.05,10
17574,0.97,1,0.05,7
17575,0.95,1,0.05,10
17576,0.96,1,0.05,6
17577,0.85,1,0.05,23
17578,0.99,1,0.05,7
17579,-0.63,0,0.05,12
17580,0.91,1,0.05,6
17581,0.87,1,0.05,19
17582,0.94,1,0.05,15
17583,0.96,1,0.05,11
17584,0.96,1,0.05,11
17585,-0.54,0,0.05,3
17586,-0.54,0,0.05,4
17587,-0.52,0,0.05,18
17588,0.92,1,0.05,14
17589,0.9,1,0.05,13
17590,0.85,1,0.05,18
17591,-0.61,0,0.05,24
17592,0.95,1,0.05,16
17593,0.97,1,0.05,10
17594,0.94,1,0.05,6
17595,0.89,1,0.05,15
17596,-0.54,0,0.05,9
17597,0.84,1,0.05,22
17598,0.93,1,0.05,11
17599,0.97,1,0.05,5
17600,0.97,1,0.05,19
17601,0.97,1,0.05,5
17602,0.96,1,0.05,4
17603,-0.5,0,0.05,11
17604,0.98,1,0.05,4
17605,0.94,1,0.05,19
17606,0.96,1,0.05,8
17607,-0.49,0,0.05,17
17608,0.95,1,0.05,17
17609,0.97,1,0.05,5
17610,-0.58,0,0.05,16
17611,0.98,1,0.05,6
17612,0.94,1,0.05,13
17613,0.97,1,0.05,3
17614,0.79,0,0.05,16
17615,0.94,1,0.05,12
17616,0.96,1,0.05,5
17617,-0.5,0,0.05,3
17618,0.95,1,0.05,10
17619,-0.58,0,0.05,22
17620,0.95,1,0.05,11
17621,0.97,1,0.05,11
17622,0.93,1,0.05,22
17623,0.94,1,0.05,21
17624,0.96,1,0.05,19
17625,0.96,1,0.05,6
17626,0.96,1,0.05,21
17627,0.96,1,0.05,6
17628,0.94,1,0.05,16
17629,0.92,1,0.05,3
17630,0.94,1,0.05,9
17631,0.98,1,0.05,14
17632,0.97,1,0.05,5
17633,0.97,1,0.05,5
17634,0.96,1,0.05,6
17635,0.96,1,0.05,15
17636,0.93,1,0.05,18
17637,0.97,1,0.05,5
17638,0.95,1,0.05,10
17639,0.95,1,0.05,6
17640,0.97,1,0.05,5
17641,-0.59,0,0.05,8
17642,0.93,1,0.05,11
17643,0.97,1,0.05,5
17644,0.93,1,0.05,7
17645,0.95,1,0.05,11
17646,0.95,1,0.05,14
17647,0.95,1,0.05,20
17648,0.93,1,0.05,11
17649,0.93,1,0.05,8
17650,0.94,1,0.05,19
17651,0.96,1,0.05,7
17652,0.92,1,0.05,17
17653,0.9,1,0.05,10
17654,0.98,1,0.05,5
17655,-0.54,0,0.05,15
17656,-0.62,0,0.05,21
17657,-0.54,0,0.05,18
17658,0.97,1,0.05,11
17659,0.95,1,0.05,9
17660,0.9,1,0.05,26
17661,0.96,1,0.05,2
17662,0.96,1,0.05,7
17663,0.93,1,0.05,11
17664,0.9,1,0.05,6
17665,0.98,1,0.05,7
17666,0.92,1,0.05,16
17667,0.8,0,0.05,17
17668,0.95,1,0.05,7
17669,0.88,1,0.05,13
17670,-0.6,0,0.05,11
17671,0.97,1,0.05,7
17672,0.88,1,0.05,17
17673,0.93,1,0.05,11
17674,0.89,1,0.05,13
17675,0.9,1,0.05,11
17676,0.95,1,0.05,18
17677,-0.57,0,0.05,19
17678,0.97,1,0.05,4
17679,0.95,1,0.05,8
17680,0.95,1,0.05,10
17681,-0.56,0,0.05,18
17682,0.95,1,0.05,6
17683,0.92,1,0.05,14
17684,0.96,1,0.05,9
17685,0.96,1,0.05,14
17686,0.95,1,0.05,6
17687,0.97,1,0.05,8
17688,0.94,1,0.05,10
17689,-0.47,0,0.05,20
17690,0.92,1,0.05,19
17691,0.96,1,0.05,12
17692,0.98,1,0.05,5
17693,0.95,1,0.05,7
17694,0.97,1,0.05,4
17695,0.98,1,0.05,6
17696,0.97,1,0.05,9
17697,-0.54,0,0.05,8
17698,0.97,1,0.05,8
17699,-0.56,0,0.05,15
17700,0.96,1,0.05,15
17701,0.91,1,0.05,15
17702,0.96,1,0.05,6
17703,0.96,1,0.05,5
17704,0.92,1,0.05,24
17705,0.93,1,0.05,14
17706,0.97,1,0.05,5
17707,0.97,1,0.05,12
17708,0.94,1,0.05,14
17709,0.97,1,0.05,6
17710,0.95,1,0.05,12
17711,0.95,1,0.05,4
17712,0.97,1,0.05,8
17713,0.95,1,0.05,6
17714,0.97,1,0.05,11
17715,0.95,1,0.05,5
17716,0.94,1,0.05,14
17717,0.95,1,0.05,16
17718,0.98,1,0.05,6
17719,0.95,1,0.05,6
17720,0.97,1,0.05,8
17721,0.98,1,0.05,15
17722,0.96,1,0.05,8
17723,0.95,1,0.05,17
17724,0.96,1,0.05,9
17725,0.94,1,0.05,22
17726,0.95,1,0.05,6
17727,-0.5,0,0.05,3
17728,0.92,1,0.05,17
17729,0.84,1,0.05,26
17730,0.95,1,0.05,9
17731,0.95,1,0.05,8
17732,0.97,1,0.05,8
17733,0.93,1,0.05,11
17734,0.96,1,0.05,5
17735,-0.54,0,0.05,8
17736,0.94,1,0.05,14
17737,0.97,1,0.05,8
17738,0.96,1,0.05,6
17739,0.94,1,0.05,12
17740,0.9,1,0.05,26
17741,0.95,1,0.05,5
17742,0.95,1,0.05,9
17743,0.86,1,0.05,18
17744,0.95,1,0.05,8
17745,0.98,1,0.05,7
17746,0.97,1,0.05,16
17747,0.97,1,0.05,5
17748,0.96,1,0.05,6
17749,0.96,1,0.05,5
17750,0.97,1,0.05,14
17751,0.96,1,0.05,18
17752,0.97,1,0.05,6
17753,-0.53,0,0.05,5
17754,0.91,1,0.05,11
17755,0.94,1,0.05,16
