episode,total_reward,win,epsilon,steps
3090,-0.92,0,0.344,45
3091,0.47,0,0.343,51
3092,0.48,0,0.343,40
3093,0.85,1,0.343,33
3094,0.85,1,0.343,37
3095,-0.49,0,0.342,19
3096,-0.61,0,0.342,27
3097,-0.72,0,0.342,27
3098,0.81,1,0.342,38
3099,-0.94,0,0.341,48
3100,-1.06,0,0.341,42
3101,-0.72,0,0.341,27
3102,-0.62,0,0.341,23
3103,-0.59,0,0.34,6
3104,0.8,0,0.34,29
3105,-0.57,0,0.34,14
3106,0.82,1,0.34,20
3107,-0.77,0,0.34,44
3108,0.67,0,0.339,45
3109,-0.49,0,0.339,3
3110,0.96,1,0.339,11
3111,-0.56,0,0.339,27
3112,-0.63,0,0.339,19
3113,0.84,1,0.339,31
3114,0.97,1,0.338,21
3115,0.79,0,0.338,36
3116,-0.61,0,0.338,20
3117,0.85,1,0.338,20
3118,-0.63,0,0.338,25
3119,-0.51,0,0.338,4
3120,-0.5,0,0.337,14
3121,-0.67,0,0.337,23
3122,0.57,0,0.337,41
3123,-0.82,0,0.337,17
3124,-0.69,0,0.337,16
3125,0.52,0,0.336,65
3126,-0.51,0,0.336,4
3127,0.79,0,0.336,35
3128,0.92,1,0.336,38
3129,-0.56,0,0.336,5
3130,-0.87,0,0.335,47
3131,-0.68,0,0.335,23
3132,-0.62,0,0.335,13
3133,-0.83,0,0.334,66
3134,0.84,1,0.334,23
3135,-0.53,0,0.334,9
3136,-0.76,0,0.334,41
3137,-0.89,0,0.333,49
3138,-0.52,0,0.333,11
3139,-0.62,0,0.333,30
3140,-0.56,0,0.333,28
3141,-0.79,0,0.332,56
3142,-0.85,0,0.332,42
3143,-0.53,0,0.332,19
3144,-0.58,0,0.332,17
3145,0.84,1,0.332,15
3146,-0.58,0,0.331,19
3147,-0.62,0,0.331,26
3148,-0.56,0,0.331,13
3149,-0.53,0,0.331,22
3150,-0.63,0,0.331,19
3151,-0.85,0,0.331,37
3152,-0.57,0,0.33,15
3153,-0.55,0,0.33,12
3154,0.96,1,0.33,10
3155,-0.83,0,0.33,51
3156,0.89,1,0.33,18
3157,0.86,1,0.329,31
3158,0.91,1,0.329,8
1,-0.66,0,1.0,22
2,-1.14,0,0.999,50
3,-0.91,0,0.999,35
4,-1.01,0,0.999,30
5,-0.52,0,0.999,5
6,-0.74,0,0.999,18
3159,0.7,0,0.329,29
7,-0.87,0,0.998,40
8,-1.02,0,0.998,29
9,-0.65,0,0.998,19
10,-0.99,0,0.998,39
11,-0.54,0,0.998,5
12,-0.6,0,0.998,4
13,-0.51,0,0.998,6
14,-0.66,0,0.997,19
15,-0.72,0,0.997,11
16,-0.89,0,0.997,34
17,-1.35,0,0.997,47
18,0.46,0,0.996,38
19,-0.89,0,0.996,9
20,0.94,1,0.996,14
21,-0.67,0,0.996,17
22,-0.79,0,0.996,28
23,-0.73,0,0.996,33
3160,0.5,0,0.329,60
24,-0.64,0,0.995,17
25,0.83,1,0.995,28
26,-0.64,0,0.995,19
27,-0.74,0,0.995,22
28,0.78,0,0.995,19
29,-0.82,0,0.995,29
30,-0.93,0,0.994,32
31,-0.8,0,0.994,22
3161,-0.81,0,0.328,38
32,-1.38,0,0.994,53
33,-0.64,0,0.994,5
34,-0.73,0,0.994,20
35,-0.6,0,0.993,13
36,-0.73,0,0.993,14
37,-0.64,0,0.993,13
38,-0.79,0,0.993,43
39,0.77,0,0.993,22
3162,-0.55,0,0.328,36
40,-0.75,0,0.993,19
41,-0.6,0,0.992,16
42,-0.81,0,0.992,25
43,-1.13,0,0.992,40
44,-0.66,0,0.992,10
45,-0.59,0,0.992,13
46,-0.76,0,0.992,15
3163,-0.72,0,0.328,28
47,-1.21,0,0.991,36
48,0.37,0,0.991,39
49,-0.72,0,0.991,20
50,-1.3,0,0.99,45
51,-0.63,0,0.99,11
52,-0.76,0,0.99,15
53,-0.81,0,0.99,22
3164,0.69,0,0.328,32
54,-0.66,0,0.99,15
55,-0.8,0,0.99,15
56,-0.89,0,0.99,32
57,-0.9,0,0.989,34
58,-0.9,0,0.989,39
59,-1.01,0,0.989,32
3165,-0.83,0,0.327,41
60,-0.95,0,0.989,26
61,0.21,0,0.988,51
62,-0.51,0,0.988,6
63,-0.63,0,0.988,8
64,-0.8,0,0.988,11
65,-1.05,0,0.988,43
66,-0.98,0,0.987,33
67,-0.89,0,0.987,15
68,-0.86,0,0.987,26
69,-0.66,0,0.987,24
70,0.58,0,0.987,44
71,-0.9,0,0.986,37
72,-0.53,0,0.986,7
73,-0.77,0,0.986,19
74,-0.82,0,0.986,31
75,-1.01,0,0.985,43
76,-0.73,0,0.985,24
77,-0.69,0,0.985,16
78,-0.95,0,0.985,33
79,-0.99,0,0.985,23
80,0.39,0,0.984,55
81,-0.64,0,0.984,15
82,-0.91,0,0.984,22
83,-0.69,0,0.984,11
84,-0.93,0,0.984,23
85,-0.9,0,0.983,27
86,-0.79,0,0.983,15
87,-1.18,0,0.983,35
88,-1.21,0,0.983,57
89,-0.63,0,0.982,13
90,-0.89,0,0.982,21
91,-1.01,0,0.982,53
92,-1.02,0,0.981,54
93,-0.51,0,0.981,4
94,-0.7,0,0.981,20
95,-0.68,0,0.981,14
96,-0.64,0,0.981,12
97,-0.68,0,0.981,10
98,-0.88,0,0.981,37
99,-0.82,0,0.98,28
100,-0.7,0,0.98,18
101,-1.1,0,0.98,59
102,-0.62,0,0.98,32
103,-0.85,0,0.979,27
104,-1.15,0,0.979,37
105,-0.82,0,0.979,18
106,-1.03,0,0.979,44
107,-0.75,0,0.978,28
108,-0.64,0,0.978,13
109,-0.7,0,0.978,25
110,-0.51,0,0.978,3
111,-0.69,0,0.978,12
112,0.65,0,0.978,38
113,-0.92,0,0.977,33
114,-1.4,0,0.977,65
115,-0.6,0,0.977,6
116,-2.0,0,0.976,127
117,-1.08,0,0.976,27
118,-0.65,0,0.976,10
119,-1.12,0,0.975,37
120,0.82,1,0.975,13
121,-0.78,0,0.975,21
122,0.37,0,0.975,54
123,-0.64,0,0.975,11
124,-0.61,0,0.974,16
125,-0.98,0,0.974,28
126,-0.75,0,0.974,19
127,-0.62,0,0.974,8
128,-0.65,0,0.974,16
129,-0.68,0,0.974,23
130,-1.07,0,0.973,29
131,-0.61,0,0.973,8
132,-0.85,0,0.973,33
133,-1.15,0,0.973,60
134,-0.52,0,0.973,11
135,-0.96,0,0.972,28
136,-0.65,0,0.972,11
137,-1.06,0,0.972,46
138,-0.95,0,0.972,31
139,-1.0,0,0.971,26
140,0.89,1,0.971,5
141,-0.75,0,0.971,17
142,-1.15,0,0.971,41
143,0.49,0,0.971,28
144,-0.57,0,0.971,8
145,0.82,1,0.97,14
146,-0.89,0,0.97,24
147,-0.74,0,0.97,23
148,-2.41,0,0.969,160
149,-0.73,0,0.969,13
150,-0.56,0,0.969,6
151,-1.16,0,0.968,39
152,-1.13,0,0.968,49
153,-0.85,0,0.968,23
154,-1.06,0,0.968,28
155,-1.16,0,0.967,36
156,-0.77,0,0.967,22
157,-1.19,0,0.967,53
158,-0.87,0,0.967,23
159,-0.94,0,0.966,38
160,-0.9,0,0.966,24
161,-0.67,0,0.966,16
162,0.66,0,0.966,20
163,-0.74,0,0.966,10
164,-2.01,0,0.965,128
165,-0.5,0,0.965,7
166,-0.64,0,0.965,14
167,-0.68,0,0.964,25
168,-1.07,0,0.964,34
169,-0.75,0,0.964,24
170,-0.85,0,0.964,31
171,-0.63,0,0.964,12
172,-0.71,0,0.963,7
173,-0.69,0,0.963,17
174,-0.56,0,0.963,12
175,-0.75,0,0.963,19
176,-1.19,0,0.963,38
177,-0.55,0,0.963,5
178,-0.84,0,0.963,23
179,-0.79,0,0.962,14
180,-0.84,0,0.962,29
181,-0.56,0,0.962,10
182,-0.59,0,0.962,15
183,-0.79,0,0.962,26
184,-0.55,0,0.962,4
185,-0.98,0,0.962,32
186,-0.58,0,0.961,7
187,-1.12,0,0.961,69
188,-0.9,0,0.961,17
189,-1.0,0,0.961,21
190,-1.01,0,0.96,24
3166,0.69,0,0.327,36
3167,-0.71,0,0.327,48
3168,-0.7,0,0.326,21
3169,-0.67,0,0.326,19
3170,0.95,1,0.326,9
3171,-0.59,0,0.326,11
3172,-0.93,0,0.326,62
3173,0.9,1,0.326,17
3174,-0.5,0,0.326,5
3175,-0.96,0,0.325,44
3176,0.86,1,0.325,23
3177,-0.5,0,0.325,6
3178,-0.64,0,0.325,32
3179,-0.54,0,0.325,14
3180,-0.73,0,0.324,41
3181,0.82,1,0.324,21
3182,0.89,1,0.324,29
3183,0.91,1,0.324,31
3184,0.87,1,0.323,24
3185,0.88,1,0.323,31
3186,-0.67,0,0.323,31
3187,0.51,0,0.323,48
3188,-0.61,0,0.322,12
3189,-0.56,0,0.322,12
3190,0.79,0,0.322,32
3191,-0.72,0,0.322,13
191,-0.66,0,0.96,19
3192,0.57,0,0.322,53
192,-1.24,0,0.96,60
193,-0.65,0,0.96,12
3193,-0.71,0,0.321,42
194,-0.83,0,0.96,23
3194,0.9,1,0.321,22
195,-1.17,0,0.959,42
3195,-0.87,0,0.321,54
196,-1.07,0,0.959,33
3196,-0.72,0,0.321,12
197,-0.88,0,0.959,22
3197,-0.6,0,0.32,14
198,-0.76,0,0.959,12
199,-0.58,0,0.959,5
3198,-0.55,0,0.32,10
200,-0.61,0,0.959,11
3199,0.87,1,0.32,21
201,-0.94,0,0.958,30
3200,-0.61,0,0.32,22
202,-0.73,0,0.958,22
203,-1.12,0,0.958,41
3201,0.5,0,0.32,60
3202,-0.52,0,0.319,9
204,-1.14,0,0.958,33
3203,0.97,1,0.319,10
205,-0.73,0,0.957,25
3204,-0.58,0,0.319,10
206,-0.67,0,0.957,19
3205,-0.65,0,0.319,17
207,0.94,1,0.957,3
208,-1.13,0,0.957,39
209,-0.67,0,0.957,11
3206,-0.86,0,0.319,47
210,0.79,0,0.957,20
3207,0.8,0,0.319,22
3208,0.74,0,0.318,35
3209,0.67,0,0.318,41
211,-0.08,0,0.956,102
212,-0.58,0,0.956,12
213,-0.63,0,0.955,33
214,-0.48,0,0.955,3
3210,0.29,0,0.317,70
215,0.72,0,0.955,28
216,-0.62,0,0.955,14
217,-0.74,0,0.955,14
3211,-0.64,0,0.317,33
218,0.79,0,0.955,19
219,0.78,0,0.955,18
220,-0.65,0,0.955,11
3212,0.71,0,0.317,47
221,-0.87,0,0.954,35
222,-0.69,0,0.954,18
3213,-0.83,0,0.316,48
223,-0.88,0,0.954,25
3214,-0.55,0,0.316,13
224,-0.76,0,0.954,23
3215,-0.67,0,0.316,17
225,-0.8,0,0.954,16
226,-0.56,0,0.954,11
3216,-0.82,0,0.316,28
227,-0.57,0,0.953,16
228,-0.95,0,0.953,32
3217,-0.75,0,0.316,40
229,-1.04,0,0.953,35
3218,-0.71,0,0.315,37
230,0.75,0,0.953,20
3219,-0.75,0,0.315,45
231,-1.15,0,0.952,43
232,-0.75,0,0.952,21
3220,-0.87,0,0.315,32
233,-0.84,0,0.952,23
234,-0.86,0,0.952,36
3221,-0.74,0,0.314,52
235,-0.73,0,0.952,16
3222,-0.76,0,0.314,41
236,-1.11,0,0.951,44
3223,0.91,1,0.314,18
237,-1.01,0,0.951,26
238,-0.98,0,0.951,33
3224,-0.8,0,0.314,41
239,-0.75,0,0.951,20
240,-0.62,0,0.951,11
3225,0.82,1,0.313,31
241,-0.74,0,0.95,20
242,-0.63,0,0.95,23
3226,0.76,0,0.313,46
243,-1.0,0,0.95,33
3227,-0.5,0,0.313,12
3228,0.95,1,0.313,10
244,-1.02,0,0.95,49
3229,0.81,1,0.313,35
245,-0.87,0,0.949,16
246,-0.83,0,0.949,20
247,-1.05,0,0.949,41
3230,0.61,0,0.312,63
248,-0.88,0,0.949,52
3231,0.71,0,0.312,42
249,0.85,1,0.949,13
250,-0.78,0,0.948,22
3232,0.79,0,0.311,43
3233,-0.49,0,0.311,7
251,-1.07,0,0.948,31
3234,-0.67,0,0.311,22
252,-0.79,0,0.948,47
253,-0.68,0,0.948,13
3235,0.79,0,0.311,27
254,-0.75,0,0.947,13
3236,-0.59,0,0.311,16
255,0.65,0,0.947,19
256,-0.82,0,0.947,31
3237,0.73,0,0.31,41
257,-0.79,0,0.947,35
3238,-0.57,0,0.31,26
258,-0.66,0,0.947,19
3239,-0.54,0,0.31,26
3240,-0.54,0,0.31,8
259,-0.87,0,0.946,42
3241,-0.53,0,0.31,17
260,-0.73,0,0.946,19
261,-0.78,0,0.946,15
262,-0.6,0,0.946,5
3242,-0.76,0,0.31,33
3243,-0.59,0,0.31,12
263,-0.84,0,0.946,25
264,-0.59,0,0.946,14
265,-0.83,0,0.946,14
266,-0.66,0,0.945,24
3244,-1.18,0,0.309,57
267,-0.8,0,0.945,29
3245,0.72,0,0.309,36
3246,-0.48,0,0.309,3
268,-0.66,0,0.945,33
3247,0.7,0,0.308,36
269,0.76,0,0.945,34
270,-0.72,0,0.945,17
3248,0.77,0,0.308,37
271,-1.42,0,0.944,68
272,-0.54,0,0.944,9
273,0.96,1,0.944,8
3249,0.61,0,0.308,59
274,-0.81,0,0.944,17
3250,-0.74,0,0.308,20
275,0.58,0,0.944,24
276,-0.8,0,0.943,24
3251,-0.8,0,0.307,38
277,-0.77,0,0.943,28
278,-0.62,0,0.943,13
279,-0.93,0,0.943,11
3252,-0.67,0,0.307,45
280,-0.89,0,0.943,26
281,-0.55,0,0.943,9
3253,-0.64,0,0.307,31
282,-0.73,0,0.942,24
283,-0.71,0,0.942,15
284,-0.56,0,0.942,13
3254,-0.77,0,0.306,55
285,0.63,0,0.942,24
286,-1.25,0,0.942,40
287,-0.87,0,0.942,21
3255,0.52,0,0.306,61
288,-0.51,0,0.942,9
3256,-0.68,0,0.306,24
289,-0.91,0,0.941,29
290,-0.73,0,0.941,24
3257,0.89,1,0.305,34
291,-0.97,0,0.941,34
3258,0.92,1,0.305,21
3259,-0.58,0,0.305,4
292,-0.53,0,0.941,12
293,-0.57,0,0.941,5
294,-0.78,0,0.94,21
295,-0.59,0,0.94,13
3260,-0.81,0,0.305,40
296,-0.8,0,0.94,16
297,-0.83,0,0.94,19
3261,0.72,0,0.304,42
298,-1.01,0,0.94,25
3262,0.85,1,0.304,29
299,-0.79,0,0.94,19
300,-0.85,0,0.94,24
301,-0.84,0,0.939,21
3263,0.55,0,0.304,63
302,0.43,0,0.939,43
3264,-0.77,0,0.304,16
303,-0.67,0,0.939,22
304,-0.78,0,0.939,28
3265,0.81,1,0.303,47
305,-0.54,0,0.939,4
3266,0.93,1,0.303,18
306,-1.03,0,0.938,37
307,-0.67,0,0.938,12
308,-0.71,0,0.938,15
309,0.89,1,0.938,23
3267,0.56,0,0.303,62
3268,0.92,1,0.302,20
310,-1.11,0,0.938,34
311,-0.49,0,0.938,6
3269,-0.59,0,0.302,15
312,-0.51,0,0.938,3
313,-0.58,0,0.937,16
314,-0.61,0,0.937,14
3270,0.58,0,0.302,29
315,-0.61,0,0.937,9
3271,-0.55,0,0.302,16
316,-1.01,0,0.937,40
3272,-0.68,0,0.302,26
317,-0.5,0,0.937,3
318,-0.59,0,0.937,18
319,-0.78,0,0.937,27
3273,-0.92,0,0.301,46
320,-1.1,0,0.936,40
3274,-0.82,0,0.301,49
321,-0.96,0,0.936,31
322,-0.51,0,0.936,5
3275,0.96,1,0.301,13
323,-0.81,0,0.936,18
3276,-0.74,0,0.301,29
324,-0.68,0,0.936,22
3277,0.94,1,0.301,5
325,-0.67,0,0.936,9
3278,0.79,0,0.3,19
326,-0.77,0,0.935,20
3279,-0.61,0,0.3,10
327,-0.73,0,0.935,13
328,0.72,0,0.935,34
3280,0.66,0,0.3,46
329,-0.73,0,0.935,30
3281,-0.64,0,0.3,28
330,-0.79,0,0.935,20
3282,-0.62,0,0.3,21

332,-0.81,0,0.934,21
333,-0.83,0,0.934,24
3283,0.4,0,0.299,63
334,-0.95,0,0.934,34
3284,-0.63,0,0.299,27
335,-1.11,0,0.934,34
336,-0.84,0,0.933,18
337,-0.79,0,0.933,25
3285,0.76,0,0.298,59
338,-1.08,0,0.933,40
3286,-0.55,0,0.298,25
339,-0.62,0,0.933,16
3287,-0.51,0,0.298,6
3288,-0.52,0,0.298,17
340,-0.92,0,0.933,20
3289,0.81,1,0.298,32
341,0.51,0,0.932,48
342,-0.72,0,0.932,17
3290,-0.74,0,0.298,31
343,-0.85,0,0.932,20
3291,0.91,1,0.297,11
344,-0.6,0,0.932,3
345,-1.08,0,0.932,23
346,-0.73,0,0.932,11
3292,0.73,0,0.297,39
3293,-0.59,0,0.297,4
347,0.56,0,0.932,26
348,-0.69,0,0.931,25
3294,-0.67,0,0.297,39
349,-0.54,0,0.931,13
3295,-0.52,0,0.297,9
350,-0.75,0,0.931,25
3296,-0.69,0,0.296,29
3297,-0.59,0,0.296,21
351,-1.37,0,0.931,54
3298,-0.49,0,0.296,5
352,-0.77,0,0.93,19
3299,-0.83,0,0.296,42
353,0.57,0,0.93,36
354,-0.51,0,0.93,9
3300,0.83,1,0.296,18
355,-0.6,0,0.93,8
3301,-0.68,0,0.295,43
3302,0.82,1,0.295,39
356,-1.77,0,0.929,95
357,-0.88,0,0.929,23
358,-0.87,0,0.929,13
3304,0.96,1,0.295,25
359,0.51,0,0.929,27
3305,0.83,1,0.295,22
360,-0.82,0,0.929,32
361,-0.55,0,0.928,6
3306,-0.68,0,0.294,46
362,-0.83,0,0.928,33
363,-0.77,0,0.928,14
364,-0.74,0,0.928,25
3307,0.55,0,0.294,44
365,-1.11,0,0.928,41
366,-0.65,0,0.928,4
367,-0.51,0,0.927,10
3308,-0.69,0,0.294,48
368,0.72,0,0.927,22
369,-0.71,0,0.927,13
3309,-0.58,0,0.293,31
370,-0.6,0,0.927,9
371,-0.65,0,0.927,30
3310,0.72,0,0.293,39
372,-0.58,0,0.927,20
373,-0.83,0,0.927,18
3311,0.89,1,0.293,29
374,-0.77,0,0.926,25
375,-0.83,0,0.926,26
376,-0.49,0,0.926,6
3312,0.73,0,0.292,47
377,-0.7,0,0.926,14
378,-0.67,0,0.926,13
3313,0.92,1,0.292,15
3314,0.9,1,0.292,18
3315,-0.5,0,0.292,5
379,-0.71,0,0.926,31
3316,-0.59,0,0.292,19
380,-0.89,0,0.925,30
381,-1.13,0,0.925,32
3317,0.81,1,0.292,47
382,-0.74,0,0.925,24
383,-0.51,0,0.925,4
3318,-0.69,0,0.291,20
384,-0.73,0,0.925,20
3319,-0.55,0,0.291,13
385,-0.5,0,0.925,4
386,-0.7,0,0.925,16
3320,0.89,1,0.291,19
387,-0.75,0,0.924,30
3321,-0.7,0,0.291,42
3322,-0.67,0,0.291,15
388,-1.28,0,0.924,40
3323,0.87,1,0.291,20
389,-1.08,0,0.924,38
3324,-0.71,0,0.29,15
3325,-0.5,0,0.29,6
390,-0.89,0,0.924,18
3326,0.74,0,0.29,26
391,-0.68,0,0.923,43
3327,-0.57,0,0.29,20
392,-0.68,0,0.923,18
393,-0.77,0,0.923,14
394,-0.95,0,0.923,19
3328,0.54,0,0.289,66
395,-1.19,0,0.922,56
3329,-1.04,0,0.289,53
396,-1.0,0,0.922,49
3330,0.65,0,0.289,42
3331,0.85,1,0.289,15
397,-1.26,0,0.922,64
3332,-0.55,0,0.289,10
398,-0.78,0,0.921,22
399,-0.96,0,0.921,16
3334,0.92,1,0.288,22
400,-0.52,0,0.921,9
401,-0.56,0,0.921,5
3335,-0.65,0,0.288,19
3336,0.95,1,0.288,6
402,-0.81,0,0.921,28
3337,-0.66,0,0.288,21
3338,0.67,0,0.288,44
403,-0.84,0,0.921,37
3339,0.51,0,0.287,43
404,-0.73,0,0.921,15
3340,-0.61,0,0.287,16
405,-0.78,0,0.92,27
3341,-0.72,0,0.287,22
3342,-0.64,0,0.287,12
406,0.72,0,0.92,45
3343,-0.58,0,0.287,29
407,-1.12,0,0.92,58
408,-0.7,0,0.919,25
3344,0.55,0,0.286,46
409,-0.93,0,0.919,26
410,-0.65,0,0.919,21
3345,0.84,1,0.286,41
3346,-0.68,0,0.286,24
411,-1.01,0,0.919,47
412,-0.65,0,0.918,10
413,-0.7,0,0.918,12
3347,-0.61,0,0.285,50
414,-1.08,0,0.918,25
415,-0.68,0,0.918,14
416,-0.5,0,0.918,4
3348,0.85,1,0.285,28
417,-0.81,0,0.918,36
3349,-0.64,0,0.285,33
418,-0.87,0,0.918,27
3350,-0.61,0,0.285,25
419,-0.61,0,0.917,18
3351,-0.77,0,0.284,30
420,-0.64,0,0.917,34
3352,0.86,1,0.284,22
421,-1.02,0,0.917,46
422,-0.59,0,0.917,10
3353,-0.71,0,0.284,43
423,0.49,0,0.916,40
3354,-0.58,0,0.284,36
3355,0.93,1,0.283,20
424,-1.35,0,0.916,69
425,-0.66,0,0.916,21
3356,-0.91,0,0.283,65
3357,-0.57,0,0.283,18
3358,-0.77,0,0.282,28
3359,-0.61,0,0.282,13
426,-1.75,0,0.915,87
427,-0.73,0,0.915,20
3360,-1.07,0,0.282,52
428,-1.34,0,0.914,63
3361,-0.66,0,0.282,39
3362,-0.67,0,0.282,21
3363,-0.49,0,0.281,4
3364,0.95,1,0.281,4
429,0.09,0,0.914,58
430,-0.61,0,0.914,22
3365,0.93,1,0.281,34
431,-1.0,0,0.913,28
3366,-0.55,0,0.281,24
432,-0.87,0,0.913,22
3367,-0.65,0,0.281,28
433,-0.77,0,0.913,21
3368,-0.62,0,0.281,19
434,-0.76,0,0.913,19
435,-0.78,0,0.913,21
3369,0.81,1,0.28,45
3370,-0.58,0,0.28,10
3371,0.95,1,0.28,4
436,0.62,0,0.912,44
437,-0.56,0,0.912,3
3372,0.94,1,0.28,14
438,-0.64,0,0.912,20
439,-0.6,0,0.912,13
3373,0.77,0,0.28,44
440,-0.91,0,0.912,36
3374,0.85,1,0.28,20
441,-0.66,0,0.912,22
3375,-0.85,0,0.279,24
442,-0.91,0,0.911,34
443,0.62,0,0.911,25
444,0.78,0,0.911,13
3376,0.78,0,0.279,57
445,-0.95,0,0.911,22
446,-0.76,0,0.911,11
3377,0.61,0,0.279,44
447,-1.09,0,0.911,41
448,-0.94,0,0.91,26
3378,-0.76,0,0.278,34
449,-0.66,0,0.91,8
3379,-0.59,0,0.278,24
450,-0.91,0,0.91,32
451,-0.94,0,0.91,32
452,-0.71,0,0.91,23
3380,0.35,0,0.278,55
453,0.76,0,0.909,13
3381,-0.73,0,0.277,39
454,-0.94,0,0.909,36
455,-0.79,0,0.909,19
3382,0.86,1,0.277,24
3383,0.87,1,0.277,28
456,-0.97,0,0.909,37
3384,0.92,1,0.277,5
457,-0.67,0,0.909,14
458,-0.72,0,0.909,9
3385,0.91,1,0.277,17
459,-0.68,0,0.908,19
3386,0.87,1,0.277,28
460,-0.52,0,0.908,13
3387,-0.58,0,0.276,19
461,-0.69,0,0.908,24
3388,0.68,0,0.276,43
462,-0.98,0,0.908,54
463,-0.85,0,0.907,30
3389,0.9,1,0.276,38
464,0.75,0,0.907,24
3390,-0.5,0,0.276,20
3391,-0.67,0,0.275,23
465,0.54,0,0.907,36
466,-0.62,0,0.907,27
467,-0.67,0,0.907,11
468,-1.03,0,0.907,18
469,-0.62,0,0.906,11
470,-0.74,0,0.906,31
3392,-1.44,0,0.275,93
471,-0.51,0,0.906,12
472,-0.56,0,0.906,10
3393,-0.7,0,0.274,38
473,-0.73,0,0.906,24
3394,0.9,1,0.274,18
3395,-0.59,0,0.274,15
474,-0.82,0,0.906,30
475,-0.6,0,0.906,11
3396,-0.77,0,0.274,30
476,-1.0,0,0.905,30
477,-0.86,0,0.905,28
3397,0.87,1,0.274,41
478,-0.67,0,0.905,16
479,-0.98,0,0.905,17
480,-0.8,0,0.905,24
481,-0.66,0,0.904,15
3398,-0.93,0,0.273,65
482,-0.87,0,0.904,32

483,-0.64,0,0.904,11
484,-0.62,0,0.904,10
3400,-0.69,0,0.273,41
485,-1.1,0,0.904,29
486,0.73,0,0.904,13
487,-0.71,0,0.903,34
3401,0.65,0,0.272,48
488,-0.72,0,0.903,14
3402,-0.69,0,0.272,32
489,-0.87,0,0.903,38
490,-0.95,0,0.903,31
3403,0.84,1,0.272,42
3404,0.98,1,0.271,11
3405,0.89,1,0.271,15
491,-0.97,0,0.903,39
3406,-0.55,0,0.271,15
492,-0.79,0,0.902,14
3407,-0.61,0,0.271,21
493,-0.98,0,0.902,44
494,-0.77,0,0.902,35
3408,0.71,0,0.271,53
495,-1.1,0,0.901,46
496,-0.55,0,0.901,3
3409,-0.77,0,0.27,44
497,-0.69,0,0.901,7
498,-0.73,0,0.901,24
3410,-0.61,0,0.27,22
500,-0.57,0,0.901,22
3411,-0.75,0,0.27,53
501,-0.83,0,0.901,42
502,0.66,0,0.9,18
3412,-0.72,0,0.269,46
503,-0.9,0,0.9,28
3413,0.85,1,0.269,29
3414,-0.55,0,0.269,26
504,-1.27,0,0.9,58
505,-0.92,0,0.9,23
506,-0.56,0,0.9,8
3415,-0.75,0,0.269,47
507,-0.73,0,0.899,20
508,-0.56,0,0.899,15
509,0.76,0,0.899,14
3416,0.9,1,0.268,40
3417,-0.54,0,0.268,13
510,-0.69,0,0.899,21
511,-0.65,0,0.899,17
512,-0.6,0,0.899,11
3418,-0.74,0,0.268,31
513,-0.78,0,0.899,23
3419,0.84,1,0.268,24
514,-0.88,0,0.898,28
3420,-0.57,0,0.267,26
515,-0.76,0,0.898,30
516,-0.67,0,0.898,26
3421,0.92,1,0.267,36
517,-0.72,0,0.898,13
518,-0.7,0,0.898,23
3422,-0.76,0,0.267,30
519,-0.69,0,0.897,20
3423,0.87,1,0.267,35
520,-0.83,0,0.897,24
521,-0.68,0,0.897,12
3424,0.73,0,0.266,38
522,-0.9,0,0.897,35
523,-0.62,0,0.897,17
3425,0.87,1,0.266,31
524,0.91,1,0.897,16
525,-0.96,0,0.896,29
3426,0.89,1,0.266,34
3427,0.95,1,0.266,3
526,-0.6,0,0.896,16
3428,-0.56,0,0.266,23
527,-0.92,0,0.896,31
528,-0.64,0,0.896,20
529,-0.62,0,0.896,10
3429,-0.86,0,0.265,45
530,-0.58,0,0.896,15
3430,-0.79,0,0.265,33
3431,-0.48,0,0.265,17
3432,-0.53,0,0.265,31
531,-0.27,0,0.895,114
3433,0.79,0,0.264,34
532,-1.0,0,0.894,37
533,-0.74,0,0.894,25
3434,0.71,0,0.264,41
534,-0.54,0,0.894,5
3435,0.92,1,0.264,18
535,-1.23,0,0.894,43
536,-0.55,0,0.894,4
3436,-0.76,0,0.263,55
3437,0.98,1,0.263,12
537,-0.95,0,0.894,49
3438,-0.72,0,0.263,14
538,-0.9,0,0.893,24
539,-0.59,0,0.893,8
3439,-0.69,0,0.263,37
540,-0.76,0,0.893,23
3440,-0.53,0,0.263,12
541,-0.95,0,0.893,37
542,-0.84,0,0.893,16
3441,0.85,1,0.263,36
543,-0.83,0,0.892,17
3442,0.69,0,0.262,44
544,0.11,0,0.892,75
3443,-1.01,0,0.262,50
545,-0.68,0,0.892,18
546,-0.83,0,0.892,13
547,-0.66,0,0.892,8
3444,0.85,1,0.262,23
548,-0.77,0,0.891,28
3445,0.8,0,0.261,30
549,-0.64,0,0.891,11
550,0.95,1,0.891,3
3446,0.97,1,0.261,14
3447,0.79,0,0.261,26
551,-1.76,0,0.891,82
3448,-0.71,0,0.261,36
552,-0.61,0,0.891,7
3449,0.82,1,0.261,16
553,-1.08,0,0.89,58
3450,0.73,0,0.26,39
554,-1.22,0,0.89,35
3451,-0.84,0,0.26,35
555,-1.09,0,0.889,49
3452,0.68,0,0.26,60
556,-0.9,0,0.889,29
557,-1.07,0,0.889,26
558,-0.84,0,0.889,25
559,-0.58,0,0.889,12
560,-0.64,0,0.889,8
3453,0.3,0,0.259,76
561,-0.82,0,0.888,29
3454,-0.72,0,0.259,36
562,-0.68,0,0.888,8
563,-0.77,0,0.888,22
564,0.56,0,0.888,31
3455,0.7,0,0.258,53
3456,-0.58,0,0.258,16
565,-0.94,0,0.888,42
566,-0.78,0,0.887,34
3457,0.58,0,0.258,52
567,-0.69,0,0.887,15
3458,0.88,1,0.258,15
3459,0.67,0,0.257,27
3460,-0.62,0,0.257,25
568,-1.48,0,0.887,81
569,-0.5,0,0.887,5
570,-0.51,0,0.886,6
3461,0.83,1,0.257,29
571,-0.93,0,0.886,26
3462,0.63,0,0.257,38
572,-0.68,0,0.886,22
573,-0.77,0,0.886,21
574,-0.73,0,0.886,10
3463,0.74,0,0.256,29
575,-0.95,0,0.886,23
3464,0.8,0,0.256,34
576,0.6,0,0.886,18
3465,0.94,1,0.256,16
577,-1.24,0,0.885,34
3466,-0.52,0,0.256,18
3467,0.88,1,0.256,23
578,-0.83,0,0.885,67
3468,0.81,1,0.256,34
579,-0.57,0,0.885,16
3469,-0.53,0,0.255,18
3470,-0.56,0,0.255,13
580,-1.05,0,0.884,29
581,-0.65,0,0.884,17
3471,-0.58,0,0.255,23
582,-1.13,0,0.884,51
3472,0.79,0,0.255,31
583,-0.73,0,0.884,15
584,-0.89,0,0.884,23
3473,-0.65,0,0.255,35
585,-0.57,0,0.883,8
586,-0.86,0,0.883,27
587,-0.64,0,0.883,20
3474,-0.81,0,0.254,52
588,-0.78,0,0.883,19
589,-0.59,0,0.883,17
590,-0.56,0,0.883,7
3475,0.91,1,0.254,29
3476,-0.5,0,0.254,5
591,-0.76,0,0.883,23
592,0.78,0,0.882,19
3477,0.76,0,0.254,46
593,-0.62,0,0.882,15
594,-0.83,0,0.882,28
3478,-0.73,0,0.253,39
595,-0.91,0,0.882,19
596,-0.91,0,0.882,36
3479,0.7,0,0.253,53
597,-0.87,0,0.881,29
598,-0.84,0,0.881,16
3480,-0.65,0,0.252,53
3481,-0.66,0,0.252,18
3482,0.81,1,0.252,40
3483,0.87,1,0.252,22
3484,0.96,1,0.252,11
3485,0.66,0,0.251,62
3486,0.85,1,0.251,23
3487,0.86,1,0.251,20
3488,0.94,1,0.251,14
3489,0.84,1,0.251,16
3490,0.9,1,0.25,25
3491,0.78,0,0.25,31
3492,0.62,0,0.25,55
3493,-0.7,0,0.249,30
3494,-0.72,0,0.249,38
3495,0.81,1,0.249,45
3496,0.85,1,0.249,22
3497,0.4,0,0.248,51
3498,-0.66,0,0.248,23
599,-0.55,0,0.881,16
600,0.61,0,0.881,30
601,-0.83,0,0.881,22
602,-0.64,0,0.881,13
603,-0.74,0,0.88,27
604,-0.79,0,0.88,16
605,-0.68,0,0.88,12
606,-0.61,0,0.88,19
607,-0.86,0,0.88,28
608,-0.78,0,0.88,21
609,0.65,0,0.879,29
610,0.81,1,0.879,16
611,-0.91,0,0.879,23
612,-0.84,0,0.879,19
613,-0.8,0,0.879,21
614,-1.46,0,0.878,60
615,-1.08,0,0.878,50
616,-0.91,0,0.878,33
617,-0.82,0,0.878,25
618,-1.19,0,0.877,43
619,-1.1,0,0.877,47
620,-0.86,0,0.877,28
621,-0.89,0,0.876,31
622,-0.7,0,0.876,20
623,-0.67,0,0.876,21
624,-0.66,0,0.876,16
3499,0.89,1,0.248,20
625,-0.88,0,0.876,37
3500,-0.87,0,0.248,51
626,-1.06,0,0.875,62
627,-0.66,0,0.875,19
628,-0.51,0,0.875,3
3501,-0.65,0,0.247,29
629,-0.75,0,0.875,17
3502,0.84,1,0.247,19
630,-0.57,0,0.875,10
3503,-0.61,0,0.247,25
631,-0.96,0,0.874,40
3504,0.87,1,0.247,31
632,-1.12,0,0.874,61
3505,-0.88,0,0.246,44
3506,-0.65,0,0.246,16
633,0.38,0,0.874,44
3507,-0.76,0,0.246,56
3508,0.94,1,0.246,3

3509,-0.57,0,0.246,20
635,-1.03,0,0.873,46
636,-0.74,0,0.873,14
3510,-0.75,0,0.245,49
3511,0.94,1,0.245,32
637,-1.09,0,0.872,47
3512,-0.73,0,0.245,22
638,-1.06,0,0.872,43
639,0.9,1,0.872,5
3513,0.81,1,0.244,42
640,-0.66,0,0.872,30
3514,-0.55,0,0.244,7
641,-0.7,0,0.872,11
642,-0.76,0,0.871,26
3515,0.77,0,0.244,34
643,-0.91,0,0.871,37
644,-0.6,0,0.871,6
3516,-1.1,0,0.244,57
645,-0.8,0,0.871,23
3517,0.76,0,0.243,29
646,-0.86,0,0.871,35
3518,0.94,1,0.243,36
647,-0.98,0,0.87,45
648,-0.84,0,0.87,21
3519,0.62,0,0.243,47
649,-0.97,0,0.87,32
650,-0.59,0,0.87,10
3520,0.88,1,0.243,18
3521,-0.51,0,0.243,6
651,-0.91,0,0.869,44
3522,0.81,1,0.242,33
652,-1.08,0,0.869,30
653,-0.55,0,0.869,4
654,-0.83,0,0.869,28
3523,0.68,0,0.242,57
655,-0.63,0,0.869,11
656,-0.54,0,0.869,6
657,-0.89,0,0.869,21
3524,0.73,0,0.242,38
658,0.78,0,0.868,35
659,-0.66,0,0.868,20
3525,0.37,0,0.241,60
660,-0.9,0,0.868,30
3526,0.72,0,0.241,36
661,-0.62,0,0.868,27
3527,-0.65,0,0.241,14
662,-0.55,0,0.868,13
3528,-0.51,0,0.241,11
663,-0.85,0,0.867,38
3529,-0.63,0,0.24,31
664,0.77,0,0.867,20
3530,-0.49,0,0.24,32
665,-0.98,0,0.867,36
666,-0.6,0,0.867,26
3531,-0.69,0,0.24,33
3532,0.93,1,0.24,6
667,-0.99,0,0.866,31
3533,0.88,1,0.24,20
668,-1.14,0,0.866,64
3534,0.78,0,0.239,58
3535,-0.66,0,0.239,32
669,-1.28,0,0.865,63
3536,0.77,0,0.239,34
670,-0.95,0,0.865,32
671,-0.6,0,0.865,5
672,-0.81,0,0.865,12
673,-0.68,0,0.865,13
3537,-0.93,0,0.238,51
674,-0.79,0,0.865,24
675,-0.65,0,0.865,16
676,-0.72,0,0.865,13
677,-0.75,0,0.864,22
3538,-0.85,0,0.238,66
678,-0.85,0,0.864,21
679,-0.98,0,0.864,32
3539,-0.79,0,0.237,53
3540,-0.66,0,0.237,21
680,-0.81,0,0.864,34
681,-0.69,0,0.863,23
3541,-0.69,0,0.237,28
682,-0.61,0,0.863,21
3542,-0.62,0,0.237,19
683,-0.87,0,0.863,33
3543,0.8,0,0.237,25
684,-0.7,0,0.863,21
3544,0.68,0,0.236,31
685,-0.86,0,0.863,31
3545,-0.69,0,0.236,26
686,-0.68,0,0.862,19
687,-0.65,0,0.862,10
688,-0.58,0,0.862,13
689,-0.6,0,0.862,18
3546,-0.88,0,0.236,58
690,-0.7,0,0.862,12
691,-0.67,0,0.862,15
3547,-0.56,0,0.235,30
692,-0.85,0,0.862,25
3548,0.8,0,0.235,35
693,-0.77,0,0.862,28
3549,-0.65,0,0.235,21
694,-0.79,0,0.861,20
3550,0.95,1,0.235,30
695,-0.71,0,0.861,36
696,0.75,0,0.861,20
697,-0.82,0,0.861,23
3551,0.64,0,0.234,47
698,-0.51,0,0.861,4
3552,-0.53,0,0.234,22
699,-0.69,0,0.86,36
700,-0.89,0,0.86,34
3553,-1.02,0,0.234,54
3554,-0.61,0,0.234,11
701,-0.78,0,0.86,20
702,0.59,0,0.86,25
3555,-0.57,0,0.233,29
703,-0.8,0,0.86,24
704,-0.8,0,0.859,25
705,-0.55,0,0.859,13
3556,-1.11,0,0.233,61
3557,-0.65,0,0.233,20
706,-0.76,0,0.859,39
3558,0.93,1,0.233,15
707,-0.8,0,0.859,34
3559,-0.63,0,0.232,37
708,-0.91,0,0.858,31
709,0.81,1,0.858,14
3560,-0.64,0,0.232,29
710,-0.73,0,0.858,17
711,-0.54,0,0.858,9
712,-0.6,0,0.858,5
3561,0.72,0,0.232,29
713,-0.71,0,0.858,28
714,-0.72,0,0.858,10
3562,0.76,0,0.232,42
715,-1.14,0,0.857,63
3563,0.69,0,0.231,46
716,0.93,1,0.857,10
3564,-0.56,0,0.231,17
717,-0.97,0,0.857,27
718,-0.63,0,0.857,14
3565,0.85,1,0.231,32
719,-0.96,0,0.857,32
3566,0.66,0,0.231,41
720,-0.69,0,0.856,26
721,0.8,0,0.856,22
3567,0.88,1,0.23,37
722,-0.97,0,0.856,21
3568,0.87,1,0.23,14
723,-0.8,0,0.856,23
3569,-0.58,0,0.23,23
724,-0.9,0,0.856,39
3570,-0.81,0,0.23,31
725,-0.69,0,0.856,13
726,-0.9,0,0.855,26
3571,0.77,0,0.229,33
727,0.78,0,0.855,39
3572,-0.75,0,0.229,49
3573,-0.55,0,0.229,19
728,-1.18,0,0.855,48
729,-0.56,0,0.855,13
730,-0.69,0,0.854,15
3574,0.83,1,0.229,43
3575,0.81,1,0.228,23
731,-1.1,0,0.854,43
732,-0.73,0,0.854,20
733,-0.56,0,0.854,9
734,-0.65,0,0.854,18
3576,-0.9,0,0.228,83
735,-0.82,0,0.853,30
3577,-0.53,0,0.228,20
736,-0.79,0,0.853,26
3578,0.89,1,0.227,22
737,0.79,0,0.853,18
3579,0.81,1,0.227,26
738,-0.98,0,0.853,39
739,-0.49,0,0.853,5
3580,-0.76,0,0.227,28
3581,-0.5,0,0.227,5
740,-0.68,0,0.853,21
3582,-0.54,0,0.227,20
741,-0.83,0,0.852,40
742,-0.77,0,0.852,26
3583,-0.69,0,0.226,38
743,-0.57,0,0.852,16
3584,0.79,0,0.226,37
744,-1.2,0,0.852,43
3585,-0.63,0,0.226,18
745,-0.65,0,0.852,14
746,-0.66,0,0.851,8
747,-0.52,0,0.851,10
748,-0.53,0,0.851,14
3586,0.74,0,0.226,41
749,-0.6,0,0.851,14
3587,-0.49,0,0.226,13
750,-0.77,0,0.851,21
751,-0.6,0,0.851,5
3588,0.76,0,0.225,37
3589,-0.7,0,0.225,41
752,-0.82,0,0.85,61
3590,0.93,1,0.225,11
753,-0.89,0,0.85,43
3591,0.85,1,0.225,30
754,-0.95,0,0.85,34
3592,-0.75,0,0.224,47
755,-0.77,0,0.85,29
756,-0.88,0,0.849,28
3593,-0.61,0,0.224,40
757,-0.95,0,0.849,27
758,-0.69,0,0.849,22
3594,-0.76,0,0.224,46
759,-0.9,0,0.849,28
3595,-0.68,0,0.223,26
760,-0.65,0,0.849,18
761,-0.53,0,0.849,4
762,-0.86,0,0.848,20
3596,0.75,0,0.223,33
763,-0.72,0,0.848,25
764,0.6,0,0.848,23
3597,-0.63,0,0.223,45
3598,0.9,1,0.223,26
765,-1.01,0,0.848,41
3599,0.79,0,0.222,20
766,-0.7,0,0.848,20
767,-0.81,0,0.847,26
3600,-0.65,0,0.222,34
768,-0.66,0,0.847,24
769,-0.75,0,0.847,21
770,-0.51,0,0.847,4
3601,0.81,1,0.222,45
771,-0.8,0,0.847,28
3602,0.79,0,0.221,43
772,-0.8,0,0.847,29
3603,0.81,1,0.221,28
773,-0.86,0,0.846,33
3604,-0.55,0,0.221,12
774,-0.86,0,0.846,45
3605,0.67,0,0.221,47
3606,0.95,1,0.221,4
775,-0.89,0,0.846,30
3607,0.96,1,0.221,18
3608,0.9,1,0.221,5
776,-0.84,0,0.845,30
3609,0.8,0,0.22,28
777,-0.66,0,0.845,20
778,-0.7,0,0.845,13
3610,0.97,1,0.22,13
779,-0.63,0,0.845,17
3611,0.87,1,0.22,25
780,-0.9,0,0.845,22
3612,-0.89,0,0.22,57
781,-1.2,0,0.844,54
3613,-0.48,0,0.22,5
3614,0.78,0,0.219,42
782,-1.01,0,0.844,55
783,-0.52,0,0.844,15
784,-0.62,0,0.844,9
3615,-0.72,0,0.219,41
785,0.77,0,0.844,25
3616,0.9,1,0.219,17
786,-0.61,0,0.844,17
787,0.69,0,0.843,15
3617,-0.62,0,0.219,25
788,-1.0,0,0.843,49
3618,-0.73,0,0.218,58
789,0.88,1,0.843,18
790,0.83,1,0.843,13
3619,0.9,1,0.218,29
3620,-0.74,0,0.218,23
791,0.56,0,0.842,48
792,0.67,0,0.842,33
3621,-0.76,0,0.217,39
793,-0.83,0,0.842,24
794,-0.75,0,0.842,19
3622,-0.63,0,0.217,32
3623,-0.5,0,0.217,3
3624,-0.66,0,0.217,33
3625,0.8,0,0.217,25
3626,0.64,0,0.216,47
3627,0.91,1,0.216,24
3628,-0.64,0,0.216,30
3629,0.72,0,0.216,40
3630,0.77,0,0.215,39
3631,-0.6,0,0.215,20
3632,-0.77,0,0.215,49
3633,-0.78,0,0.214,43
3634,0.77,0,0.214,48
3635,-0.72,0,0.214,40
3636,-0.5,0,0.214,11
3637,-0.54,0,0.213,19
3638,-0.61,0,0.213,29
3639,0.95,1,0.213,18
3640,0.97,1,0.213,10
3641,-0.73,0,0.213,42
3642,-0.56,0,0.212,14
3643,0.96,1,0.212,9
3644,-0.76,0,0.212,20
3645,0.8,0,0.212,26
3646,0.9,1,0.212,19
3647,-0.66,0,0.212,22
795,0.8,0,0.842,23
3648,0.87,1,0.211,42
3649,0.82,1,0.211,14
796,0.4,0,0.841,43
3650,0.97,1,0.211,13
797,-0.78,0,0.841,19
798,-0.8,0,0.841,29
3651,-0.72,0,0.211,35
799,-0.78,0,0.841,11
800,-0.65,0,0.841,17
3652,-1.02,0,0.21,51
801,0.09,0,0.84,59
3653,-0.56,0,0.21,27
802,-0.66,0,0.84,15
803,-0.85,0,0.84,25
3654,-0.59,0,0.21,43
804,-0.88,0,0.84,24
3655,-0.59,0,0.21,26
805,-0.84,0,0.839,35
3656,-0.51,0,0.21,6
806,-0.63,0,0.839,20
3657,-0.61,0,0.209,30
807,-0.7,0,0.839,22
808,-0.76,0,0.839,18
809,-0.63,0,0.839,18
3658,0.88,1,0.209,49
810,-0.63,0,0.839,13
811,-0.74,0,0.839,14
812,-0.6,0,0.838,10
813,-0.84,0,0.838,26
3659,0.57,0,0.209,68
814,-0.93,0,0.838,31
3660,-0.58,0,0.208,19
815,-0.93,0,0.838,27
816,-0.91,0,0.838,29
817,-0.63,0,0.837,10
818,0.56,0,0.837,27
819,-0.7,0,0.837,14
820,-0.61,0,0.837,8
821,-0.79,0,0.837,28
822,-0.75,0,0.837,28
823,-0.7,0,0.837,17
824,0.43,0,0.836,39
825,0.66,0,0.836,30
826,-0.78,0,0.836,27
827,-0.95,0,0.836,26
828,-0.66,0,0.835,11
829,-1.06,0,0.835,40
830,-0.27,0,0.834,104
831,-0.83,0,0.834,26
832,-0.82,0,0.834,25
833,-0.57,0,0.834,18
834,-0.87,0,0.834,25
835,0.28,0,0.833,58
836,-0.89,0,0.833,31
837,-0.8,0,0.833,23
838,0.6,0,0.832,29
839,-0.98,0,0.832,47
840,-0.86,0,0.832,26
841,-0.67,0,0.832,23
3661,0.95,1,0.208,31
842,-1.09,0,0.831,30
3662,0.84,1,0.208,44
843,-0.97,0,0.831,52
844,-0.55,0,0.831,4
845,-0.78,0,0.831,15
3663,0.91,1,0.208,30
846,-0.91,0,0.831,27
3664,-0.57,0,0.207,15
847,-0.5,0,0.831,3
848,-0.74,0,0.83,23
3665,0.94,1,0.207,28
3666,-0.65,0,0.207,13
849,-0.62,0,0.83,30
3667,-0.59,0,0.207,19
850,-0.75,0,0.83,25
3668,0.67,0,0.207,40
851,-1.09,0,0.83,50
3669,0.91,1,0.206,38
852,-1.17,0,0.829,31
3670,-0.82,0,0.206,49
853,-1.2,0,0.829,54
3671,-0.9,0,0.206,40
854,-1.0,0,0.829,36
3672,0.96,1,0.206,8
855,-0.9,0,0.828,29
3673,-0.78,0,0.205,35
856,-0.79,0,0.828,28
857,-1.07,0,0.828,58
3674,0.27,0,0.205,69
858,-0.73,0,0.828,16
3675,0.95,1,0.205,10
859,-0.66,0,0.827,25
860,-0.54,0,0.827,19
3676,-0.69,0,0.204,31
3677,-0.62,0,0.204,20
3678,-0.56,0,0.204,30
861,-1.01,0,0.827,55
3679,0.81,1,0.204,28
3680,0.95,1,0.204,21
863,-1.13,0,0.826,40
864,-0.69,0,0.826,22
3681,-0.65,0,0.203,31
865,0.85,1,0.826,17
866,-0.51,0,0.826,4
3682,0.89,1,0.203,53
867,-1.05,0,0.826,41
868,-0.56,0,0.826,10
3683,-0.54,0,0.203,19
869,-0.95,0,0.825,33
870,-0.68,0,0.825,15
3684,0.85,1,0.202,44
3685,-0.51,0,0.202,6
871,-0.88,0,0.825,22
872,0.84,1,0.825,21
3686,-0.76,0,0.202,48
873,-0.54,0,0.825,22
874,-0.79,0,0.825,27
875,0.6,0,0.824,18
3687,-0.77,0,0.202,47
876,0.94,1,0.824,4
877,-0.83,0,0.824,20
3688,-0.62,0,0.201,31
3689,0.95,1,0.201,9
878,0.82,1,0.824,41
3690,0.67,0,0.201,49
3691,-0.53,0,0.201,12
879,-1.17,0,0.823,61
3692,-0.52,0,0.201,13
880,0.53,0,0.823,42
3693,-0.78,0,0.2,51
3694,-0.55,0,0.2,4
881,-0.78,0,0.823,30
3695,-0.62,0,0.2,13
3696,0.97,1,0.2,7
882,0.81,1,0.823,13
883,-0.68,0,0.823,18
3697,0.71,0,0.2,31
884,-1.03,0,0.822,36
3698,-0.54,0,0.2,34
885,-0.81,0,0.822,23
886,-0.77,0,0.822,28
3699,0.83,1,0.199,48
887,-0.87,0,0.822,29
888,-0.64,0,0.821,17
3700,0.83,1,0.199,37
889,0.44,0,0.821,39
3701,0.93,1,0.199,28
890,-0.9,0,0.821,33
3702,-0.74,0,0.198,39
891,0.64,0,0.821,31
892,-0.73,0,0.821,13
3703,0.87,1,0.198,27
893,-0.77,0,0.82,19
894,-0.56,0,0.82,4
3704,0.91,1,0.198,20
3705,-0.6,0,0.198,4
3706,0.94,1,0.198,11
895,-0.82,0,0.82,24
3707,0.73,0,0.198,34
896,-1.05,0,0.82,39
897,-0.82,0,0.82,22
3708,0.73,0,0.197,36
3709,0.83,1,0.197,22
898,0.56,0,0.819,44
3710,-0.53,0,0.197,11
899,-0.72,0,0.819,11
900,-0.63,0,0.819,15
901,-0.68,0,0.819,14
3711,-0.65,0,0.197,40
902,-0.72,0,0.819,13
3712,-0.92,0,0.196,43
903,-1.25,0,0.818,60
904,-0.74,0,0.818,20
905,-0.61,0,0.818,23
3713,0.74,0,0.196,43
906,-0.69,0,0.818,20
3714,-0.65,0,0.196,24
907,-0.67,0,0.818,20
3715,0.74,0,0.196,31
908,-1.13,0,0.817,65
3716,-1.25,0,0.195,80
909,-0.94,0,0.817,48
910,-0.78,0,0.817,20
3717,0.89,1,0.195,42
911,0.6,0,0.816,39
3718,-0.86,0,0.194,41
912,0.66,0,0.816,38
3719,0.81,1,0.194,36
913,-0.8,0,0.816,29
914,-0.87,0,0.816,22
915,-0.63,0,0.816,14
3720,-0.65,0,0.194,45
916,-0.87,0,0.815,37
917,-0.65,0,0.815,13
3721,-0.58,0,0.193,37
918,0.78,0,0.815,27
3722,0.9,1,0.193,28
919,-0.85,0,0.815,16
920,-0.66,0,0.815,10
921,0.88,1,0.815,15
3723,0.9,1,0.193,35
3724,-0.57,0,0.193,14
922,-0.97,0,0.814,39
923,-0.76,0,0.814,19
3725,0.98,1,0.193,28
924,-0.8,0,0.814,34
3726,-0.74,0,0.192,37
925,-0.66,0,0.814,18
926,-0.62,0,0.814,8
3727,-0.67,0,0.192,28
927,-1.05,0,0.813,44
3728,0.91,1,0.192,27
928,-0.89,0,0.813,29
929,-0.67,0,0.813,18
3729,0.73,0,0.192,49
3730,-0.61,0,0.191,10
3731,0.68,0,0.191,34
930,-1.12,0,0.813,51
931,-0.62,0,0.813,12
932,-0.79,0,0.812,31
3732,0.62,0,0.191,39
3733,-0.55,0,0.191,4
3734,-0.52,0,0.191,7
933,-1.03,0,0.812,47
3735,-0.74,0,0.191,28
3736,-0.54,0,0.191,6
934,-1.01,0,0.812,39
935,-0.61,0,0.811,21
3737,-0.82,0,0.19,45
936,-0.55,0,0.811,20
937,0.78,0,0.811,29
3738,-0.61,0,0.19,44
938,0.9,1,0.811,15
939,-0.74,0,0.811,14
940,-0.76,0,0.811,21
941,-0.67,0,0.811,17
3739,-1.12,0,0.189,88
942,-1.39,0,0.81,45
3740,0.95,1,0.189,12
943,0.67,0,0.81,23
3741,0.79,0,0.189,29
3742,0.86,1,0.189,18
944,-0.96,0,0.81,30
3743,-0.71,0,0.188,26
945,-0.82,0,0.809,36
946,0.95,1,0.809,8
3744,0.94,1,0.188,13
947,-0.74,0,0.809,17
3745,0.89,1,0.188,31
948,0.28,0,0.809,52
3746,-0.71,0,0.188,37
949,0.8,0,0.809,22
3747,-0.76,0,0.187,48
950,-1.33,0,0.808,47
951,-0.8,0,0.808,23
952,-0.57,0,0.808,11
953,-0.56,0,0.808,6
3748,0.83,1,0.187,42
3749,-0.57,0,0.187,16
954,-1.11,0,0.808,39
955,-0.76,0,0.808,20
3750,-0.67,0,0.187,47
3751,-0.58,0,0.186,20
956,-1.02,0,0.807,31
957,-0.93,0,0.807,40
3752,-0.79,0,0.186,47
958,-0.99,0,0.807,33
3753,-0.55,0,0.186,15
3754,0.85,1,0.186,38
959,-1.2,0,0.806,74
960,-0.52,0,0.806,7
3755,-0.67,0,0.185,51
961,-0.83,0,0.806,27
3756,-0.65,0,0.185,23
962,-0.79,0,0.806,26
963,-0.62,0,0.806,11
3757,0.81,1,0.185,18
964,-0.74,0,0.805,23
965,-0.7,0,0.805,18
966,-0.78,0,0.805,13
3758,0.84,1,0.184,59
967,-0.91,0,0.805,24
968,-0.66,0,0.805,15
3759,0.88,1,0.184,36
969,-0.93,0,0.804,46
970,-0.68,0,0.804,21
3760,0.94,1,0.184,49
3761,-0.53,0,0.184,12
971,-0.93,0,0.804,33
3762,0.96,1,0.184,15
972,-0.58,0,0.804,10
973,-0.65,0,0.804,5
3763,0.96,1,0.183,22
974,-0.87,0,0.804,16
975,-0.7,0,0.804,22
3764,0.74,0,0.183,32
976,-0.95,0,0.803,31
977,-0.54,0,0.803,6
3765,0.91,1,0.183,29
978,-0.85,0,0.803,22
979,-0.81,0,0.803,26
980,-0.72,0,0.803,23
3766,-0.94,0,0.182,71
981,-0.83,0,0.803,17
3767,-0.76,0,0.182,33
982,-0.95,0,0.802,35
983,-0.49,0,0.802,5
3768,0.76,0,0.182,36
3769,-0.65,0,0.182,31
3770,0.97,1,0.181,15
3771,-0.56,0,0.181,20
3772,-0.63,0,0.181,19
3773,-0.66,0,0.181,37
3774,0.84,1,0.181,19
3775,0.94,1,0.181,3
3776,-0.62,0,0.18,33
3777,-0.54,0,0.18,18
3778,-0.63,0,0.18,35
3779,-0.7,0,0.18,50
3780,-0.73,0,0.179,26
3781,-0.54,0,0.179,14
3782,-0.67,0,0.179,34
3783,-0.5,0,0.179,27
3784,-0.65,0,0.179,20
3785,-0.68,0,0.178,22
3786,0.68,0,0.178,48
3787,0.87,1,0.178,21
3788,0.79,0,0.178,34
3789,0.65,0,0.177,65
3790,-0.68,0,0.177,34
3791,-0.62,0,0.177,27
984,-0.91,0,0.802,44
3792,-0.8,0,0.176,49
985,-0.94,0,0.802,40
3793,0.81,1,0.176,42
3794,0.82,1,0.176,27
986,-0.85,0,0.801,45
987,-0.66,0,0.801,20
988,-0.69,0,0.801,20
3795,0.61,0,0.175,53
989,-0.71,0,0.801,17
3796,-0.81,0,0.175,26
990,-0.83,0,0.801,25
3797,-0.59,0,0.175,24
991,-0.86,0,0.8,30
992,-0.53,0,0.8,6
3798,0.82,1,0.175,33
993,-0.92,0,0.8,44
994,-0.56,0,0.8,5
3799,-0.66,0,0.174,41
995,-0.68,0,0.8,20
996,-0.64,0,0.8,23
3800,0.85,1,0.174,30
997,-0.72,0,0.799,25
3801,0.76,0,0.174,41
998,-0.89,0,0.799,35
3802,-0.56,0,0.174,8
999,-0.99,0,0.799,48
1000,-0.72,0,0.799,15
3803,0.94,1,0.173,50
1001,-0.66,0,0.799,18
3804,0.88,1,0.173,14
1002,-0.6,0,0.798,18
3805,-0.59,0,0.173,37
1003,-1.0,0,0.798,32
1004,-0.6,0,0.798,18
3806,-0.65,0,0.173,31
1005,0.83,1,0.798,12
1006,-0.78,0,0.798,27
3807,0.75,0,0.172,42
1007,-0.95,0,0.797,31
3808,0.97,1,0.172,23
1008,-1.26,0,0.797,35
1009,-0.49,0,0.797,5
3809,0.8,0,0.172,26
3810,-0.5,0,0.172,10
3811,-0.59,0,0.172,9
1010,-0.89,0,0.797,34
1011,-0.49,0,0.797,4
3812,0.96,1,0.172,13
1012,-0.53,0,0.797,8
1013,-0.83,0,0.797,18
3813,-0.79,0,0.171,46
1014,-0.75,0,0.796,36
1015,-0.92,0,0.796,36
3814,-0.73,0,0.171,46
1016,0.93,1,0.796,9
3815,0.86,1,0.171,28
1017,-0.83,0,0.796,27
3816,-0.49,0,0.171,23
1018,-0.93,0,0.796,26
3817,-0.63,0,0.17,29
1019,-0.87,0,0.795,28
1020,0.56,0,0.795,28
3818,0.86,1,0.17,36
3819,0.76,0,0.17,35
1021,-1.35,0,0.795,54
1022,-0.62,0,0.794,28
3820,-0.83,0,0.169,44
1023,-1.05,0,0.794,34
1024,-0.6,0,0.794,19
3821,-0.61,0,0.169,36
3822,0.92,1,0.169,18
1025,-1.03,0,0.794,49
1026,-0.75,0,0.793,23
1027,-1.23,0,0.793,55
1028,-0.66,0,0.793,28
1029,-1.05,0,0.792,44
1030,-0.54,0,0.792,7
1031,0.81,1,0.792,17
1032,-0.88,0,0.792,32
1033,-0.73,0,0.792,13
1034,-0.6,0,0.792,15
1035,-1.01,0,0.791,44
1036,-0.6,0,0.791,15
1037,-0.69,0,0.791,21
1038,-0.62,0,0.791,24
1039,-0.66,0,0.791,23
1040,-0.72,0,0.791,19
1041,-0.88,0,0.79,25
1042,-0.65,0,0.79,26
1043,-0.86,0,0.79,20
1044,-0.89,0,0.79,26
1045,0.86,1,0.79,22
1046,-0.67,0,0.79,15
1047,-0.83,0,0.789,12
1048,-0.97,0,0.789,42
1049,-0.83,0,0.789,25
1050,-0.86,0,0.789,32
1051,0.78,0,0.789,16
1052,-0.71,0,0.788,19
1053,-0.74,0,0.788,31
1054,-0.74,0,0.788,24
1055,-0.72,0,0.788,25
3823,0.68,0,0.169,33
1056,-1.23,0,0.787,44
1057,-0.64,0,0.787,14
3824,0.89,1,0.168,37
3825,0.9,1,0.168,29
1058,0.32,0,0.787,45
3826,0.88,1,0.168,37
1059,-0.79,0,0.787,33
3827,0.92,1,0.168,19
1060,-0.78,0,0.787,21
3828,-0.52,0,0.168,11
1061,0.85,1,0.786,18
3829,-0.63,0,0.167,25
1062,-0.97,0,0.786,38
3830,0.74,0,0.167,29
1063,0.8,0,0.786,25
1064,-0.79,0,0.786,28
3831,0.53,0,0.167,69
1065,-0.85,0,0.785,39
1066,-0.62,0,0.785,19
3832,0.82,1,0.166,31
1067,-0.83,0,0.785,19
1068,-0.84,0,0.785,18
3833,-0.58,0,0.166,23
1069,-0.68,0,0.785,23
1070,-0.75,0,0.785,26
3834,-0.74,0,0.166,43
3835,0.93,1,0.166,20
1071,-0.58,0,0.784,27
1072,-0.52,0,0.784,5
3836,-0.87,0,0.165,39
1073,-0.75,0,0.784,32
3837,0.9,1,0.165,3
1074,-0.63,0,0.784,27
1075,-0.68,0,0.784,11
3838,-0.65,0,0.165,43
1076,-0.79,0,0.784,21
1077,-0.7,0,0.783,10
1078,-0.81,0,0.783,31
3839,-0.74,0,0.165,58
1079,-0.67,0,0.783,20
1080,-0.75,0,0.783,16
3840,-0.56,0,0.164,27
1081,-0.77,0,0.783,27
3841,-0.6,0,0.164,30
3842,0.95,1,0.164,12
1082,-1.12,0,0.782,57
3843,-0.55,0,0.164,33
3844,-0.52,0,0.164,8
3845,-0.52,0,0.164,6
1083,-0.67,0,0.782,19
1084,-0.55,0,0.782,5
3846,-0.53,0,0.164,19
3847,0.93,1,0.164,4
1085,-0.67,0,0.782,24
3848,-0.64,0,0.163,20
1086,0.77,0,0.782,26
3849,0.92,1,0.163,25
3850,0.83,1,0.163,28
1087,-0.79,0,0.781,52
1088,-0.69,0,0.781,12
3851,-0.56,0,0.163,29
1089,0.77,0,0.781,16
3852,-0.56,0,0.163,15
1090,-0.81,0,0.781,38
1091,-0.62,0,0.781,13
3853,0.63,0,0.162,53
1092,-0.69,0,0.78,28
3854,0.83,1,0.162,42
1093,0.78,0,0.78,19
1094,-0.93,0,0.78,39
1095,-0.64,0,0.78,8
3855,0.78,0,0.161,44
3856,0.94,1,0.161,14
1096,-0.71,0,0.78,20
3857,-0.58,0,0.161,19
1097,-0.9,0,0.78,26
3858,1.0,1,0.161,29
1098,-0.7,0,0.779,22
1099,-0.69,0,0.779,25
3859,0.81,1,0.161,26
1100,-0.81,0,0.779,31
3860,-0.59,0,0.161,37
1101,-0.59,0,0.779,6
1102,0.62,0,0.779,29
3861,0.73,0,0.16,44
1103,-0.74,0,0.778,29
3862,-0.63,0,0.16,22
1104,-0.74,0,0.778,25
1105,-0.91,0,0.778,31
3863,-0.8,0,0.16,48
1106,-0.8,0,0.778,27
1107,-0.61,0,0.778,14
3864,0.62,0,0.159,41
1108,-0.6,0,0.777,26
3865,0.75,0,0.159,49
1109,-1.13,0,0.777,56
3866,-0.68,0,0.159,41
1110,-0.88,0,0.777,36
3867,0.94,1,0.158,9
3868,-0.53,0,0.158,17
1111,-0.76,0,0.776,33
3869,-0.6,0,0.158,21
1112,0.57,0,0.776,34
3870,0.91,1,0.158,20
1113,-0.88,0,0.776,27
1114,-0.52,0,0.776,6
3871,-0.69,0,0.158,38
1115,-0.52,0,0.776,16
1116,-0.69,0,0.776,13
1117,-0.56,0,0.776,7
3872,0.79,0,0.157,32
1118,-0.76,0,0.775,24
1119,-0.52,0,0.775,7
3873,0.64,0,0.157,42
1120,-0.73,0,0.775,22
3874,-0.51,0,0.157,4
3875,0.94,1,0.157,3
1121,-0.71,0,0.775,15
1122,-0.71,0,0.775,12
3876,-0.68,0,0.157,28
3877,0.94,1,0.157,3
3878,0.95,1,0.157,10
3879,-0.5,0,0.157,5
1124,0.83,1,0.775,19
1125,-1.09,0,0.774,45
3880,0.56,0,0.156,71
1126,-1.17,0,0.774,58
3881,-0.63,0,0.156,51
3882,1.01,1,0.156,23
1127,0.3,0,0.773,56
1128,-0.73,0,0.773,19
3883,-0.89,0,0.155,39
1129,-0.82,0,0.773,37
3884,0.96,1,0.155,28
3885,0.8,0,0.155,27
1130,-0.65,0,0.773,39
3886,-0.53,0,0.155,21
1131,-0.88,0,0.772,43
3887,0.88,1,0.154,42
1132,0.54,0,0.772,32
1133,-0.66,0,0.772,17
1134,-0.71,0,0.772,28
3888,0.74,0,0.154,55
1135,-0.6,0,0.772,4
1136,-0.57,0,0.771,20
1137,-0.55,0,0.771,5
3889,-0.62,0,0.154,35
1138,-0.64,0,0.771,13
3890,0.94,1,0.153,26
1139,-0.89,0,0.771,38
3891,0.89,1,0.153,28
1140,-0.9,0,0.771,28
1141,-0.53,0,0.771,4
1142,-0.61,0,0.771,9
3892,0.95,1,0.153,45
1143,-0.87,0,0.771,19
1144,-0.62,0,0.77,21
1145,-0.82,0,0.77,26
3893,0.75,0,0.152,45
3894,0.97,1,0.152,31
1146,-0.8,0,0.77,40
3895,0.95,1,0.152,13
1147,-0.59,0,0.77,22
3896,0.97,1,0.152,15
3897,-0.55,0,0.152,11
1148,-0.74,0,0.769,36
1149,-0.79,0,0.769,23
3898,0.84,1,0.152,38
3899,-0.51,0,0.152,13
1150,-0.69,0,0.769,15
1151,-0.6,0,0.769,16
3900,0.94,1,0.151,17
3901,-0.56,0,0.151,12
1152,-0.8,0,0.769,20
1153,-0.73,0,0.769,15
1154,-0.63,0,0.769,21
3902,0.71,0,0.151,54
3903,0.9,1,0.151,19
1155,0.49,0,0.768,49
3904,-0.54,0,0.151,20
1156,-0.72,0,0.768,24
1157,-0.58,0,0.768,10
3905,-0.59,0,0.15,40
1158,0.65,0,0.768,29
1159,-0.54,0,0.768,7
3906,0.79,0,0.15,35
1160,0.73,0,0.767,27
3907,-0.56,0,0.15,17
1161,0.9,1,0.767,4
3908,-0.64,0,0.15,38
1162,-0.97,0,0.767,43
3909,-0.5,0,0.149,10
1163,-0.68,0,0.767,17
1164,-1.11,0,0.767,45
1165,-0.63,0,0.766,11
3910,0.7,0,0.149,58
1166,0.85,1,0.766,19
3911,0.97,1,0.149,26
1167,-0.66,0,0.766,18
1168,-0.76,0,0.766,13
1169,-0.62,0,0.766,10
3912,-0.71,0,0.148,40
1170,-0.59,0,0.766,22
1171,-0.81,0,0.766,17
3913,-0.65,0,0.148,23
1172,-0.68,0,0.766,13
3914,-0.78,0,0.148,27
1173,-0.63,0,0.765,21
1174,-0.76,0,0.765,29
1175,-0.69,0,0.765,11
3915,0.95,1,0.148,44
3916,-0.49,0,0.148,4
1176,-0.78,0,0.765,22
1177,-0.72,0,0.765,27
1178,-0.69,0,0.765,23
1179,-0.66,0,0.764,8
3917,0.42,0,0.147,72
3918,0.95,1,0.147,16
1180,-0.74,0,0.764,28
3919,-0.58,0,0.147,14
3920,0.94,1,0.147,3
1181,0.7,0,0.764,19
3921,-0.55,0,0.147,22
1182,-0.68,0,0.764,22
1183,-0.7,0,0.764,16
3922,0.96,1,0.147,20
3923,-0.7,0,0.146,39
1184,-1.01,0,0.763,45
3924,0.85,1,0.146,20
3925,-0.53,0,0.146,22
1185,-0.95,0,0.763,57
3926,-0.65,0,0.146,19
3927,0.84,1,0.146,29
1186,-0.89,0,0.763,41
1187,-0.61,0,0.762,20
3928,-0.48,0,0.145,19
3929,-0.53,0,0.145,16
3930,-0.57,0,0.145,10
3931,0.8,0,0.145,39
3932,0.69,0,0.144,53
3933,-0.49,0,0.144,4
3934,0.85,1,0.144,41
3935,-0.7,0,0.144,26
3936,0.96,1,0.144,15
3937,0.9,1,0.143,47
3938,0.85,1,0.143,52
3939,0.75,0,0.143,48
3940,0.95,1,0.143,4
3941,0.96,1,0.142,15
3942,0.81,1,0.142,48
3943,-0.72,0,0.142,50
3944,-0.54,0,0.141,20
3945,0.72,0,0.141,48
3946,0.72,0,0.141,51
3947,0.52,0,0.14,57
3948,0.84,1,0.14,50
1188,-0.92,0,0.762,40
1189,-0.7,0,0.762,13
3949,-0.68,0,0.14,39
3950,-0.72,0,0.139,21
1190,-0.84,0,0.762,39
3951,0.85,1,0.139,34
1191,-0.9,0,0.761,45
3952,0.82,1,0.139,24
1192,-0.6,0,0.761,21
1193,-0.63,0,0.761,17
3953,1.01,1,0.139,25
1194,-0.87,0,0.761,34
3954,0.56,0,0.138,55
3955,0.91,1,0.138,25
3956,0.95,1,0.138,3
1195,-1.01,0,0.76,61
3957,-0.66,0,0.138,20
1196,-0.61,0,0.76,22
1197,-0.61,0,0.76,4
3958,-0.7,0,0.138,21
1198,-0.96,0,0.76,44
3959,0.86,1,0.137,37
1199,-0.99,0,0.759,40
3960,-0.58,0,0.137,26
1200,-0.81,0,0.759,25
1201,-0.61,0,0.759,21
3961,-0.74,0,0.137,36
3962,0.9,1,0.137,16
1202,0.45,0,0.759,30
3963,-0.89,0,0.137,43
1203,-0.88,0,0.759,42
3964,0.97,1,0.136,14
1204,-0.75,0,0.758,20
1205,-0.55,0,0.758,13
1206,-0.55,0,0.758,6
3965,-0.7,0,0.136,40
1207,-0.89,0,0.758,30
3966,-0.53,0,0.136,15
1208,-0.62,0,0.758,13
3967,-0.56,0,0.136,16
1209,-0.59,0,0.758,15
3968,-0.63,0,0.136,9
1210,-0.74,0,0.758,15
3969,-0.56,0,0.136,18
1211,0.84,1,0.758,15
3970,-0.63,0,0.135,13
1212,-0.87,0,0.757,19
3971,-0.61,0,0.135,33
3972,-0.63,0,0.135,24
1214,0.73,0,0.757,33
1215,-0.55,0,0.757,5
3973,0.94,1,0.135,15
3974,0.98,1,0.135,19
1216,-0.74,0,0.757,38
3975,0.86,1,0.134,39
1217,0.56,0,0.756,24
1218,-0.66,0,0.756,12
3976,0.87,1,0.134,18
1219,-0.79,0,0.756,33
3977,0.78,0,0.134,43
1220,0.37,0,0.756,42
3978,-0.65,0,0.134,28
1221,-0.92,0,0.756,29
3979,-0.61,0,0.134,29
3980,-0.55,0,0.134,6
1222,-0.53,0,0.755,29
1223,-0.56,0,0.755,7
3981,0.85,1,0.133,36
1224,-0.97,0,0.755,50
1225,-0.55,0,0.755,22
3982,-0.73,0,0.133,47
1226,-0.74,0,0.754,37
1227,-0.61,0,0.754,17
3983,-0.67,0,0.132,62
1228,-0.68,0,0.754,17
1229,-0.54,0,0.754,9
3984,0.84,1,0.132,32
3985,-0.5,0,0.132,3
1230,-0.85,0,0.754,29
1231,-0.75,0,0.754,20
3986,0.85,1,0.132,33
1232,-0.73,0,0.753,25
3987,-0.7,0,0.132,23
1233,-0.57,0,0.753,8
1234,-0.64,0,0.753,6
3988,0.88,1,0.131,31
1235,-0.72,0,0.753,21
1236,-0.85,0,0.753,24
3989,-0.68,0,0.131,31
1237,0.57,0,0.753,30
3990,-0.71,0,0.131,38
3991,0.93,1,0.131,25
1238,-0.85,0,0.752,34
3992,0.91,1,0.131,15
1239,-0.86,0,0.752,53
3993,-0.59,0,0.13,31
3994,0.93,1,0.13,12
1240,-0.74,0,0.752,24
3995,0.85,1,0.13,17
1241,-0.78,0,0.752,34
3996,0.91,1,0.13,20
1242,-0.58,0,0.751,12
1243,-0.57,0,0.751,17
3997,0.88,1,0.13,29
1244,-0.72,0,0.751,17
3998,0.96,1,0.13,14
3999,0.96,1,0.129,19
1245,-0.77,0,0.751,27
1246,-0.86,0,0.751,38
1247,-0.84,0,0.751,18
1248,0.65,0,0.75,38
1249,0.66,0,0.75,27
1250,-0.69,0,0.75,26
1251,-0.68,0,0.75,15
1252,-1.06,0,0.749,52
1253,-0.58,0,0.749,9
1254,0.69,0,0.749,28
1255,0.68,0,0.749,17
1256,-1.14,0,0.749,39
1257,0.61,0,0.748,39
1258,0.08,0,0.748,65
1259,0.63,0,0.747,36
1260,0.9,1,0.747,12
1261,0.87,1,0.747,15
1262,-0.55,0,0.747,28
1263,0.78,0,0.747,20
1264,-0.83,0,0.747,33
1265,-0.97,0,0.746,43
1266,-0.8,0,0.746,38
1267,-0.75,0,0.746,32
1268,0.96,1,0.746,4
1269,-0.64,0,0.746,19
1270,-0.55,0,0.745,7
1271,-0.72,0,0.745,21
1272,-0.67,0,0.745,39
1273,-0.96,0,0.745,34
1274,-0.63,0,0.745,10
1275,-0.8,0,0.744,29
1276,-0.76,0,0.744,22
1277,-0.56,0,0.744,4
1278,0.68,0,0.744,15
1279,0.92,1,0.744,13
1280,-0.56,0,0.744,11
1281,0.86,1,0.744,6
1282,-0.58,0,0.744,25
1283,-0.93,0,0.743,32
1284,-0.56,0,0.743,6
1285,-0.62,0,0.743,13
1286,0.44,0,0.743,51
1287,-0.51,0,0.743,4
1288,0.83,1,0.743,16
1289,-0.94,0,0.742,27
1290,0.82,1,0.742,29
4000,0.84,1,0.129,39
1291,-1.0,0,0.742,27
4001,0.83,1,0.129,28
1292,-0.55,0,0.742,13
1293,0.71,0,0.742,28
4002,-0.62,0,0.129,28
4003,0.82,1,0.128,31
1294,-0.87,0,0.741,47
1295,-0.65,0,0.741,24
4004,-0.79,0,0.128,41
1296,-0.7,0,0.741,22
1297,-0.89,0,0.741,32
4005,-0.64,0,0.128,38
4006,-0.54,0,0.128,16
4007,-0.54,0,0.127,24
4008,-0.5,0,0.127,5
1298,-0.84,0,0.74,60
4009,-0.57,0,0.127,22
1299,-0.64,0,0.74,20
4010,0.96,1,0.127,16
4011,-0.55,0,0.127,13
1300,-0.7,0,0.74,26
4012,0.88,1,0.127,22
4013,-0.67,0,0.127,20
1301,-0.74,0,0.739,51
4014,0.92,1,0.127,19
1302,-0.84,0,0.739,22
1303,-0.57,0,0.739,6
4015,0.86,1,0.126,21
4016,0.85,1,0.126,32
1304,-0.75,0,0.739,47
4017,0.86,1,0.126,45
1305,-1.06,0,0.738,69
1306,-0.68,0,0.738,28
4018,-0.52,0,0.125,60
4019,-0.61,0,0.125,37
1307,0.49,0,0.738,50
4020,0.88,1,0.125,13
1308,-0.62,0,0.738,21
4021,-0.58,0,0.125,28
1309,-0.88,0,0.737,36
4022,-0.59,0,0.124,22
1310,-1.08,0,0.737,31
4023,-0.69,0,0.124,19
4024,0.88,1,0.124,14
4025,0.79,0,0.124,26
1311,-1.03,0,0.737,56
1312,-0.78,0,0.736,27
4026,-0.8,0,0.124,38
4027,-0.53,0,0.124,19
1313,-0.78,0,0.736,28
1314,-0.6,0,0.736,17
1315,0.92,1,0.736,11
4028,0.86,1,0.123,32
1316,-0.53,0,0.736,11
1317,-0.72,0,0.736,26
4029,-0.78,0,0.123,52
1318,-0.85,0,0.735,37
4030,0.91,1,0.123,43
1319,-0.66,0,0.735,28
1320,-0.53,0,0.735,10
1321,-0.63,0,0.735,9
4031,0.73,0,0.122,38
1322,-0.78,0,0.735,30
4032,-0.62,0,0.122,27
1323,-0.91,0,0.734,29
1324,-0.62,0,0.734,10
1325,-0.49,0,0.734,3
4033,0.87,1,0.122,38
1326,-0.65,0,0.734,17
4034,0.91,1,0.122,31
4035,0.95,1,0.121,4
1327,-0.92,0,0.734,37
1328,-0.65,0,0.734,20
4036,-0.61,0,0.121,24
4037,0.94,1,0.121,3
1329,-0.93,0,0.734,26
1330,-0.72,0,0.733,14
4038,0.94,1,0.121,46
1331,-1.16,0,0.733,38
4039,0.86,1,0.121,20
1332,-0.73,0,0.733,23
4040,-0.74,0,0.12,55
4041,0.93,1,0.12,21
1333,-1.16,0,0.733,56
4042,0.96,1,0.12,17
1334,0.73,0,0.732,20
1335,-0.54,0,0.732,11
4043,0.9,1,0.12,36
1336,-0.88,0,0.732,37
4044,0.82,1,0.12,21
1337,0.74,0,0.732,28
4045,0.87,1,0.119,40
1338,-0.64,0,0.732,25
4046,0.97,1,0.119,12
1339,-0.61,0,0.731,21
4047,0.97,1,0.119,22
1340,-0.64,0,0.731,24
4048,0.94,1,0.119,20
1341,-0.58,0,0.731,17
4049,-0.57,0,0.119,12
4050,-0.51,0,0.119,6
1342,0.79,0,0.731,34
1343,0.78,0,0.731,22
4051,0.81,1,0.118,63
1344,-0.71,0,0.731,19
1345,-0.67,0,0.73,23
4052,-0.62,0,0.118,33
1346,-0.67,0,0.73,12
4053,0.8,0,0.118,38
1347,-1.16,0,0.73,62
4054,-0.67,0,0.117,33
4055,0.88,1,0.117,15
1348,-0.92,0,0.729,40
4056,0.96,1,0.117,18
1349,-1.07,0,0.729,44
1350,-0.83,0,0.729,23
1351,0.7,0,0.729,24
4057,-0.75,0,0.116,75
1352,-0.52,0,0.729,7
4058,-0.55,0,0.116,19
1353,0.52,0,0.728,43
4059,0.88,1,0.116,38
1354,0.8,0,0.728,17
1355,-0.6,0,0.728,8
4060,0.83,1,0.116,28
4061,0.88,1,0.116,15
1356,0.66,0,0.728,31
1357,0.92,1,0.728,12
4062,0.98,1,0.116,13
1358,-0.65,0,0.728,19
4063,-0.63,0,0.115,16
1359,-0.64,0,0.728,13
4064,-0.59,0,0.115,16
1360,-0.68,0,0.727,10
4065,0.88,1,0.115,36
1361,-1.01,0,0.727,44
4066,0.84,1,0.115,30
1362,0.5,0,0.727,46
4067,0.84,1,0.115,29
1363,-0.8,0,0.726,41
4068,-0.63,0,0.114,31
1364,-0.67,0,0.726,20
4069,0.96,1,0.114,17
1365,-0.83,0,0.726,41
4070,0.77,0,0.114,47
1366,-0.87,0,0.726,48
4071,0.75,0,0.113,59
1367,0.36,0,0.725,40
1368,-0.78,0,0.725,16
4072,-0.6,0,0.113,36
4073,0.83,1,0.113,32
1369,0.41,0,0.725,51
1370,0.76,0,0.725,24
1371,-0.59,0,0.724,10
1372,0.8,0,0.724,26
4074,0.85,1,0.112,69
4075,-0.54,0,0.112,8
1373,-0.69,0,0.724,26
4076,0.92,1,0.112,20
1374,-0.76,0,0.724,19
1375,-0.6,0,0.724,4
4077,0.91,1,0.112,17
1376,-0.7,0,0.724,16
4078,0.95,1,0.112,27
1377,-0.82,0,0.723,41
4079,-0.55,0,0.112,25
4080,0.75,0,0.111,36
1378,-1.01,0,0.723,48
4081,-0.69,0,0.111,49
4082,0.82,1,0.111,24
4083,0.95,1,0.111,11
4084,0.9,1,0.111,5
4085,0.75,0,0.11,47
4086,-0.61,0,0.11,31
4087,0.91,1,0.11,29
4088,0.87,1,0.109,33
4089,-0.55,0,0.109,15
4090,-0.69,0,0.109,52
4091,-0.58,0,0.109,22
4092,0.94,1,0.109,14
4093,-0.66,0,0.108,36
4094,-0.6,0,0.108,10
4095,0.81,1,0.108,39
4096,0.91,1,0.108,27
4097,-0.49,0,0.108,4
4098,0.95,1,0.108,24
4099,-0.61,0,0.107,46
4100,0.88,1,0.107,35
4101,-0.56,0,0.107,38
4102,0.89,1,0.106,11
4103,-0.59,0,0.106,19
4104,0.94,1,0.106,22
4105,0.93,1,0.106,33
1379,-0.72,0,0.723,19
4106,0.89,1,0.106,39
1380,-0.68,0,0.723,18
4107,0.84,1,0.105,26
1381,-0.61,0,0.723,20
1382,-0.71,0,0.722,42
4108,-0.78,0,0.105,55
1383,-0.57,0,0.722,13
1384,-0.7,0,0.722,10
4109,0.76,0,0.105,46
1385,-0.87,0,0.722,36
4110,0.92,1,0.104,40
1386,-0.82,0,0.721,31
4111,0.95,1,0.104,28
1387,-1.08,0,0.721,41
4112,0.95,1,0.104,33
4113,0.89,1,0.103,35
1388,0.27,0,0.721,60
1389,-0.71,0,0.721,21
4114,-0.63,0,0.103,38
4115,-0.56,0,0.103,3
1390,-0.69,0,0.72,23
4116,0.96,1,0.103,12
4117,0.96,1,0.103,5
1391,-0.67,0,0.72,28
4118,0.77,0,0.103,22
1392,-0.85,0,0.72,26
1393,-0.86,0,0.72,27
4119,-0.56,0,0.103,46
1394,-0.64,0,0.72,22
4120,-0.64,0,0.102,25
1395,-1.07,0,0.719,44
4121,0.82,1,0.102,34
1396,0.75,0,0.719,29
4122,0.88,1,0.102,26
1397,-0.58,0,0.719,13
4123,0.96,1,0.102,14
1398,-0.66,0,0.719,22
4124,0.89,1,0.101,44
1399,-0.9,0,0.718,35
4125,-0.51,0,0.101,6
1400,-0.62,0,0.718,18
1401,0.71,0,0.718,28
4126,-0.56,0,0.101,49
1402,-0.67,0,0.718,23
1403,-0.76,0,0.718,29
4127,0.74,0,0.101,43
1404,-0.56,0,0.718,6
1405,-0.68,0,0.717,21
4128,0.82,1,0.1,41
1406,0.63,0,0.717,39
1407,-0.84,0,0.717,36
4129,0.88,1,0.1,45
4130,-0.49,0,0.1,4
1408,0.75,0,0.716,53
4131,-0.72,0,0.099,53
1409,-0.64,0,0.716,13
1410,-0.79,0,0.716,15
1411,-0.71,0,0.716,17
4132,-0.59,0,0.099,33
1412,0.74,0,0.716,15
4133,0.95,1,0.099,12
1413,0.78,0,0.716,21
4134,0.92,1,0.099,27
1414,0.59,0,0.715,40
4135,-0.61,0,0.099,30
1415,0.62,0,0.715,24
4136,-0.66,0,0.098,30
1416,-0.88,0,0.715,23
4137,0.69,0,0.098,36
1417,-0.98,0,0.715,27
1418,-0.63,0,0.715,22
4138,0.87,1,0.098,43
4139,-0.54,0,0.098,15
4140,0.95,1,0.098,4
1419,-0.01,0,0.714,70
4141,0.9,1,0.097,37
1420,0.69,0,0.714,28
4142,-0.57,0,0.097,34
1421,-0.65,0,0.714,16
4143,0.94,1,0.097,24
1422,-1.0,0,0.714,35
1423,-0.73,0,0.713,28
1424,0.83,1,0.713,37
1425,-0.7,0,0.713,11
1426,-0.81,0,0.713,21
1427,-0.69,0,0.713,22
1428,-1.02,0,0.712,36
1429,0.69,0,0.712,31
1430,-0.62,0,0.712,12
1431,-0.61,0,0.712,6
1432,-0.81,0,0.712,42
1433,-0.62,0,0.711,20
1434,-0.66,0,0.711,25
1435,-0.6,0,0.711,20
1436,-0.9,0,0.711,32
1437,-0.83,0,0.711,18
1438,-0.66,0,0.711,15
1439,-0.75,0,0.71,21
1440,-0.71,0,0.71,25
1441,-0.77,0,0.71,26
1442,0.84,1,0.71,24
1443,-0.71,0,0.71,26
1444,0.61,0,0.709,25
1445,-0.62,0,0.709,10
1446,-1.28,0,0.709,52
1447,0.7,0,0.708,49
1448,-0.62,0,0.708,36
1449,-0.86,0,0.708,40
1450,-0.98,0,0.707,49
1451,-0.73,0,0.707,26
1452,-0.54,0,0.707,14
1453,-0.51,0,0.707,8
1454,0.91,1,0.707,23
1455,-0.55,0,0.707,5
1456,-0.76,0,0.707,22
1457,0.18,0,0.706,59
1458,-0.86,0,0.706,39
1459,-0.94,0,0.706,30
1460,-0.91,0,0.705,32
1461,-0.99,0,0.705,29
1462,-0.92,0,0.705,46
1463,-1.04,0,0.705,28
1464,-0.67,0,0.705,14
1465,-0.97,0,0.704,33
1466,-0.76,0,0.704,21
1467,-1.11,0,0.704,63
1468,0.3,0,0.703,39
1469,-0.64,0,0.703,22
1470,-0.8,0,0.703,43
1471,-0.75,0,0.703,25
1472,-0.7,0,0.702,23
1473,0.82,1,0.702,19
1474,-0.72,0,0.702,28
1475,-0.55,0,0.702,4
1476,-0.67,0,0.702,11
1477,-0.82,0,0.702,13
1478,-0.67,0,0.702,16
1479,-0.54,0,0.702,7
1480,-0.88,0,0.701,26
1481,0.84,1,0.701,13
1482,-0.73,0,0.701,14
1483,-0.57,0,0.701,12
1484,-0.57,0,0.701,20
1485,-0.72,0,0.701,23
1486,-0.86,0,0.7,42
1487,-0.63,0,0.7,13
1488,-0.63,0,0.7,18
1489,0.68,0,0.7,33
1490,-0.88,0,0.7,38
1491,-0.63,0,0.7,12
1492,-0.64,0,0.699,10
1493,-0.9,0,0.699,14
1494,-0.58,0,0.699,5
1495,-0.66,0,0.699,24
1496,-0.7,0,0.699,12
1497,-1.08,0,0.699,66
1498,0.7,0,0.698,17
1499,-0.71,0,0.698,21
1500,-0.85,0,0.698,26
1501,-0.68,0,0.698,22
1502,0.4,0,0.697,45
1503,0.69,0,0.697,30
1504,-0.93,0,0.697,30
1505,0.52,0,0.697,36
1506,-0.91,0,0.696,30
1507,-0.5,0,0.696,18
1508,-0.97,0,0.696,38
1509,-0.66,0,0.696,9
1510,0.61,0,0.696,28
1511,-0.57,0,0.696,7
1512,-0.71,0,0.696,13
1513,-0.94,0,0.695,48
1514,-0.91,0,0.695,31
1515,0.75,0,0.695,38
1516,0.49,0,0.694,34
1517,-0.53,0,0.694,10
1518,-0.83,0,0.694,23
1519,-0.83,0,0.694,27
1520,-0.56,0,0.694,8
1521,0.83,1,0.694,14
4144,-13.68,0,0.084,1650
4145,-0.53,0,0.084,16
1522,-1.18,0,0.693,50
4146,0.92,1,0.083,30
1523,-0.58,0,0.693,10
4147,0.95,1,0.083,14
1524,-0.69,0,0.693,21
1525,-0.59,0,0.693,17
1526,-0.65,0,0.693,10
4148,0.93,1,0.083,38
4149,0.82,1,0.083,31
1527,-0.87,0,0.692,53
1528,-0.77,0,0.692,17
4150,0.78,0,0.082,41
4151,0.97,1,0.082,17
1529,0.74,0,0.692,40
4152,0.84,1,0.082,37
1530,0.52,0,0.692,58
4153,0.73,0,0.082,58
1531,-0.75,0,0.691,35
4154,0.98,1,0.081,45
4155,0.98,1,0.081,10
4156,0.95,1,0.081,13
4157,0.9,1,0.081,30
1532,-1.3,0,0.69,109
4158,-0.54,0,0.081,14
1533,-0.65,0,0.69,21
1534,-0.66,0,0.69,20
4159,-0.56,0,0.08,48
1535,-0.98,0,0.69,39
4160,-0.58,0,0.08,37
1536,0.46,0,0.689,43
4161,0.86,1,0.08,28
1537,-0.6,0,0.689,12
4162,0.96,1,0.08,14
4163,0.94,1,0.079,32
1538,-1.09,0,0.689,51
4164,0.83,1,0.079,31
1539,-0.79,0,0.689,36
4165,-0.57,0,0.079,34
1540,-0.8,0,0.688,36
4166,0.89,1,0.079,49
1541,-0.92,0,0.688,40
4167,-0.72,0,0.078,36
1542,-1.0,0,0.688,48
4168,0.97,1,0.078,24
1543,-0.68,0,0.687,23
1544,-0.89,0,0.687,37
4169,0.59,0,0.078,56
1545,0.85,1,0.687,15
1546,0.79,0,0.687,18
1547,-0.89,0,0.687,34
4170,0.77,0,0.077,60
4171,0.95,1,0.077,24
4172,0.88,1,0.077,21
1548,0.25,0,0.686,57
4173,0.92,1,0.077,26
1549,-0.8,0,0.686,24
4174,-0.52,0,0.076,18
1550,-0.79,0,0.686,23
4175,-0.67,0,0.076,26
1551,-0.73,0,0.686,24
1552,0.67,0,0.686,16
4176,-0.54,0,0.076,25
1553,-0.77,0,0.685,24
4177,0.89,1,0.076,25
4178,0.94,1,0.076,26
1554,-0.78,0,0.685,44
4179,0.96,1,0.075,29
1555,-0.84,0,0.685,36
4180,0.97,1,0.075,18
1556,0.59,0,0.684,36
1557,-0.6,0,0.684,15
1558,-0.77,0,0.684,24
4181,0.76,0,0.075,63
1559,-0.56,0,0.684,5
1560,-0.68,0,0.684,22
4182,0.97,1,0.074,36
1561,-0.93,0,0.684,39
4183,-0.59,0,0.074,27
4184,-0.73,0,0.074,50
4185,-0.52,0,0.074,13
4186,-0.6,0,0.073,39
4187,0.88,1,0.073,24
4188,0.95,1,0.073,10
4189,0.95,1,0.073,23
4190,0.93,1,0.073,25
4191,0.82,1,0.073,37
4192,-0.61,0,0.072,21
4193,0.69,0,0.072,55
4194,-0.63,0,0.072,43
4195,0.91,1,0.071,32
4196,-0.56,0,0.071,27
4197,0.83,1,0.071,30
4198,0.82,1,0.071,19
4199,0.89,1,0.07,36
4200,0.92,1,0.07,26
4201,-0.46,0,0.07,42
4202,0.8,0,0.07,33
4203,-0.54,0,0.069,20
4204,0.9,1,0.069,32
4205,-0.57,0,0.069,50
4206,0.88,1,0.069,33
4207,-0.64,0,0.068,30
1562,0.68,0,0.683,47
1563,0.77,0,0.683,15
4208,0.96,1,0.068,49
4209,-0.49,0,0.068,4
4210,0.95,1,0.068,22
1564,-1.31,0,0.682,76
1565,0.97,1,0.682,8
1566,-0.59,0,0.682,16
4211,0.78,0,0.067,48
4212,-0.48,0,0.067,28
1567,0.62,0,0.682,34
4213,-0.51,0,0.067,24
1568,-0.56,0,0.682,24
4214,0.89,1,0.067,21
1569,-0.91,0,0.681,46
4215,0.94,1,0.066,40
4216,0.96,1,0.066,10
1570,-0.97,0,0.681,54
1571,0.89,1,0.681,4
4217,-0.63,0,0.066,32
1572,-0.79,0,0.681,34
1573,-0.69,0,0.681,13
1574,-0.51,0,0.681,5
4218,0.97,1,0.066,40
4219,0.95,1,0.066,4
1575,-0.77,0,0.68,23
4220,-0.54,0,0.065,35
1576,-0.81,0,0.68,40
1577,-0.55,0,0.68,10
4221,-0.66,0,0.065,34
4222,-0.52,0,0.065,19
1578,-1.02,0,0.68,58
1579,0.8,0,0.679,20
4223,0.72,0,0.065,45
1580,-0.74,0,0.679,29
4224,0.87,1,0.064,35
1581,-0.86,0,0.679,40
4225,0.82,1,0.064,25
1582,-0.64,0,0.679,16
4226,0.93,1,0.064,17
1583,-0.6,0,0.679,12
1584,0.7,0,0.678,31
4227,0.94,1,0.064,52
1585,0.6,0,0.678,44
4228,-0.64,0,0.063,35
1586,-0.57,0,0.678,19
4229,0.95,1,0.063,15
4230,0.95,1,0.063,15
1587,-0.8,0,0.678,35
4231,0.96,1,0.063,30
4232,0.95,1,0.063,4
4233,0.84,1,0.063,24
1588,-0.96,0,0.677,51
1589,0.79,0,0.677,20
4234,0.86,1,0.062,39
1590,-0.91,0,0.677,29
1591,0.94,1,0.677,5
4235,-0.61,0,0.062,25
1592,-0.67,0,0.677,24
1593,-0.72,0,0.676,14
1594,-0.54,0,0.676,4
4236,0.87,1,0.062,52
1595,-0.94,0,0.676,34
4237,0.72,0,0.061,45
1596,-1.03,0,0.676,54
4238,0.94,1,0.061,20
1597,-0.8,0,0.676,24
4239,-0.63,0,0.061,14
4240,0.96,1,0.061,12
1598,-0.8,0,0.675,41
4241,0.81,1,0.061,31
1599,-0.61,0,0.675,24
4242,0.93,1,0.061,26
1600,-0.68,0,0.675,17
4243,0.74,0,0.06,22
1601,0.86,1,0.675,19
4244,-0.51,0,0.06,12
4245,0.93,1,0.06,13
1602,0.75,0,0.674,37
4246,0.82,1,0.06,21
1603,-0.66,0,0.674,23
4247,0.84,1,0.06,19
1604,-0.83,0,0.674,34
4248,0.99,1,0.06,43
1605,-0.89,0,0.674,32
4249,0.92,1,0.059,17
4250,0.9,1,0.059,23
1606,-0.81,0,0.673,39
1607,-0.75,0,0.673,8
4251,0.82,1,0.059,38
4252,0.95,1,0.059,19
1608,-0.86,0,0.673,63
4253,0.96,1,0.059,29
1609,-0.58,0,0.673,23
1610,-0.75,0,0.672,37
4254,0.78,0,0.058,66
1611,-0.81,0,0.672,28
4255,0.96,1,0.058,21
1612,-0.72,0,0.672,38
4256,-0.56,0,0.058,33
4257,-0.61,0,0.057,33
1613,-0.66,0,0.672,39
4258,0.82,1,0.057,16
1614,-0.83,0,0.671,46
4259,0.88,1,0.057,41
4260,-0.49,0,0.057,4
1615,-0.62,0,0.671,21
1616,-0.55,0,0.671,17
4261,0.86,1,0.057,29
4262,0.97,1,0.056,28
1617,0.31,0,0.67,58
4263,0.95,1,0.056,19
4264,-0.48,0,0.056,5
4265,0.96,1,0.056,11
1618,-0.77,0,0.67,31
4266,-0.69,0,0.056,27
1619,-0.66,0,0.67,35
4267,0.92,1,0.056,16
4268,-0.59,0,0.056,11
1620,-0.77,0,0.67,23
4269,0.94,1,0.056,16
1621,0.57,0,0.669,52
4270,0.88,1,0.055,44
1622,0.86,1,0.669,35
4271,0.83,1,0.055,31
1623,-0.74,0,0.669,27
1624,-0.85,0,0.669,24
4272,-0.64,0,0.055,52
1625,0.78,0,0.669,15
4273,-0.58,0,0.054,33
1626,0.55,0,0.668,35
4274,-0.58,0,0.054,28
4275,-0.54,0,0.054,5
1627,-0.98,0,0.668,39
1628,-0.59,0,0.668,8
1629,-0.66,0,0.668,19
4276,0.77,0,0.054,50
4277,0.96,1,0.054,21
1630,-0.78,0,0.667,52
4278,0.88,1,0.053,22
1631,-0.61,0,0.667,20
4279,0.93,1,0.053,26
1632,0.86,1,0.667,24
4280,-0.58,0,0.053,19
1633,-0.75,0,0.667,23
1634,-0.55,0,0.667,5
1635,-0.71,0,0.667,24
4281,0.77,0,0.053,42
1636,0.9,1,0.666,25
4282,-0.58,0,0.053,22
4283,0.89,1,0.052,19
1637,-0.81,0,0.666,28
1638,0.74,0,0.666,27
4284,0.79,0,0.052,35
4285,0.95,1,0.052,13
4286,0.88,1,0.052,33
1639,0.43,0,0.666,50
4287,0.96,1,0.052,9
1640,0.57,0,0.665,48
4288,0.88,1,0.051,45
4289,-0.55,0,0.051,24
1641,-0.67,0,0.665,36
4290,0.94,1,0.051,25
4291,0.92,1,0.051,23
1642,-0.98,0,0.665,44
4292,-0.57,0,0.051,18
1643,-1.0,0,0.664,49
1644,-0.65,0,0.664,13
1645,0.89,1,0.664,3
4293,0.89,1,0.05,52
1646,-0.66,0,0.664,16
4294,0.85,1,0.05,22
1647,0.3,0,0.663,54
1648,-0.74,0,0.663,15
1649,-0.6,0,0.663,23
1650,-0.74,0,0.663,36
1651,-0.74,0,0.663,44
1652,-0.73,0,0.662,34
1653,-0.73,0,0.662,30
1654,-0.57,0,0.662,6
1655,0.87,1,0.662,25
1656,-0.58,0,0.662,11
1657,-0.86,0,0.661,36
1658,0.58,0,0.661,25
1659,-0.86,0,0.661,32
1660,-0.66,0,0.661,12
1661,-0.79,0,0.661,28
1662,-0.89,0,0.66,37
1663,-0.85,0,0.66,42
1664,-0.75,0,0.66,17
1665,-1.12,0,0.659,50
1666,-0.64,0,0.659,20
1667,-0.54,0,0.659,13
1668,-0.77,0,0.659,19
1669,0.63,0,0.659,31
1670,-0.7,0,0.659,33
1671,-0.62,0,0.658,12
4295,0.91,1,0.05,39
4296,0.93,1,0.05,22
1672,-0.77,0,0.658,42
1673,-0.61,0,0.658,8
4297,-0.52,0,0.05,16
4298,-0.53,0,0.05,4
4299,0.9,1,0.05,23
1674,-0.87,0,0.658,35
1675,-0.64,0,0.658,9
4300,0.95,1,0.05,18
1676,0.9,1,0.658,21
4301,0.91,1,0.05,30
4302,0.96,1,0.05,14
1677,-0.92,0,0.657,42
4303,-0.57,0,0.05,25
1678,-0.63,0,0.657,30
1679,0.96,1,0.657,13
1680,-0.51,0,0.657,4
4304,-0.44,0,0.05,46
1681,-0.87,0,0.657,35
4305,0.81,1,0.05,25
1682,-0.7,0,0.656,16
1683,-0.68,0,0.656,24
1684,-0.54,0,0.656,3
4306,0.79,0,0.05,49
4307,-0.52,0,0.05,28
1685,0.23,0,0.656,63
1686,-0.78,0,0.656,25
4308,0.89,1,0.05,36
4309,0.91,1,0.05,19
4310,-0.53,0,0.05,23
1687,-1.29,0,0.655,70
4311,-0.65,0,0.05,34
1688,0.89,1,0.655,9
4312,0.85,1,0.05,24
1689,-0.75,0,0.655,30
1690,-0.64,0,0.654,24
4313,0.88,1,0.05,42
4314,0.91,1,0.05,17
1691,-0.79,0,0.654,48
4315,0.82,1,0.05,34
4316,-0.52,0,0.05,19
1692,-1.03,0,0.654,59
4317,0.94,1,0.05,22
1693,0.79,0,0.653,34
4318,-0.69,0,0.05,26
4319,-0.49,0,0.05,24
1694,-1.02,0,0.653,31
1695,0.87,1,0.653,30
4320,0.83,1,0.05,35
1696,-0.84,0,0.653,29
4321,-0.73,0,0.05,25
1697,-0.9,0,0.652,34
4322,0.92,1,0.05,31
4323,-0.54,0,0.05,3
4324,0.79,0,0.05,21
1698,0.56,0,0.652,60
4325,-0.63,0,0.05,31
4326,0.96,1,0.05,18
1699,-0.83,0,0.652,25
4327,-0.62,0,0.05,18
1700,-0.69,0,0.652,17
4328,0.9,1,0.05,30
1701,0.73,0,0.651,39
1702,0.78,0,0.651,14
4329,0.97,1,0.05,26
1703,0.91,1,0.651,10
4330,0.95,1,0.05,15
1704,-0.6,0,0.651,11
1705,-0.72,0,0.651,27
4331,-0.72,0,0.05,32
1706,-1.15,0,0.65,41
4332,0.97,1,0.05,36
4333,-0.53,0,0.05,5
1707,-1.02,0,0.65,38
4334,-0.57,0,0.05,28
4335,0.94,1,0.05,3
4336,0.94,1,0.05,3
1708,-0.59,0,0.65,9
4337,-0.78,0,0.05,38
1709,-1.03,0,0.65,48
4338,-0.53,0,0.05,8
4339,0.91,1,0.05,11
4340,0.95,1,0.05,10
1710,0.64,0,0.649,33
1711,-0.68,0,0.649,31
1712,-0.47,0,0.649,11
4341,-0.64,0,0.05,66
1713,-0.93,0,0.649,37
4342,-0.52,0,0.05,18
1714,-0.97,0,0.648,59
1715,-0.61,0,0.648,12
4343,-0.52,0,0.05,96
1716,0.81,1,0.648,28
1717,-0.7,0,0.648,21
4344,-0.61,0,0.05,34
1718,-0.9,0,0.648,29
1719,-0.69,0,0.648,16
4345,-0.53,0,0.05,32
4346,0.99,1,0.05,16
1720,-0.63,0,0.647,29
4347,-0.6,0,0.05,30
1721,-0.67,0,0.647,18
1722,-0.51,0,0.647,8
1723,-0.64,0,0.647,26
4348,0.74,0,0.05,58
1724,-0.86,0,0.647,40
4349,0.98,1,0.05,27
1725,-0.67,0,0.646,27
1726,0.66,0,0.646,35
1727,-0.54,0,0.646,7
4350,0.92,1,0.05,58
1728,-0.78,0,0.646,47
4351,-0.51,0,0.05,64
4352,0.97,1,0.05,8
4353,0.88,1,0.05,20
1729,-1.18,0,0.645,65
4354,-0.54,0,0.05,21
4355,0.91,1,0.05,25
1730,-0.73,0,0.645,40
1731,-0.98,0,0.645,37
4356,-0.78,0,0.05,46
4357,0.85,1,0.05,20
1732,0.63,0,0.644,40
1733,-0.78,0,0.644,20
4358,-0.62,0,0.05,26
1734,0.79,0,0.644,30
4359,0.89,1,0.05,63
4360,0.95,1,0.05,11
4361,-0.55,0,0.05,30
4362,-0.5,0,0.05,26
4363,0.87,1,0.05,25
4364,-0.6,0,0.05,34
4365,0.81,1,0.05,37
4366,0.94,1,0.05,22
4367,0.95,1,0.05,20
4368,0.94,1,0.05,3
4369,0.95,1,0.05,10
4370,-0.63,0,0.05,30
4371,0.86,1,0.05,34
4372,-0.52,0,0.05,17
4373,-0.59,0,0.05,34
4374,-0.61,0,0.05,47
4375,0.94,1,0.05,32
4376,-0.88,0,0.05,67
4377,-0.55,0,0.05,6
4378,0.94,1,0.05,3
4379,-0.6,0,0.05,43
4380,0.89,1,0.05,22
4381,0.9,1,0.05,22
4382,0.91,1,0.05,31
4383,0.9,1,0.05,58
4384,0.87,1,0.05,30
1735,0.61,0,0.644,35
1736,-0.59,0,0.643,15
1737,0.94,1,0.643,3
1738,-0.58,0,0.643,11
4385,0.8,0,0.05,52
1739,-0.61,0,0.643,16
4386,-0.68,0,0.05,31
1740,0.7,0,0.643,27
4387,-0.59,0,0.05,34
1741,-1.05,0,0.643,42
4388,0.93,1,0.05,42
1742,-0.8,0,0.642,43
4389,0.82,1,0.05,29
1743,-0.76,0,0.642,38
4390,0.96,1,0.05,26
1744,-0.85,0,0.642,27
4391,0.91,1,0.05,35
1745,0.86,1,0.642,27
1746,-0.55,0,0.642,6
4392,0.96,1,0.05,18
4393,-0.63,0,0.05,32
1747,0.59,0,0.641,46
1748,-0.6,0,0.641,17
4394,0.93,1,0.05,32
4395,0.88,1,0.05,31
1749,0.47,0,0.641,53
4396,0.94,1,0.05,14
1750,-0.91,0,0.64,24
1751,0.94,1,0.64,3
4397,0.76,0,0.05,34
1752,-0.55,0,0.64,18
4398,-0.52,0,0.05,25
4399,0.8,0,0.05,33
1753,-0.82,0,0.64,44
4400,0.9,1,0.05,38
4401,-0.51,0,0.05,4
1754,-1.05,0,0.639,62
4402,0.91,1,0.05,22
1755,-0.75,0,0.639,18
1756,-0.58,0,0.639,8
4403,0.94,1,0.05,18
1757,-0.69,0,0.639,28
4404,0.92,1,0.05,29
1758,-0.99,0,0.639,43
4405,0.89,1,0.05,45
1759,-0.55,0,0.639,10
1760,-0.51,0,0.639,4
1761,-0.53,0,0.638,10
4406,0.95,1,0.05,19
1762,-0.85,0,0.638,41
4407,0.79,0,0.05,45
4408,0.94,1,0.05,21
1763,-1.17,0,0.638,57
4409,0.82,1,0.05,51
1764,-0.81,0,0.637,44
4410,0.92,1,0.05,24
1765,-0.61,0,0.637,32
4411,0.91,1,0.05,27
1766,-0.57,0,0.637,24
4412,0.98,1,0.05,14
1767,-0.96,0,0.637,34
4413,0.86,1,0.05,37
4414,-0.7,0,0.05,45
1768,-1.08,0,0.636,66
4415,0.89,1,0.05,30
1769,-0.71,0,0.636,25
4416,0.78,0,0.05,33
1770,-0.96,0,0.636,39
4417,0.75,0,0.05,33
1771,-0.71,0,0.635,14
4418,-0.59,0,0.05,36
1772,-0.87,0,0.635,45
4419,-0.54,0,0.05,21
1773,-0.87,0,0.635,26
1774,0.78,0,0.635,16
4420,0.93,1,0.05,29
1775,-0.73,0,0.635,22
1776,-0.51,0,0.635,6
4421,-0.63,0,0.05,35
1777,-0.78,0,0.634,33
4422,0.88,1,0.05,43
1778,-0.7,0,0.634,31
1779,-0.59,0,0.634,15
4423,0.9,1,0.05,38
1780,-0.63,0,0.634,26
4424,-0.54,0,0.05,12
4425,-0.68,0,0.05,50
1781,0.51,0,0.633,60
1782,-0.83,0,0.633,21
4426,-0.61,0,0.05,43
1783,-0.84,0,0.633,41
1784,-0.7,0,0.633,15
4427,0.99,1,0.05,31
1785,-0.6,0,0.632,18
4428,0.96,1,0.05,19
4429,0.92,1,0.05,28
1786,-0.67,0,0.632,37
1787,-0.94,0,0.632,28
4430,0.86,1,0.05,52
4431,0.9,1,0.05,20
1788,0.56,0,0.631,61
4432,-0.59,0,0.05,30
1789,-0.87,0,0.631,33
4433,-0.64,0,0.05,43
1790,-0.77,0,0.631,31
1791,-0.76,0,0.631,22
1792,-0.64,0,0.631,10
4434,0.81,1,0.05,43
1793,0.86,1,0.631,16
4435,-0.57,0,0.05,18
1794,-0.65,0,0.63,14
1795,-0.73,0,0.63,31
1796,0.96,1,0.63,4

4437,0.94,1,0.05,4
1797,0.75,0,0.63,20
1798,-0.51,0,0.63,6
1799,-0.78,0,0.63,15
4438,0.82,1,0.05,60
1800,-0.79,0,0.63,31
4439,-0.64,0,0.05,39
4440,0.96,1,0.05,10
1801,-0.74,0,0.629,41
1802,0.8,0,0.629,20
4441,0.82,1,0.05,35
1803,-0.88,0,0.629,39
1804,-0.7,0,0.629,16
4442,0.87,1,0.05,45
1805,-0.79,0,0.628,33
1806,-0.5,0,0.628,3
4443,-0.66,0,0.05,42
4444,-0.62,0,0.05,33
1807,-1.06,0,0.628,54
4445,0.97,1,0.05,12
4446,-0.5,0,0.05,3
1808,-0.54,0,0.628,11
4447,-0.55,0,0.05,5
1809,-0.52,0,0.628,14
1810,-0.71,0,0.628,36
1811,0.9,1,0.628,5
4448,0.7,0,0.05,61
4449,-0.52,0,0.05,30
1812,-1.01,0,0.627,53
4450,0.89,1,0.05,26
4451,0.92,1,0.05,22
1813,0.63,0,0.627,45
4452,-0.49,0,0.05,5
4453,0.82,1,0.05,40
1814,-0.82,0,0.626,45
1815,-0.66,0,0.626,18
1816,-0.95,0,0.626,35
4454,0.75,0,0.05,56
4455,0.92,1,0.05,22
1817,-0.64,0,0.626,28
4456,0.93,1,0.05,18
4457,0.9,1,0.05,26
1818,-0.77,0,0.625,44
4458,-0.54,0,0.05,12
1819,-0.5,0,0.625,7
1820,0.73,0,0.625,26
4459,0.95,1,0.05,35
1821,-0.55,0,0.625,11
1822,-0.56,0,0.625,11
4460,-0.62,0,0.05,25
1823,-0.85,0,0.625,31
4461,-0.53,0,0.05,31
1824,-0.69,0,0.625,22
4462,-0.66,0,0.05,26
1825,-1.17,0,0.624,41
4463,0.84,1,0.05,44
1826,-0.84,0,0.624,30
4464,-0.54,0,0.05,16
1827,0.76,0,0.624,23
4465,0.8,0,0.05,27
1828,0.87,1,0.624,22
1829,-0.6,0,0.623,17
1830,-0.56,0,0.623,16
4466,0.92,1,0.05,41
1831,-0.7,0,0.623,33
1832,-0.56,0,0.623,24
1833,-0.6,0,0.623,20
1834,-0.66,0,0.623,23
1835,-1.03,0,0.622,55
1836,-0.96,0,0.622,48
1837,0.94,1,0.622,9
1838,-0.72,0,0.621,20
1839,-0.65,0,0.621,22
1840,-1.09,0,0.621,63
1841,-0.62,0,0.621,23
1842,-0.59,0,0.621,11
1843,-0.59,0,0.62,21
1844,-0.56,0,0.62,11
1845,-0.89,0,0.62,36
1846,0.35,0,0.619,72
1847,-0.7,0,0.619,23
1848,0.52,0,0.619,49
1849,-0.96,0,0.619,47
1850,0.92,1,0.618,20
4467,0.95,1,0.05,11
1851,-0.72,0,0.618,28
4468,0.92,1,0.05,23
1852,-1.16,0,0.618,42
4469,0.84,1,0.05,37
1853,0.58,0,0.617,41
4470,0.78,0,0.05,39
1854,-1.08,0,0.617,50
4471,-0.57,0,0.05,38
1855,-0.77,0,0.617,21
4472,-0.57,0,0.05,25
4473,-0.54,0,0.05,3
4474,-0.53,0,0.05,30
1856,0.36,0,0.617,44
4475,0.85,1,0.05,20
1857,-0.72,0,0.616,28
4476,0.92,1,0.05,14
4477,0.96,1,0.05,6
4478,-0.64,0,0.05,15
1858,0.61,0,0.616,39
4479,0.87,1,0.05,22
1859,-0.98,0,0.616,50
4480,0.96,1,0.05,35
4481,0.94,1,0.05,33
1860,0.71,0,0.615,36
4482,0.95,1,0.05,26
1861,-0.63,0,0.615,22
4483,-0.5,0,0.05,6
1862,0.81,1,0.615,24
4484,-0.71,0,0.05,36
1863,0.82,1,0.615,25
4485,0.96,1,0.05,31
1864,0.63,0,0.614,47
4486,0.75,0,0.05,26
1865,-0.65,0,0.614,11
1866,-0.75,0,0.614,27
4487,0.9,1,0.05,50
4488,0.94,1,0.05,6
1867,-1.07,0,0.614,49
4489,-0.56,0,0.05,27
4490,0.95,1,0.05,5
1868,-0.88,0,0.614,13
4491,-0.51,0,0.05,6
1869,-0.7,0,0.613,18
4492,0.89,1,0.05,20
1870,-0.76,0,0.613,31
4493,-0.62,0,0.05,42
4494,0.94,1,0.05,12
1871,-0.73,0,0.613,29
4495,-0.55,0,0.05,40
1872,-0.98,0,0.613,39
1873,-0.76,0,0.613,20
1874,-0.56,0,0.612,4
1875,-0.83,0,0.612,34
4496,-0.62,0,0.05,85
1876,-1.15,0,0.612,48
4497,-0.54,0,0.05,27
1877,-0.61,0,0.612,20
4498,0.93,1,0.05,14
4499,0.94,1,0.05,26
1878,-0.82,0,0.611,36
4500,0.96,1,0.05,37
1879,-0.83,0,0.611,42
1880,-0.62,0,0.611,9
4501,0.96,1,0.05,13
1881,0.8,0,0.611,26
4502,-0.5,0,0.05,23
1882,-0.9,0,0.611,30
4503,0.86,1,0.05,44
1883,-0.54,0,0.61,16
1884,-1.06,0,0.61,42
1885,-0.69,0,0.61,25
1886,-0.51,0,0.61,4
4504,-0.71,0,0.05,88
1887,-0.92,0,0.61,35
4505,1.01,1,0.05,46
1888,-0.71,0,0.609,29
4506,0.94,1,0.05,16
1889,-0.77,0,0.609,36
1890,0.94,1,0.609,3
1891,0.69,0,0.609,14
4507,-0.62,0,0.05,53
1892,-0.54,0,0.609,15
1893,0.83,1,0.609,20
4508,0.64,0,0.05,43
1894,-0.78,0,0.608,24
1895,-0.74,0,0.608,18
1896,-0.57,0,0.608,3
1897,-0.69,0,0.608,23
4509,0.83,1,0.05,63
1898,-0.89,0,0.608,39
1899,-0.74,0,0.608,16
4510,0.96,1,0.05,42
4511,0.88,1,0.05,22
4512,0.92,1,0.05,19
1900,-0.78,0,0.607,50
4513,-0.54,0,0.05,11
1901,-0.65,0,0.607,25
4514,-0.67,0,0.05,44
1902,-0.79,0,0.607,39
4515,-0.62,0,0.05,23
1903,-0.76,0,0.607,33
1904,-0.58,0,0.606,12
4516,-0.61,0,0.05,36
1905,0.59,0,0.606,28
4517,-0.53,0,0.05,28
1906,-0.72,0,0.606,21
1907,0.94,1,0.606,3
4518,0.98,1,0.05,42
1908,-0.67,0,0.606,22
1909,0.71,0,0.606,18
1910,-0.62,0,0.606,16
4519,-0.75,0,0.05,54
1911,-0.79,0,0.605,39
4520,0.87,1,0.05,29
1912,-0.73,0,0.605,16
1913,-0.78,0,0.605,32
4521,-0.55,0,0.05,37
4522,-0.55,0,0.05,28
1914,-0.72,0,0.605,24
1915,-0.58,0,0.605,17
4523,0.98,1,0.05,28
1916,-0.6,0,0.604,11
4524,-0.58,0,0.05,9
4525,-0.55,0,0.05,13
1917,-0.95,0,0.604,34
4526,-0.55,0,0.05,31
4527,0.89,1,0.05,38
4528,0.89,1,0.05,53
4529,0.82,1,0.05,30
4530,-0.58,0,0.05,10
4531,-0.54,0,0.05,25
4532,-0.68,0,0.05,33
4533,0.82,1,0.05,48
4534,-0.56,0,0.05,20
4535,0.96,1,0.05,13
4536,-0.62,0,0.05,34
4537,-0.52,0,0.05,19
4538,-0.89,0,0.05,63
4539,-0.54,0,0.05,16
4540,-0.87,0,0.05,66
4541,0.82,1,0.05,41
4542,-0.7,0,0.05,54
4543,-0.54,0,0.05,15
4544,0.85,1,0.05,19
4545,0.95,1,0.05,11
4546,-0.63,0,0.05,35
4547,-0.6,0,0.05,33
4548,-0.82,0,0.05,39
4549,-0.53,0,0.05,24
4550,0.9,1,0.05,24
4551,-0.58,0,0.05,35
4552,-0.48,0,0.05,12
4553,0.91,1,0.05,21
4554,0.98,1,0.05,44
4555,0.97,1,0.05,12
4556,-0.6,0,0.05,27
4557,0.8,0,0.05,42
4558,0.86,1,0.05,34
1918,-0.93,0,0.604,38
1919,-0.6,0,0.604,10
4559,-0.7,0,0.05,41
4560,-0.64,0,0.05,9
4561,-0.52,0,0.05,5
1920,-0.86,0,0.604,43
4562,0.96,1,0.05,21
1921,-0.71,0,0.603,32
4563,-0.68,0,0.05,27
4564,0.89,1,0.05,23
1922,-0.85,0,0.603,47
4565,0.98,1,0.05,24
4566,-0.52,0,0.05,12
1923,-0.77,0,0.603,33
4567,-0.6,0,0.05,18
1924,-0.6,0,0.603,11
4568,-0.56,0,0.05,18
1925,0.59,0,0.602,32
4569,-0.69,0,0.05,39
1926,-0.55,0,0.602,29
4570,-0.5,0,0.05,6
4571,0.92,1,0.05,34
1927,0.48,0,0.602,49
4572,0.84,1,0.05,14
1928,0.89,1,0.602,3
4573,-0.54,0,0.05,4
1929,-0.76,0,0.601,30
4574,0.82,1,0.05,42
4575,-0.62,0,0.05,22
1930,-1.17,0,0.601,54
4576,-0.68,0,0.05,48
1931,0.61,0,0.601,43
4577,-0.6,0,0.05,24
4578,-0.5,0,0.05,5
1932,-0.83,0,0.6,29
1933,-0.64,0,0.6,27
4579,0.88,1,0.05,42
4580,-0.64,0,0.05,20
1934,-0.8,0,0.6,39
1935,0.88,1,0.6,14
4581,0.85,1,0.05,26
1936,-0.79,0,0.6,27
1937,0.92,1,0.599,19
4582,0.92,1,0.05,61
4583,-0.54,0,0.05,10
1938,-0.77,0,0.599,38
4584,0.83,1,0.05,26
1939,-0.57,0,0.599,26
4585,0.98,1,0.05,22
1940,-0.82,0,0.599,43
4586,-0.55,0,0.05,30
1941,-0.73,0,0.598,24
4587,0.92,1,0.05,28
4588,-0.67,0,0.05,29
1942,0.49,0,0.598,54
4589,0.83,1,0.05,27
1943,-0.78,0,0.598,19
1944,-0.6,0,0.598,11
1945,-0.61,0,0.598,6
4590,-0.69,0,0.05,33
4591,-0.57,0,0.05,23
1946,0.75,0,0.597,42
1947,-0.56,0,0.597,19
4592,0.89,1,0.05,26
4593,0.92,1,0.05,20
1948,-0.9,0,0.597,40
4594,0.92,1,0.05,27
1949,-0.82,0,0.597,41
4595,-0.7,0,0.05,37
1950,-0.8,0,0.596,23
4596,0.86,1,0.05,31
1951,-0.76,0,0.596,26
1952,0.82,1,0.596,26
1953,-0.63,0,0.596,15
1954,-0.62,0,0.596,6
1955,-0.6,0,0.596,16
1956,-0.61,0,0.595,18
4598,0.77,0,0.05,44
1957,-0.61,0,0.595,8
1958,-0.58,0,0.595,7
1959,-0.51,0,0.595,6
1960,-0.68,0,0.595,15
4599,0.81,1,0.05,51
1961,-0.86,0,0.595,39
4600,0.91,1,0.05,28
1962,-0.56,0,0.595,16
4601,0.93,1,0.05,18
1963,0.79,0,0.595,28
4602,0.94,1,0.05,14
4603,0.97,1,0.05,18
1964,-0.93,0,0.594,46
4604,0.82,1,0.05,45
1965,-0.84,0,0.594,25
4605,0.9,1,0.05,24
4606,0.95,1,0.05,4
1966,-0.71,0,0.594,25
1967,-0.9,0,0.594,34
4607,0.91,1,0.05,36
1968,-0.77,0,0.593,18
4608,0.85,1,0.05,29
1969,-0.69,0,0.593,22
1970,0.96,1,0.593,4
4609,0.87,1,0.05,36
1971,-0.71,0,0.593,35
4610,0.9,1,0.05,23
1972,-0.73,0,0.593,19
1973,-0.66,0,0.593,26
4611,0.9,1,0.05,39
1974,-0.79,0,0.592,43
4612,0.8,0,0.05,54
1975,-0.67,0,0.592,28
4613,0.9,1,0.05,20
1976,-0.94,0,0.592,30
1977,-0.7,0,0.592,24
4614,-0.59,0,0.05,35
1978,0.77,0,0.591,35
4615,0.88,1,0.05,40
1979,-0.53,0,0.591,8
1980,-0.76,0,0.591,25
4616,0.8,0,0.05,47
1981,-0.81,0,0.591,44
1982,-0.53,0,0.591,6
1983,0.76,0,0.59,16
4617,0.89,1,0.05,54
4618,0.85,1,0.05,29
1984,-0.93,0,0.59,35
1985,-0.78,0,0.59,28
4619,0.99,1,0.05,32
1986,-0.68,0,0.59,15
4620,0.92,1,0.05,34
1987,-0.71,0,0.59,27
1988,-0.56,0,0.59,19
4621,0.98,1,0.05,25
4622,-0.59,0,0.05,8
1989,0.7,0,0.589,34
4623,0.96,1,0.05,36
4624,-0.52,0,0.05,5
1990,-1.3,0,0.589,65
4625,0.88,1,0.05,42
1991,0.78,0,0.588,30
4626,0.95,1,0.05,32
1992,-0.75,0,0.588,25
1993,-0.76,0,0.588,21
4627,-0.62,0,0.05,65
1994,-0.8,0,0.588,23
1995,-0.68,0,0.588,14
4628,0.96,1,0.05,21
1996,-0.9,0,0.588,30
4629,0.9,1,0.05,44
1997,-0.88,0,0.587,48
4630,0.79,0,0.05,49
1998,-0.92,0,0.587,35
1999,-0.61,0,0.587,12
4631,0.97,1,0.05,28
2000,-0.62,0,0.587,14
4632,-0.6,0,0.05,50
4633,0.92,1,0.05,20
2001,0.18,0,0.586,87
4634,-0.52,0,0.05,24
2002,0.84,1,0.586,24
4635,0.92,1,0.05,29
2003,0.78,0,0.586,17
4636,0.91,1,0.05,31
2004,0.62,0,0.585,47
2005,-0.77,0,0.585,31
2006,-0.73,0,0.585,29
2007,-0.92,0,0.584,49
2008,0.72,0,0.584,37
2009,-0.64,0,0.584,32
2010,0.77,0,0.584,20
2011,0.74,0,0.584,18
2012,-0.64,0,0.584,12
2013,-0.93,0,0.583,61
2014,-0.57,0,0.583,16
2015,-0.64,0,0.583,19
2016,-0.68,0,0.583,27
2017,-0.64,0,0.582,15
2018,0.89,1,0.582,10
2019,-0.59,0,0.582,15
2020,-0.72,0,0.582,62
2021,0.67,0,0.582,31
2022,-0.54,0,0.581,27
2023,-0.74,0,0.581,26
2024,-0.78,0,0.581,26
2025,-0.63,0,0.581,25
2026,-0.91,0,0.58,43
2027,-0.52,0,0.58,5
2028,-0.68,0,0.58,11
2029,0.8,0,0.58,18
2030,-0.56,0,0.58,27
4637,0.81,1,0.05,63
4638,0.94,1,0.05,21
2031,-1.04,0,0.579,60
4639,-0.78,0,0.05,52
2032,0.81,1,0.579,28
4640,0.93,1,0.05,45
2033,-0.98,0,0.579,53
4641,0.95,1,0.05,23
4642,0.95,1,0.05,25
2034,0.51,0,0.578,43
4643,0.96,1,0.05,15
2035,-0.6,0,0.578,23
4644,-0.55,0,0.05,16
2036,-0.57,0,0.578,32
4645,0.99,1,0.05,40
2037,-0.55,0,0.578,15
2038,-0.78,0,0.578,22
4646,-0.59,0,0.05,33
4647,-0.51,0,0.05,4
2039,-0.83,0,0.577,38
4648,0.95,1,0.05,22
2040,-0.64,0,0.577,23
2041,-0.6,0,0.577,18
4649,0.87,1,0.05,45
2042,-0.75,0,0.577,24
4650,0.83,1,0.05,41
2043,-1.06,0,0.576,56
4651,0.91,1,0.05,44
2044,-0.62,0,0.576,19
4652,0.86,1,0.05,27
2045,-0.69,0,0.576,19
4653,0.9,1,0.05,37
4654,0.97,1,0.05,8
4655,-0.51,0,0.05,6
2046,-0.95,0,0.576,54
4656,0.9,1,0.05,26
4657,0.89,1,0.05,16
2047,0.54,0,0.575,44
2048,-0.57,0,0.575,23
4658,0.89,1,0.05,44
2049,-0.73,0,0.575,31
4659,0.93,1,0.05,25
2050,-0.73,0,0.575,23
2051,-0.6,0,0.575,22
4660,0.82,1,0.05,56
2052,-0.59,0,0.574,21
4661,-0.58,0,0.05,26
2053,-0.8,0,0.574,33
4662,0.92,1,0.05,21
2054,-0.59,0,0.574,14
2055,0.89,1,0.574,4
4663,-0.49,0,0.05,30
2056,0.63,0,0.574,38
2057,-0.77,0,0.574,19
4664,0.83,1,0.05,48
2058,-0.8,0,0.573,30
2059,0.94,1,0.573,3
4665,0.91,1,0.05,40
4666,-0.52,0,0.05,3
4667,-0.5,0,0.05,5
2060,-0.92,0,0.573,41
4668,-0.64,0,0.05,38
2061,0.84,1,0.573,23
4669,0.94,1,0.05,27
2062,0.52,0,0.572,39
2063,-0.56,0,0.572,6
4670,0.85,1,0.05,36
2064,-0.61,0,0.572,22
2065,-0.7,0,0.572,15
4671,0.87,1,0.05,41
2066,0.86,1,0.572,34
4672,0.84,1,0.05,42
4673,0.89,1,0.05,41
2067,-1.32,0,0.571,75
2068,-0.58,0,0.571,11
4674,0.89,1,0.05,36
2069,-0.97,0,0.571,48
2070,-0.73,0,0.571,22
4675,0.71,0,0.05,78
2071,-0.61,0,0.571,16
2072,-0.72,0,0.57,10
4676,-0.58,0,0.05,32
2073,-0.88,0,0.57,23
2074,0.8,0,0.57,28
4677,-0.5,0,0.05,44
2075,-0.95,0,0.57,35
4678,0.95,1,0.05,22
2076,-0.55,0,0.57,7
2077,-0.58,0,0.57,12
2078,-0.65,0,0.569,17
2079,-0.54,0,0.569,9
4679,0.96,1,0.05,47
2080,-0.7,0,0.569,24
4680,0.88,1,0.05,27
4681,-0.48,0,0.05,6
2081,-0.66,0,0.569,28
4682,0.9,1,0.05,38
2082,-0.72,0,0.569,36
2083,-0.84,0,0.568,44
4683,0.95,1,0.05,49
2084,-0.77,0,0.568,35
4684,-0.77,0,0.05,38
4685,0.94,1,0.05,11
2085,0.63,0,0.568,52
4686,0.95,1,0.05,39
4687,0.96,1,0.05,29
2086,0.29,0,0.567,57
4688,0.95,1,0.05,20
2087,-0.83,0,0.567,16
4689,0.91,1,0.05,27
4690,0.97,1,0.05,35
2088,-0.79,0,0.567,48
4691,-0.51,0,0.05,6
2089,-0.8,0,0.566,35
4692,0.96,1,0.05,31
4693,0.93,1,0.05,23
2090,0.6,0,0.566,39
4694,0.97,1,0.05,13
2091,0.62,0,0.566,37
4695,-0.5,0,0.05,42
4696,0.93,1,0.05,30
2092,-0.85,0,0.565,47
4697,-0.63,0,0.05,36
2093,-0.74,0,0.565,45
4698,-0.58,0,0.05,25
2094,0.87,1,0.565,29
4699,0.89,1,0.05,47
4700,0.97,1,0.05,35
4701,-0.55,0,0.05,41
4702,-0.54,0,0.05,24
4703,-0.62,0,0.05,34
4704,0.93,1,0.05,53
4705,0.91,1,0.05,30
4706,0.94,1,0.05,25
4707,0.96,1,0.05,52
4708,0.87,1,0.05,31
4709,0.89,1,0.05,50
4710,0.9,1,0.05,53
4711,0.94,1,0.05,35
4712,0.86,1,0.05,53
4713,0.99,1,0.05,18
4714,0.9,1,0.05,29
4715,0.89,1,0.05,36
4716,0.94,1,0.05,32
2095,0.6,0,0.565,42
2096,-0.62,0,0.564,14
4717,0.86,1,0.05,33
2097,0.78,0,0.564,18
2098,-0.53,0,0.564,5
2099,-0.62,0,0.564,16
4718,0.82,1,0.05,40
4719,0.95,1,0.05,14
2100,-0.77,0,0.564,19
2101,-0.72,0,0.564,20
4720,-0.55,0,0.05,30
2102,-0.81,0,0.563,43
4721,0.71,0,0.05,51
2103,-0.64,0,0.563,25
4722,0.96,1,0.05,19
2104,-0.65,0,0.563,19
2105,-0.5,0,0.563,3
4723,0.66,0,0.05,44
2106,-0.68,0,0.563,20
2107,-0.63,0,0.563,18
2108,-0.74,0,0.563,23
4724,0.91,1,0.05,43
2109,0.94,1,0.563,3
2110,-0.75,0,0.562,35
4725,-0.71,0,0.05,64
2111,-1.02,0,0.562,43
2112,-0.58,0,0.562,8
4726,0.83,1,0.05,29
2113,-0.93,0,0.562,33
4727,-0.66,0,0.05,39
2114,0.86,1,0.561,17
4728,0.96,1,0.05,13
4729,0.99,1,0.05,18
2115,-0.73,0,0.561,34
2116,-0.77,0,0.561,27
4730,0.89,1,0.05,30
2117,-0.56,0,0.561,3
4731,-0.52,0,0.05,15
4732,-0.49,0,0.05,6
2118,-0.78,0,0.561,31
4733,0.98,1,0.05,25
4734,0.82,1,0.05,18
2119,-0.78,0,0.56,37
2120,-0.67,0,0.56,25
4735,0.91,1,0.05,58
2121,-1.03,0,0.56,64
4736,-0.57,0,0.05,32
2122,-0.65,0,0.56,30
4737,0.99,1,0.05,29
2123,0.71,0,0.559,28
4738,0.91,1,0.05,29
2124,-0.56,0,0.559,8
4739,0.94,1,0.05,20
4740,0.95,1,0.05,10
2125,-0.87,0,0.559,31
2126,-0.61,0,0.559,34
4741,0.85,1,0.05,43
4742,-0.53,0,0.05,13
2127,-0.63,0,0.559,27
4743,0.92,1,0.05,18
2128,0.53,0,0.558,43
4744,0.89,1,0.05,42
4745,0.92,1,0.05,30
2129,-0.83,0,0.558,45
2130,0.88,1,0.558,18
4746,0.91,1,0.05,34
4747,0.93,1,0.05,20
2131,-0.8,0,0.557,29
4748,0.96,1,0.05,17
2132,-0.66,0,0.557,25
4749,-0.66,0,0.05,20
2133,0.72,0,0.557,36
4750,0.84,1,0.05,47
2134,-0.79,0,0.557,42
4751,0.84,1,0.05,29
2135,-0.86,0,0.556,39
4752,0.98,1,0.05,47
2136,-0.89,0,0.556,28
2137,0.94,1,0.556,5
2138,-0.51,0,0.556,6
4753,-0.67,0,0.05,33
2139,-0.73,0,0.556,28
2140,0.74,0,0.556,31
4754,0.92,1,0.05,57
2141,-0.66,0,0.555,19
4755,0.8,0,0.05,65
2142,0.66,0,0.555,45
4756,-0.51,0,0.05,25
2143,-0.67,0,0.555,27
4757,0.87,1,0.05,24
2144,-0.79,0,0.555,25
4758,0.93,1,0.05,12
4759,-0.52,0,0.05,17
2145,-1.03,0,0.554,44
4760,0.91,1,0.05,28
4761,0.93,1,0.05,16

4762,0.95,1,0.05,11
4763,0.94,1,0.05,11
2147,-0.74,0,0.554,26
2148,0.85,1,0.553,39
4764,0.86,1,0.05,48
4765,0.94,1,0.05,4
2149,-0.7,0,0.553,23
4766,0.91,1,0.05,35
2150,-0.68,0,0.553,24
2151,-0.65,0,0.553,19
2152,-0.48,0,0.553,7
4767,0.82,1,0.05,47
2153,0.58,0,0.553,36
4768,0.91,1,0.05,27
2154,-0.77,0,0.552,18
2155,0.84,1,0.552,16
4769,-0.57,0,0.05,39
2156,0.95,1,0.552,15
4770,0.97,1,0.05,22
2157,-0.73,0,0.552,21
2158,-0.63,0,0.552,31
4771,0.73,0,0.05,49
2159,-0.82,0,0.552,35
4772,0.91,1,0.05,31
2160,-0.66,0,0.551,22
4773,0.83,1,0.05,31
4774,0.95,1,0.05,12
2161,-1.09,0,0.551,45
4775,0.9,1,0.05,38
2162,-0.89,0,0.551,41
2163,-0.72,0,0.55,22
4776,0.97,1,0.05,28
4777,-0.67,0,0.05,36
2164,0.51,0,0.55,40
4778,-0.65,0,0.05,29
2165,0.62,0,0.55,42
4779,0.8,0,0.05,37
4780,-0.6,0,0.05,23
2166,-0.64,0,0.549,51
2167,-0.6,0,0.549,10
4781,0.94,1,0.05,23
2168,0.67,0,0.549,40
4782,-0.59,0,0.05,35
2169,-0.76,0,0.549,35
4783,-0.64,0,0.05,48
2170,-0.76,0,0.549,32
4784,0.92,1,0.05,36
4785,0.87,1,0.05,24
2171,-1.07,0,0.548,55
2172,-0.71,0,0.548,29
4786,-0.57,0,0.05,32
2173,-0.74,0,0.548,14
4787,-0.58,0,0.05,28
4788,-0.54,0,0.05,26
2174,-0.72,0,0.547,41
2175,-0.71,0,0.547,33
4789,0.95,1,0.05,35
2176,-0.49,0,0.547,3
4790,0.94,1,0.05,21
2177,-0.61,0,0.547,28
2178,-0.54,0,0.547,5
2179,-0.67,0,0.547,15
4791,-0.56,0,0.05,29
2180,-0.86,0,0.546,38
4792,0.81,1,0.05,33
2181,0.77,0,0.546,23
4793,0.97,1,0.05,26
2182,-0.72,0,0.546,17
4794,-0.51,0,0.05,17
4795,0.9,1,0.05,33

4796,0.99,1,0.05,14
4797,0.94,1,0.05,21
2184,0.65,0,0.546,40
2185,-0.87,0,0.545,38
2186,-0.63,0,0.545,18
2187,-0.49,0,0.545,4
2188,-0.5,0,0.545,4
2189,0.59,0,0.545,46
2190,-0.86,0,0.544,29
2191,-0.76,0,0.544,29
2192,0.77,0,0.544,17
2193,0.76,0,0.544,25
2194,0.78,0,0.544,24
2195,0.95,1,0.544,12
2196,-0.66,0,0.543,23
2197,-0.63,0,0.543,8
2198,-0.5,0,0.543,3
2199,0.86,1,0.543,16
2200,-0.65,0,0.543,36
2201,0.86,1,0.543,19
2202,-0.78,0,0.542,60
2203,-0.98,0,0.542,53
2204,-0.55,0,0.542,16
2205,-0.76,0,0.542,18
2206,-0.72,0,0.542,9
2207,0.82,1,0.541,30
2208,-0.8,0,0.541,42
2209,0.7,0,0.541,14
2210,-0.75,0,0.541,28
2211,-0.67,0,0.54,25
2212,-0.81,0,0.54,34
2213,-0.7,0,0.54,13
4798,0.87,1,0.05,31
2214,0.67,0,0.54,29
4799,-0.72,0,0.05,52
4800,-0.49,0,0.05,5
2215,0.72,0,0.539,46
4801,-0.54,0,0.05,16
4802,-0.53,0,0.05,11
2216,-0.68,0,0.539,36
4803,-0.57,0,0.05,22
2217,-0.71,0,0.539,31
4804,0.96,1,0.05,38
2218,0.86,1,0.539,34
4805,0.92,1,0.05,33
4806,-0.55,0,0.05,21
2219,-0.79,0,0.538,46
4807,0.96,1,0.05,17
2220,-0.96,0,0.538,40
2221,-0.51,0,0.538,5
4808,0.93,1,0.05,40
2222,-0.8,0,0.538,30
2223,-0.51,0,0.538,14
4809,-0.57,0,0.05,33
4810,-0.49,0,0.05,4
2224,0.89,1,0.537,14
4811,-0.53,0,0.05,26
2225,-0.68,0,0.537,28
4812,0.92,1,0.05,40
2226,-0.8,0,0.537,40
2227,-0.49,0,0.537,4
2228,-0.6,0,0.537,18
4813,0.93,1,0.05,40
2229,0.83,1,0.537,28
4814,0.92,1,0.05,25
2230,-0.56,0,0.536,13
4815,0.96,1,0.05,18
2231,-0.98,0,0.536,29
4816,1.02,1,0.05,30
4817,0.93,1,0.05,21
2232,0.55,0,0.536,44
4818,0.93,1,0.05,18
4819,0.95,1,0.05,26
2233,-0.62,0,0.536,47
4820,0.82,1,0.05,39
4821,-0.5,0,0.05,17
2234,-0.85,0,0.535,54
4822,-0.6,0,0.05,30
2235,-0.78,0,0.535,33
4823,0.89,1,0.05,24
2236,-0.66,0,0.535,30
4824,0.95,1,0.05,42
2237,-0.83,0,0.534,47
4825,-0.56,0,0.05,22
2238,-0.59,0,0.534,17
4826,0.94,1,0.05,21
4827,-0.67,0,0.05,34
2239,-1.31,0,0.533,73
4828,0.88,1,0.05,61
2240,-0.99,0,0.533,47
4829,-0.58,0,0.05,26
2241,-0.72,0,0.533,30
4830,-0.52,0,0.05,17
4831,0.93,1,0.05,21
2242,-0.69,0,0.533,30
4832,0.87,1,0.05,26
2243,-0.57,0,0.532,27
4833,0.95,1,0.05,22
2244,-0.51,0,0.532,36
4834,0.93,1,0.05,32
4835,0.9,1,0.05,36
2245,0.36,0,0.532,74
4836,-0.59,0,0.05,39
4837,0.96,1,0.05,16
2246,-0.84,0,0.531,42
4838,0.96,1,0.05,28
2247,-0.86,0,0.531,34
4839,0.94,1,0.05,12
4840,-0.56,0,0.05,26
4841,1.01,1,0.05,22
2248,-0.81,0,0.531,58
4842,0.87,1,0.05,24
2249,-0.74,0,0.53,18
2250,-0.52,0,0.53,3
4843,0.87,1,0.05,26
2251,0.68,0,0.53,30
4844,0.8,0,0.05,43
4845,-0.53,0,0.05,24
2252,0.65,0,0.53,60
2253,-0.72,0,0.529,19
2254,0.94,1,0.529,3
4846,0.66,0,0.05,59
2255,0.8,0,0.529,50
4847,0.87,1,0.05,59
2256,-0.92,0,0.529,40
4848,-0.73,0,0.05,40
2257,0.39,0,0.528,38
2258,-0.64,0,0.528,26
4849,-0.59,0,0.05,50
2259,0.74,0,0.528,29
2260,-0.75,0,0.528,19
4850,0.91,1,0.05,36
4851,-0.66,0,0.05,27
2261,0.5,0,0.527,51
2262,-0.67,0,0.527,15
4852,-0.61,0,0.05,27
4853,-0.58,0,0.05,12
2263,-0.68,0,0.527,18
4854,0.85,1,0.05,33
2264,0.65,0,0.527,55
4855,-0.56,0,0.05,29
4856,0.93,1,0.05,14
2265,0.7,0,0.527,28
4857,0.97,1,0.05,16
2266,0.79,0,0.526,21
2267,-0.74,0,0.526,19
4858,0.87,1,0.05,25
4859,0.89,1,0.05,29
2268,-0.76,0,0.526,33
4860,0.95,1,0.05,30
2269,0.62,0,0.526,23
2270,0.98,1,0.526,22
4861,0.93,1,0.05,22
2271,-0.49,0,0.526,5
2272,-0.63,0,0.525,20
4862,-0.67,0,0.05,43
2273,-0.71,0,0.525,33
2274,-0.62,0,0.525,13
4863,0.93,1,0.05,33
4864,0.92,1,0.05,20
4865,0.79,0,0.05,33
4866,-0.55,0,0.05,33
4867,0.94,1,0.05,30
4868,-0.63,0,0.05,35
4869,-0.63,0,0.05,23
4870,1.01,1,0.05,30
4871,0.81,1,0.05,36
4872,0.89,1,0.05,45
4873,0.91,1,0.05,32
4874,-0.54,0,0.05,31
4875,-0.5,0,0.05,37
4876,0.95,1,0.05,21
4877,0.85,1,0.05,31
4878,-0.54,0,0.05,27
4879,-0.57,0,0.05,35
4880,-0.72,0,0.05,39
4881,0.81,1,0.05,42
4882,0.95,1,0.05,37
4883,-0.53,0,0.05,10
4884,0.98,1,0.05,29
2275,0.48,0,0.525,56
4885,0.94,1,0.05,17
2276,-0.81,0,0.524,40
4886,0.92,1,0.05,39
2277,-0.81,0,0.524,18
4887,-0.59,0,0.05,36
2278,0.76,0,0.524,28
4888,-0.53,0,0.05,11
2279,0.9,1,0.524,21
4889,-0.59,0,0.05,33
2280,-0.84,0,0.524,24
2281,0.74,0,0.523,32
4890,-0.64,0,0.05,40
4891,0.94,1,0.05,19
2282,0.66,0,0.523,35
4892,0.93,1,0.05,26
4893,0.95,1,0.05,3
2283,-0.73,0,0.523,33
2284,-0.56,0,0.523,3
2285,-0.49,0,0.523,10
4894,0.77,0,0.05,41
2286,-0.84,0,0.522,42
4895,0.87,1,0.05,35
2287,0.56,0,0.522,33
4896,0.87,1,0.05,34
2288,-0.61,0,0.522,19
4897,0.87,1,0.05,17
2289,-0.92,0,0.522,26
4898,0.91,1,0.05,30
2290,-0.75,0,0.521,28
4899,0.86,1,0.05,37
2291,0.79,0,0.521,21
4900,-0.54,0,0.05,14
4901,-0.51,0,0.05,4
4902,0.92,1,0.05,23
2292,0.56,0,0.521,42
4903,-0.58,0,0.05,31
2293,-0.72,0,0.521,32
4904,0.92,1,0.05,32
2294,-0.68,0,0.521,27
4905,0.94,1,0.05,16
2295,0.62,0,0.52,36
2296,-0.56,0,0.52,11
4906,0.73,0,0.05,49
2297,-0.62,0,0.52,14
4907,0.98,1,0.05,28
2298,-0.7,0,0.52,31
2299,-0.66,0,0.52,29
4908,-0.59,0,0.05,44
2300,-0.82,0,0.519,30
4909,-0.51,0,0.05,20
4910,0.8,0,0.05,25
2301,-0.84,0,0.519,50
4911,0.96,1,0.05,32
2302,0.94,1,0.519,3
4912,0.88,1,0.05,15
4913,-0.72,0,0.05,31
2303,-0.96,0,0.518,60
4914,0.91,1,0.05,29
4915,0.94,1,0.05,4
2304,0.46,0,0.518,52
4916,0.89,1,0.05,41
2305,-0.87,0,0.518,38
4917,0.93,1,0.05,34
4918,0.97,1,0.05,14
2306,0.8,0,0.518,23
4919,-0.52,0,0.05,21
2307,-0.77,0,0.517,37
4920,-0.62,0,0.05,32
2308,0.73,0,0.517,17
2309,-0.59,0,0.517,29
2310,-0.5,0,0.517,4
4921,-0.71,0,0.05,45
2311,0.86,1,0.517,16
2312,-0.67,0,0.517,23
4922,0.9,1,0.05,40
4923,-0.5,0,0.05,3
2313,0.74,0,0.516,21
4924,0.96,1,0.05,21
2314,-0.92,0,0.516,48
2315,-0.56,0,0.516,5
4925,0.82,1,0.05,52
2316,-0.69,0,0.516,20
4926,0.83,1,0.05,16
2317,-0.78,0,0.516,25
4927,-0.54,0,0.05,29
2318,-0.58,0,0.515,15
4928,-0.54,0,0.05,14
4929,0.94,1,0.05,16
2319,-0.84,0,0.515,29
2320,-0.66,0,0.515,19
2321,0.96,1,0.515,5
4930,0.9,1,0.05,35
4931,0.95,1,0.05,38
2322,0.49,0,0.515,47
2323,-0.67,0,0.515,8
4932,0.97,1,0.05,17
2324,-0.83,0,0.514,40
4933,0.82,1,0.05,48
4934,0.92,1,0.05,19
2325,-0.79,0,0.514,46
4935,0.92,1,0.05,29
4936,0.88,1,0.05,29
2326,0.3,0,0.514,55
4937,-0.54,0,0.05,17
4938,0.93,1,0.05,25
4939,0.87,1,0.05,38
2327,-0.97,0,0.513,70
4940,0.96,1,0.05,19
2328,0.68,0,0.513,35
2329,-0.9,0,0.512,25
2330,-0.72,0,0.512,18
2331,-0.99,0,0.512,18
4941,0.66,0,0.05,120
4942,0.96,1,0.05,15
2332,0.54,0,0.512,69
4943,0.9,1,0.05,33
2333,0.58,0,0.511,35
2334,-0.86,0,0.511,23
4944,0.9,1,0.05,39
4945,-0.55,0,0.05,22
4946,-0.51,0,0.05,5
2335,0.6,0,0.511,36
2336,0.77,0,0.511,28
4947,0.86,1,0.05,36
2337,-0.6,0,0.511,9
4948,0.86,1,0.05,32
2338,-0.85,0,0.51,27
4949,0.99,1,0.05,16
4950,0.89,1,0.05,33
2339,-0.8,0,0.51,46
4951,0.81,1,0.05,34
4952,0.94,1,0.05,8
2340,-0.94,0,0.51,47
2341,-0.71,0,0.509,26
4953,0.99,1,0.05,48
2342,0.75,0,0.509,27
2343,0.95,1,0.509,26
4954,0.87,1,0.05,42
2344,0.77,0,0.509,34
4955,0.92,1,0.05,35
2345,0.8,0,0.509,18
2346,-0.5,0,0.509,3
4956,0.76,0,0.05,66
2347,-1.0,0,0.508,56
2348,-0.57,0,0.508,12
2349,-0.74,0,0.508,28
2350,0.83,1,0.508,32
4957,0.6,0,0.05,92
2351,-0.66,0,0.507,23
4958,0.86,1,0.05,40
2352,0.62,0,0.507,38
4959,-0.53,0,0.05,12
4960,-0.49,0,0.05,5
2353,0.87,1,0.507,21
4961,0.9,1,0.05,34
2354,-0.69,0,0.507,19
4962,-0.51,0,0.05,4
4963,0.96,1,0.05,26
2355,-0.74,0,0.507,33
2356,-0.59,0,0.506,6
4964,0.94,1,0.05,31
4965,0.85,1,0.05,30
2357,-1.07,0,0.506,52
2358,-0.55,0,0.506,9
4966,-0.5,0,0.05,24
2359,0.78,0,0.506,29
4967,0.83,1,0.05,40
2360,0.9,1,0.506,17
4968,0.95,1,0.05,14
2361,0.76,0,0.505,20
4969,-0.52,0,0.05,12
2362,0.85,1,0.505,18
2363,0.65,0,0.505,27
2364,-1.22,0,0.505,75
2365,-0.66,0,0.504,18
2366,0.83,1,0.504,26
2367,-0.58,0,0.504,8
2368,0.53,0,0.504,59
2369,-0.8,0,0.503,45
2370,-0.54,0,0.503,12
2371,-0.6,0,0.503,10
2372,-0.79,0,0.503,35
2373,-0.55,0,0.503,4
2374,0.74,0,0.503,31
2375,-0.72,0,0.502,29
2376,-0.61,0,0.502,39
2377,-0.63,0,0.502,21
2378,-0.68,0,0.502,26
2379,-0.7,0,0.501,27
2380,0.7,0,0.501,47
2381,-0.61,0,0.501,27
2382,-0.5,0,0.501,3
2383,-0.61,0,0.501,21
2384,-0.61,0,0.5,23
2385,-0.59,0,0.5,4
2386,0.65,0,0.5,28
2387,0.74,0,0.5,25
4970,0.95,1,0.05,37
2388,-0.67,0,0.5,23
4971,0.92,1,0.05,21
2389,-0.81,0,0.5,18
2390,-0.54,0,0.5,18
4972,0.88,1,0.05,28
2391,-0.69,0,0.499,20
4973,0.9,1,0.05,34
4974,0.93,1,0.05,20
2392,0.47,0,0.499,57
4975,0.84,1,0.05,39
2393,-0.51,0,0.499,27
4976,-0.51,0,0.05,19
2394,-0.59,0,0.499,19
4977,0.95,1,0.05,14
2395,-0.68,0,0.498,13
4978,0.96,1,0.05,12
4979,0.97,1,0.05,10
2396,0.67,0,0.498,45
4980,0.87,1,0.05,29
4981,-0.49,0,0.05,5
4982,-0.56,0,0.05,7
4983,0.94,1,0.05,22
2397,-0.75,0,0.498,44
4984,-0.49,0,0.05,5
2398,-0.76,0,0.498,28
4985,0.93,1,0.05,30
2399,0.95,1,0.497,8
4986,0.95,1,0.05,10
2400,-0.58,0,0.497,9
4987,-0.51,0,0.05,5
2401,-0.59,0,0.497,7
4988,0.96,1,0.05,26
2402,-0.69,0,0.497,39
2403,-0.67,0,0.497,19
2404,-0.56,0,0.497,5
2405,-0.5,0,0.497,4
4989,0.87,1,0.05,47
2406,0.85,1,0.497,19
2407,0.96,1,0.497,16
2408,0.92,1,0.496,15
4990,0.93,1,0.05,56
4991,0.93,1,0.05,27
4992,-0.54,0,0.05,10
2409,-0.85,0,0.496,48
2410,-0.71,0,0.496,24
2411,-0.5,0,0.496,9
4993,-0.5,0,0.05,37
2412,-0.74,0,0.496,16
4994,0.91,1,0.05,31
2413,-0.98,0,0.495,48
4995,0.86,1,0.05,43
4996,0.92,1,0.05,41
2414,-0.96,0,0.495,58
2415,-0.59,0,0.495,4
2416,-0.49,0,0.495,12
4997,0.85,1,0.05,47

4998,-0.49,0,0.05,4
2418,-0.74,0,0.494,37
4999,0.85,1,0.05,40
2419,-0.78,0,0.494,22
5000,0.97,1,0.05,15
5001,-0.62,0,0.05,32
2420,-0.86,0,0.494,49
5002,0.88,1,0.05,42
2421,0.67,0,0.493,32
2422,-0.95,0,0.493,29
5003,0.82,1,0.05,47
5004,-0.58,0,0.05,17
5005,0.91,1,0.05,38
2423,-0.99,0,0.493,80
2424,-0.56,0,0.493,5
2425,-0.57,0,0.492,10
5006,0.84,1,0.05,57
5007,-0.52,0,0.05,14
5008,0.97,1,0.05,17
2426,0.5,0,0.492,55
5009,0.89,1,0.05,40
2427,0.6,0,0.492,50
2428,-0.7,0,0.491,25
5010,0.85,1,0.05,49
2429,-0.66,0,0.491,17
2430,0.83,1,0.491,20
5011,0.92,1,0.05,25
5012,0.86,1,0.05,33
2431,-0.77,0,0.491,35
2432,-0.54,0,0.491,21
5013,0.88,1,0.05,33
5014,0.93,1,0.05,22
2433,0.56,0,0.49,40
2434,-0.67,0,0.49,14
5015,0.82,1,0.05,39
2435,0.68,0,0.49,52
5016,0.82,1,0.05,44
2436,-0.77,0,0.49,18
5017,0.93,1,0.05,30
5018,-0.57,0,0.05,19
2437,0.69,0,0.489,48
5019,-0.6,0,0.05,13
2438,0.83,1,0.489,24
5020,0.74,0,0.05,49
2439,-0.61,0,0.489,43
5021,0.93,1,0.05,28
2440,-0.69,0,0.489,14
5022,0.94,1,0.05,24
2441,-0.61,0,0.489,20
2442,0.95,1,0.489,4
5023,0.95,1,0.05,13
2443,-0.65,0,0.488,15
5024,0.98,1,0.05,15
5025,0.97,1,0.05,13
2444,-0.65,0,0.488,28
5026,-0.59,0,0.05,38
2445,-0.84,0,0.488,35
5027,0.97,1,0.05,11
5028,-0.5,0,0.05,3
2446,-0.56,0,0.488,13
2447,-0.62,0,0.488,10
5029,0.88,1,0.05,24
2448,-0.78,0,0.488,27
5030,0.74,0,0.05,20
5031,0.84,1,0.05,20
2449,-0.79,0,0.487,42
5032,0.9,1,0.05,21
2450,0.79,0,0.487,19
5033,-0.52,0,0.05,21
5034,-0.49,0,0.05,5
2451,-0.75,0,0.487,41
5035,0.89,1,0.05,35
5036,0.85,1,0.05,14
2452,-0.92,0,0.486,43
5037,0.94,1,0.05,27
2453,-0.65,0,0.486,15
5038,0.95,1,0.05,19
2454,-0.59,0,0.486,19
5039,0.85,1,0.05,27
2455,-0.83,0,0.486,26
2456,0.94,1,0.486,3
5040,0.96,1,0.05,25
2457,-0.7,0,0.486,25
5041,0.83,1,0.05,33
5042,0.96,1,0.05,26
5043,0.93,1,0.05,28
5044,0.81,1,0.05,49
5045,-0.63,0,0.05,36
5046,0.95,1,0.05,17
5047,0.95,1,0.05,22
5048,-0.5,0,0.05,5
5049,0.82,1,0.05,27
5050,0.94,1,0.05,16
5051,0.74,0,0.05,54
5052,0.98,1,0.05,30
5053,0.91,1,0.05,34
5054,-0.54,0,0.05,13
5055,1.0,1,0.05,22
5056,0.73,0,0.05,38
5057,-0.49,0,0.05,5
5058,0.97,1,0.05,37
5059,0.96,1,0.05,18
5060,0.78,0,0.05,43
5061,0.89,1,0.05,38
5062,-0.7,0,0.05,34
5063,-0.52,0,0.05,20
5064,0.88,1,0.05,17
5065,0.9,1,0.05,22
2458,-0.7,0,0.485,43
5066,-0.5,0,0.05,5
5067,-0.53,0,0.05,16
5068,0.95,1,0.05,23
2459,-0.98,0,0.485,54
2460,-0.57,0,0.485,5
5069,0.87,1,0.05,22
5070,0.82,1,0.05,21
2461,0.75,0,0.485,38
5071,0.95,1,0.05,13
5072,-0.5,0,0.05,26
2462,-0.85,0,0.484,43
5073,0.76,0,0.05,22
2464,-0.67,0,0.484,25
5074,0.92,1,0.05,44
2465,0.7,0,0.484,25
2466,-0.5,0,0.484,5
5075,0.91,1,0.05,15
2467,-0.74,0,0.484,29
5076,-0.59,0,0.05,50
2468,-0.93,0,0.483,43
5077,0.88,1,0.05,25
2469,-0.67,0,0.483,24
2470,-0.49,0,0.483,4
5078,0.81,1,0.05,31
2471,-0.64,0,0.483,36
5079,0.91,1,0.05,33
2472,-0.67,0,0.483,21
5080,0.91,1,0.05,34
2473,-0.6,0,0.482,36
2474,-0.54,0,0.482,5
2475,-0.64,0,0.482,8
5081,-0.64,0,0.05,54
5082,-0.48,0,0.05,5
5083,-0.57,0,0.05,14
2476,0.7,0,0.482,35
5084,-0.55,0,0.05,10
2477,0.63,0,0.482,38
5085,0.89,1,0.05,40
2478,-0.67,0,0.481,23
2479,0.89,1,0.481,7
2480,-0.58,0,0.481,23
5086,0.79,0,0.05,44
5087,0.93,1,0.05,19
2481,-0.66,0,0.481,27
5088,0.93,1,0.05,19
2482,-0.64,0,0.481,18
2483,-0.5,0,0.481,3
5089,0.96,1,0.05,12
2484,-0.71,0,0.481,14
2485,-0.53,0,0.481,8
5090,0.99,1,0.05,20
2486,-0.62,0,0.48,20
5091,0.88,1,0.05,39
2487,0.65,0,0.48,33
2488,-0.58,0,0.48,7
2489,0.84,1,0.48,16
5092,0.82,1,0.05,40
2490,-0.58,0,0.48,31
5093,0.89,1,0.05,34
2491,-0.51,0,0.48,4
5094,-0.55,0,0.05,17
2492,-0.81,0,0.479,41
5095,-0.66,0,0.05,46
2493,0.8,0,0.479,21
5096,0.91,1,0.05,28
5097,0.94,1,0.05,31
5098,-0.54,0,0.05,4
2494,-1.18,0,0.479,74
5099,0.84,1,0.05,40
2495,-0.74,0,0.478,58
5100,0.9,1,0.05,30
5101,0.96,1,0.05,18
5102,0.82,1,0.05,39
2496,0.24,0,0.477,82
5103,0.94,1,0.05,27
5104,0.95,1,0.05,11
2497,-0.7,0,0.477,26
2498,-0.79,0,0.477,30
5105,0.49,0,0.05,72
2499,0.58,0,0.477,34
2500,0.82,1,0.477,19
5106,0.79,0,0.05,31
2501,0.72,0,0.476,30
5107,0.78,0,0.05,34
2502,-0.74,0,0.476,36
5108,0.78,0,0.05,33
5109,0.96,1,0.05,9
2503,0.58,0,0.476,52
2504,-0.49,0,0.476,6
5110,0.9,1,0.05,52
5111,0.95,1,0.05,15
2505,-0.77,0,0.476,21
2506,0.91,1,0.475,13
5112,0.84,1,0.05,26
5113,0.96,1,0.05,37
2507,0.4,0,0.475,52
2508,-0.65,0,0.475,38
5114,0.88,1,0.05,52
2509,-0.63,0,0.475,18
5115,0.92,1,0.05,33
2510,-0.86,0,0.474,47
5116,0.83,1,0.05,54
2511,-0.65,0,0.474,43
5117,0.95,1,0.05,17
5118,0.91,1,0.05,25
2512,0.62,0,0.474,38
5119,-0.6,0,0.05,11
2513,0.81,1,0.473,16
2514,-0.51,0,0.473,9
5120,0.85,1,0.05,46
2515,-0.82,0,0.473,35
5121,0.95,1,0.05,18
5122,0.94,1,0.05,20
2516,0.73,0,0.473,43
5123,0.96,1,0.05,20
2517,-0.82,0,0.472,25
5124,0.9,1,0.05,20
2518,0.8,0,0.472,30
5125,0.95,1,0.05,36
2519,-0.75,0,0.472,30
5126,0.9,1,0.05,49
2520,-0.76,0,0.472,32
5127,0.96,1,0.05,14
2521,0.79,0,0.472,14
5128,0.94,1,0.05,14
5129,0.91,1,0.05,26
2522,0.44,0,0.471,52
5130,0.91,1,0.05,41
5131,0.98,1,0.05,15
2523,-0.65,0,0.471,42
2524,-0.59,0,0.471,10
5132,0.94,1,0.05,29
2525,0.64,0,0.471,37
5133,0.83,1,0.05,37
5134,-0.53,0,0.05,17
5135,0.95,1,0.05,12
2526,-0.96,0,0.47,57
5136,0.79,0,0.05,48
2527,-0.94,0,0.47,49
5137,0.83,1,0.05,27
5138,0.93,1,0.05,17
5139,0.98,1,0.05,23
2528,-1.02,0,0.469,67
5140,0.91,1,0.05,33
2529,0.63,0,0.469,39
5141,0.86,1,0.05,46
2530,-0.66,0,0.469,21
2531,-0.69,0,0.469,18
5142,0.92,1,0.05,40
5143,0.95,1,0.05,10
2532,0.72,0,0.468,41
5144,0.96,1,0.05,25
2533,-0.54,0,0.468,19
2534,-0.72,0,0.468,22
5145,-0.61,0,0.05,34
5146,0.84,1,0.05,29
2535,0.51,0,0.468,43
5147,0.87,1,0.05,17
2536,-0.63,0,0.467,24
5148,0.94,1,0.05,27
5149,0.95,1,0.05,18
2537,0.55,0,0.467,43
2538,-0.51,0,0.467,12
5150,0.91,1,0.05,44
2539,-0.58,0,0.467,28
2540,0.66,0,0.466,31
5151,0.78,0,0.05,59
5152,-0.54,0,0.05,19
2541,-0.71,0,0.466,26
2542,-0.64,0,0.466,14
5153,0.92,1,0.05,27
2543,-0.62,0,0.466,23
2544,-0.65,0,0.466,12
2545,-0.82,0,0.465,52
2546,0.79,0,0.465,22
2547,-0.91,0,0.465,75
2548,0.73,0,0.465,23
2549,-0.73,0,0.464,29
2550,0.75,0,0.464,47
2551,-0.5,0,0.464,5
2552,-0.61,0,0.464,13
2553,0.8,0,0.464,20
2554,0.86,1,0.463,24
2555,-0.92,0,0.463,46
2556,-0.66,0,0.463,33
2557,0.9,1,0.463,26
2558,-0.67,0,0.462,14
2559,-0.68,0,0.462,17
2560,0.87,1,0.462,17
2561,-0.59,0,0.462,19
2562,0.8,0,0.462,24
2563,0.79,0,0.462,33
2564,-0.55,0,0.462,13
2565,0.88,1,0.461,25
2566,-0.63,0,0.461,26
2567,-0.7,0,0.461,15
2568,-0.73,0,0.461,26
5154,0.78,0,0.05,45
5155,0.97,1,0.05,11
2569,-0.74,0,0.46,40
2570,-0.72,0,0.46,41
5156,0.88,1,0.05,47
2571,-0.6,0,0.46,14
5157,0.97,1,0.05,22
5158,0.9,1,0.05,38
2572,-0.95,0,0.46,57
5159,0.92,1,0.05,26
2573,-0.75,0,0.459,28
5160,0.91,1,0.05,37
5161,0.96,1,0.05,19
2574,0.59,0,0.459,47
5162,-0.51,0,0.05,17
5163,0.98,1,0.05,24
5164,-0.48,0,0.05,5
2575,0.76,0,0.459,43
5165,0.93,1,0.05,27
2576,-0.67,0,0.458,25
5166,0.81,1,0.05,46
5167,0.95,1,0.05,3
2577,-0.79,0,0.458,41
2578,-0.89,0,0.458,33
5168,-0.55,0,0.05,32
2579,-0.89,0,0.458,39
5169,-0.71,0,0.05,54
2580,0.97,1,0.457,21
2581,-0.56,0,0.457,7
5170,-0.64,0,0.05,28
2582,0.87,1,0.457,16
5171,0.96,1,0.05,21
2583,-0.79,0,0.457,31
5172,0.95,1,0.05,11
2584,0.86,1,0.457,15
5173,0.91,1,0.05,44
2585,-0.58,0,0.457,30
5174,0.9,1,0.05,16
2586,-0.93,0,0.456,32
5175,0.88,1,0.05,45
2587,-0.71,0,0.456,34
5176,0.87,1,0.05,28
2588,0.93,1,0.456,25
5177,0.84,1,0.05,32
2589,-0.72,0,0.456,47
5178,-0.62,0,0.05,39
2590,0.73,0,0.455,36
5179,-0.59,0,0.05,29
2591,-0.67,0,0.455,26
5180,0.95,1,0.05,27
5181,0.82,1,0.05,32
2592,-0.89,0,0.455,55
5182,1.0,1,0.05,20
2593,0.74,0,0.454,19
5183,0.85,1,0.05,25
2594,0.75,0,0.454,19
5184,0.92,1,0.05,27
2595,0.93,1,0.454,16
2596,0.82,1,0.454,22
5185,0.87,1,0.05,46
5186,-0.55,0,0.05,14
2597,0.66,0,0.454,42
2598,-0.67,0,0.453,19
5187,-0.66,0,0.05,30
2599,0.85,1,0.453,14
5188,0.98,1,0.05,22
2600,-0.73,0,0.453,18
5189,0.96,1,0.05,12
2601,0.55,0,0.453,19
2602,-0.63,0,0.453,31
5190,0.88,1,0.05,41
2603,-0.57,0,0.453,15
5191,0.96,1,0.05,14
2604,-0.7,0,0.453,20
5192,0.84,1,0.05,31
2605,-0.66,0,0.452,27
2606,-0.64,0,0.452,16
5193,0.9,1,0.05,40
2607,0.86,1,0.452,17
5194,-0.56,0,0.05,11
2608,-0.48,0,0.452,17
2609,-0.5,0,0.452,7
5195,0.91,1,0.05,37
2610,-0.78,0,0.452,37
5196,-0.55,0,0.05,26
2611,0.62,0,0.451,42
5197,0.87,1,0.05,46
2612,-0.64,0,0.451,20
5198,0.97,1,0.05,31
2613,-0.79,0,0.451,28
5199,1.01,1,0.05,17
5200,0.96,1,0.05,15
5201,0.98,1,0.05,19
2614,0.56,0,0.451,40
2615,-0.51,0,0.451,10
5202,0.94,1,0.05,14
2616,-0.55,0,0.45,12
5203,0.85,1,0.05,21
5204,0.93,1,0.05,14
2617,-0.7,0,0.45,43
5205,0.83,1,0.05,26
2618,-0.55,0,0.45,4
2619,0.86,1,0.45,13
5206,0.96,1,0.05,17
5207,0.95,1,0.05,10
5208,-0.55,0,0.05,12
2620,0.8,0,0.45,30
5209,0.94,1,0.05,25
2621,-0.8,0,0.45,24
5210,0.92,1,0.05,22
2622,-0.67,0,0.449,23
5211,0.88,1,0.05,24
5212,0.87,1,0.05,35
2623,-0.82,0,0.449,62
2624,-0.67,0,0.449,26
5213,0.85,1,0.05,42
5214,-0.59,0,0.05,11
2625,-0.67,0,0.448,18
5215,0.98,1,0.05,18
2626,-0.69,0,0.448,28
5216,0.87,1,0.05,29
5217,0.91,1,0.05,28
2627,-1.22,0,0.448,54
2628,-0.51,0,0.448,7
5218,0.95,1,0.05,42
2629,0.78,0,0.448,26
5219,-0.54,0,0.05,10
2630,-0.55,0,0.448,5
5220,0.97,1,0.05,13
2631,0.79,0,0.447,17
5221,0.9,1,0.05,20
2632,-0.8,0,0.447,32
2633,-0.5,0,0.447,5
5222,-0.45,0,0.05,21
2634,0.93,1,0.447,9
5223,0.99,1,0.05,15
2635,-0.51,0,0.447,11
2636,-0.56,0,0.447,13
5224,-0.76,0,0.05,38
2637,-0.66,0,0.447,21
5225,-0.54,0,0.05,40
5226,0.92,1,0.05,17
2638,0.19,0,0.446,65
5227,0.84,1,0.05,28
5228,-0.71,0,0.05,55
5229,0.94,1,0.05,14
5230,0.94,1,0.05,42
5231,0.97,1,0.05,21
5232,0.86,1,0.05,38
5233,-0.55,0,0.05,27
5234,0.91,1,0.05,23
5235,0.94,1,0.05,18
5236,0.95,1,0.05,13
5237,0.95,1,0.05,26
5238,-0.61,0,0.05,30
5239,0.89,1,0.05,16
5240,0.9,1,0.05,24
5241,0.94,1,0.05,20
5242,0.94,1,0.05,17
5243,0.96,1,0.05,16
5244,0.71,0,0.05,35
5245,0.87,1,0.05,23
5246,0.9,1,0.05,30
5247,-0.51,0,0.05,4
5248,0.89,1,0.05,26
5249,0.85,1,0.05,31
5250,-0.53,0,0.05,24
5251,0.85,1,0.05,20
5252,0.97,1,0.05,34
5253,-0.5,0,0.05,5
5254,0.91,1,0.05,37
5255,0.94,1,0.05,24
5256,0.83,1,0.05,24
5257,-0.49,0,0.05,20
2639,0.43,0,0.446,63
5258,0.95,1,0.05,30
5259,0.95,1,0.05,20
5260,-0.52,0,0.05,9
5261,0.9,1,0.05,28
2640,0.33,0,0.445,63
5262,0.97,1,0.05,14
2641,-0.7,0,0.445,24
5263,0.87,1,0.05,24
5264,0.94,1,0.05,16
5265,0.95,1,0.05,14
2642,-0.97,0,0.445,47
5266,0.92,1,0.05,25
2643,-0.71,0,0.444,24
5267,-0.54,0,0.05,32
5268,0.94,1,0.05,18
2644,-0.83,0,0.444,51
2645,0.9,1,0.444,11
5269,0.87,1,0.05,36
2646,-0.89,0,0.444,43
5270,-0.64,0,0.05,36
2647,-0.81,0,0.443,20
5271,0.98,1,0.05,20
2648,-0.62,0,0.443,13
5272,0.94,1,0.05,17
2649,0.78,0,0.443,22
2650,-0.64,0,0.443,7
2651,-0.51,0,0.443,4
5273,0.82,1,0.05,37
5274,0.97,1,0.05,20
5275,0.95,1,0.05,3
2652,-0.65,0,0.443,51
5276,0.87,1,0.05,28
5277,0.95,1,0.05,15
5278,0.92,1,0.05,20
2653,-0.92,0,0.442,51
2654,0.95,1,0.442,6
5279,0.94,1,0.05,16
2655,-0.69,0,0.442,18
5280,-0.53,0,0.05,21
2656,-0.65,0,0.442,11
5281,0.95,1,0.05,11
2657,-0.76,0,0.442,19
2658,-0.64,0,0.442,27
5282,0.89,1,0.05,44
5283,0.81,1,0.05,33
2659,0.78,0,0.441,34
5284,0.99,1,0.05,24
5285,-0.49,0,0.05,4
2660,0.81,1,0.441,35
5286,-0.57,0,0.05,11
5287,-0.54,0,0.05,26
2661,-0.89,0,0.441,43
5288,0.78,0,0.05,32
5289,0.91,1,0.05,29
2662,-0.97,0,0.44,52
2663,-0.87,0,0.44,24
5290,0.9,1,0.05,29
5291,0.9,1,0.05,25
2664,0.66,0,0.44,37
5292,0.94,1,0.05,17
5293,0.96,1,0.05,10
2665,0.87,1,0.44,23
2666,-0.82,0,0.439,41
5294,0.76,0,0.05,68
5295,0.96,1,0.05,24
2667,-0.84,0,0.439,43
5296,0.92,1,0.05,32
5297,0.98,1,0.05,22
2668,-0.93,0,0.439,56
5298,0.97,1,0.05,20
2669,-0.97,0,0.438,48
5299,0.89,1,0.05,32
2670,-0.83,0,0.438,37
5300,-0.69,0,0.05,35
2671,-0.67,0,0.438,22
5301,0.91,1,0.05,35
2672,-0.63,0,0.438,27
5302,0.87,1,0.05,33
5303,0.88,1,0.05,16
2673,-0.71,0,0.437,40
5304,0.9,1,0.05,26
5305,-0.53,0,0.05,22
2674,0.78,0,0.437,43
5306,0.98,1,0.05,15
2675,0.83,1,0.437,27
5307,0.8,0,0.05,44
5308,-0.48,0,0.05,5
2676,-0.71,0,0.436,32
5309,0.88,1,0.05,31
2677,0.65,0,0.436,50
2678,-0.59,0,0.436,9
5310,0.89,1,0.05,39
2679,-0.72,0,0.436,9
5311,0.93,1,0.05,29
5312,0.84,1,0.05,32
2680,0.45,0,0.435,63
5313,0.97,1,0.05,39
2681,0.63,0,0.435,48
5314,0.93,1,0.05,21
2682,0.74,0,0.435,26
5315,0.87,1,0.05,42
2683,0.9,1,0.434,37
5316,0.93,1,0.05,27
2684,0.83,1,0.434,15
5317,0.97,1,0.05,14
2685,-0.57,0,0.434,10
5318,-0.66,0,0.05,21
5319,1.0,1,0.05,20
2686,-0.7,0,0.434,36
2687,-0.68,0,0.434,11
5320,0.95,1,0.05,13
2688,-0.6,0,0.434,12
2689,-0.62,0,0.434,20
5321,0.95,1,0.05,36
2690,-0.73,0,0.433,35
5322,0.93,1,0.05,28
5323,-0.55,0,0.05,13
2691,-0.54,0,0.433,13
5324,0.96,1,0.05,14
2692,-0.65,0,0.433,16
5325,0.96,1,0.05,26
2693,0.7,0,0.433,42
2694,0.89,1,0.433,13
5326,0.84,1,0.05,36
5327,0.9,1,0.05,3
5328,0.79,0,0.05,31
2695,0.73,0,0.432,46
5329,0.88,1,0.05,29
2696,-0.62,0,0.432,41
2697,-0.58,0,0.432,5
5330,0.91,1,0.05,22
5331,-0.62,0,0.05,18
2698,-0.67,0,0.432,26
5332,-0.53,0,0.05,37
2699,-0.94,0,0.431,61
5333,0.88,1,0.05,29
5334,0.91,1,0.05,18
2700,-0.62,0,0.431,33
5335,0.89,1,0.05,22
2701,0.74,0,0.431,28
5336,0.86,1,0.05,37
2702,0.79,0,0.431,25
5337,0.92,1,0.05,31
2703,-0.62,0,0.43,25
5338,0.95,1,0.05,30
2704,0.74,0,0.43,35
2705,-0.55,0,0.43,11
5339,0.9,1,0.05,22
2706,0.8,0,0.43,30
5340,0.87,1,0.05,34
2707,0.9,1,0.43,25
2708,0.94,1,0.43,3
2709,-0.54,0,0.429,8
5341,0.8,0,0.05,47
5342,0.89,1,0.05,32
2710,-0.73,0,0.429,50
5343,0.79,0,0.05,44
2711,0.75,0,0.429,45
5344,0.9,1,0.05,11
5345,0.97,1,0.05,19
5346,0.9,1,0.05,3
2712,0.88,1,0.429,21
2713,0.82,1,0.428,19
5347,0.94,1,0.05,20
5348,-0.56,0,0.05,25
2714,-0.83,0,0.428,31
2715,-0.6,0,0.428,14
5349,0.89,1,0.05,36
2716,-0.81,0,0.428,35
5350,0.93,1,0.05,21
5351,0.94,1,0.05,34
2717,0.73,0,0.428,28
2718,-0.54,0,0.427,27
2719,-0.67,0,0.427,10
2720,0.63,0,0.427,35
2721,0.84,1,0.427,14
2722,0.73,0,0.427,34
2723,0.76,0,0.426,35
2724,-0.9,0,0.426,49
2725,-0.71,0,0.426,25
2726,0.8,0,0.425,39
2727,-0.85,0,0.425,22
2728,-0.78,0,0.425,32
2729,-0.65,0,0.425,41
2730,-0.66,0,0.424,29
2731,-0.57,0,0.424,16
2732,-0.73,0,0.424,30
2733,-0.54,0,0.424,15
2734,0.94,1,0.424,14
2735,-0.8,0,0.424,26
2736,-0.61,0,0.424,12
2737,0.88,1,0.423,49
2738,0.73,0,0.423,46
2739,-0.72,0,0.423,33
2740,-0.55,0,0.422,26
5352,0.94,1,0.05,20
2741,-0.79,0,0.422,39
2742,-0.74,0,0.422,24
5353,0.91,1,0.05,35
5354,0.93,1,0.05,24
2743,0.76,0,0.422,14
2744,-0.66,0,0.422,24
5355,-0.95,0,0.05,64
2745,-0.83,0,0.421,39
5356,0.8,0,0.05,29
5357,-0.53,0,0.05,11
2746,-0.75,0,0.421,37
2747,-0.52,0,0.421,11
5358,0.85,1,0.05,29
5359,0.9,1,0.05,20
2748,-0.76,0,0.421,27
2749,-0.53,0,0.421,11
2750,-0.6,0,0.421,8
2751,-0.7,0,0.42,18
5360,0.94,1,0.05,51
5361,0.99,1,0.05,18
5362,0.99,1,0.05,15
2752,0.25,0,0.42,60
5363,-0.48,0,0.05,11
5364,-0.6,0,0.05,29
2753,-0.74,0,0.42,32
5365,0.82,1,0.05,16
2754,-0.78,0,0.419,41
5366,0.96,1,0.05,27
5367,0.86,1,0.05,36
5368,0.92,1,0.05,26
2755,0.35,0,0.419,61
5369,-0.49,0,0.05,5
5370,0.94,1,0.05,14
5371,-0.54,0,0.05,26
2756,-0.93,0,0.418,44
2757,-0.73,0,0.418,27
5372,0.82,1,0.05,36
5373,0.81,1,0.05,29
2758,0.9,1,0.418,33
2759,-0.66,0,0.418,8
5374,0.92,1,0.05,17
2760,-0.86,0,0.418,23
5375,1.01,1,0.05,33
2761,0.82,1,0.418,26
2762,-0.56,0,0.417,10
5376,0.91,1,0.05,27
2763,-0.59,0,0.417,22
5377,0.92,1,0.05,30
5378,0.96,1,0.05,17
5379,0.97,1,0.05,15
2764,0.71,0,0.417,56
5380,0.93,1,0.05,21
2765,-0.63,0,0.417,28
5381,0.94,1,0.05,32
2766,0.63,0,0.416,50
5382,0.84,1,0.05,36
2767,0.8,0,0.416,19
5383,1.0,1,0.05,25
2768,1.0,1,0.416,15
5384,0.79,0,0.05,27
2769,0.75,0,0.416,24
2770,-0.63,0,0.416,21
5385,0.93,1,0.05,32
5386,0.94,1,0.05,35
2771,-0.73,0,0.415,35
5387,0.93,1,0.05,16
2772,0.89,1,0.415,19
2773,-0.6,0,0.415,17
5388,0.89,1,0.05,33
2774,0.61,0,0.415,25
5389,0.97,1,0.05,33
5390,-0.49,0,0.05,5
2775,-0.63,0,0.415,32
5391,0.91,1,0.05,27
2776,-0.6,0,0.414,21
5392,0.83,1,0.05,37
2777,0.77,0,0.414,46
5393,0.95,1,0.05,24
2778,-0.58,0,0.414,26
5394,0.95,1,0.05,23
2779,0.82,1,0.414,20
5395,0.96,1,0.05,33
5396,-0.5,0,0.05,8
2780,-0.94,0,0.413,43
5397,0.85,1,0.05,30
2781,-0.89,0,0.413,41
5398,0.87,1,0.05,36
5399,0.97,1,0.05,14
2782,-0.77,0,0.413,28
5400,0.94,1,0.05,17
5401,0.97,1,0.05,19
2783,-0.92,0,0.412,42
5402,0.96,1,0.05,23
5403,0.97,1,0.05,12
2784,0.91,1,0.412,23
2785,-0.61,0,0.412,13
5404,0.81,1,0.05,25
2786,-0.57,0,0.412,22
2787,-0.71,0,0.412,15
5405,0.92,1,0.05,39
5406,0.85,1,0.05,22
5407,0.87,1,0.05,29
2788,-1.1,0,0.411,67
5408,0.83,1,0.05,39
5409,0.85,1,0.05,16
2789,0.61,0,0.411,54
5410,0.84,1,0.05,29
2790,-0.55,0,0.411,12
5411,0.94,1,0.05,13
2791,-0.64,0,0.411,19
2792,-0.56,0,0.411,17
5412,0.76,0,0.05,32
2793,0.95,1,0.411,8
5413,0.98,1,0.05,16
5414,0.98,1,0.05,22
5415,0.97,1,0.05,11
2794,-0.62,0,0.41,41
5416,0.7,0,0.05,24
2795,-0.66,0,0.41,30
5417,0.98,1,0.05,16
2796,-0.62,0,0.41,13
2797,-0.58,0,0.41,11
2798,-0.62,0,0.41,7
5418,-0.59,0,0.05,28
5419,0.92,1,0.05,24
2799,0.69,0,0.409,31
5420,1.01,1,0.05,24
2800,0.88,1,0.409,16
2801,0.88,1,0.409,15
5421,0.91,1,0.05,37
5422,0.8,0,0.05,25
2802,0.76,0,0.409,53
5423,0.84,1,0.05,38
2803,0.78,0,0.409,25
2804,-0.59,0,0.408,11
2805,0.94,1,0.408,3
5424,0.96,1,0.05,20
5425,0.88,1,0.05,36
2806,0.65,0,0.408,41
5426,0.85,1,0.05,26
5427,0.79,0,0.05,18
2807,-0.76,0,0.408,45
5428,-0.61,0,0.05,22
2808,0.74,0,0.408,28
2809,-0.62,0,0.408,6
5429,0.97,1,0.05,33
5430,0.97,1,0.05,15
2810,-0.86,0,0.407,30
5431,0.99,1,0.05,17
2811,-0.5,0,0.407,19
5432,-0.56,0,0.05,20
2812,0.89,1,0.407,27
5433,0.97,1,0.05,18
5434,0.96,1,0.05,23
2813,-0.63,0,0.407,22
2814,-0.71,0,0.407,25
5435,0.92,1,0.05,27
2815,-0.51,0,0.407,4
2816,-0.58,0,0.406,12
5436,0.9,1,0.05,34
5437,0.96,1,0.05,34
5438,0.98,1,0.05,18
5439,0.94,1,0.05,19
5440,0.89,1,0.05,22
5441,0.92,1,0.05,27
5442,0.95,1,0.05,16
5443,-0.53,0,0.05,35
5444,-0.52,0,0.05,17
5445,0.94,1,0.05,15
5446,0.91,1,0.05,42
5447,-0.63,0,0.05,20
5448,-0.59,0,0.05,41
5449,0.89,1,0.05,23
5450,0.96,1,0.05,36
5451,0.72,0,0.05,40
5452,0.73,0,0.05,30
5453,-0.62,0,0.05,50
5454,0.95,1,0.05,14
5455,0.93,1,0.05,29
5456,-0.56,0,0.05,15
5457,1.0,1,0.05,19
5458,0.95,1,0.05,8
5459,0.97,1,0.05,16
5460,0.87,1,0.05,28
5461,0.9,1,0.05,35
5462,0.97,1,0.05,13
5463,0.95,1,0.05,19
5464,0.97,1,0.05,19
5465,0.92,1,0.05,18
5466,-0.57,0,0.05,14
5467,0.94,1,0.05,19
2817,0.67,0,0.406,30
2818,-0.54,0,0.406,5
5468,0.97,1,0.05,32
5469,0.92,1,0.05,27
2819,0.75,0,0.406,31
5470,0.89,1,0.05,30
5471,-0.56,0,0.05,12
2820,0.59,0,0.406,33
5472,0.96,1,0.05,18
5473,0.96,1,0.05,24
2821,-0.61,0,0.405,42
2822,-0.61,0,0.405,15
2823,-0.54,0,0.405,17
5474,0.88,1,0.05,38
5475,-0.49,0,0.05,3
5476,0.95,1,0.05,10
5477,0.92,1,0.05,22
5478,-0.65,0,0.05,11
2824,0.67,0,0.405,54
5479,0.96,1,0.05,30
2825,0.72,0,0.404,29
5480,-0.62,0,0.05,23
2826,-0.56,0,0.404,18
5481,0.95,1,0.05,24
5482,0.94,1,0.05,12
2827,0.81,1,0.404,38
5483,0.96,1,0.05,27
5484,0.94,1,0.05,13
2828,-0.66,0,0.404,24
5485,-0.5,0,0.05,8
5486,0.88,1,0.05,28
2829,0.88,1,0.403,34
2830,-0.85,0,0.403,44
5487,0.91,1,0.05,52
5488,0.97,1,0.05,12
2831,-0.72,0,0.403,32
5489,0.88,1,0.05,20
5490,0.95,1,0.05,23
2832,0.77,0,0.402,54
5491,0.94,1,0.05,46
2833,-0.95,0,0.402,45
5492,0.97,1,0.05,41
5493,-0.49,0,0.05,16
2834,0.72,0,0.402,43
5494,0.95,1,0.05,37
5495,0.97,1,0.05,13
2835,0.85,1,0.401,40
5496,0.93,1,0.05,22
2836,-0.77,0,0.401,36
5497,0.95,1,0.05,33
2837,-0.61,0,0.401,28
5498,0.95,1,0.05,25
2838,0.77,0,0.401,34
5499,0.95,1,0.05,22
2839,-0.63,0,0.401,15
5500,0.82,1,0.05,45
2840,0.69,0,0.4,33
2841,-0.66,0,0.4,14
2842,-0.66,0,0.4,21
5501,0.96,1,0.05,32
5502,0.82,1,0.05,22
2843,0.73,0,0.4,28
5503,0.81,1,0.05,41
5504,0.95,1,0.05,14
2844,0.83,1,0.399,43
5505,0.87,1,0.05,20
2845,0.85,1,0.399,26
5506,0.83,1,0.05,53
2846,0.5,0,0.399,51
5507,0.94,1,0.05,29
2847,-0.62,0,0.399,25
5508,0.94,1,0.05,4
2848,-0.64,0,0.398,31
5509,-0.62,0,0.05,41
5510,0.95,1,0.05,3
5511,0.91,1,0.05,16
2849,0.79,0,0.398,30
5512,-0.58,0,0.05,25
2850,0.71,0,0.398,28
5513,0.96,1,0.05,26
2851,-0.76,0,0.398,29
2852,-0.49,0,0.398,6
5514,0.85,1,0.05,43
2853,-0.83,0,0.397,28
5515,0.96,1,0.05,14
5516,0.93,1,0.05,15
2854,0.82,1,0.397,29
2855,0.92,1,0.397,8
5517,-0.53,0,0.05,39
2856,0.76,0,0.397,22
5518,-0.54,0,0.05,4
2857,-0.49,0,0.397,3
5519,0.95,1,0.05,19
5520,0.94,1,0.05,14
2858,0.88,1,0.397,34
5521,-0.51,0,0.05,31
2859,0.83,1,0.396,24
2860,0.84,1,0.396,15
5522,0.98,1,0.05,17
2861,0.92,1,0.396,17
5523,0.94,1,0.05,29
5524,-0.5,0,0.05,4
2862,0.85,1,0.396,21
5525,-0.5,0,0.05,5
2863,0.64,0,0.396,28
5526,0.92,1,0.05,28
5527,0.96,1,0.05,28
2864,0.76,0,0.396,30
2865,-0.55,0,0.396,4
2866,-0.51,0,0.396,10
5528,0.89,1,0.05,23
5529,0.85,1,0.05,28
2867,0.65,0,0.395,33
2868,0.76,0,0.395,22
5530,-0.59,0,0.05,37
2869,-0.61,0,0.395,21
5531,0.85,1,0.05,28
2870,-0.53,0,0.395,14
5532,0.97,1,0.05,11
5533,0.88,1,0.05,25
5534,0.98,1,0.05,12
2871,-0.9,0,0.394,52
5535,-0.5,0,0.05,8
5536,0.94,1,0.05,11
5537,0.96,1,0.05,31
2872,-0.84,0,0.394,42
2873,0.8,0,0.394,14
5538,-0.54,0,0.05,20
2874,0.78,0,0.394,14
5539,0.89,1,0.05,27
2875,-0.63,0,0.394,20
5540,0.93,1,0.05,12
2876,-0.55,0,0.394,4
5541,-0.55,0,0.05,14
2877,0.78,0,0.393,19
2878,0.94,1,0.393,3
5542,0.79,0,0.05,25
5543,0.82,1,0.05,33
2879,-0.71,0,0.393,43
5544,0.96,1,0.05,33
2880,0.78,0,0.393,43
5545,-0.5,0,0.05,8
5546,0.95,1,0.05,10
2881,0.92,1,0.393,23
5547,0.93,1,0.05,36
2882,-0.6,0,0.392,31
5548,0.94,1,0.05,19
5549,0.97,1,0.05,19
2883,0.71,0,0.392,45
5550,0.82,1,0.05,35
5551,-0.49,0,0.05,15
2884,-0.64,0,0.392,50
2885,-0.51,0,0.392,4
5552,0.89,1,0.05,41
2886,-0.57,0,0.391,10
2887,0.85,1,0.391,4
5553,0.96,1,0.05,21
2888,-0.7,0,0.391,32
5554,0.92,1,0.05,27
2889,0.82,1,0.391,16
5555,0.8,0,0.05,33
2890,-0.96,0,0.391,38
5556,0.97,1,0.05,22
5557,0.94,1,0.05,5
5558,0.9,1,0.05,3
2891,0.37,0,0.39,51
5559,0.88,1,0.05,37
5560,-0.7,0,0.05,14
2892,-0.63,0,0.39,27
2893,0.95,1,0.39,14
2894,-0.51,0,0.39,14
2895,0.84,1,0.39,22
2896,-0.96,0,0.39,32
2897,0.95,1,0.389,3
2898,-0.71,0,0.389,13
2899,0.82,1,0.389,16
2900,-0.7,0,0.389,17
2901,-0.62,0,0.389,22
2902,-0.68,0,0.389,19
2903,-0.61,0,0.389,22
2904,0.78,0,0.388,32
2905,0.81,1,0.388,37
2906,-0.78,0,0.388,34
2907,0.55,0,0.387,51
2908,-0.61,0,0.387,21
2909,-0.61,0,0.387,43
2910,0.9,1,0.387,19
2911,-0.8,0,0.386,35
2912,-0.82,0,0.386,35
2913,-0.56,0,0.386,11
2914,-0.85,0,0.386,25
2915,-0.63,0,0.386,22
2916,0.9,1,0.386,27
2917,-0.83,0,0.385,30
2918,0.69,0,0.385,41
5561,0.95,1,0.05,3
5562,0.88,1,0.05,14
2919,0.86,1,0.385,23
5563,0.96,1,0.05,21
2920,-0.62,0,0.385,13
2921,-0.54,0,0.385,10
5564,0.99,1,0.05,30
2922,0.81,1,0.384,18
5565,0.89,1,0.05,26
2923,0.8,0,0.384,37
5566,-0.64,0,0.05,35
2924,-0.64,0,0.384,17
5567,-0.53,0,0.05,11
2925,0.88,1,0.384,16
5568,0.83,1,0.05,31
2926,0.76,0,0.384,51
5569,0.8,0,0.05,44
5570,1.01,1,0.05,25
2927,0.8,0,0.383,41
2928,-0.59,0,0.383,18
2929,-0.65,0,0.383,7
5571,0.95,1,0.05,39
2930,-0.5,0,0.383,5
2931,-0.65,0,0.383,11
5572,0.98,1,0.05,29
5573,0.9,1,0.05,17
2932,-0.78,0,0.382,44
2933,-0.49,0,0.382,4
2934,-0.49,0,0.382,4
5574,0.96,1,0.05,24
5575,-0.57,0,0.05,10
5576,0.97,1,0.05,8
2935,-0.76,0,0.382,33
5577,-0.56,0,0.05,23
2936,-0.58,0,0.382,13
5578,0.95,1,0.05,11
2937,-0.69,0,0.382,17
5579,0.98,1,0.05,17
2938,0.63,0,0.382,38
5580,0.9,1,0.05,27
5581,0.99,1,0.05,28
5582,0.87,1,0.05,28
2939,0.49,0,0.381,71
5583,0.9,1,0.05,22
2940,-0.74,0,0.381,19
5584,0.9,1,0.05,38
5585,-0.55,0,0.05,11
2941,0.82,1,0.381,35
2942,-0.68,0,0.38,29
5586,0.87,1,0.05,38
2943,-0.62,0,0.38,19
5587,0.89,1,0.05,35
5588,0.95,1,0.05,20
2944,-0.87,0,0.38,38
5589,0.96,1,0.05,18
2945,0.89,1,0.38,26
2946,-0.5,0,0.38,12
5590,0.92,1,0.05,27
2947,-0.52,0,0.38,9
5591,0.98,1,0.05,22
2948,0.83,1,0.379,20
5592,1.0,1,0.05,33
2949,0.72,0,0.379,31
2950,0.96,1,0.379,11
5593,0.65,0,0.05,30
5594,0.97,1,0.05,11
5595,0.93,1,0.05,21
5596,0.94,1,0.05,17
2952,0.7,0,0.379,43
5597,0.89,1,0.05,30
2953,0.69,0,0.378,39
5598,-0.58,0,0.05,37
5599,0.98,1,0.05,24
2954,-0.74,0,0.378,41
5600,0.98,1,0.05,12
2955,-0.61,0,0.378,37
5601,0.94,1,0.05,30
5602,0.83,1,0.05,41
2956,0.47,0,0.377,61
5603,0.95,1,0.05,17
5604,-0.52,0,0.05,22
2957,0.61,0,0.377,48
5605,-0.5,0,0.05,26
2958,-0.75,0,0.377,19
5606,-0.53,0,0.05,20
5607,0.95,1,0.05,13
2959,-0.76,0,0.376,33
5608,0.99,1,0.05,16
2960,-0.67,0,0.376,20
5609,0.95,1,0.05,14
5610,-0.5,0,0.05,5
2961,-0.58,0,0.376,29
5611,0.96,1,0.05,27
2962,-0.71,0,0.376,22
2963,-0.58,0,0.376,5
5612,-0.58,0,0.05,30
5613,0.92,1,0.05,29
2964,-0.83,0,0.375,46
5614,0.93,1,0.05,25
5615,0.94,1,0.05,21
2965,0.57,0,0.375,48
5616,0.9,1,0.05,23
5617,-0.49,0,0.05,5
5618,0.92,1,0.05,32
5619,-0.49,0,0.05,3
2966,0.64,0,0.375,54
5620,-0.5,0,0.05,6
5621,-0.49,0,0.05,5
5622,-0.55,0,0.05,19
2967,0.78,0,0.374,39
2968,0.89,1,0.374,13
5623,0.97,1,0.05,35
2969,0.95,1,0.374,18
5624,0.88,1,0.05,17
5625,-0.68,0,0.05,25
5626,0.93,1,0.05,22
2970,-0.8,0,0.374,48
2971,-0.5,0,0.374,3
5627,-0.56,0,0.05,22
5628,-0.53,0,0.05,12
2972,-0.66,0,0.373,30
5629,0.98,1,0.05,19
2973,-0.64,0,0.373,35
5630,0.94,1,0.05,17
2974,0.98,1,0.373,14
5631,1.02,1,0.05,28
2975,-0.62,0,0.373,23
5632,-0.5,0,0.05,24
2976,-0.59,0,0.373,32
5633,-0.59,0,0.05,35
5634,0.92,1,0.05,21

5635,-0.61,0,0.05,15
2978,0.79,0,0.372,16
2979,-0.72,0,0.372,16
5636,0.99,1,0.05,20
5637,0.89,1,0.05,22
5638,0.96,1,0.05,17
2980,0.7,0,0.372,51
5639,0.96,1,0.05,19
2981,-0.63,0,0.372,10
5640,0.98,1,0.05,16
2982,-0.56,0,0.372,20
2983,0.94,1,0.371,3
5641,0.97,1,0.05,16
5642,0.95,1,0.05,13
2984,0.79,0,0.371,33
5643,0.8,0,0.05,28
2985,-0.52,0,0.371,11
5644,0.97,1,0.05,21
2986,-1.15,0,0.371,44
5645,1.0,1,0.05,32
5646,0.97,1,0.05,16
2987,-0.7,0,0.371,33
5647,0.94,1,0.05,20
5648,0.96,1,0.05,14
2988,0.67,0,0.37,37
5649,-0.55,0,0.05,19
5650,-0.51,0,0.05,4
2989,-0.54,0,0.37,26
5651,0.84,1,0.05,25
2990,-0.68,0,0.37,19
5652,1.0,1,0.05,23
5653,0.92,1,0.05,26
2991,0.6,0,0.37,46
5654,0.89,1,0.05,20
5655,0.96,1,0.05,10
2992,0.81,1,0.369,20
5656,-0.49,0,0.05,5
5657,0.95,1,0.05,11
5658,0.98,1,0.05,12
2993,-0.51,0,0.369,28
2994,0.95,1,0.369,4
5659,0.93,1,0.05,30
2995,0.85,1,0.369,39
2996,-0.6,0,0.369,17
5660,0.73,0,0.05,40
5661,0.96,1,0.05,16
2997,0.56,0,0.368,57
5662,0.82,1,0.05,47
5663,0.87,1,0.05,21
2998,-0.57,0,0.368,33
2999,-0.57,0,0.368,10
5664,0.92,1,0.05,17
3000,0.86,1,0.368,14
5665,0.94,1,0.05,35
3001,0.81,1,0.367,36
5666,0.87,1,0.05,31
5667,0.97,1,0.05,13
5668,0.97,1,0.05,29
3002,0.67,0,0.367,63
5669,0.95,1,0.05,3
5670,-0.65,0,0.05,32
5671,0.91,1,0.05,30
5672,0.82,1,0.05,19
5673,-0.49,0,0.05,3
5674,0.75,0,0.05,21
5675,0.83,1,0.05,16
5676,0.95,1,0.05,18
5677,0.97,1,0.05,8
5678,1.01,1,0.05,24
5679,0.88,1,0.05,28
5680,0.92,1,0.05,30
5681,0.98,1,0.05,25
5682,0.93,1,0.05,16
5683,0.9,1,0.05,20
5684,0.94,1,0.05,27
5685,0.96,1,0.05,22
5686,0.95,1,0.05,12
5687,1.02,1,0.05,20
5688,0.94,1,0.05,12
5689,0.99,1,0.05,17
5690,0.86,1,0.05,25
5691,0.99,1,0.05,19
5692,0.99,1,0.05,20
5693,0.81,1,0.05,43
5694,0.93,1,0.05,21
5695,0.9,1,0.05,33
5696,0.95,1,0.05,20
5697,0.85,1,0.05,25
5698,0.92,1,0.05,26
5699,0.69,0,0.05,36
5700,0.92,1,0.05,29
5701,0.98,1,0.05,16
5702,0.86,1,0.05,23
3003,-0.99,0,0.367,46
5703,-0.47,0,0.05,31
5704,0.93,1,0.05,27
5705,-0.49,0,0.05,5
5706,-0.54,0,0.05,3
3004,-0.83,0,0.366,45
3005,-0.5,0,0.366,9
5707,0.77,0,0.05,36
3006,0.84,1,0.366,16
3007,0.73,0,0.366,14
5708,0.96,1,0.05,15
3008,-0.55,0,0.366,9
3009,0.95,1,0.366,4
5709,0.98,1,0.05,22
5710,0.96,1,0.05,18
3010,-0.86,0,0.365,54
5711,-0.59,0,0.05,46
3011,-0.69,0,0.365,38
5712,0.81,1,0.05,27
5713,0.91,1,0.05,14
3012,0.81,1,0.365,15
5714,0.94,1,0.05,17
5715,0.97,1,0.05,12
3013,0.61,0,0.365,44
5716,0.96,1,0.05,26
3014,0.83,1,0.364,22
3015,-0.65,0,0.364,15
5717,0.84,1,0.05,49
3016,0.8,0,0.364,18
5718,0.83,1,0.05,23
3017,-0.62,0,0.364,32
5719,0.74,0,0.05,26
5720,0.92,1,0.05,19
5721,0.94,1,0.05,12
3018,0.68,0,0.364,44
3019,0.79,0,0.363,15
5722,0.97,1,0.05,24
3020,-0.5,0,0.363,4
5723,0.93,1,0.05,21
3021,-0.77,0,0.363,44
5724,0.78,0,0.05,35
5725,0.91,1,0.05,17
3022,0.68,0,0.363,38
5726,0.91,1,0.05,20
5727,0.93,1,0.05,14
5728,0.87,1,0.05,19
5729,-0.54,0,0.05,17
3023,0.57,0,0.362,65
5730,0.92,1,0.05,20
3024,0.79,0,0.362,26
5731,0.92,1,0.05,22
5732,0.86,1,0.05,29
5733,-0.54,0,0.05,3
3025,0.73,0,0.362,35
5734,0.97,1,0.05,15
5735,-0.54,0,0.05,3
3026,-0.56,0,0.362,14
3027,0.8,0,0.362,17
5736,0.89,1,0.05,22
3028,-0.68,0,0.361,13
5737,0.98,1,0.05,26
5738,-0.56,0,0.05,24
3029,0.68,0,0.361,38
3030,-0.54,0,0.361,16
5739,0.87,1,0.05,39
3031,0.85,1,0.361,28
5740,0.91,1,0.05,31
3032,0.89,1,0.361,23
5741,0.92,1,0.05,24
3033,-0.61,0,0.36,23
3034,0.89,1,0.36,3
5742,0.9,1,0.05,25
3035,0.82,1,0.36,37
5743,0.88,1,0.05,34
5744,-0.5,0,0.05,8
3036,0.88,1,0.36,22
5745,0.95,1,0.05,16
5746,-0.54,0,0.05,3
3037,-0.65,0,0.36,11
5747,0.96,1,0.05,30
3038,0.62,0,0.36,38
5748,0.96,1,0.05,15
5749,0.91,1,0.05,39
3039,-0.66,0,0.359,41
5750,0.96,1,0.05,21
3040,0.84,1,0.359,32
5751,0.93,1,0.05,31
5752,0.93,1,0.05,24
5753,0.93,1,0.05,16
3041,-0.87,0,0.359,57
5754,0.95,1,0.05,30
5755,0.97,1,0.05,26
3042,0.79,0,0.358,40
5756,1.0,1,0.05,27
5757,0.94,1,0.05,16
3043,-0.74,0,0.358,39
5758,0.97,1,0.05,22
3044,-0.62,0,0.358,29
5759,0.93,1,0.05,16
3045,0.9,1,0.358,8
5760,-0.53,0,0.05,13
5761,0.96,1,0.05,12
3046,0.82,1,0.357,25
5762,-0.48,0,0.05,17
5763,-0.59,0,0.05,34
3047,0.74,0,0.357,45
5764,0.99,1,0.05,30
3048,-0.76,0,0.357,38
5765,0.74,0,0.05,25
3049,0.75,0,0.357,28
5766,0.94,1,0.05,24
3050,0.61,0,0.356,39
5767,0.9,1,0.05,53
5768,-0.49,0,0.05,8
3051,0.9,1,0.356,29
5769,0.83,1,0.05,40
3052,0.88,1,0.356,38
5770,0.8,0,0.05,33
3053,-0.63,0,0.355,45
5771,0.96,1,0.05,28
5772,0.96,1,0.05,18
3054,-0.77,0,0.355,27
5773,0.97,1,0.05,20
3055,0.85,1,0.355,28
5774,0.93,1,0.05,25
5775,0.97,1,0.05,18
3056,0.76,0,0.355,21
5776,0.88,1,0.05,28
3057,-0.86,0,0.354,38
5777,0.96,1,0.05,15
3058,0.87,1,0.354,17
5778,0.92,1,0.05,26
5779,0.88,1,0.05,16
3059,-0.87,0,0.354,44
5780,0.98,1,0.05,20
5781,0.89,1,0.05,15
3060,-0.64,0,0.354,23
5782,0.99,1,0.05,39
3061,-0.79,0,0.353,37
5783,0.87,1,0.05,26
3062,0.8,0,0.353,21
3063,-0.58,0,0.353,15
5784,0.92,1,0.05,20
5785,0.88,1,0.05,27
5786,-0.51,0,0.05,12
3064,0.86,1,0.353,37
3065,0.79,0,0.353,31
3066,-0.55,0,0.353,14
3067,-0.82,0,0.352,27
3068,0.87,1,0.352,21
3069,-0.73,0,0.352,51
3070,-0.67,0,0.352,21
3071,0.74,0,0.351,58
3072,-0.8,0,0.351,38
3073,0.69,0,0.35,48
3074,-0.56,0,0.35,13
3075,-0.54,0,0.35,16
3076,0.71,0,0.35,33
3077,-0.59,0,0.35,15
3078,0.63,0,0.349,48
3079,0.89,1,0.349,35
3080,-0.5,0,0.349,3
3081,0.81,1,0.349,28
3082,-0.7,0,0.349,32
3083,0.95,1,0.349,6
3084,-0.88,0,0.348,36
3085,0.66,0,0.348,32
3086,-0.84,0,0.348,58
3087,0.51,0,0.347,49
3088,0.78,0,0.347,14
3089,-0.66,0,0.347,26
3090,-0.51,0,0.347,4
3091,0.54,0,0.347,38
3092,-0.79,0,0.346,38
3093,0.82,1,0.346,29
3094,-0.66,0,0.346,26
3095,-0.53,0,0.346,22
3096,0.84,1,0.346,15
3097,-0.49,0,0.346,4
5787,0.94,1,0.05,16
3098,0.5,0,0.345,40
5788,0.92,1,0.05,26
3099,-0.68,0,0.345,34
5789,0.95,1,0.05,13
5790,0.95,1,0.05,18
3100,-0.69,0,0.345,34
5791,0.96,1,0.05,36
5792,0.97,1,0.05,30
3101,0.51,0,0.344,54
5793,0.92,1,0.05,22
3102,-0.77,0,0.344,27
5794,0.78,0,0.05,33
3103,0.85,1,0.344,24
5795,0.97,1,0.05,25
3104,0.85,1,0.344,28
5796,0.96,1,0.05,37
3105,0.79,0,0.343,23
3106,-0.84,0,0.343,33
5797,0.8,0,0.05,39
3107,-0.65,0,0.343,19
5798,0.97,1,0.05,40
3108,0.75,0,0.343,32
3109,0.94,1,0.343,3
3110,-0.61,0,0.343,7
5799,0.98,1,0.05,31
5800,0.9,1,0.05,30
3111,-0.86,0,0.342,37
5801,0.94,1,0.05,17
5802,0.94,1,0.05,27
5803,-0.49,0,0.05,5
3112,0.86,1,0.342,41
5804,0.95,1,0.05,16
3113,-0.6,0,0.342,17
5805,0.95,1,0.05,18
5806,0.87,1,0.05,36
3114,-0.91,0,0.342,51
5807,0.95,1,0.05,19
5808,-0.49,0,0.05,9
3115,-0.59,0,0.341,24
5809,0.95,1,0.05,29
3116,0.75,0,0.341,25
3117,-0.52,0,0.341,13
5810,0.99,1,0.05,22
5811,0.96,1,0.05,10
3118,-0.62,0,0.341,20
5812,-0.64,0,0.05,41
3119,0.91,1,0.341,44
5813,-0.49,0,0.05,18
5814,0.9,1,0.05,19
5815,-0.5,0,0.05,5
3120,0.71,0,0.34,32
3121,-0.56,0,0.34,5
5816,0.94,1,0.05,44
3122,0.56,0,0.34,50
3123,-0.55,0,0.34,11
5817,0.88,1,0.05,32
5818,0.96,1,0.05,17
3124,0.8,0,0.339,38
5819,0.96,1,0.05,26
5820,0.91,1,0.05,37
3125,-0.84,0,0.339,42
3126,0.75,0,0.339,34
3127,0.9,1,0.339,3
5821,0.93,1,0.05,54
3128,0.85,1,0.339,15
3129,-0.56,0,0.339,20
5822,0.94,1,0.05,33
3130,-0.62,0,0.338,23
5823,0.9,1,0.05,31
5824,0.96,1,0.05,14
3131,0.85,1,0.338,27
5825,0.97,1,0.05,31
3132,-0.74,0,0.338,34
5826,0.98,1,0.05,13
3133,-0.62,0,0.338,15
5827,0.92,1,0.05,28
3134,-0.55,0,0.338,24
5828,0.95,1,0.05,11
3135,-0.51,0,0.338,7
5829,-0.51,0,0.05,4
5830,0.98,1,0.05,24
3136,-1.02,0,0.337,34
5831,0.81,1,0.05,29
5832,0.89,1,0.05,29
3137,-0.81,0,0.337,37
3138,0.9,1,0.337,10
5833,0.81,1,0.05,42
3139,0.85,1,0.337,42
5834,-0.58,0,0.05,39
3140,-0.68,0,0.336,28
3141,0.94,1,0.336,3
5835,0.95,1,0.05,23
3142,0.94,1,0.336,3
5836,-0.56,0,0.05,7
3143,-0.74,0,0.336,48
5837,0.89,1,0.05,48
3144,0.68,0,0.336,34
5838,0.93,1,0.05,41
5839,0.94,1,0.05,19
3145,-0.6,0,0.335,32
3146,0.92,1,0.335,9
5840,0.92,1,0.05,25
3147,-0.57,0,0.335,13
5841,0.96,1,0.05,13
3148,-0.51,0,0.335,4
3149,0.71,0,0.335,17
5842,0.93,1,0.05,32
5843,0.94,1,0.05,22
5844,0.93,1,0.05,6
3150,0.72,0,0.335,41
3151,0.86,1,0.335,25
5845,-0.56,0,0.05,40
3152,-0.65,0,0.334,26
5846,-0.57,0,0.05,37
3153,-0.61,0,0.334,24
5847,0.84,1,0.05,44
3154,-0.62,0,0.334,38
5848,0.96,1,0.05,21
3155,0.79,0,0.334,24
5849,0.96,1,0.05,27
5850,0.96,1,0.05,33
3156,-0.75,0,0.333,45
3157,-0.5,0,0.333,3
5851,0.94,1,0.05,47
3158,0.71,0,0.333,36
3159,-0.55,0,0.333,19
5852,0.99,1,0.05,24
5853,-0.65,0,0.05,39
3160,0.81,1,0.333,39
3161,0.91,1,0.332,11
5854,0.86,1,0.05,33
3162,-0.68,0,0.332,20
5855,0.93,1,0.05,23
3163,0.82,1,0.332,35
5856,0.93,1,0.05,15
5857,0.98,1,0.05,20
3164,-0.62,0,0.332,27
5858,0.95,1,0.05,39
3165,-0.61,0,0.332,29
5859,0.95,1,0.05,49
3166,-0.62,0,0.331,37
3167,-0.5,0,0.331,3
5860,0.9,1,0.05,24
3168,0.82,1,0.331,34
5861,0.93,1,0.05,28
5862,0.96,1,0.05,28
3169,-0.84,0,0.331,45
3170,0.96,1,0.331,14
5863,0.92,1,0.05,36
3171,-0.59,0,0.33,11
5864,-0.54,0,0.05,14
5865,-0.56,0,0.05,15
5866,1.01,1,0.05,19
3172,-0.73,0,0.33,43
5867,0.95,1,0.05,37
3173,0.83,1,0.33,38
5868,0.98,1,0.05,17
3174,-0.59,0,0.33,28
5869,-0.55,0,0.05,36
5870,0.95,1,0.05,12
3175,-0.75,0,0.329,29
3176,0.97,1,0.329,7
5871,0.96,1,0.05,25
3177,0.88,1,0.329,22
5872,0.93,1,0.05,33
3178,-0.83,0,0.329,36
5873,0.98,1,0.05,32
5874,0.98,1,0.05,13
3179,0.74,0,0.329,34
3180,0.91,1,0.329,7
3181,0.95,1,0.328,8
5875,0.81,1,0.05,27
3182,0.74,0,0.328,23
5876,0.89,1,0.05,37
3183,-0.66,0,0.328,23
5877,0.9,1,0.05,27
5878,-0.49,0,0.05,4
5879,0.97,1,0.05,15
3184,-1.03,0,0.328,49
5880,-0.52,0,0.05,20
5881,0.94,1,0.05,23
5882,0.94,1,0.05,19
3185,0.78,0,0.327,53
5883,-0.48,0,0.05,26
5884,0.91,1,0.05,23
5885,0.94,1,0.05,20
5886,0.94,1,0.05,17
5887,-0.55,0,0.05,15
5888,0.99,1,0.05,19
5889,0.95,1,0.05,13
5890,0.91,1,0.05,18
5891,0.88,1,0.05,38
5892,0.93,1,0.05,23
5893,0.93,1,0.05,30
5894,0.93,1,0.05,14
5895,1.0,1,0.05,29
5896,-0.53,0,0.05,31
5897,0.95,1,0.05,8
5898,0.95,1,0.05,46
5899,0.94,1,0.05,28
5900,-0.56,0,0.05,39
5901,-0.49,0,0.05,30
5902,0.97,1,0.05,31
5903,0.93,1,0.05,25
5904,-0.54,0,0.05,22
5905,-0.51,0,0.05,6
5906,0.95,1,0.05,15
5907,0.91,1,0.05,28
5908,0.97,1,0.05,28
5909,0.93,1,0.05,21
5910,0.95,1,0.05,23
5911,-0.54,0,0.05,16
5912,0.97,1,0.05,15
5913,0.96,1,0.05,13
5914,-0.55,0,0.05,9
5915,0.99,1,0.05,37
5916,0.93,1,0.05,14
3186,0.61,0,0.327,37
5917,0.84,1,0.05,27
3187,0.83,1,0.327,18
5918,0.87,1,0.05,30
3188,0.77,0,0.327,22
5919,0.89,1,0.05,35
3189,0.89,1,0.326,40
5920,0.99,1,0.05,19
3190,-0.57,0,0.326,21
5921,-0.53,0,0.05,25
3191,-0.6,0,0.326,22
5922,0.98,1,0.05,16
5923,-0.53,0,0.05,11
3192,0.9,1,0.326,13
3193,-0.52,0,0.326,11
3194,-0.53,0,0.326,6
3195,0.86,1,0.326,16
5924,0.75,0,0.05,53
3196,-0.62,0,0.325,31
5925,0.86,1,0.05,40
3197,0.82,1,0.325,27
5926,0.93,1,0.05,40
3198,-0.63,0,0.325,28
5927,0.78,0,0.05,34
5928,0.97,1,0.05,29
5929,0.94,1,0.05,14
3199,-1.06,0,0.324,71
5930,0.93,1,0.05,16
5931,-0.58,0,0.05,11
3200,0.8,0,0.324,22
3201,0.93,1,0.324,13
5932,-0.54,0,0.05,32
3202,0.81,1,0.324,28
5933,-0.53,0,0.05,29
5934,0.91,1,0.05,22
5935,0.95,1,0.05,19
3203,-0.75,0,0.323,73
5936,0.75,0,0.05,30
5937,0.9,1,0.05,31
3204,0.85,1,0.323,41
5938,0.93,1,0.05,19
3205,0.61,0,0.323,36
3206,0.82,1,0.322,29
5939,-0.73,0,0.05,81
3207,0.93,1,0.322,16
3208,-0.64,0,0.322,22
5940,0.96,1,0.05,44
3209,-0.68,0,0.322,18
5941,-0.56,0,0.05,14
5942,0.95,1,0.05,4
3210,0.89,1,0.322,16
5943,0.96,1,0.05,13
3211,0.53,0,0.322,43
5944,0.9,1,0.05,38
5945,0.98,1,0.05,16
3212,-0.7,0,0.321,33
3213,-0.58,0,0.321,18
3214,-0.47,0,0.321,11
5946,0.95,1,0.05,48
5947,0.95,1,0.05,16
3215,0.82,1,0.321,54
5948,-0.57,0,0.05,56
3216,0.91,1,0.32,21
3217,0.89,1,0.32,14
5949,0.86,1,0.05,30
3218,0.66,0,0.32,37
5950,0.95,1,0.05,31
3219,-0.62,0,0.32,27
5951,0.87,1,0.05,20
5952,0.97,1,0.05,17
3220,0.89,1,0.32,22
3221,0.84,1,0.32,17
5953,0.97,1,0.05,27
5954,-0.47,0,0.05,18
3222,-0.59,0,0.319,36
5955,-0.47,0,0.05,19
5956,0.98,1,0.05,25
3223,0.63,0,0.319,42
3224,0.91,1,0.319,11
5957,-0.45,0,0.05,35
5958,0.94,1,0.05,10
3225,0.97,1,0.319,28
5959,0.93,1,0.05,21
5960,0.93,1,0.05,23
3226,-0.97,0,0.318,50
5961,0.93,1,0.05,47
5962,-0.57,0,0.05,24
3227,0.79,0,0.318,50
5963,0.98,1,0.05,37
5964,0.95,1,0.05,11
5965,0.98,1,0.05,16
3228,-0.8,0,0.317,63
5966,0.82,1,0.05,46
3229,-0.63,0,0.317,37
5967,0.92,1,0.05,19
3230,-0.69,0,0.317,33
3231,-0.5,0,0.317,9
3232,-0.55,0,0.317,5
5968,0.95,1,0.05,43
5969,0.97,1,0.05,12
5970,-0.58,0,0.05,7
3233,0.84,1,0.316,30
5971,0.92,1,0.05,17
5972,0.97,1,0.05,14
5973,-0.5,0,0.05,5
3234,-0.76,0,0.316,33
5974,0.93,1,0.05,41
3235,-0.86,0,0.316,46
5975,0.93,1,0.05,14
3236,-0.56,0,0.316,14
5976,0.91,1,0.05,22
3237,0.96,1,0.316,15
5977,0.98,1,0.05,36
3238,0.8,0,0.315,29
3239,-0.55,0,0.315,20
5978,0.83,1,0.05,35
3240,0.93,1,0.315,19
5979,0.92,1,0.05,34
3241,-0.77,0,0.315,36
5980,0.96,1,0.05,24
5981,-0.52,0,0.05,18
3242,-0.67,0,0.315,28
3243,0.95,1,0.314,10
5982,0.95,1,0.05,17
3244,-0.68,0,0.314,27
3245,-0.63,0,0.314,32
3246,-0.76,0,0.314,42
3247,0.8,0,0.313,39
3248,-0.63,0,0.313,27
3249,-0.66,0,0.313,40
3250,-0.57,0,0.313,10
3251,0.72,0,0.312,55
3252,-0.6,0,0.312,34
3253,0.58,0,0.312,39
3254,-0.64,0,0.312,25
3255,-0.69,0,0.311,30
3256,-0.8,0,0.311,26
3257,-0.77,0,0.311,38
3258,0.79,0,0.31,40
3259,0.63,0,0.31,44
3260,-0.66,0,0.31,27
3261,-0.58,0,0.31,16
3262,0.89,1,0.31,4
3263,0.8,0,0.309,33
3264,0.76,0,0.309,39
5983,-0.64,0,0.05,34
5984,0.94,1,0.05,13
3265,-0.65,0,0.309,45
3266,-0.5,0,0.309,9
5985,0.95,1,0.05,19
3267,-0.77,0,0.308,46
5986,0.82,1,0.05,51
5987,0.93,1,0.05,18
3268,-0.75,0,0.308,37
5988,0.63,0,0.05,44
3269,0.64,0,0.308,34
5989,0.85,1,0.05,23
5990,-0.52,0,0.05,15
3270,0.82,1,0.308,27
5991,0.97,1,0.05,15
3271,-0.65,0,0.307,25
5992,0.94,1,0.05,12
5993,0.95,1,0.05,13
3272,-0.56,0,0.307,20
5994,0.95,1,0.05,15
3273,-0.71,0,0.307,22
5995,0.97,1,0.05,38
5996,0.96,1,0.05,16
3274,-0.65,0,0.307,38
5997,0.96,1,0.05,18
3275,-0.63,0,0.307,21
3276,0.94,1,0.307,5
5998,0.91,1,0.05,27
5999,0.92,1,0.05,16
3277,-0.59,0,0.306,39
3278,0.82,1,0.306,25
3279,-0.56,0,0.306,5
6000,0.81,1,0.05,53
6001,0.91,1,0.05,22
3280,-0.78,0,0.306,35
3281,0.94,1,0.306,11
6003,0.96,1,0.05,16
6004,0.91,1,0.05,20
3282,0.68,0,0.305,35
6005,-0.58,0,0.05,19
3283,0.85,1,0.305,29
6006,0.87,1,0.05,34
6007,0.96,1,0.05,20
3284,0.8,0,0.305,45
3285,0.9,1,0.305,4
6008,0.81,1,0.05,33
3286,-0.55,0,0.305,13
6009,0.93,1,0.05,13
6010,0.93,1,0.05,21
3287,-0.8,0,0.304,37
6011,0.8,0,0.05,35
3288,-0.84,0,0.304,30
6012,0.92,1,0.05,31
3289,0.82,1,0.304,21
6013,0.95,1,0.05,21
3290,0.94,1,0.304,21
6014,0.99,1,0.05,17
3291,0.86,1,0.304,36
6015,0.88,1,0.05,34
6016,0.88,1,0.05,22
3292,0.87,1,0.303,23
6017,-0.5,0,0.05,4
6018,0.92,1,0.05,37
6019,-0.5,0,0.05,8
3293,-0.76,0,0.303,50
3294,0.94,1,0.303,3
6020,0.96,1,0.05,38
3295,0.76,0,0.303,35
6021,0.96,1,0.05,20
6022,0.88,1,0.05,24
3296,-0.95,0,0.302,42
6023,0.88,1,0.05,27
3297,-0.56,0,0.302,17
6024,0.98,1,0.05,29
3298,-0.71,0,0.302,25
6025,0.91,1,0.05,37
3299,0.74,0,0.302,28
3300,-0.55,0,0.302,4
3301,-0.67,0,0.301,36
6026,0.86,1,0.05,51
6027,-0.48,0,0.05,17
3302,0.82,1,0.301,20
6028,0.93,1,0.05,20
3303,-0.64,0,0.301,28
6029,0.95,1,0.05,17
3304,-0.61,0,0.301,18
3305,0.82,1,0.301,26
6030,0.89,1,0.05,43
6031,0.98,1,0.05,29
3306,-0.86,0,0.3,36
6032,0.94,1,0.05,12
3307,0.92,1,0.3,12
6033,0.94,1,0.05,22
3308,0.76,0,0.3,35
6034,0.9,1,0.05,23
3309,-0.7,0,0.3,24
6035,0.96,1,0.05,30
6036,0.89,1,0.05,54
3310,-1.19,0,0.299,76
6037,-0.45,0,0.05,28
3311,0.94,1,0.299,16
6038,0.98,1,0.05,19
3312,0.83,1,0.299,38
6039,0.75,0,0.05,54
3313,0.84,1,0.299,35
6040,0.96,1,0.05,21
6041,0.93,1,0.05,18
6042,0.92,1,0.05,21
3314,0.65,0,0.298,53
3315,-0.53,0,0.298,8
6043,0.89,1,0.05,40
3316,0.83,1,0.298,27
3317,-0.53,0,0.298,17
3318,0.8,0,0.298,20
6044,-0.56,0,0.05,63
3319,-0.62,0,0.297,32
6045,0.87,1,0.05,32
3320,0.79,0,0.297,16
3321,0.79,0,0.297,26
6046,0.84,1,0.05,48
6047,0.96,1,0.05,29
6048,-0.51,0,0.05,5
3322,0.44,0,0.296,64
3323,-0.58,0,0.296,6
6049,0.95,1,0.05,19
6050,-0.5,0,0.05,4
3324,0.97,1,0.296,19
3325,0.69,0,0.296,19
6051,0.84,1,0.05,51
6052,0.97,1,0.05,25
3326,-0.66,0,0.296,43
6053,-0.5,0,0.05,16
6054,0.87,1,0.05,33
3327,-0.78,0,0.295,39
6055,0.95,1,0.05,25
3328,-0.9,0,0.295,61
6056,-0.56,0,0.05,49
6057,-0.52,0,0.05,11
3329,0.58,0,0.295,44
6058,0.96,1,0.05,40
6059,0.93,1,0.05,19
3330,-0.63,0,0.294,33
6060,0.95,1,0.05,15
3331,-0.69,0,0.294,39
6061,0.92,1,0.05,48
6062,-0.54,0,0.05,18
3332,0.85,1,0.294,48
3333,0.89,1,0.294,16
6063,0.86,1,0.05,44
3334,0.84,1,0.293,25
6064,0.94,1,0.05,39
3335,0.82,1,0.293,20
3336,-0.69,0,0.293,18
6065,1.01,1,0.05,33
3337,0.89,1,0.293,16
3338,-0.48,0,0.293,3
6066,0.98,1,0.05,19
6067,0.96,1,0.05,14
3339,0.68,0,0.293,34
6068,0.9,1,0.05,27
6069,0.95,1,0.05,19
3340,0.85,1,0.292,28
6070,0.91,1,0.05,44
3341,0.71,0,0.292,40
6071,0.95,1,0.05,18
3342,-0.64,0,0.292,18
6072,0.97,1,0.05,27
3343,-0.74,0,0.292,28
6073,0.94,1,0.05,11
3344,-0.54,0,0.292,12
6074,0.97,1,0.05,27
3345,0.77,0,0.291,33
6075,0.93,1,0.05,38
3346,-0.58,0,0.291,26
6076,0.85,1,0.05,46
3347,0.83,1,0.291,35
6077,0.92,1,0.05,23
3348,0.97,1,0.291,19
6078,0.96,1,0.05,21
3349,0.86,1,0.291,18
6079,0.98,1,0.05,23
3350,-0.7,0,0.29,42
6080,0.97,1,0.05,42
6081,-0.58,0,0.05,32
3351,-0.8,0,0.29,52
6082,-0.5,0,0.05,5
6083,0.97,1,0.05,14
3352,-0.95,0,0.289,57
6084,0.9,1,0.05,60
6085,0.93,1,0.05,34
3353,0.69,0,0.289,44
6086,0.93,1,0.05,14
6087,0.91,1,0.05,33
3354,-0.85,0,0.289,44
3355,0.9,1,0.289,14
3356,-0.49,0,0.289,4
3357,-0.56,0,0.289,9
6088,0.83,1,0.05,48
6089,-0.66,0,0.05,22
3358,-0.59,0,0.288,35
6090,0.94,1,0.05,34
6091,0.98,1,0.05,19
3359,-0.76,0,0.288,65
3360,-0.52,0,0.288,5
6092,0.52,0,0.05,68
6093,0.95,1,0.05,13
6094,0.89,1,0.05,33
6095,0.97,1,0.05,9
6096,0.96,1,0.05,26
6097,0.99,1,0.05,17
6098,0.93,1,0.05,21
6099,0.94,1,0.05,3
6100,0.95,1,0.05,20
6101,0.9,1,0.05,16
6102,0.93,1,0.05,38
6103,0.9,1,0.05,35
6104,0.98,1,0.05,17
6105,0.92,1,0.05,15
6106,0.97,1,0.05,12
6107,0.95,1,0.05,44
6108,0.99,1,0.05,21
6109,0.92,1,0.05,32
6110,0.96,1,0.05,29
6111,0.79,0,0.05,40
6112,0.95,1,0.05,18
6113,0.8,0,0.05,35
6114,0.98,1,0.05,24
6115,0.94,1,0.05,12
6116,1.02,1,0.05,28
6117,0.97,1,0.05,22
6118,0.96,1,0.05,6
6119,-0.54,0,0.05,18
6120,0.95,1,0.05,17
6121,0.94,1,0.05,17
6122,0.96,1,0.05,27
6123,0.83,1,0.05,25
6124,0.94,1,0.05,24
3361,0.94,1,0.287,25
6125,-0.42,0,0.05,22
3362,0.81,1,0.287,30
6126,0.9,1,0.05,28
3363,-0.68,0,0.287,18
6127,0.88,1,0.05,24
6128,1.0,1,0.05,19
3364,-0.82,0,0.287,29
6129,0.96,1,0.05,15
3365,-0.53,0,0.287,23
6130,0.93,1,0.05,21
3366,0.98,1,0.287,11
3367,-0.82,0,0.286,27
6131,1.0,1,0.05,42
3368,0.77,0,0.286,18
6132,0.94,1,0.05,34
3369,-0.82,0,0.286,39
6133,-0.53,0,0.05,24
3370,-0.53,0,0.286,6
6134,0.99,1,0.05,14
6135,-0.5,0,0.05,22
6136,0.97,1,0.05,10
3371,0.72,0,0.286,44
3372,0.86,1,0.285,28
6137,0.94,1,0.05,38
3373,-0.61,0,0.285,17
6138,0.85,1,0.05,34
3374,0.76,0,0.285,26
6139,1.0,1,0.05,29
3375,0.84,1,0.285,21
6140,0.97,1,0.05,31
3376,-0.51,0,0.285,20
3377,-0.6,0,0.284,18
6141,0.74,0,0.05,38
3378,0.51,0,0.284,42
6142,0.83,1,0.05,42
3379,-0.55,0,0.284,9
6143,0.97,1,0.05,16
3380,-0.7,0,0.284,45
6144,0.91,1,0.05,41
3381,-0.62,0,0.284,22
6145,0.98,1,0.05,21
6146,0.95,1,0.05,30
3382,0.73,0,0.283,34
3383,0.92,1,0.283,18
6147,0.9,1,0.05,30
3384,0.69,0,0.283,44
6148,0.91,1,0.05,48
3385,-0.65,0,0.283,24
6149,0.95,1,0.05,28
6150,0.99,1,0.05,18
6151,0.89,1,0.05,19
3386,0.54,0,0.282,43
6152,0.96,1,0.05,15
6153,0.93,1,0.05,22
3387,0.96,1,0.282,33
3388,-0.6,0,0.282,23
3389,-0.53,0,0.282,8
6154,0.75,0,0.05,43
6155,0.89,1,0.05,23
3390,0.85,1,0.281,38
3391,-0.5,0,0.281,3
6156,0.88,1,0.05,40
6157,0.91,1,0.05,22
3392,0.77,0,0.281,34
6158,0.89,1,0.05,38
6159,0.99,1,0.05,16
3393,0.64,0,0.281,55
3394,-0.63,0,0.281,23
6160,0.98,1,0.05,33
6161,0.93,1,0.05,4
3395,-0.62,0,0.28,23
6162,0.96,1,0.05,37
3396,-0.64,0,0.28,33
6163,0.92,1,0.05,28
3397,0.85,1,0.28,21
6164,0.92,1,0.05,35
3398,0.88,1,0.28,27
6165,0.96,1,0.05,19
3399,0.85,1,0.279,33
6166,0.38,0,0.05,74
3400,-0.68,0,0.279,45
6167,0.96,1,0.05,13
6168,-0.56,0,0.05,3
6169,0.94,1,0.05,15
3401,0.82,1,0.279,40
6170,0.89,1,0.05,46
3402,-0.65,0,0.279,32
6171,0.91,1,0.05,33
3403,-0.75,0,0.278,39
3404,0.8,0,0.278,33
3405,-0.53,0,0.278,11
3406,0.91,1,0.278,29
3407,0.75,0,0.277,32
3408,-0.66,0,0.277,31
3409,0.77,0,0.277,42
3410,0.66,0,0.277,37
3411,-0.73,0,0.276,33
3412,1.0,1,0.276,25
3413,0.75,0,0.276,28
3414,0.76,0,0.276,25
3415,-0.55,0,0.276,9
3416,0.85,1,0.275,26
3417,-0.72,0,0.275,46
3418,-0.72,0,0.275,20
3419,0.91,1,0.275,7
3420,0.96,1,0.275,20
3421,0.95,1,0.275,3
3422,0.91,1,0.274,24
3423,-0.82,0,0.274,32
3424,0.86,1,0.274,20
3425,0.95,1,0.274,4
3426,0.79,0,0.274,33
3427,-0.54,0,0.274,29
3428,-0.55,0,0.273,5
6172,0.95,1,0.05,15
3429,-0.64,0,0.273,34
6173,0.91,1,0.05,21
3430,0.88,1,0.273,24
6174,0.97,1,0.05,18
3431,-0.68,0,0.273,17
3432,-0.65,0,0.273,9
6175,0.93,1,0.05,21
3433,0.95,1,0.273,14
6176,0.94,1,0.05,14
6177,0.77,0,0.05,29
3434,0.65,0,0.272,46
6178,0.94,1,0.05,26
3435,0.84,1,0.272,24
6179,0.91,1,0.05,33
6180,0.95,1,0.05,4
3436,-0.8,0,0.272,43
6181,0.85,1,0.05,41
3437,-0.66,0,0.272,13
6182,0.98,1,0.05,24
6183,-0.5,0,0.05,5
3438,0.75,0,0.271,32
6184,0.96,1,0.05,11
6185,-0.49,0,0.05,14
3439,-0.71,0,0.271,29
6186,0.98,1,0.05,35
6187,0.98,1,0.05,19
3440,0.86,1,0.271,33
6188,0.95,1,0.05,12
3441,-0.58,0,0.271,18
6189,1.03,1,0.05,25
3442,0.87,1,0.271,36
6190,-0.58,0,0.05,27
3443,-0.62,0,0.27,16
3444,0.94,1,0.27,3
6191,0.94,1,0.05,25
6192,0.96,1,0.05,12
3445,-0.65,0,0.27,18
3446,0.96,1,0.27,16
6193,0.94,1,0.05,33
3447,0.66,0,0.27,48
6194,0.88,1,0.05,66
3448,0.82,1,0.269,42
6195,0.72,0,0.05,50
3449,0.86,1,0.269,35
6196,0.93,1,0.05,27
3450,0.81,1,0.269,16
6197,0.96,1,0.05,12
3451,-0.61,0,0.269,29
6198,-0.54,0,0.05,27
6199,0.96,1,0.05,10
3452,-0.77,0,0.268,38
6200,0.87,1,0.05,38
3453,-0.55,0,0.268,22
6201,0.96,1,0.05,22
3454,-0.52,0,0.268,27
6202,0.96,1,0.05,32
6203,0.9,1,0.05,22
6204,-0.5,0,0.05,3
3455,0.8,0,0.268,36
6205,0.91,1,0.05,23
6206,0.92,1,0.05,22
3456,-0.8,0,0.267,48
3457,0.84,1,0.267,26
6207,0.91,1,0.05,50
6208,0.95,1,0.05,17
3458,0.84,1,0.267,23
3459,0.9,1,0.267,14
3460,0.92,1,0.267,21
3461,-0.97,0,0.266,49
3462,0.82,1,0.266,19
6209,0.4,0,0.05,125
3463,-0.66,0,0.266,26
6210,0.85,1,0.05,30
6211,-0.55,0,0.05,19
3464,0.8,0,0.266,35
6212,0.83,1,0.05,29
6213,-0.6,0,0.05,22
3465,0.76,0,0.265,43
6214,0.97,1,0.05,11
6215,-0.51,0,0.05,6
6216,0.97,1,0.05,11
6217,-0.51,0,0.05,4
3466,0.66,0,0.265,28
6218,0.98,1,0.05,13
6219,-0.5,0,0.05,3
6220,1.03,1,0.05,20
3467,0.78,0,0.265,43
3468,-0.58,0,0.265,5
3469,0.71,0,0.265,30
6221,0.94,1,0.05,42
6222,1.02,1,0.05,30
3470,0.71,0,0.264,39
6223,0.97,1,0.05,18
6224,0.97,1,0.05,12
6225,0.89,1,0.05,24
3471,-0.8,0,0.264,44
6226,-0.52,0,0.05,33
3472,-0.7,0,0.264,25
3473,0.93,1,0.264,14
6227,0.82,1,0.05,35
3474,0.82,1,0.263,25
6228,0.97,1,0.05,21
6229,0.83,1,0.05,33
6230,0.97,1,0.05,18
3475,-0.68,0,0.263,58
6231,0.92,1,0.05,22
3476,0.93,1,0.263,15
3477,-0.49,0,0.263,3
3478,-0.51,0,0.263,12
6232,0.98,1,0.05,43
6233,0.96,1,0.05,42
3479,-0.71,0,0.262,60
6234,0.97,1,0.05,52
3480,-0.68,0,0.262,58
3481,-0.56,0,0.262,21
6235,0.9,1,0.05,45
3482,-0.67,0,0.261,25
6236,1.02,1,0.05,34
6237,0.95,1,0.05,13
6238,0.89,1,0.05,31
3483,-0.87,0,0.261,56
6239,0.95,1,0.05,24
3484,-0.69,0,0.261,35
3485,-0.54,0,0.261,6
6240,0.97,1,0.05,41
3486,0.82,1,0.26,20
6241,0.86,1,0.05,21
3487,-0.59,0,0.26,31
6242,0.84,1,0.05,38
6243,0.95,1,0.05,19
3488,0.72,0,0.26,45
6244,0.93,1,0.05,24
6245,0.97,1,0.05,21
3489,0.82,1,0.26,41
6246,-0.65,0,0.05,31
3490,-0.65,0,0.259,26
6247,0.94,1,0.05,30
3491,-0.54,0,0.259,23
6248,0.88,1,0.05,27
3492,-0.82,0,0.259,27
3493,-0.57,0,0.259,5
6249,0.97,1,0.05,23
3494,0.92,1,0.259,9
6250,0.96,1,0.05,38
3495,0.68,0,0.258,50
6251,0.95,1,0.05,25
6252,0.97,1,0.05,15
3496,0.94,1,0.258,17
3497,0.96,1,0.258,4
6253,1.02,1,0.05,31
6254,0.86,1,0.05,22
3498,-0.78,0,0.258,39
6255,0.91,1,0.05,47
3499,0.68,0,0.257,56
6256,0.94,1,0.05,17
3500,-0.55,0,0.257,10
3501,-0.68,0,0.257,11
6257,0.92,1,0.05,28
6258,0.93,1,0.05,35
3502,0.71,0,0.257,40
3503,0.93,1,0.257,24
6259,0.93,1,0.05,51
3504,-0.61,0,0.256,39
6260,-0.51,0,0.05,20
6261,0.91,1,0.05,24
3505,0.64,0,0.256,38
6262,-0.5,0,0.05,37
3506,0.69,0,0.256,26
3507,-0.54,0,0.256,7
6263,0.85,1,0.05,25
3508,0.92,1,0.256,20
6264,0.81,1,0.05,29
3509,-0.67,0,0.256,25
6265,0.9,1,0.05,43
3510,-0.71,0,0.255,47
6266,0.96,1,0.05,16
3511,0.91,1,0.255,14
6267,0.79,0,0.05,52
6268,0.9,1,0.05,27
3512,-0.91,0,0.255,57
6269,0.98,1,0.05,20
6270,0.98,1,0.05,8
3513,0.92,1,0.254,25
3514,0.87,1,0.254,23
6271,0.81,1,0.05,38
6272,0.91,1,0.05,17
3515,-0.7,0,0.254,43
6273,0.85,1,0.05,40
6274,0.96,1,0.05,9
3516,0.65,0,0.254,47
3517,-0.5,0,0.254,3
6275,-0.64,0,0.05,50
3518,-0.72,0,0.253,28
6276,0.97,1,0.05,14
3519,-0.54,0,0.253,30
6277,0.94,1,0.05,33
6278,-0.56,0,0.05,11
3520,0.73,0,0.253,41
6279,0.92,1,0.05,46
3521,0.86,1,0.253,22
3522,0.94,1,0.253,3
6280,0.84,1,0.05,20
3523,-0.71,0,0.252,29
6281,0.8,0,0.05,28
3524,-0.58,0,0.252,13
6282,1.03,1,0.05,22
3525,0.89,1,0.252,16
6283,1.02,1,0.05,21
3526,0.69,0,0.252,31
3527,-0.56,0,0.252,24
6284,0.97,1,0.05,36
3528,0.98,1,0.251,26
6285,0.9,1,0.05,43
3529,-0.62,0,0.251,30
6286,0.93,1,0.05,25
6287,0.9,1,0.05,28
3530,0.81,1,0.251,38
3531,-0.55,0,0.251,11
6288,0.96,1,0.05,40
3532,-0.71,0,0.251,18
6289,0.91,1,0.05,27
3533,-0.64,0,0.251,24
6290,-0.52,0,0.05,5
6291,0.96,1,0.05,9
6292,0.96,1,0.05,22
3534,-0.68,0,0.25,35
6293,0.9,1,0.05,24
3535,-0.65,0,0.25,20
6294,-0.5,0,0.05,6
3536,0.89,1,0.25,7
3537,-0.54,0,0.25,15
6295,0.96,1,0.05,53
3538,-0.68,0,0.25,26
6296,0.89,1,0.05,17
6297,0.97,1,0.05,13
3539,0.65,0,0.249,35
6298,0.97,1,0.05,19
3540,-0.71,0,0.249,26
6299,0.97,1,0.05,28
6300,0.95,1,0.05,22
3541,0.9,1,0.249,37
6301,0.9,1,0.05,24
3542,0.9,1,0.249,12
6302,0.94,1,0.05,40
3543,-0.68,0,0.249,37
6303,0.97,1,0.05,12
3544,0.95,1,0.248,12
3545,-0.67,0,0.248,22
6304,0.95,1,0.05,28
6305,0.94,1,0.05,17
6306,-0.51,0,0.05,5
3546,-0.61,0,0.248,35
6307,0.84,1,0.05,31
6308,0.92,1,0.05,22
6309,0.96,1,0.05,19
6310,0.95,1,0.05,39
6311,0.88,1,0.05,26
6312,0.93,1,0.05,18
6313,0.9,1,0.05,26
6314,0.74,0,0.05,62
6315,-0.52,0,0.05,5
6316,0.83,1,0.05,35
6317,0.91,1,0.05,58
6318,0.94,1,0.05,41
6319,0.96,1,0.05,21
6320,0.84,1,0.05,42
6321,0.93,1,0.05,29
6322,0.97,1,0.05,38
6323,0.89,1,0.05,23
6324,0.95,1,0.05,17
6325,0.87,1,0.05,33
6326,-0.5,0,0.05,3
6327,0.92,1,0.05,37
6328,0.92,1,0.05,14
6329,0.9,1,0.05,30
6330,0.98,1,0.05,13
6331,0.96,1,0.05,13
6332,0.91,1,0.05,32
6333,0.96,1,0.05,44
6334,0.95,1,0.05,43
3547,0.87,1,0.248,33
6335,0.96,1,0.05,17
3548,-0.54,0,0.248,15
6336,-0.54,0,0.05,15
3549,0.66,0,0.247,27
6337,-0.5,0,0.05,40
6338,0.98,1,0.05,13
3550,0.78,0,0.247,43
6340,0.98,1,0.05,20
3551,0.73,0,0.247,38
6341,1.0,1,0.05,22
6342,0.98,1,0.05,14
3552,0.83,1,0.246,30
3553,0.95,1,0.246,11
6343,0.93,1,0.05,34
6344,0.97,1,0.05,17
3554,-0.62,0,0.246,18
6345,0.95,1,0.05,13
3555,-0.57,0,0.246,20
6346,0.96,1,0.05,17
3556,0.82,1,0.246,37
6347,0.91,1,0.05,50
3557,0.91,1,0.246,19
6348,-0.6,0,0.05,28
3558,0.86,1,0.245,26
6349,0.99,1,0.05,41
3559,0.69,0,0.245,40
6350,-0.59,0,0.05,28
6351,0.94,1,0.05,18
3560,0.87,1,0.245,25
3561,0.96,1,0.245,9
6352,0.93,1,0.05,37
3562,0.81,1,0.245,39
3563,0.9,1,0.244,14
6353,0.93,1,0.05,48
6354,1.0,1,0.05,21
3564,-0.6,0,0.244,33
6355,0.97,1,0.05,14
6356,0.9,1,0.05,28
3565,0.7,0,0.244,40
6357,0.99,1,0.05,21
3566,-0.52,0,0.244,24
6358,0.92,1,0.05,20
6359,1.01,1,0.05,19
3567,-0.65,0,0.243,28
3568,0.89,1,0.243,12
6360,0.91,1,0.05,21
6361,0.93,1,0.05,21
3569,0.81,1,0.243,37
3570,0.85,1,0.243,20
3571,-0.84,0,0.243,38
3572,-0.65,0,0.242,34
3573,0.73,0,0.242,17
3574,0.84,1,0.242,26
3575,-0.62,0,0.242,21
3576,-0.64,0,0.242,30
3577,0.89,1,0.241,21
3578,0.94,1,0.241,3
3579,-0.72,0,0.241,35
3580,-0.67,0,0.241,17
3581,0.92,1,0.241,11
3582,0.8,0,0.241,29
3583,0.63,0,0.24,50
3584,0.92,1,0.24,26
3585,0.91,1,0.24,11
3586,0.81,1,0.24,48
3587,0.77,0,0.239,33
3588,0.87,1,0.239,23
3589,-0.51,0,0.239,16
3590,0.85,1,0.239,29
3591,0.3,0,0.238,59
3592,0.84,1,0.238,44
3593,-0.87,0,0.238,50
6362,0.86,1,0.05,34
3594,0.85,1,0.237,26
6363,0.97,1,0.05,28
3595,0.88,1,0.237,20
3596,-0.5,0,0.237,3
3597,0.93,1,0.237,12
6364,0.96,1,0.05,40
6365,-0.61,0,0.05,23
3598,0.86,1,0.237,24
3599,0.92,1,0.237,15
6366,0.94,1,0.05,29
6367,0.95,1,0.05,15
3600,0.8,0,0.237,24
3601,-0.63,0,0.237,12
3602,-0.61,0,0.236,19
6368,0.77,0,0.05,37
3603,0.86,1,0.236,20
6369,0.92,1,0.05,24
3604,-0.75,0,0.236,31
3605,-0.53,0,0.236,10
6370,0.9,1,0.05,44
3606,-0.63,0,0.236,16
6371,0.93,1,0.05,40
3607,-0.7,0,0.236,17
6372,1.05,1,0.05,18
3608,0.83,1,0.235,28
6373,0.91,1,0.05,25
3609,0.8,0,0.235,30
6374,0.99,1,0.05,37
3610,-0.51,0,0.235,17
6375,0.96,1,0.05,21
6376,0.95,1,0.05,21
3611,0.62,0,0.235,50
6377,0.9,1,0.05,27
3612,-0.73,0,0.234,30
6378,0.91,1,0.05,24
6379,0.97,1,0.05,12
6380,0.88,1,0.05,31
3613,-0.59,0,0.234,42
3614,0.79,0,0.234,22
6381,0.99,1,0.05,37
3615,0.92,1,0.234,15
6382,0.99,1,0.05,24
3616,0.88,1,0.234,18
6383,0.99,1,0.05,15
3617,0.78,0,0.233,25
3618,0.94,1,0.233,14
6384,0.85,1,0.05,31
6385,0.88,1,0.05,31
3619,0.85,1,0.233,33
3620,-0.55,0,0.233,12
6386,1.05,1,0.05,29
6387,0.93,1,0.05,17
3621,-0.85,0,0.233,44
6388,0.83,1,0.05,32
3622,0.86,1,0.232,24
6389,0.9,1,0.05,24
3623,0.92,1,0.232,15
6390,0.95,1,0.05,47
6391,0.93,1,0.05,11
3624,-0.74,0,0.232,47
6392,0.94,1,0.05,21
3625,0.74,0,0.232,47
6393,0.93,1,0.05,40
6394,0.85,1,0.05,25
3626,-0.68,0,0.231,34
3627,-0.57,0,0.231,11
6395,0.97,1,0.05,32
3628,0.94,1,0.231,11
6396,0.95,1,0.05,31
3629,0.93,1,0.231,30
6397,0.96,1,0.05,20
6398,-0.51,0,0.05,5
3630,0.87,1,0.231,15
6399,1.05,1,0.05,19
3631,-0.68,0,0.231,24
6400,0.99,1,0.05,17
3632,0.94,1,0.23,17
3633,-0.57,0,0.23,15
6401,0.85,1,0.05,41
3634,0.85,1,0.23,28
6402,0.93,1,0.05,34
6403,0.99,1,0.05,27
3635,-0.61,0,0.23,36
3636,0.88,1,0.23,19
6404,0.96,1,0.05,44
3637,0.9,1,0.229,23
6405,0.91,1,0.05,23
3638,0.82,1,0.229,30
3639,-0.48,0,0.229,13
6406,0.86,1,0.05,38
3640,0.88,1,0.229,16
6407,0.92,1,0.05,29
3641,-0.6,0,0.229,16
3642,0.92,1,0.229,16
6408,0.9,1,0.05,29
3643,-0.65,0,0.229,15
6409,0.9,1,0.05,29
3644,-0.75,0,0.228,28
3645,0.81,1,0.228,16
6410,0.9,1,0.05,37
3646,0.84,1,0.228,29
6411,0.86,1,0.05,28
3647,-0.51,0,0.228,5
6412,0.94,1,0.05,18
6413,-0.48,0,0.05,3
3648,0.72,0,0.228,28
6414,0.99,1,0.05,18
3649,0.94,1,0.228,21
6415,0.95,1,0.05,26
3650,-0.49,0,0.228,4
3651,-0.49,0,0.228,4
6416,0.95,1,0.05,18
3652,0.95,1,0.227,16
6417,0.93,1,0.05,16
6418,-0.51,0,0.05,4
3653,0.9,1,0.227,18
6419,0.9,1,0.05,22
3654,0.68,0,0.227,30
3655,-0.54,0,0.227,13
6420,-0.5,0,0.05,37
6421,0.94,1,0.05,16
3656,-0.6,0,0.227,24
6422,-0.53,0,0.05,16
3657,-0.71,0,0.227,32
6423,0.94,1,0.05,39
3658,-0.59,0,0.226,23
6424,1.01,1,0.05,26
3659,-0.63,0,0.226,19
6425,0.92,1,0.05,31
6426,-0.54,0,0.05,3
3660,-0.63,0,0.226,32
6427,0.97,1,0.05,15
3661,0.9,1,0.226,12
6428,0.95,1,0.05,14
3662,-0.54,0,0.226,25
6429,1.02,1,0.05,20
3663,-0.6,0,0.226,16
6430,0.92,1,0.05,21
3664,0.78,0,0.225,27
6431,0.94,1,0.05,23
3665,0.86,1,0.225,22
3666,0.8,0,0.225,28
6432,0.91,1,0.05,58
6433,0.96,1,0.05,46
3667,0.53,0,0.224,65
6434,0.87,1,0.05,35
3668,0.72,0,0.224,33
6435,0.87,1,0.05,31
3669,0.94,1,0.224,6
6436,1.01,1,0.05,23
3670,0.72,0,0.224,50
6437,0.97,1,0.05,48
3671,-0.6,0,0.224,27
3672,-0.49,0,0.223,20
6438,0.94,1,0.05,53
3673,-0.68,0,0.223,17
6439,0.96,1,0.05,25
3674,0.78,0,0.223,24
6440,0.96,1,0.05,16
3675,-0.61,0,0.223,23
3676,-0.5,0,0.223,4
6441,0.94,1,0.05,43
3677,0.91,1,0.223,26
3678,0.9,1,0.223,9
6442,0.97,1,0.05,27
6443,1.03,1,0.05,27
3679,0.86,1,0.222,32
3680,-0.57,0,0.222,6
6444,0.95,1,0.05,11
6445,0.93,1,0.05,17
3681,-0.59,0,0.222,34
6446,0.95,1,0.05,21
3682,-0.48,0,0.222,3
6447,0.9,1,0.05,33
3683,0.84,1,0.222,34
6448,0.95,1,0.05,18
6449,0.92,1,0.05,11
3684,0.96,1,0.221,24
6450,0.96,1,0.05,13
3685,-0.56,0,0.221,9
3686,0.94,1,0.221,15
3687,0.86,1,0.221,35
6451,-0.57,0,0.05,64
6452,0.96,1,0.05,30
3688,0.87,1,0.221,26
3689,0.96,1,0.221,13
6453,0.94,1,0.05,25
6454,0.99,1,0.05,25
3690,0.71,0,0.22,35
6455,0.95,1,0.05,20
6456,0.86,1,0.05,25
6457,0.96,1,0.05,12
3691,0.55,0,0.22,56
6458,0.86,1,0.05,27
3692,0.84,1,0.22,28
6459,-0.55,0,0.05,38
3693,0.94,1,0.22,23
3694,0.88,1,0.219,18
6460,-0.5,0,0.05,38
6461,0.89,1,0.05,25
3695,0.84,1,0.219,38
3696,-0.51,0,0.219,10
6462,0.92,1,0.05,24
3697,-0.51,0,0.219,7
3698,0.92,1,0.219,14
6463,0.95,1,0.05,38
3699,0.81,1,0.219,19
3700,0.86,1,0.218,37
6464,0.95,1,0.05,48
6465,0.95,1,0.05,18
3701,-0.55,0,0.218,17
3702,0.83,1,0.218,28
3703,0.94,1,0.218,3
6466,0.86,1,0.05,45
3704,-0.69,0,0.218,31
3705,-0.54,0,0.218,3
6467,0.93,1,0.05,35
3706,0.9,1,0.218,22
6468,0.95,1,0.05,19
3707,0.89,1,0.217,15
6469,1.01,1,0.05,39
6470,0.93,1,0.05,22
3708,0.88,1,0.217,50
6471,0.93,1,0.05,21
6472,0.93,1,0.05,23
3709,0.78,0,0.217,39
6473,0.8,0,0.05,22
6474,1.01,1,0.05,23
3710,-0.67,0,0.217,35
6475,-0.63,0,0.05,41
3711,-0.86,0,0.216,47
6476,0.97,1,0.05,26
6477,0.99,1,0.05,23
6478,0.94,1,0.05,17
3712,-0.65,0,0.216,41
6479,0.94,1,0.05,15
3713,0.88,1,0.216,31
6480,-0.57,0,0.05,32
6481,0.95,1,0.05,16
3714,0.89,1,0.215,23
6482,-0.58,0,0.05,8
6483,0.89,1,0.05,34
3715,0.69,0,0.215,52
6484,0.93,1,0.05,21
3716,0.91,1,0.215,22
6485,0.99,1,0.05,38
6486,-0.58,0,0.05,8
6487,0.95,1,0.05,16
3717,-0.66,0,0.214,44
3718,0.89,1,0.214,15
6488,0.99,1,0.05,27
6489,0.93,1,0.05,37
3719,0.59,0,0.214,51
6490,0.92,1,0.05,30
3720,-0.73,0,0.214,32
6491,0.94,1,0.05,40
3721,-0.56,0,0.214,14
6492,0.92,1,0.05,25
3722,0.9,1,0.213,21
6493,0.93,1,0.05,16
6494,0.95,1,0.05,21
3723,0.75,0,0.213,62
6495,1.01,1,0.05,51
3724,-0.49,0,0.213,12
6496,0.98,1,0.05,17
3725,-0.63,0,0.212,43
6497,0.98,1,0.05,39
6498,1.0,1,0.05,14
3726,-0.65,0,0.212,20
6499,1.0,1,0.05,23
3727,-0.65,0,0.212,36
6500,0.99,1,0.05,24
3728,-0.53,0,0.212,17
6501,0.95,1,0.05,21
6502,0.87,1,0.05,23
3729,-0.56,0,0.212,34
3730,-0.5,0,0.212,5
6503,0.96,1,0.05,24
6504,0.96,1,0.05,19
6505,-0.62,0,0.05,23
3731,0.71,0,0.211,46
6506,0.87,1,0.05,33
6507,0.96,1,0.05,18
3732,-0.59,0,0.211,48
3733,-0.56,0,0.211,7
6508,0.92,1,0.05,38
3734,0.86,1,0.211,21
6509,0.88,1,0.05,27
3735,0.85,1,0.21,37
6510,0.98,1,0.05,17
3736,0.56,0,0.21,52
6511,0.83,1,0.05,63
6512,-0.52,0,0.05,23
3737,-0.78,0,0.21,42
3738,0.93,1,0.209,14
6513,0.89,1,0.05,41
6514,0.91,1,0.05,19
3739,0.92,1,0.209,26
6515,0.91,1,0.05,32
3740,-0.72,0,0.209,27
6516,0.88,1,0.05,41
6517,0.97,1,0.05,16
3741,0.93,1,0.209,48
6518,0.86,1,0.05,21
6519,0.95,1,0.05,31
6520,0.91,1,0.05,39
6521,0.92,1,0.05,46
6522,-0.51,0,0.05,44
6523,1.01,1,0.05,23
6524,0.99,1,0.05,29
6525,0.85,1,0.05,19
6526,0.91,1,0.05,25
6527,-0.5,0,0.05,5
6528,0.94,1,0.05,16
6529,0.97,1,0.05,23
6530,0.8,0,0.05,41
6531,-0.57,0,0.05,44
6532,-0.71,0,0.05,19
6533,0.96,1,0.05,13
6534,-0.5,0,0.05,5
6535,0.93,1,0.05,42
6536,-0.49,0,0.05,44
6537,1.02,1,0.05,29
6538,0.84,1,0.05,45
6539,-0.53,0,0.05,28
6540,0.76,0,0.05,42
6541,0.94,1,0.05,38
6542,-0.51,0,0.05,4
6543,-0.52,0,0.05,8
6544,-0.58,0,0.05,25
6545,0.94,1,0.05,51
6546,0.91,1,0.05,21
3742,0.69,0,0.208,50
3743,0.92,1,0.208,32
3744,0.89,1,0.208,25
3745,-0.58,0,0.208,14
3746,0.86,1,0.208,21
3747,0.85,1,0.207,16
3748,0.89,1,0.207,14
3749,0.68,0,0.207,39
3750,0.92,1,0.207,13
3751,0.94,1,0.207,11
3752,0.83,1,0.207,34
3753,0.65,0,0.206,64
3754,0.83,1,0.206,32
3755,-0.59,0,0.206,21
3756,-0.54,0,0.205,23
3757,-0.55,0,0.205,29
3758,0.87,1,0.205,30
3759,0.79,0,0.205,36
3760,-0.63,0,0.204,27
3761,-0.64,0,0.204,24
3762,0.88,1,0.204,21
3763,0.41,0,0.204,67
3764,0.78,0,0.203,34
3765,0.9,1,0.203,14
6547,-0.46,0,0.05,29
3766,0.96,1,0.203,24
6548,0.92,1,0.05,19
6549,0.98,1,0.05,18
3767,0.9,1,0.203,35
6550,-0.56,0,0.05,10
6551,-0.59,0,0.05,12
3768,0.84,1,0.203,25
6552,-0.61,0,0.05,33
3769,0.85,1,0.202,24
3770,0.96,1,0.202,9
6553,0.92,1,0.05,21
6554,0.97,1,0.05,28
3771,-0.67,0,0.202,37
3772,0.84,1,0.202,28
6556,0.93,1,0.05,15
3773,0.79,0,0.201,35
6557,0.92,1,0.05,23
6558,0.96,1,0.05,7
3774,0.87,1,0.201,17
6559,0.86,1,0.05,37
3775,0.75,0,0.201,30
6560,0.95,1,0.05,13
6561,1.0,1,0.05,16
3776,0.73,0,0.201,30
3777,1.0,1,0.201,18
6562,0.84,1,0.05,32
3778,0.94,1,0.201,14
3779,-0.51,0,0.201,4
6563,0.91,1,0.05,42
6564,0.93,1,0.05,16
3780,0.87,1,0.2,31
6565,0.99,1,0.05,15
3781,0.87,1,0.2,13
6566,0.95,1,0.05,16
6567,0.99,1,0.05,18
3782,0.74,0,0.2,36
6568,0.92,1,0.05,19
3783,-0.58,0,0.2,28
6569,-0.61,0,0.05,36
6570,1.01,1,0.05,16
3784,0.74,0,0.199,48
6571,-0.62,0,0.05,41
6572,0.94,1,0.05,15
3785,-0.63,0,0.199,50
6573,0.97,1,0.05,18
3786,-0.67,0,0.199,37
6574,0.91,1,0.05,48
6575,0.95,1,0.05,14
6576,0.91,1,0.05,13
3787,0.79,0,0.198,32
6577,0.9,1,0.05,42
6578,0.92,1,0.05,39
3788,0.78,0,0.198,61
6579,0.95,1,0.05,18
3789,0.89,1,0.198,24
6580,0.91,1,0.05,30
3790,0.84,1,0.198,26
6581,-0.64,0,0.05,18
3791,-0.58,0,0.197,22
3792,-0.55,0,0.197,12
6582,0.97,1,0.05,41
3793,-0.67,0,0.197,26
3794,0.89,1,0.197,11
6583,0.84,1,0.05,44
6584,0.96,1,0.05,21
3795,0.85,1,0.197,34
6585,0.92,1,0.05,26
3796,0.86,1,0.197,19
3797,-0.45,0,0.196,16
6586,0.91,1,0.05,44
3798,-0.73,0,0.196,50
6587,0.9,1,0.05,51
3799,0.92,1,0.196,19
3800,-0.49,0,0.196,15
6588,0.98,1,0.05,38
3801,-0.52,0,0.196,16
6589,0.94,1,0.05,28
3802,-0.52,0,0.196,17
6590,0.86,1,0.05,42
3803,0.76,0,0.195,36
6591,0.93,1,0.05,19
6592,0.93,1,0.05,20
3804,0.92,1,0.195,39
6593,0.94,1,0.05,35
3805,-0.64,0,0.195,20
3806,0.82,1,0.195,26
6594,0.89,1,0.05,50
6595,0.93,1,0.05,30
3807,0.81,1,0.194,54
6596,0.94,1,0.05,35
3808,0.93,1,0.194,22
6597,0.97,1,0.05,16
6598,0.94,1,0.05,20
3809,-0.59,0,0.194,35
6599,0.87,1,0.05,34
6600,-0.56,0,0.05,10
3810,-0.83,0,0.193,45
6601,0.99,1,0.05,41
3811,0.94,1,0.193,22
6602,0.94,1,0.05,32
6603,0.99,1,0.05,14
3812,0.68,0,0.193,43
6604,-0.51,0,0.05,7
6605,0.96,1,0.05,14
3813,-0.62,0,0.193,31
6606,0.93,1,0.05,27
3814,-0.65,0,0.192,22
3815,0.88,1,0.192,13
6607,0.85,1,0.05,48
3816,0.85,1,0.192,32
6608,0.83,1,0.05,34
3817,0.84,1,0.192,32
6609,0.89,1,0.05,20
3818,-0.56,0,0.192,13
6610,0.93,1,0.05,17
6611,0.97,1,0.05,31
3819,-0.66,0,0.191,29
3820,-0.58,0,0.191,22
3821,-0.51,0,0.191,29
6612,-0.9,0,0.05,68
3822,-0.64,0,0.191,26
6613,0.94,1,0.05,38
3823,0.66,0,0.191,30
6614,0.99,1,0.05,23
6615,1.01,1,0.05,32
3824,0.72,0,0.19,34
3825,-0.57,0,0.19,6
6616,0.98,1,0.05,13
3826,-0.58,0,0.19,11
3827,0.83,1,0.19,18
3828,-0.49,0,0.19,4
6617,0.88,1,0.05,43
3829,0.86,1,0.19,19
6618,0.9,1,0.05,25
6619,0.92,1,0.05,20
3830,0.84,1,0.19,29
3831,0.83,1,0.189,20
6620,-0.57,0,0.05,39
6621,0.99,1,0.05,20
3832,-0.54,0,0.189,29
6622,0.96,1,0.05,25
3833,0.73,0,0.189,32
6623,0.94,1,0.05,17
6624,-0.49,0,0.05,15
3834,0.88,1,0.189,21
3835,0.91,1,0.189,11
6625,0.91,1,0.05,22
6626,-0.55,0,0.05,13
3836,0.87,1,0.189,20
3837,-0.47,0,0.188,19
6627,0.93,1,0.05,34
3838,0.93,1,0.188,16
6628,0.9,1,0.05,22
6629,0.95,1,0.05,11
6630,0.96,1,0.05,11
3839,-0.75,0,0.188,47
6631,0.9,1,0.05,54
6632,0.94,1,0.05,13
3840,0.74,0,0.187,56
6633,0.91,1,0.05,35
3841,-0.63,0,0.187,28
6634,0.85,1,0.05,63
3842,-0.7,0,0.187,44
3843,-0.55,0,0.187,22
6635,0.94,1,0.05,28
3844,-0.69,0,0.187,29
3845,0.91,1,0.186,18
6636,-0.59,0,0.05,52
3846,0.94,1,0.186,11
6637,0.95,1,0.05,29
6638,0.98,1,0.05,18
3847,-0.79,0,0.186,35
6639,-0.51,0,0.05,6
3848,0.89,1,0.186,12
6640,0.97,1,0.05,22
3849,-0.54,0,0.186,13
6641,0.79,0,0.05,32
6642,0.98,1,0.05,16
6643,0.96,1,0.05,17
3850,-0.9,0,0.185,56
6644,0.89,1,0.05,23
3851,0.83,1,0.185,25
6645,0.93,1,0.05,13
6646,0.91,1,0.05,24
3852,-0.88,0,0.185,47
6647,0.97,1,0.05,52
3853,0.82,1,0.185,30
6648,0.87,1,0.05,31
3854,0.8,0,0.184,36
6649,0.9,1,0.05,36
6650,0.95,1,0.05,4
6651,0.97,1,0.05,13
6652,-0.53,0,0.05,9
3855,-0.74,0,0.184,47
6653,0.92,1,0.05,28
3856,0.8,0,0.184,34
6654,0.9,1,0.05,40
3857,0.89,1,0.183,17
3858,-0.49,0,0.183,4
6655,0.92,1,0.05,21
3859,0.7,0,0.183,31
6656,0.88,1,0.05,33
6657,0.91,1,0.05,23
3860,0.94,1,0.183,31
6658,0.99,1,0.05,30
3861,0.93,1,0.183,30
6659,0.86,1,0.05,40
6660,0.84,1,0.05,37
6661,0.85,1,0.05,29
3862,0.46,0,0.182,86
6662,0.99,1,0.05,22
3863,0.94,1,0.182,14
6663,0.97,1,0.05,10
3864,0.85,1,0.182,19
6664,0.99,1,0.05,24
6665,1.0,1,0.05,25
3865,0.74,0,0.181,46
3866,-0.5,0,0.181,5
6666,0.91,1,0.05,28
6667,0.91,1,0.05,18
6668,0.99,1,0.05,19
3867,-0.65,0,0.181,37
3868,0.73,0,0.181,27
6669,0.97,1,0.05,44
3869,0.87,1,0.181,19
6670,0.94,1,0.05,31
6671,1.0,1,0.05,30
3870,0.87,1,0.18,49
3871,-0.49,0,0.18,4
3872,0.93,1,0.18,4
6672,-0.53,0,0.05,28
3873,-0.71,0,0.18,24
6673,0.98,1,0.05,20
6674,0.93,1,0.05,14
3874,0.87,1,0.18,33
6675,0.96,1,0.05,31
3875,0.83,1,0.18,25
6676,0.99,1,0.05,25
6677,0.91,1,0.05,44
3876,0.64,0,0.179,62
6678,0.92,1,0.05,15
6679,-0.49,0,0.05,25
3877,0.84,1,0.179,23
3878,0.89,1,0.179,14
6680,1.03,1,0.05,23
3879,0.94,1,0.179,16
6681,1.0,1,0.05,18
6682,0.89,1,0.05,20
3880,-0.61,0,0.178,30
6683,0.98,1,0.05,15
6684,0.9,1,0.05,29
3881,0.78,0,0.178,32
6685,0.96,1,0.05,26
3882,0.79,0,0.178,37
6686,0.95,1,0.05,23
6687,0.98,1,0.05,21
3883,0.83,1,0.178,34
6688,0.95,1,0.05,23
3884,-0.57,0,0.178,19
3885,-0.54,0,0.177,3
6689,0.94,1,0.05,32
3886,-0.62,0,0.177,21
6690,1.01,1,0.05,22
3887,0.88,1,0.177,26
3888,-0.51,0,0.177,6
6691,0.95,1,0.05,41
3889,-0.61,0,0.177,24
3890,0.91,1,0.177,18
6692,1.02,1,0.05,38
6693,0.98,1,0.05,26
3891,0.92,1,0.177,28
6694,0.93,1,0.05,4
3892,0.91,1,0.176,22
3893,0.87,1,0.176,10
6695,0.91,1,0.05,48
3894,0.79,0,0.176,27
3895,0.95,1,0.176,10
6696,0.93,1,0.05,23
3896,0.92,1,0.176,13
6697,-0.5,0,0.05,25
3897,0.87,1,0.176,20
6698,0.94,1,0.05,18
6699,0.99,1,0.05,24
3898,-0.7,0,0.175,32
3899,-0.61,0,0.175,17
6700,0.96,1,0.05,32
6701,0.85,1,0.05,39
3900,0.87,1,0.175,47
6702,1.0,1,0.05,16
3901,0.87,1,0.175,20
6703,0.94,1,0.05,18
3902,0.96,1,0.175,13
6704,0.99,1,0.05,26
3903,0.8,0,0.174,41
6705,0.9,1,0.05,54
3904,-0.72,0,0.174,38
6706,-0.6,0,0.05,21
3905,0.94,1,0.174,14
6707,0.94,1,0.05,32
3906,0.87,1,0.174,32
6708,0.94,1,0.05,30
3907,0.84,1,0.174,22
6709,0.98,1,0.05,21
6710,0.89,1,0.05,23
3908,-0.64,0,0.173,26
6711,-0.53,0,0.05,12
6712,0.96,1,0.05,12
3909,0.85,1,0.173,25
6713,0.95,1,0.05,14
3910,0.82,1,0.173,32
6715,1.01,1,0.05,21
3911,0.74,0,0.173,43
6716,0.96,1,0.05,39
3912,0.79,0,0.172,26
6717,0.89,1,0.05,27
6718,0.91,1,0.05,22
3913,0.95,1,0.172,25
6719,0.92,1,0.05,23

6720,-0.55,0,0.05,22
3915,0.76,0,0.172,32
6721,1.0,1,0.05,23
3916,0.77,0,0.172,27
6722,1.06,1,0.05,26
6723,0.98,1,0.05,16
3917,0.91,1,0.171,22
3918,0.94,1,0.171,16
3919,0.85,1,0.171,19
6724,0.92,1,0.05,52
3920,-0.58,0,0.171,13
6725,0.95,1,0.05,19
6726,0.91,1,0.05,36
3921,0.67,0,0.171,40
6727,-0.56,0,0.05,21
3922,-0.53,0,0.17,24
6728,-0.51,0,0.05,16
6729,0.94,1,0.05,14
3923,0.87,1,0.17,38
6730,-0.55,0,0.05,38
6731,1.03,1,0.05,23
3924,-0.59,0,0.17,37
6732,0.88,1,0.05,38
3925,0.86,1,0.17,39
6733,-0.57,0,0.05,14
6734,-0.51,0,0.05,12
3926,-0.61,0,0.169,26
6735,-0.51,0,0.05,41
3927,0.72,0,0.169,41
6736,1.0,1,0.05,21
3928,0.93,1,0.169,9
6737,0.99,1,0.05,14
6738,0.96,1,0.05,24
6739,0.94,1,0.05,30
6740,0.99,1,0.05,18
6741,0.65,0,0.05,71
6742,0.93,1,0.05,25
6743,0.96,1,0.05,13
6744,1.04,1,0.05,25
6745,0.89,1,0.05,34
6746,-0.6,0,0.05,31
6747,0.96,1,0.05,23
6748,0.83,1,0.05,39
6749,0.94,1,0.05,36
6750,0.97,1,0.05,12
6751,0.82,1,0.05,31
6752,-0.54,0,0.05,26
3929,0.77,0,0.169,48
6753,1.06,1,0.05,30
3930,-0.81,0,0.168,41
6754,1.0,1,0.05,56
3931,0.83,1,0.168,32
6755,1.02,1,0.05,27
3932,0.9,1,0.168,28
3933,-0.57,0,0.168,13
6756,0.96,1,0.05,52
3934,0.83,1,0.167,38
6757,0.95,1,0.05,27
3935,-0.58,0,0.167,24
6758,0.97,1,0.05,36
6759,-0.5,0,0.05,5
6760,0.96,1,0.05,12
6761,0.97,1,0.05,16
3936,0.72,0,0.167,40
6762,0.93,1,0.05,26
3937,0.84,1,0.167,41
6763,0.73,0,0.05,43
3938,0.88,1,0.166,33
6764,1.04,1,0.05,21
3939,-0.6,0,0.166,23
6765,0.94,1,0.05,45
3940,0.93,1,0.166,17
6766,0.95,1,0.05,8
6767,0.96,1,0.05,17
3941,0.83,1,0.166,35
3942,0.89,1,0.166,14
6768,0.91,1,0.05,40
6769,-0.51,0,0.05,20
3943,0.72,0,0.165,32
3944,0.92,1,0.165,11
6770,0.99,1,0.05,21
3945,-0.6,0,0.165,17
6771,0.93,1,0.05,23
3946,0.81,1,0.165,34
6772,0.87,1,0.05,61
6773,0.98,1,0.05,12
3947,0.72,0,0.164,57
6774,0.96,1,0.05,38
6775,0.97,1,0.05,21
3948,0.78,0,0.164,50
6776,1.0,1,0.05,35
3949,0.91,1,0.164,30
3950,0.94,1,0.164,19
6777,0.93,1,0.05,40
6778,0.97,1,0.05,13
6779,0.96,1,0.05,19
6780,0.95,1,0.05,13
3951,0.94,1,0.163,50
6781,0.97,1,0.05,19
3952,-0.68,0,0.163,36
6782,0.98,1,0.05,40
6783,-0.52,0,0.05,5
6784,0.92,1,0.05,30
3953,-0.73,0,0.163,41
3954,-0.51,0,0.163,6
6785,0.85,1,0.05,14
6786,0.84,1,0.05,40
6787,0.93,1,0.05,13
3955,0.8,0,0.162,49
6788,0.98,1,0.05,16
6789,-0.52,0,0.05,5
6790,0.98,1,0.05,30
3956,-0.73,0,0.162,47
3957,0.93,1,0.162,17
3958,0.94,1,0.161,15
3959,0.98,1,0.161,11
6791,0.93,1,0.05,53
3960,0.86,1,0.161,32
6792,0.77,0,0.05,48
3961,0.88,1,0.161,18
6793,0.9,1,0.05,41
3962,0.71,0,0.161,35
6794,1.0,1,0.05,26
3963,0.9,1,0.161,10
3964,0.91,1,0.161,19
6795,0.99,1,0.05,25
3965,0.83,1,0.16,36
6796,0.99,1,0.05,41
3966,-0.52,0,0.16,6
3967,-0.6,0,0.16,28
6797,0.7,0,0.05,63
3968,0.84,1,0.16,35
6798,-0.53,0,0.05,13
6799,-0.51,0,0.05,20
3969,0.89,1,0.159,26
6800,-0.51,0,0.05,36
3970,-0.64,0,0.159,34
6801,-0.54,0,0.05,36
3971,0.89,1,0.159,36
6802,0.85,1,0.05,37
6803,0.97,1,0.05,33
3972,0.84,1,0.159,48
6804,0.95,1,0.05,18
6805,0.92,1,0.05,13
3973,0.83,1,0.158,51
6806,0.92,1,0.05,33
3974,-0.5,0,0.158,13
6807,1.02,1,0.05,29
3975,0.88,1,0.158,33
6808,0.86,1,0.05,31
3976,-0.57,0,0.158,17
6809,1.02,1,0.05,27
3977,0.85,1,0.158,19
3978,-0.5,0,0.157,3
6810,0.95,1,0.05,12
6811,0.95,1,0.05,16
6812,0.93,1,0.05,14
3979,0.81,1,0.157,40
6813,0.94,1,0.05,27
3980,0.91,1,0.157,24
6814,1.0,1,0.05,19
6815,0.75,0,0.05,31
3981,0.86,1,0.157,41
6816,-0.53,0,0.05,9
6817,0.97,1,0.05,14
3982,0.81,1,0.156,45
6818,-0.54,0,0.05,37
6819,-0.56,0,0.05,31
3983,0.86,1,0.156,34
3984,0.9,1,0.156,9
6820,0.9,1,0.05,39
3985,0.89,1,0.156,23
6821,0.95,1,0.05,16
3986,0.86,1,0.156,30
6822,0.93,1,0.05,37
3987,0.89,1,0.155,15
3988,-0.55,0,0.155,4
6823,0.96,1,0.05,15
3989,0.89,1,0.155,14
6824,0.96,1,0.05,10
3990,-0.76,0,0.155,30
6825,0.92,1,0.05,44
3991,0.8,0,0.155,33
3992,-0.66,0,0.155,18
6826,0.96,1,0.05,53
3993,-0.48,0,0.154,15
6827,0.95,1,0.05,14
6828,-0.49,0,0.05,4
3994,0.9,1,0.154,24
6829,0.98,1,0.05,25
6830,0.92,1,0.05,21
3995,0.85,1,0.154,38
6831,0.94,1,0.05,37
6832,-0.51,0,0.05,26
6833,0.95,1,0.05,42
3996,0.32,0,0.153,85
6834,-0.6,0,0.05,43
3997,0.82,1,0.153,30
6835,0.93,1,0.05,14
3998,0.88,1,0.153,15
6836,1.01,1,0.05,22
6837,0.97,1,0.05,19
6838,0.97,1,0.05,14
3999,0.9,1,0.153,44
4000,0.87,1,0.153,14
6839,0.94,1,0.05,17
4001,0.73,0,0.152,37
6840,-0.67,0,0.05,48
6841,0.92,1,0.05,13
4002,0.94,1,0.152,31
6842,0.98,1,0.05,17
4003,0.84,1,0.152,22
6843,0.88,1,0.05,57
4004,0.82,1,0.152,28
4005,0.92,1,0.151,25
6844,0.92,1,0.05,26
4006,0.88,1,0.151,14
6845,0.96,1,0.05,19
4007,0.85,1,0.151,33
6846,0.93,1,0.05,37
6847,-0.64,0,0.05,33
4008,-0.6,0,0.151,30
6848,1.06,1,0.05,27
4009,0.71,0,0.15,41
6849,0.89,1,0.05,31
4010,0.86,1,0.15,23
6850,0.96,1,0.05,27
4011,-0.62,0,0.15,40
6851,0.98,1,0.05,46
6852,0.91,1,0.05,18
4012,0.87,1,0.15,24
6853,0.99,1,0.05,13
4013,-0.56,0,0.15,15
4014,-0.62,0,0.149,43
6854,0.71,0,0.05,65
4015,-0.65,0,0.149,15
6855,0.87,1,0.05,42
6856,0.92,1,0.05,20
4016,-0.69,0,0.149,45
6857,0.98,1,0.05,25
4017,0.86,1,0.149,28
6858,0.9,1,0.05,45
4018,-0.71,0,0.148,41
6859,1.07,1,0.05,21
4019,0.8,0,0.148,39
4020,-0.54,0,0.148,13
6860,-0.61,0,0.05,54
6861,0.93,1,0.05,30
4021,-0.73,0,0.148,47
6862,0.88,1,0.05,45
4022,-0.6,0,0.147,34
6863,0.96,1,0.05,21
4023,0.99,1,0.147,18
6864,0.91,1,0.05,26
6865,0.96,1,0.05,16
4024,-0.53,0,0.147,23
4025,0.84,1,0.147,18
6866,-0.52,0,0.05,59
4026,0.97,1,0.147,31
4027,-0.5,0,0.146,17
6867,0.85,1,0.05,36
4028,-0.57,0,0.146,16
4029,0.9,1,0.146,14
6868,0.93,1,0.05,30
4030,-0.64,0,0.146,27
6869,0.95,1,0.05,38
4031,0.82,1,0.146,14
4032,0.93,1,0.146,13
4033,-0.55,0,0.146,16
6870,0.98,1,0.05,40
4034,-0.62,0,0.145,28
6871,0.8,0,0.05,47
4035,0.89,1,0.145,22
6872,0.87,1,0.05,34
6873,1.03,1,0.05,20
4036,-0.8,0,0.145,59
6874,0.88,1,0.05,47
4037,0.81,1,0.145,24
6875,0.95,1,0.05,10
6876,0.9,1,0.05,32
4038,0.89,1,0.144,32
4039,-0.57,0,0.144,6
6877,0.97,1,0.05,19
4040,0.87,1,0.144,23
6878,0.91,1,0.05,24
4041,-0.77,0,0.144,31
4042,0.94,1,0.144,11
6879,0.93,1,0.05,51
4043,0.9,1,0.144,10
6880,0.95,1,0.05,14
4044,0.9,1,0.144,13
6881,-0.5,0,0.05,4
6882,0.94,1,0.05,17
6883,-0.5,0,0.05,6
4045,0.87,1,0.143,27
4046,-0.53,0,0.143,20
6884,0.97,1,0.05,34
4047,0.95,1,0.143,14
6885,0.86,1,0.05,30
6886,0.97,1,0.05,13
6887,0.98,1,0.05,16
4048,0.86,1,0.143,42
4049,0.84,1,0.142,31
6888,0.87,1,0.05,33
6889,1.0,1,0.05,24
4050,0.92,1,0.142,22
4051,-0.52,0,0.142,9
6890,0.94,1,0.05,37
6891,-0.51,0,0.05,5
4052,0.78,0,0.142,28
6892,0.85,1,0.05,25
4053,-0.7,0,0.142,33
6893,0.93,1,0.05,21
6894,0.9,1,0.05,27
4054,-0.52,0,0.142,22
4055,-0.57,0,0.141,32
6895,0.86,1,0.05,48
4056,-0.52,0,0.141,8
4057,-0.52,0,0.141,18
6896,-0.82,0,0.05,36
4058,0.95,1,0.141,17
6897,1.05,1,0.05,24
4059,0.85,1,0.141,19
6898,0.93,1,0.05,15
6899,0.96,1,0.05,16
4060,0.89,1,0.141,26
4061,0.83,1,0.14,20
6900,0.93,1,0.05,30
4062,-0.51,0,0.14,4
6901,0.98,1,0.05,45
4063,0.77,0,0.14,51
6902,0.89,1,0.05,40
6903,0.93,1,0.05,34
4064,-0.69,0,0.14,47
6904,0.98,1,0.05,24
4065,0.87,1,0.139,39
6905,0.88,1,0.05,30
6906,-0.5,0,0.05,4
6907,0.99,1,0.05,17
6908,0.92,1,0.05,23
6909,0.93,1,0.05,18
6910,-0.5,0,0.05,4
4066,0.49,0,0.139,72
6911,0.98,1,0.05,32
4067,0.88,1,0.139,35
6912,0.85,1,0.05,31
4068,0.78,0,0.138,41
6913,0.96,1,0.05,36
6914,-0.59,0,0.05,29
4069,0.78,0,0.138,43
6915,1.05,1,0.05,23
6916,0.95,1,0.05,25
4070,0.83,1,0.137,54
4071,-0.5,0,0.137,5
4072,0.74,0,0.137,31
4073,0.91,1,0.137,15
4074,-0.68,0,0.137,38
4075,0.93,1,0.137,26
4076,0.88,1,0.136,32
4077,-0.48,0,0.136,5
4078,0.86,1,0.136,27
4079,-0.57,0,0.136,15
4080,0.76,0,0.135,47
4081,0.98,1,0.135,17
4082,-0.57,0,0.135,10
4083,-0.51,0,0.135,4
4084,0.76,0,0.135,45
4085,0.9,1,0.135,10
4086,0.89,1,0.135,33
4087,0.9,1,0.134,22
4088,-0.59,0,0.134,46
4089,0.73,0,0.134,35
4090,-0.63,0,0.134,29
4091,-0.62,0,0.133,16
4092,0.94,1,0.133,26
4093,-0.58,0,0.133,5
4094,0.89,1,0.133,12
4095,0.82,1,0.133,31
4096,0.83,1,0.133,32
4097,0.81,1,0.132,18
4098,0.91,1,0.132,18
6917,0.79,0,0.05,90
6918,0.95,1,0.05,18
4099,-0.53,0,0.132,44
6919,0.93,1,0.05,50
6920,0.99,1,0.05,21
4100,0.67,0,0.131,67
6921,0.91,1,0.05,22
4101,0.88,1,0.131,18
6922,0.88,1,0.05,44
4102,0.8,0,0.131,28
6923,0.94,1,0.05,31
4103,0.82,1,0.131,33
6924,1.02,1,0.05,20
4104,-0.51,0,0.131,11
6925,0.89,1,0.05,49
4105,0.88,1,0.13,38
6926,0.99,1,0.05,16
6927,0.98,1,0.05,19
4106,-0.63,0,0.13,24
6928,-0.56,0,0.05,5
6929,1.01,1,0.05,36
4107,-0.66,0,0.13,53
6930,-0.56,0,0.05,42
4108,0.89,1,0.13,30
6931,0.95,1,0.05,31
4109,0.88,1,0.129,28
6932,-0.55,0,0.05,47
6933,1.06,1,0.05,27
6934,0.95,1,0.05,19
6935,1.01,1,0.05,23
6936,-0.55,0,0.05,34
6937,0.99,1,0.05,19
6938,0.86,1,0.05,49
6939,0.95,1,0.05,36
6940,1.0,1,0.05,53
6941,0.97,1,0.05,21
6942,0.95,1,0.05,14
6943,0.99,1,0.05,36
6944,0.98,1,0.05,15
6945,1.0,1,0.05,43
6946,0.95,1,0.05,18
6947,0.91,1,0.05,44
6948,0.88,1,0.05,34
6949,0.95,1,0.05,10
6950,0.85,1,0.05,45
6951,0.97,1,0.05,12
6952,0.97,1,0.05,16
6953,0.98,1,0.05,21
6954,0.94,1,0.05,27
6955,0.82,1,0.05,30
6956,0.95,1,0.05,11
6957,-0.54,0,0.05,35
6958,0.97,1,0.05,53
6959,0.95,1,0.05,16
6960,0.88,1,0.05,37
4110,-0.64,0,0.129,33
4111,-0.56,0,0.129,3
6961,0.92,1,0.05,31
6962,-0.5,0,0.05,2
4112,0.96,1,0.129,30
6963,0.95,1,0.05,12
4113,0.9,1,0.129,10
6964,0.93,1,0.05,41
4114,0.89,1,0.128,31
6965,0.87,1,0.05,39
4115,0.86,1,0.128,28
4116,0.84,1,0.128,26
6966,0.83,1,0.05,33
4117,0.89,1,0.128,15
6967,0.92,1,0.05,20
4118,0.87,1,0.128,23
6968,-0.59,0,0.05,35
6969,0.97,1,0.05,16
4119,0.78,0,0.128,28
6970,0.94,1,0.05,23
6971,0.92,1,0.05,10
4120,0.69,0,0.127,38
6972,0.87,1,0.05,32
6973,1.0,1,0.05,18
6974,0.95,1,0.05,13
4121,0.77,0,0.127,52
4122,-0.57,0,0.127,18
6975,0.72,0,0.05,50
4123,0.92,1,0.127,20
6976,0.97,1,0.05,13
6977,1.01,1,0.05,22
6978,-0.5,0,0.05,5
6979,0.96,1,0.05,15
4124,0.83,1,0.126,52
6980,0.94,1,0.05,12
6981,0.92,1,0.05,23
6982,0.96,1,0.05,14
4125,0.78,0,0.126,47
6983,0.91,1,0.05,40
4126,-0.62,0,0.125,29
6984,0.95,1,0.05,10
6985,-0.55,0,0.05,18
4127,-0.57,0,0.125,26
6986,1.07,1,0.05,39
4128,0.82,1,0.125,36
4129,0.94,1,0.125,16
4130,-0.52,0,0.125,13
6987,0.84,1,0.05,57
4131,0.82,1,0.125,19
4132,0.92,1,0.125,9
6988,0.83,1,0.05,41
6989,0.97,1,0.05,13
6990,0.98,1,0.05,10
6991,0.92,1,0.05,24
4133,0.62,0,0.124,63
4134,-0.59,0,0.124,5
4135,0.9,1,0.124,13
6992,0.89,1,0.05,56
4136,-0.7,0,0.124,36
6993,0.93,1,0.05,12
4137,-0.49,0,0.123,23
6994,0.97,1,0.05,65
4138,0.8,0,0.123,46
6995,0.91,1,0.05,29
4139,-0.66,0,0.123,36
6996,0.92,1,0.05,43
6997,0.97,1,0.05,21
4140,0.87,1,0.123,26
6998,0.97,1,0.05,14
6999,0.95,1,0.05,11
4141,0.86,1,0.122,38
7000,0.95,1,0.05,34
7001,-0.53,0,0.05,14
4142,0.79,0,0.122,46
7002,0.94,1,0.05,34
7003,1.01,1,0.05,18
4143,0.9,1,0.122,29
4144,0.94,1,0.122,18
7004,-0.53,0,0.05,44
4145,-0.59,0,0.121,22
7005,-0.54,0,0.05,19
4146,-0.58,0,0.121,32
7006,0.93,1,0.05,29
4147,-0.5,0,0.121,11
7007,0.96,1,0.05,27
4148,0.96,1,0.121,21
7008,0.87,1,0.05,38
7009,0.92,1,0.05,30
4149,0.68,0,0.12,65
4150,-0.56,0,0.12,20
7010,0.89,1,0.05,48
4151,0.86,1,0.12,16
7011,0.97,1,0.05,37
4152,0.97,1,0.12,13
4153,0.88,1,0.12,15
7012,0.96,1,0.05,44
4154,0.83,1,0.12,30
7013,-0.54,0,0.05,40
4155,-0.83,0,0.119,38
4156,0.9,1,0.119,11
7014,0.92,1,0.05,43
7015,0.99,1,0.05,31
4157,0.8,0,0.119,39
7016,0.92,1,0.05,20
4158,0.86,1,0.119,20
4159,0.9,1,0.119,10
7017,0.96,1,0.05,18
4160,0.94,1,0.119,13
7018,0.97,1,0.05,31
7019,0.89,1,0.05,12
4161,-0.63,0,0.118,24
7020,0.95,1,0.05,29
4162,0.9,1,0.118,32
7021,0.9,1,0.05,37
4163,0.91,1,0.118,32
7022,0.98,1,0.05,15
7023,0.96,1,0.05,15
4164,0.81,1,0.118,30
7024,0.96,1,0.05,46
7025,0.96,1,0.05,14
4165,0.61,0,0.117,55
4166,-0.52,0,0.117,9
7026,0.94,1,0.05,34
7027,0.97,1,0.05,12
4167,-0.54,0,0.117,18
4168,0.96,1,0.117,13
4169,0.97,1,0.117,10
7028,-0.53,0,0.05,38
7029,0.95,1,0.05,15
4170,0.96,1,0.117,29
7030,0.91,1,0.05,36
4171,0.93,1,0.116,33
7031,0.97,1,0.05,25
4172,-0.56,0,0.116,29
4173,0.85,1,0.116,19
7032,0.75,0,0.05,57
7033,0.92,1,0.05,18
4174,0.85,1,0.116,30
4175,-0.57,0,0.116,24
7034,0.95,1,0.05,43
7035,0.9,1,0.05,25
7036,-0.5,0,0.05,5
4176,0.87,1,0.115,30
7037,0.92,1,0.05,21
4177,0.94,1,0.115,20
4178,0.89,1,0.115,17
7038,0.99,1,0.05,28
7039,0.95,1,0.05,17
4179,-0.49,0,0.115,31
7040,1.0,1,0.05,18
4180,-0.63,0,0.115,28
7041,0.83,1,0.05,43
4181,0.78,0,0.114,36
4182,-0.51,0,0.114,6
4183,0.89,1,0.114,20
7042,0.85,1,0.05,51
7043,-0.51,0,0.05,15
4184,-0.53,0,0.114,19
7044,0.99,1,0.05,12
7045,0.96,1,0.05,17
4185,-0.59,0,0.114,30
7046,1.0,1,0.05,22
7047,-0.54,0,0.05,16
4186,-0.55,0,0.113,20
4187,0.93,1,0.113,16
7048,0.9,1,0.05,48
4188,0.83,1,0.113,25
4189,0.96,1,0.113,18
7049,0.94,1,0.05,21
4190,0.94,1,0.113,13
7050,0.93,1,0.05,22
7051,0.94,1,0.05,18
4191,-0.51,0,0.113,32
4192,-0.6,0,0.112,23
4193,-0.51,0,0.112,4
7052,0.91,1,0.05,48
7053,-0.52,0,0.05,23
4194,0.86,1,0.112,41
7054,0.91,1,0.05,47
4195,0.94,1,0.112,28
7055,0.94,1,0.05,38
4196,0.86,1,0.112,27
4197,-0.51,0,0.112,13
7056,0.87,1,0.05,38
7057,0.99,1,0.05,16
7058,-0.5,0,0.05,3
4198,0.82,1,0.111,33
7059,0.97,1,0.05,20
7060,-0.5,0,0.05,4
4199,0.84,1,0.111,24
4200,0.88,1,0.111,12
7061,0.99,1,0.05,41
4201,0.97,1,0.111,27
7062,0.97,1,0.05,30
4202,0.85,1,0.111,25
7063,0.84,1,0.05,28
4203,0.8,0,0.11,28
7064,0.99,1,0.05,24
4204,0.76,0,0.11,20
7065,0.73,0,0.05,65
7066,0.95,1,0.05,16
4205,0.92,1,0.11,52
4206,-0.52,0,0.11,13
7067,0.89,1,0.05,22
4207,0.89,1,0.11,29
7068,0.98,1,0.05,28
4208,0.92,1,0.109,19
4209,-0.48,0,0.109,5
7069,0.8,0,0.05,34
7070,0.97,1,0.05,19
4210,0.79,0,0.109,43
4211,-0.5,0,0.109,5
7071,0.89,1,0.05,38
7072,0.94,1,0.05,19
4212,0.83,1,0.109,23
7073,0.94,1,0.05,20
4213,0.78,0,0.108,37
4214,0.9,1,0.108,19
7074,0.96,1,0.05,58
7075,0.96,1,0.05,16
4215,0.83,1,0.108,21
4216,0.92,1,0.108,12
7076,1.0,1,0.05,29
7077,0.84,1,0.05,42
7078,-0.52,0,0.05,7
4217,0.76,0,0.108,57
4218,0.94,1,0.107,12
7079,0.92,1,0.05,41
4219,-0.59,0,0.107,19
7080,1.03,1,0.05,35
4220,0.76,0,0.107,24
7081,0.92,1,0.05,20
7082,-0.56,0,0.05,7
4221,0.89,1,0.107,25
7083,0.97,1,0.05,16
4222,0.85,1,0.107,29
7084,0.99,1,0.05,25
7085,0.95,1,0.05,15
4223,-0.49,0,0.106,30
7086,0.92,1,0.05,28
4224,0.95,1,0.106,19
7087,0.98,1,0.05,12
7088,0.98,1,0.05,18
4225,-0.64,0,0.106,46
7089,0.86,1,0.05,54
4226,0.73,0,0.106,55
7090,0.85,1,0.05,61
4227,0.73,0,0.105,49
7091,1.01,1,0.05,38
4228,0.85,1,0.105,15
7092,0.89,1,0.05,21
4229,0.95,1,0.105,16
7093,0.95,1,0.05,27
7094,0.99,1,0.05,15
4230,0.77,0,0.105,42
7095,0.95,1,0.05,22
4231,0.92,1,0.104,14
7096,0.93,1,0.05,16
4232,0.8,0,0.104,33
4233,0.92,1,0.104,9
4234,0.85,1,0.104,23
4235,0.79,0,0.104,33
4236,-0.49,0,0.104,4
4237,0.81,1,0.103,54
4238,-0.5,0,0.103,3
4239,0.87,1,0.103,24
4240,0.72,0,0.103,58
4241,0.78,0,0.102,35
4242,0.97,1,0.102,37
4243,-0.54,0,0.102,43
4244,0.91,1,0.102,10
4245,0.94,1,0.101,13
4246,-0.56,0,0.101,41
4247,0.89,1,0.101,25
4248,0.83,1,0.101,23
4249,0.84,1,0.101,30
4250,0.96,1,0.1,15
4251,0.94,1,0.1,20
4252,-0.63,0,0.1,30
4253,0.67,0,0.1,35
4254,0.95,1,0.099,34
4255,0.95,1,0.099,31
4256,0.93,1,0.099,18
7097,0.92,1,0.05,40
7098,0.95,1,0.05,18
4257,0.9,1,0.099,31
4258,0.95,1,0.099,36
7099,0.97,1,0.05,51
7100,0.85,1,0.05,24
4259,0.76,0,0.098,36
4260,0.9,1,0.098,8
7101,0.99,1,0.05,23
4261,0.78,0,0.098,26
7102,0.99,1,0.05,44
4262,1.0,1,0.098,27
7103,1.02,1,0.05,26
4263,1.01,1,0.098,33
7104,-0.58,0,0.05,39
7105,0.92,1,0.05,16
4264,-0.56,0,0.097,38
7106,0.98,1,0.05,36
7107,0.97,1,0.05,14
4265,-0.64,0,0.097,44
7108,0.94,1,0.05,22
7109,0.88,1,0.05,37
4266,0.75,0,0.097,40
7110,0.97,1,0.05,21
4267,0.97,1,0.096,17
7111,0.92,1,0.05,20
7112,0.92,1,0.05,19
7113,0.92,1,0.05,17
4268,0.79,0,0.096,49
7114,0.98,1,0.05,20
4269,0.91,1,0.096,16
7115,0.95,1,0.05,14
4270,0.94,1,0.096,18
7116,1.05,1,0.05,34
4271,-0.54,0,0.096,27
4272,-0.48,0,0.096,3
4273,0.91,1,0.095,22
7117,0.8,0,0.05,49
7118,0.96,1,0.05,34
4274,0.9,1,0.095,43
7119,0.89,1,0.05,26
7120,0.87,1,0.05,25
4275,0.85,1,0.095,44
4276,0.88,1,0.095,14
7121,0.9,1,0.05,34
4277,0.74,0,0.094,33
7122,0.88,1,0.05,42
4278,0.98,1,0.094,15
7123,0.91,1,0.05,38
4279,0.88,1,0.094,27
7124,0.85,1,0.05,25
7125,-0.5,0,0.05,5
4280,0.8,0,0.094,36
7126,1.02,1,0.05,21
4281,-0.54,0,0.093,21
7127,-0.57,0,0.05,23
4282,0.99,1,0.093,12
7128,1.0,1,0.05,20
4283,0.79,0,0.093,36
7129,0.82,1,0.05,46
4284,0.83,1,0.093,18
4285,-0.51,0,0.093,6
7130,0.97,1,0.05,16
4286,0.84,1,0.093,16
7131,0.96,1,0.05,14
7132,-0.58,0,0.05,9
7133,0.9,1,0.05,14
4287,0.83,1,0.093,32
4288,-0.52,0,0.092,5
7134,-0.55,0,0.05,27
7135,-0.53,0,0.05,22
4289,0.82,1,0.092,33
7136,0.92,1,0.05,26
7137,0.98,1,0.05,19
4290,-0.62,0,0.092,35
7138,0.93,1,0.05,41
4291,0.81,1,0.092,31
7139,0.92,1,0.05,18
4292,0.95,1,0.092,18
7140,0.99,1,0.05,15
7141,-0.76,0,0.05,33
4293,0.85,1,0.091,38
4294,0.93,1,0.091,17
7142,0.91,1,0.05,35
4295,0.8,0,0.091,18
7143,1.0,1,0.05,30
4296,-0.56,0,0.091,22
7144,0.91,1,0.05,38
4297,-0.65,0,0.091,34
7145,0.95,1,0.05,14
4298,0.88,1,0.09,16
7146,0.97,1,0.05,18
7147,0.98,1,0.05,17
4299,0.98,1,0.09,23
4300,0.88,1,0.09,12
7148,0.95,1,0.05,27
4301,0.94,1,0.09,28
7149,0.88,1,0.05,36
7150,1.0,1,0.05,22
4302,0.84,1,0.09,29
4303,0.98,1,0.09,12
7151,0.89,1,0.05,19
7152,-0.63,0,0.05,30
7153,1.0,1,0.05,45
7154,0.87,1,0.05,17
7155,0.96,1,0.05,19
7156,0.9,1,0.05,23
7157,0.99,1,0.05,17
7158,0.92,1,0.05,27
7159,0.95,1,0.05,10
7160,0.95,1,0.05,11
7161,0.84,1,0.05,25
7162,0.81,1,0.05,57
7163,0.89,1,0.05,14
7164,0.93,1,0.05,22
7165,0.89,1,0.05,34
7166,1.03,1,0.05,15
7167,0.95,1,0.05,16
7168,0.97,1,0.05,19
7169,0.96,1,0.05,13
7170,0.95,1,0.05,13
7171,0.9,1,0.05,35
7172,0.99,1,0.05,14
7173,0.96,1,0.05,15
7174,-0.5,0,0.05,5
7175,-0.51,0,0.05,51
7176,0.88,1,0.05,11
7177,0.96,1,0.05,21
7178,0.98,1,0.05,16
7179,0.89,1,0.05,13
7180,0.85,1,0.05,35
7181,-0.53,0,0.05,35
7182,0.91,1,0.05,28
7183,0.94,1,0.05,29
7184,0.94,1,0.05,29
7185,0.91,1,0.05,21
4304,-0.63,0,0.089,29
7186,0.85,1,0.05,62
4305,0.73,0,0.089,46
4306,0.98,1,0.089,11
7187,0.88,1,0.05,37
4307,0.94,1,0.089,22
7188,0.91,1,0.05,28
7189,0.98,1,0.05,12
7190,1.01,1,0.05,25
4308,0.78,0,0.088,53
7191,0.87,1,0.05,42
4309,-0.63,0,0.088,20
7192,0.94,1,0.05,13
7193,0.96,1,0.05,13
4310,-0.68,0,0.088,43
7194,0.95,1,0.05,36
4311,0.9,1,0.088,11
7195,0.99,1,0.05,14
4312,0.96,1,0.088,25
7196,0.92,1,0.05,26
7197,0.99,1,0.05,12
4313,0.93,1,0.087,12
4314,0.94,1,0.087,3
7198,0.91,1,0.05,15
7199,0.99,1,0.05,46
4315,-0.56,0,0.087,46
7200,0.99,1,0.05,20
7201,-0.49,0,0.05,7
4316,-0.58,0,0.087,39
7202,1.08,1,0.05,29
4317,0.94,1,0.087,17
7203,0.92,1,0.05,53
4318,0.88,1,0.086,39
4319,-0.54,0,0.086,18
7204,0.9,1,0.05,27
7205,0.96,1,0.05,12
4320,0.87,1,0.086,21
7206,0.94,1,0.05,24
4321,0.71,0,0.086,34
7207,-0.69,0,0.05,42
4322,-0.57,0,0.086,16
7208,0.9,1,0.05,45
7209,0.94,1,0.05,16
4323,0.68,0,0.085,51
7210,0.95,1,0.05,16
7211,0.94,1,0.05,4
7212,-0.49,0,0.05,10
4324,-0.6,0,0.085,28
7213,0.93,1,0.05,19
7214,0.98,1,0.05,15
4325,0.83,1,0.085,21
7215,0.96,1,0.05,26
4326,0.88,1,0.085,37
7216,0.9,1,0.05,15
4327,0.93,1,0.084,14
7217,0.9,1,0.05,27
4328,0.96,1,0.084,40
7218,0.71,0,0.05,53
7219,0.96,1,0.05,40
4329,0.84,1,0.084,54
7220,0.95,1,0.05,11
7221,0.96,1,0.05,12
4330,-0.5,0,0.084,17
4331,0.92,1,0.083,17
4332,0.86,1,0.083,19
7222,0.81,1,0.05,57
4333,0.93,1,0.083,21
7223,0.97,1,0.05,35
4334,0.87,1,0.083,22
7224,0.93,1,0.05,27
7225,0.92,1,0.05,19
7226,-0.54,0,0.05,5
7227,-0.52,0,0.05,5
4335,0.89,1,0.083,47
7228,0.95,1,0.05,51
4336,0.9,1,0.082,48
7229,0.77,0,0.05,54
4337,0.82,1,0.082,32
4338,0.92,1,0.082,36
7230,0.72,0,0.05,57
7231,0.93,1,0.05,31
4339,0.96,1,0.081,38
7232,0.97,1,0.05,12
7233,0.98,1,0.05,12
4340,-0.61,0,0.081,51
7234,0.92,1,0.05,44
4341,-0.55,0,0.081,9
4342,0.88,1,0.081,21
4343,1.0,1,0.081,14
7235,0.78,0,0.05,53
4344,0.87,1,0.08,25
7236,0.96,1,0.05,33
4345,0.93,1,0.08,16
4346,0.88,1,0.08,25
4347,-0.48,0,0.08,9
7238,0.94,1,0.05,16
4348,-0.58,0,0.08,13
7239,0.94,1,0.05,21
7240,0.84,1,0.05,34
4349,0.73,0,0.08,40
4350,0.99,1,0.079,16
7241,0.89,1,0.05,32
4351,-0.51,0,0.079,4
4352,0.95,1,0.079,8
7242,0.98,1,0.05,13
7243,1.06,1,0.05,18
7244,0.94,1,0.05,3
4353,0.99,1,0.079,23
7245,0.93,1,0.05,17
4354,-0.61,0,0.079,20
7246,0.98,1,0.05,33
7247,0.85,1,0.05,34
7248,0.9,1,0.05,19
4355,0.7,0,0.078,79
7249,1.01,1,0.05,34
4356,-0.62,0,0.078,31
4357,0.92,1,0.078,11
7250,0.94,1,0.05,34
7251,0.94,1,0.05,17
4358,-0.55,0,0.078,21
7252,1.0,1,0.05,24
4359,0.95,1,0.078,16
7253,0.91,1,0.05,22
7254,0.95,1,0.05,11
4360,0.83,1,0.077,36
7255,1.03,1,0.05,34
4361,0.85,1,0.077,27
7256,0.95,1,0.05,32
4362,0.85,1,0.077,29
7257,0.97,1,0.05,16
7258,0.98,1,0.05,36
7259,-0.54,0,0.05,26
4363,0.72,0,0.077,50
7260,0.96,1,0.05,9
4364,0.92,1,0.076,17
7261,0.9,1,0.05,30
4365,0.9,1,0.076,20
4366,-0.57,0,0.076,6
7262,-0.52,0,0.05,21
4367,0.96,1,0.076,12
4368,1.01,1,0.076,23
7263,0.99,1,0.05,45
4369,0.84,1,0.076,36
7264,0.92,1,0.05,36
7265,1.0,1,0.05,20
7266,0.96,1,0.05,15
4370,0.81,1,0.075,33
7267,0.98,1,0.05,10
4371,0.86,1,0.075,15
7268,0.96,1,0.05,14
4372,0.89,1,0.075,29
7269,0.93,1,0.05,33
7270,0.91,1,0.05,29
4373,0.64,0,0.075,56
7271,0.95,1,0.05,39
4374,-0.59,0,0.075,5
4375,0.93,1,0.074,22
7272,0.77,0,0.05,40
4376,0.9,1,0.074,15
7273,0.92,1,0.05,15
7274,0.94,1,0.05,13
4377,0.9,1,0.074,19
7275,0.97,1,0.05,12
4378,0.91,1,0.074,24
7276,-0.51,0,0.05,28
4379,0.84,1,0.074,26
7277,0.89,1,0.05,32
4380,0.97,1,0.074,15
7278,-0.43,0,0.05,34
4381,0.88,1,0.073,38
7279,0.99,1,0.05,28
7280,1.0,1,0.05,24
4382,0.81,1,0.073,36
4383,0.98,1,0.073,22
7281,-0.57,0,0.05,40
7282,0.99,1,0.05,18
7283,0.98,1,0.05,23
7284,0.89,1,0.05,52
7285,0.92,1,0.05,27
7286,0.97,1,0.05,16
7287,0.98,1,0.05,11
7288,0.98,1,0.05,27
7289,0.94,1,0.05,13
7290,0.95,1,0.05,22
7291,0.96,1,0.05,17
4384,-1.47,0,0.071,208
4385,-0.49,0,0.071,3
7292,0.98,1,0.05,23
7293,0.95,1,0.05,14
7294,0.96,1,0.05,11
4386,-0.63,0,0.071,31
4387,0.82,1,0.071,44
4388,0.84,1,0.07,29
4389,0.9,1,0.07,22
4390,0.67,0,0.07,57
4391,0.93,1,0.07,27
4392,0.84,1,0.069,34
4393,0.98,1,0.069,47
4394,-0.59,0,0.069,5
4395,0.89,1,0.069,16
4396,0.72,0,0.068,53
4397,0.82,1,0.068,40
4398,0.93,1,0.068,44
4399,0.99,1,0.068,21
4400,0.92,1,0.067,12
4401,0.93,1,0.067,16
4402,-0.55,0,0.067,17
4403,0.89,1,0.067,22
4404,0.77,0,0.067,16
4405,0.96,1,0.067,34
4406,0.9,1,0.066,25
4407,0.92,1,0.066,29
4408,0.87,1,0.066,27
4409,0.93,1,0.066,21
4410,0.89,1,0.065,60
4411,0.89,1,0.065,30
4412,0.97,1,0.065,30
4413,0.95,1,0.065,15
4414,0.97,1,0.065,20
4415,1.0,1,0.064,29
4416,0.89,1,0.064,25
4417,-0.49,0,0.064,4
4418,0.87,1,0.064,41
4419,0.94,1,0.064,13
4420,1.0,1,0.063,33
4421,-0.69,0,0.063,50
4422,0.9,1,0.063,29
4423,0.94,1,0.063,20
4424,0.85,1,0.062,43
4425,0.89,1,0.062,16
4426,0.95,1,0.062,18
4427,-0.56,0,0.062,16
4428,0.84,1,0.062,24
4429,-0.5,0,0.062,3
4430,0.83,1,0.061,40
4431,0.97,1,0.061,36
4432,0.88,1,0.061,15
