episode,total_reward,win,epsilon,steps
1639,-0.67,0,0.749,12
1640,-0.92,0,0.749,32
1641,0.77,0,0.749,23
1642,-0.8,0,0.748,55
1643,0.91,1,0.748,4
1644,0.8,0,0.748,16
1645,-0.73,0,0.748,37
1646,-0.55,0,0.748,18
1647,-0.64,0,0.748,11
1648,-0.67,0,0.748,8
1649,0.87,1,0.747,22
1650,-1.27,0,0.747,61
1651,-0.51,0,0.747,9
1652,-0.63,0,0.747,14
1653,-0.86,0,0.746,35
1654,-0.97,0,0.746,66
1655,-0.63,0,0.746,9
1656,-0.91,0,0.746,28
1657,-0.67,0,0.745,17
1658,-0.85,0,0.745,18
1659,-0.62,0,0.745,14
1660,-0.56,0,0.745,11
1661,-0.96,0,0.745,41
1662,0.58,0,0.745,32
1663,0.95,1,0.745,10
1664,-0.52,0,0.744,10
1665,-0.5,0,0.744,8
1666,0.66,0,0.744,32
1667,-0.7,0,0.744,26
1668,0.95,1,0.744,8
1669,-0.61,0,0.744,4
1670,-0.79,0,0.744,25
1671,-0.89,0,0.743,33
1672,-0.67,0,0.743,14
1673,-0.48,0,0.743,4
1674,-0.61,0,0.743,10
1675,-0.64,0,0.743,20
1676,0.72,0,0.743,12
1677,-0.82,0,0.743,18
1678,-0.56,0,0.743,10
1679,-0.73,0,0.743,17
1680,-0.89,0,0.742,27
1681,-0.64,0,0.742,16
1682,-0.57,0,0.742,13
1683,0.67,0,0.742,30
1684,0.67,0,0.742,21
1685,-0.71,0,0.742,14
1686,-0.67,0,0.742,6
1687,-0.57,0,0.741,6
1688,-0.68,0,0.741,14
1689,-0.69,0,0.741,22
1690,-0.73,0,0.741,14
1691,-0.62,0,0.741,21
1692,-0.7,0,0.741,16
1693,-0.71,0,0.741,16
1694,-0.57,0,0.741,12
1695,-0.85,0,0.74,29
1696,0.81,1,0.74,12
1697,0.87,1,0.74,17
1698,-1.21,0,0.74,74
1699,-0.59,0,0.739,20
1700,-0.61,0,0.739,7
1701,-0.62,0,0.739,17
1702,-0.81,0,0.739,32
1703,-0.75,0,0.739,17
1704,-0.71,0,0.739,17
1705,-0.76,0,0.738,33
1706,-0.74,0,0.738,17
1707,0.86,1,0.738,19
1708,0.74,0,0.738,15
1709,-0.56,0,0.738,10
1710,-0.64,0,0.738,9
1711,-0.65,0,0.738,20
1712,-0.59,0,0.737,32
1713,0.51,0,0.737,25
1714,-0.55,0,0.737,9
1715,-0.61,0,0.737,15
1716,-0.7,0,0.737,20
1717,-0.65,0,0.737,11
1718,0.9,1,0.737,3
1719,-0.78,0,0.737,18
1720,-0.65,0,0.736,24
1721,-0.7,0,0.736,15
1722,-0.62,0,0.736,14
1723,-0.62,0,0.736,25
1724,-0.51,0,0.736,10
1725,-0.84,0,0.736,43
1726,-0.7,0,0.735,12
1727,-0.65,0,0.735,15
1728,-0.69,0,0.735,27
1729,-0.59,0,0.735,4
1730,0.63,0,0.735,43
1731,0.74,0,0.735,23
1732,-0.55,0,0.734,16
1733,-0.67,0,0.734,21
1734,-1.01,0,0.734,49
1735,-0.66,0,0.734,13
1736,-0.5,0,0.734,3
1737,-0.69,0,0.734,18
1738,-0.55,0,0.734,11
1739,-0.65,0,0.733,11
1740,-0.59,0,0.733,16
1,-0.76,0,1.0,15
2,-0.73,0,1.0,18
3,-0.69,0,1.0,18
4,0.56,0,0.999,30
5,-0.87,0,0.999,16
6,-0.63,0,0.999,14
1741,-0.83,0,0.733,25
7,-0.7,0,0.999,22
8,-0.9,0,0.999,16
9,-0.57,0,0.999,13
10,-0.64,0,0.999,13
11,-0.57,0,0.999,11
1742,-0.79,0,0.733,18
12,0.69,0,0.998,25
13,-0.63,0,0.998,14
1743,-0.64,0,0.733,11
14,0.2,0,0.998,61
15,-0.77,0,0.998,26
16,0.91,1,0.997,4
17,-0.78,0,0.997,19
1744,-0.62,0,0.733,16
18,-0.67,0,0.997,12
19,-0.8,0,0.997,18
20,-0.61,0,0.997,13
21,-0.69,0,0.997,19
22,-1.39,0,0.996,79
23,-0.9,0,0.996,20
1745,-0.81,0,0.733,24
24,-1.21,0,0.996,50
25,-0.63,0,0.996,18
26,-0.69,0,0.995,10
27,-0.79,0,0.995,22
28,-0.74,0,0.995,16
29,-0.7,0,0.995,22
30,-0.69,0,0.995,10
31,-0.62,0,0.995,13
32,-0.91,0,0.995,16
33,-0.88,0,0.995,18
34,-0.93,0,0.994,36
35,-0.79,0,0.994,15
36,-0.73,0,0.994,21
37,-0.71,0,0.994,20
38,-0.59,0,0.994,12
39,-0.57,0,0.994,10
40,-0.8,0,0.994,12
41,-0.6,0,0.993,7
42,-0.82,0,0.993,21
43,-0.58,0,0.993,10
44,-0.53,0,0.993,10
45,0.8,0,0.993,13
46,0.89,1,0.993,8
47,-0.66,0,0.993,15
48,-0.7,0,0.993,14
49,-1.06,0,0.992,38
50,-0.59,0,0.992,17
51,-0.62,0,0.992,24
52,0.88,1,0.992,17
53,-0.97,0,0.992,26
54,-0.59,0,0.992,10
55,-0.66,0,0.992,17
56,0.7,0,0.991,31
1746,-1.33,0,0.732,74
57,-0.77,0,0.991,22
58,-0.59,0,0.991,4
59,0.81,1,0.991,20
60,-0.71,0,0.991,14
61,0.75,0,0.991,24
62,-0.81,0,0.991,16
63,-0.62,0,0.99,9
64,-0.82,0,0.99,28
65,-0.66,0,0.99,12
66,-0.52,0,0.99,5
67,-0.61,0,0.99,7
68,-0.94,0,0.99,24
1747,-0.87,0,0.732,19
69,-0.64,0,0.99,13
70,0.59,0,0.99,23
71,-1.02,0,0.989,29
72,-0.72,0,0.989,15
73,-0.9,0,0.989,23
74,-0.72,0,0.989,12
75,-1.14,0,0.989,46
1748,-0.82,0,0.732,24
76,-0.8,0,0.988,20
77,-0.61,0,0.988,8
78,0.95,1,0.988,12
79,-0.62,0,0.988,9
80,0.96,1,0.988,9
81,-0.87,0,0.988,26
82,-0.79,0,0.988,27
83,-0.69,0,0.988,18
84,-0.55,0,0.988,4
85,-0.84,0,0.987,18
86,-0.49,0,0.987,4
87,0.68,0,0.987,14
88,-0.51,0,0.987,4
89,-0.77,0,0.987,16
1749,0.65,0,0.731,55
90,-0.5,0,0.987,7
91,-0.5,0,0.987,9
92,0.7,0,0.987,14
93,-0.51,0,0.987,4
94,-0.88,0,0.987,24
95,-0.82,0,0.987,14
96,-0.72,0,0.986,16
97,-0.59,0,0.986,14
1750,-0.65,0,0.731,23
98,-0.79,0,0.986,23
99,-0.51,0,0.986,4
100,-0.76,0,0.986,20
1751,-0.58,0,0.731,9
101,-1.03,0,0.986,37
102,-0.89,0,0.985,39
103,-0.75,0,0.985,8
1752,-0.64,0,0.731,11
104,-0.66,0,0.985,13
105,-0.6,0,0.985,21
106,-0.55,0,0.985,3
107,-0.79,0,0.985,16
1753,-0.55,0,0.731,12
108,-0.65,0,0.985,20
109,-0.85,0,0.985,11
110,-0.97,0,0.984,33
111,-0.65,0,0.984,9
112,-0.79,0,0.984,12
113,-0.5,0,0.984,5
114,-0.69,0,0.984,13
115,-0.73,0,0.984,24
1754,0.62,0,0.731,31
116,-0.66,0,0.984,15
117,-0.57,0,0.984,8
118,-0.49,0,0.984,3
119,-0.67,0,0.984,14
120,-0.73,0,0.983,25
121,-0.49,0,0.983,6
122,-0.73,0,0.983,22
1755,0.8,0,0.73,18
123,-0.55,0,0.983,4
124,-0.68,0,0.983,16
125,-0.67,0,0.983,5
126,-0.95,0,0.983,23
127,-0.74,0,0.983,14
1756,-0.67,0,0.73,13
128,-1.26,0,0.982,43
129,-0.9,0,0.982,36
130,-0.74,0,0.982,13
131,-0.88,0,0.982,45
132,-0.94,0,0.981,32
133,-0.54,0,0.981,4
134,-0.63,0,0.981,13
135,-0.84,0,0.981,23
136,-0.77,0,0.981,22
137,-0.85,0,0.981,19
1757,-0.9,0,0.73,49
138,-1.0,0,0.98,41
139,-0.65,0,0.98,4
140,-0.59,0,0.98,11
141,0.63,0,0.98,23
142,-0.6,0,0.98,8
143,-0.66,0,0.98,14
144,-0.83,0,0.98,16
145,-0.68,0,0.98,11
146,-0.61,0,0.979,20
147,-0.56,0,0.979,3
1758,0.74,0,0.73,35
148,-0.93,0,0.979,12
149,-0.55,0,0.979,11
150,-0.71,0,0.979,12
151,-0.71,0,0.979,22
1759,-0.67,0,0.73,15
152,-0.9,0,0.979,35
153,-0.76,0,0.979,11
154,-0.82,0,0.978,13
155,-0.68,0,0.978,13
1760,-0.55,0,0.729,11
156,-0.71,0,0.978,25
157,-0.67,0,0.978,16
158,-0.73,0,0.978,19
159,-0.81,0,0.978,17
1761,-0.86,0,0.729,18
160,-0.55,0,0.978,5
161,-0.6,0,0.978,4
162,-0.56,0,0.978,16
163,-0.56,0,0.978,10
164,-0.55,0,0.977,11
165,-0.86,0,0.977,15
166,-0.98,0,0.977,29
167,-0.6,0,0.977,9
168,0.94,1,0.977,7
169,-0.98,0,0.977,34
1762,0.46,0,0.729,30
170,-0.67,0,0.977,12
171,-0.91,0,0.976,37
172,-0.56,0,0.976,16
173,-0.76,0,0.976,21
174,-0.76,0,0.976,18
175,-0.74,0,0.976,11
176,-0.74,0,0.976,12
177,-1.05,0,0.975,38
178,-0.56,0,0.975,3
179,-0.63,0,0.975,16
180,0.75,0,0.975,22
181,-0.92,0,0.975,16
182,-0.89,0,0.975,23
183,-0.68,0,0.975,12
184,-0.76,0,0.975,13
185,-0.53,0,0.974,7
186,-0.72,0,0.974,18
1763,0.85,1,0.729,33
187,-0.68,0,0.974,23
188,0.72,0,0.974,25
189,-0.64,0,0.974,15
190,-0.69,0,0.974,12
191,-0.71,0,0.974,11
192,-1.23,0,0.973,71
193,-0.49,0,0.973,9
194,0.44,0,0.973,54
195,-0.74,0,0.973,12
196,-0.65,0,0.972,15
197,-0.71,0,0.972,13
198,-0.93,0,0.972,30
199,-0.96,0,0.972,29
200,-1.01,0,0.972,40
201,-0.62,0,0.971,16
202,-0.57,0,0.971,7
203,-0.78,0,0.971,14
204,-0.61,0,0.971,10
205,-0.92,0,0.971,26
206,-0.74,0,0.971,34
207,-0.66,0,0.971,10
208,-0.96,0,0.97,36
209,0.94,1,0.97,3
1764,-0.98,0,0.728,46
210,-0.89,0,0.97,30
211,-0.68,0,0.97,12
212,-0.61,0,0.97,7
213,-0.86,0,0.97,25
214,-0.75,0,0.97,18
215,-0.59,0,0.969,30
1765,-0.65,0,0.728,23
216,-0.81,0,0.969,27
217,-0.88,0,0.969,15
218,-0.72,0,0.969,11
219,-0.6,0,0.969,5
1766,-0.86,0,0.728,31
220,-1.32,0,0.968,70
221,-1.16,0,0.968,35
222,-1.13,0,0.968,43
223,-0.7,0,0.968,14
224,-0.67,0,0.967,12
225,-0.64,0,0.967,9
226,-0.68,0,0.967,10
227,-0.86,0,0.967,23
1767,-0.68,0,0.728,28
1768,-0.49,0,0.728,9
228,-1.22,0,0.966,84
229,-0.67,0,0.966,17
230,-0.61,0,0.966,12
231,-1.11,0,0.966,23
232,-0.95,0,0.966,34
233,-0.64,0,0.966,23
234,-0.63,0,0.965,13
1769,-0.83,0,0.728,24
235,-0.85,0,0.965,26
236,-0.78,0,0.965,25
237,-0.56,0,0.965,14
1770,-0.79,0,0.727,18
238,-0.77,0,0.965,17
239,-0.91,0,0.965,22
240,-0.62,0,0.965,12
241,-0.81,0,0.964,17
242,-0.75,0,0.964,41
1771,-0.62,0,0.727,18
243,-1.53,0,0.963,85
244,-0.72,0,0.963,12
245,-0.64,0,0.963,14
246,-0.55,0,0.963,7
247,-0.68,0,0.963,14
248,-0.81,0,0.963,24
1772,-0.59,0,0.727,24
1773,-0.56,0,0.727,5
249,-0.93,0,0.963,32
250,-0.74,0,0.963,13
251,-0.64,0,0.962,13
252,-0.69,0,0.962,12
1774,-0.69,0,0.727,11
253,-0.67,0,0.962,10
254,-0.78,0,0.962,17
255,-0.58,0,0.962,8
256,-0.7,0,0.962,12
257,-0.68,0,0.962,10
1775,-0.56,0,0.727,18
258,-0.55,0,0.962,10
259,-0.6,0,0.962,14
260,-1.1,0,0.961,42
261,-0.56,0,0.961,5
262,-0.6,0,0.961,5
263,-0.54,0,0.961,10
1776,-0.75,0,0.727,17
264,-0.81,0,0.961,24
265,-0.84,0,0.961,10
266,-0.65,0,0.961,11
267,-0.71,0,0.961,14
268,-0.78,0,0.961,24
269,-0.77,0,0.96,15
1777,-1.36,0,0.726,58
1778,-1.05,0,0.726,42
1779,-0.71,0,0.726,17
1780,-0.53,0,0.726,5
1781,-0.54,0,0.726,4
1782,-0.62,0,0.726,17
1783,0.87,1,0.725,14
1784,-0.68,0,0.725,16
1785,0.74,0,0.725,21
1786,-0.52,0,0.725,12
1787,-1.63,0,0.724,95
1788,-0.64,0,0.724,14
1789,-0.79,0,0.724,19
1790,-0.51,0,0.724,13
1791,0.7,0,0.724,29
1792,-0.64,0,0.724,13
1793,-0.57,0,0.723,11
1794,-0.78,0,0.723,28
1795,0.66,0,0.723,27
1796,-0.61,0,0.723,12
270,-0.72,0,0.96,17
271,-0.97,0,0.96,31
272,-0.94,0,0.96,46
273,-0.73,0,0.96,16
274,0.64,0,0.959,17
275,-0.75,0,0.959,11
276,-0.85,0,0.959,29
277,-0.81,0,0.959,17
278,-0.74,0,0.959,17
279,-0.56,0,0.959,23
280,-0.81,0,0.958,38
281,-0.74,0,0.958,9
282,-0.9,0,0.958,27
283,-0.97,0,0.958,19
284,0.95,1,0.958,12
285,-0.64,0,0.958,29
286,-0.79,0,0.958,11
287,-0.6,0,0.957,5
288,0.9,1,0.957,15
289,0.59,0,0.957,31
290,0.74,0,0.957,25
1797,-0.68,0,0.723,23
291,-0.7,0,0.957,9
1798,-0.72,0,0.723,16
292,-0.77,0,0.957,20
1799,-0.79,0,0.722,19
293,-0.93,0,0.956,32
1800,-0.73,0,0.722,27
294,-0.69,0,0.956,22
1801,-0.82,0,0.722,20
295,-0.79,0,0.956,26
1802,0.93,1,0.722,20
1803,-0.79,0,0.722,16
1804,0.59,0,0.722,27
296,-1.61,0,0.955,73
1805,-0.71,0,0.721,21
1806,-0.52,0,0.721,4
1807,-0.68,0,0.721,21
297,-0.69,0,0.955,36
298,-0.51,0,0.955,9
1808,-0.64,0,0.721,14
1809,-0.7,0,0.721,19
1810,-0.68,0,0.721,26
1811,-0.69,0,0.721,10
299,-1.79,0,0.954,95
1812,-0.86,0,0.721,20
300,-0.63,0,0.954,7
1813,-0.66,0,0.72,11
1814,-0.5,0,0.72,11
301,-0.78,0,0.954,13
1815,-0.54,0,0.72,4
1816,-0.58,0,0.72,14
302,-0.97,0,0.954,31
1817,0.67,0,0.72,22
1818,-0.5,0,0.72,3
303,0.69,0,0.954,38
1819,-0.73,0,0.72,26
1820,-0.68,0,0.72,8
304,-0.72,0,0.953,20
1821,-0.75,0,0.72,19
305,-0.55,0,0.953,15
306,0.78,0,0.953,19
307,0.85,1,0.953,14
1822,-0.99,0,0.719,34
1823,-0.67,0,0.719,17
308,0.85,1,0.953,18
309,-0.61,0,0.953,14
1824,-0.82,0,0.719,26
310,-0.65,0,0.953,12
1825,-0.72,0,0.719,11
311,-0.69,0,0.953,27
1826,-0.66,0,0.719,18
1827,-0.61,0,0.719,11
1828,-0.7,0,0.719,10
312,-1.01,0,0.952,32
313,-0.55,0,0.952,4
1829,-0.8,0,0.718,23
314,-0.9,0,0.952,19
1830,-0.78,0,0.718,16
315,-0.54,0,0.952,5
1831,-0.66,0,0.718,12
316,-0.55,0,0.952,13
317,-0.62,0,0.952,20
1832,-0.9,0,0.718,28
1833,-0.61,0,0.718,10
1834,-0.72,0,0.718,12
318,-0.83,0,0.951,42
319,-0.73,0,0.951,14
1835,0.55,0,0.718,39
1836,-0.68,0,0.717,12
320,-0.8,0,0.951,28
1837,-0.6,0,0.717,14
1838,-0.81,0,0.717,24
321,-1.16,0,0.951,66
1839,-0.59,0,0.717,25
1840,-0.77,0,0.717,14
322,-0.92,0,0.95,17
1841,-0.55,0,0.717,11
323,-0.75,0,0.95,23
1842,-0.65,0,0.717,15
1843,-0.71,0,0.716,13
1844,0.84,1,0.716,16
1845,-0.59,0,0.716,14
1846,-0.79,0,0.716,15
324,0.33,0,0.95,62
1847,0.8,0,0.716,14
325,-0.73,0,0.95,14
1848,-0.67,0,0.716,17
1849,-0.57,0,0.716,11
326,-1.0,0,0.949,28
1850,-0.56,0,0.716,15
327,-0.68,0,0.949,12
328,0.95,1,0.949,5
4
329,-0.71,0,0.949,14
330,-0.51,0,0.949,8
1852,-0.66,0,0.715,14
1853,-0.61,0,0.715,14
331,-0.56,0,0.949,15
1854,-1.02,0,0.715,25
1855,-0.75,0,0.715,29
1856,-0.77,0,0.715,23
1857,-0.78,0,0.715,21
332,-0.53,0,0.948,112
1858,-0.58,0,0.714,11
1859,0.87,1,0.714,15
333,-0.96,0,0.948,42
334,-0.57,0,0.948,12
1860,0.52,0,0.714,62
335,-1.02,0,0.947,46
1861,-0.71,0,0.714,25
336,-0.67,0,0.947,12
1862,-0.68,0,0.714,9
337,-0.68,0,0.947,10
338,-0.48,0,0.947,3
1863,-0.66,0,0.713,14
339,0.82,1,0.947,16
1864,-0.6,0,0.713,13
1865,-0.57,0,0.713,17
340,-0.72,0,0.947,26
341,-0.53,0,0.947,4
1866,0.92,1,0.713,14
342,-0.78,0,0.947,21
343,-0.55,0,0.947,4
344,-0.69,0,0.947,13
1867,-0.89,0,0.713,40
345,-0.64,0,0.946,16
1868,-0.72,0,0.713,16
346,-0.71,0,0.946,16
1869,-0.68,0,0.713,18
347,-0.84,0,0.946,27
1870,-0.71,0,0.712,23
348,-0.61,0,0.946,12
1871,-0.71,0,0.712,18
349,-0.64,0,0.946,17
350,0.9,1,0.946,10
1872,-0.7,0,0.712,19
351,-0.78,0,0.946,13
1873,-0.62,0,0.712,20
352,-0.69,0,0.946,17
1874,-0.69,0,0.712,17
353,-0.86,0,0.945,22
354,-0.6,0,0.945,4
355,-0.73,0,0.945,11
356,-0.74,0,0.945,10
1875,-0.93,0,0.711,43
1876,-0.59,0,0.711,18
1877,0.68,0,0.711,24
1878,-0.74,0,0.711,17
357,-1.34,0,0.945,74
1879,-0.58,0,0.711,7
1880,-0.6,0,0.711,4
358,-0.65,0,0.944,20
359,-0.5,0,0.944,3
1881,-0.67,0,0.711,19
1882,-0.56,0,0.711,8
360,-0.8,0,0.944,24
361,-0.8,0,0.944,14
1883,-0.94,0,0.71,35
362,-0.75,0,0.944,17
1884,-0.76,0,0.71,11
363,0.92,1,0.944,14
1885,-0.67,0,0.71,11
1886,-0.84,0,0.71,31
364,-1.03,0,0.943,41
365,-0.65,0,0.943,15
1887,-0.73,0,0.71,28
1888,-0.51,0,0.71,4
366,-0.76,0,0.943,18
367,-0.55,0,0.943,3
1889,0.95,1,0.71,10
1890,-0.65,0,0.71,4
368,-0.57,0,0.943,4
1891,-0.57,0,0.71,8
1892,-0.82,0,0.709,21
369,0.13,0,0.943,35
1893,-0.55,0,0.709,5
1894,-0.59,0,0.709,13
1895,-0.57,0,0.709,10
370,-0.84,0,0.943,37
1896,-0.75,0,0.709,19
1897,-0.56,0,0.709,8
371,0.54,0,0.942,34
1898,-0.68,0,0.709,17
1899,-0.5,0,0.709,4
372,-0.65,0,0.942,17
373,-0.67,0,0.942,10
374,-0.57,0,0.942,9
1900,-0.51,0,0.709,24
1901,0.87,1,0.708,14
1902,-0.55,0,0.708,3
375,0.71,0,0.942,31
376,-0.71,0,0.942,16
377,-0.87,0,0.941,26
378,-0.55,0,0.941,4
1903,-1.14,0,0.708,58
379,0.61,0,0.941,14
1904,-0.86,0,0.708,31
1905,-0.62,0,0.708,12
1906,-0.7,0,0.708,14
380,0.2,0,0.941,48
381,-0.65,0,0.941,11
1907,-0.64,0,0.707,18
382,-1.01,0,0.941,27
1908,0.69,0,0.707,21
383,-0.7,0,0.94,19
1909,-0.62,0,0.707,15
1910,0.95,1,0.707,9
384,-0.76,0,0.94,17
1911,-0.65,0,0.707,13
1912,-0.81,0,0.707,28
385,-0.96,0,0.94,42
1913,0.86,1,0.707,13
386,-0.63,0,0.94,12
387,-0.56,0,0.94,6
1914,-0.5,0,0.707,13
388,0.85,1,0.94,15
1915,-0.83,0,0.706,21
389,-0.66,0,0.94,11
390,-0.61,0,0.94,15
1916,-0.76,0,0.706,17
391,-0.58,0,0.939,13
1917,-0.87,0,0.706,23
392,-0.74,0,0.939,11
1918,-0.46,0,0.706,13
393,-0.5,0,0.939,16
1919,-0.54,0,0.706,5
1920,-0.63,0,0.706,12
394,-0.79,0,0.939,27
1921,-0.64,0,0.706,9
395,-0.76,0,0.939,17
1922,0.71,0,0.706,13
1923,-0.63,0,0.706,8
396,0.83,1,0.939,14
397,-0.68,0,0.939,13
1924,-0.74,0,0.705,14
1925,-0.63,0,0.705,17
398,-0.77,0,0.939,19
399,-0.6,0,0.938,13
1926,-0.59,0,0.705,21
1927,-0.65,0,0.705,10
400,-0.85,0,0.938,21
401,-0.69,0,0.938,14
402,-0.66,0,0.938,20
1928,-0.72,0,0.705,35
1929,-0.67,0,0.705,14
403,-0.77,0,0.938,24
1930,-0.56,0,0.705,10
1931,-0.58,0,0.705,12
404,-0.79,0,0.938,15
1932,-0.78,0,0.704,17
405,0.8,0,0.938,19
1933,-0.55,0,0.704,12
406,-0.73,0,0.937,26
1934,-0.64,0,0.704,25
407,-0.61,0,0.937,15
408,-0.78,0,0.937,13
1935,-0.91,0,0.704,43
409,-0.77,0,0.937,16
1936,0.86,1,0.704,14
410,-0.98,0,0.937,28
1937,-0.66,0,0.704,12
411,-0.84,0,0.937,17
1938,-0.89,0,0.703,23
412,-0.94,0,0.936,24
413,0.84,1,0.936,13
1939,-0.71,0,0.703,29
414,-0.67,0,0.936,13
1940,-0.67,0,0.703,13
415,-0.8,0,0.936,16
1941,-0.54,0,0.703,14
416,-0.71,0,0.936,22
417,-0.59,0,0.936,9
1942,-0.66,0,0.703,30
418,-0.54,0,0.936,20
419,-0.72,0,0.936,17
1943,0.58,0,0.702,29
1944,-0.71,0,0.702,10
420,-0.68,0,0.935,18
1945,-0.6,0,0.702,11
1946,-0.53,0,0.702,19
421,-0.99,0,0.935,34
1947,-0.5,0,0.702,7
422,-0.58,0,0.935,8
1948,0.97,1,0.702,10
1949,-0.59,0,0.702,15
423,-0.81,0,0.935,24
424,-0.62,0,0.935,15
1950,-0.82,0,0.702,20
425,-0.57,0,0.935,8
1951,-0.66,0,0.702,7
426,-0.86,0,0.935,15
1952,-0.76,0,0.701,24
427,-0.64,0,0.934,13
428,-0.7,0,0.934,15
1953,0.86,1,0.701,17
1954,-0.65,0,0.701,14
1955,-0.71,0,0.701,13
1956,-0.57,0,0.701,14
1957,-0.7,0,0.701,19
429,-1.5,0,0.934,74
430,-0.5,0,0.934,4
1958,-0.67,0,0.701,7
431,-0.61,0,0.934,12
432,-0.83,0,0.934,17
433,-0.51,0,0.933,5
1959,0.68,0,0.701,37
434,-0.71,0,0.933,15
435,-0.7,0,0.933,13
1960,-0.73,0,0.7,36
436,-0.68,0,0.933,17
1961,-0.57,0,0.7,9
437,-0.74,0,0.933,24
1962,-0.71,0,0.7,20
1963,-0.63,0,0.7,7
438,-0.82,0,0.933,22
1964,-0.76,0,0.7,12
1965,-0.62,0,0.7,7
439,-0.63,0,0.933,11
440,-0.72,0,0.933,13
441,-0.7,0,0.932,21
1966,-0.96,0,0.699,41
442,-0.6,0,0.932,16
1967,-0.6,0,0.699,16
443,-0.68,0,0.932,13
1968,-0.51,0,0.699,13
444,0.78,0,0.932,27
1969,-0.96,0,0.699,27
445,-0.57,0,0.932,9
1970,-0.6,0,0.699,13
446,-1.2,0,0.932,34
447,-0.69,0,0.932,13
1971,-0.96,0,0.699,48
448,-0.61,0,0.931,15
1972,-0.61,0,0.698,11
1973,-0.66,0,0.698,9
449,0.75,0,0.931,15
450,-0.81,0,0.931,24
451,-0.74,0,0.931,12
1974,-1.25,0,0.698,60
1975,-0.63,0,0.698,17
452,-1.19,0,0.931,49
1976,-0.51,0,0.698,10
453,-0.96,0,0.93,38
1977,-0.96,0,0.697,49
454,-0.86,0,0.93,21
1978,-0.65,0,0.697,13
455,0.81,1,0.93,13
1979,-0.55,0,0.697,12
1980,-0.65,0,0.697,9
456,-0.92,0,0.93,28
1981,-0.72,0,0.697,29
457,0.58,0,0.93,35
1982,-0.72,0,0.697,29
458,-0.78,0,0.929,23
459,-0.86,0,0.929,26
1983,-0.91,0,0.696,35
460,-0.65,0,0.929,4
461,-0.62,0,0.929,9
1984,-0.62,0,0.696,11
462,0.96,1,0.929,6
1985,-0.6,0,0.696,14
1986,0.85,1,0.696,14
463,-0.87,0,0.929,35
1987,-0.62,0,0.696,27
464,-0.78,0,0.929,19
465,-1.03,0,0.928,30
1988,-0.8,0,0.696,32
1989,-0.51,0,0.695,4
1990,-0.72,0,0.695,21
1991,0.86,1,0.695,16
466,-0.84,0,0.928,48
1992,-0.59,0,0.695,13
1993,-0.56,0,0.695,13
1994,-0.56,0,0.695,3
467,0.67,0,0.928,39
1995,-0.51,0,0.695,4
1996,-0.7,0,0.695,22
1997,-0.51,0,0.695,4
468,-0.82,0,0.927,39
1998,-0.78,0,0.695,21
1999,-0.63,0,0.694,18
2000,0.88,1,0.694,16
469,-1.31,0,0.927,59
470,-0.56,0,0.927,3
471,-0.7,0,0.927,10
472,-0.97,0,0.927,30
473,-0.54,0,0.927,3
2001,-1.76,0,0.694,91
474,-0.93,0,0.926,48
475,-0.66,0,0.926,17
2002,-0.79,0,0.693,20
2003,-0.51,0,0.693,3
2004,-0.51,0,0.693,4
2005,-0.7,0,0.693,22
2006,-0.62,0,0.693,8
476,-1.0,0,0.926,45
477,-0.62,0,0.926,15
2007,-0.62,0,0.693,20
478,-0.58,0,0.925,11
2008,0.95,1,0.693,9
479,-0.61,0,0.925,14
2009,-0.77,0,0.693,15
2010,0.95,1,0.693,4
480,-0.7,0,0.925,18
2011,-0.56,0,0.693,12
481,-0.57,0,0.925,14
2012,-0.76,0,0.693,19
482,-0.72,0,0.925,18
483,-0.61,0,0.925,7
484,0.73,0,0.925,13
2013,-0.82,0,0.692,34
2014,-0.51,0,0.692,3
485,-0.72,0,0.925,19
2015,-0.8,0,0.692,22
486,-0.96,0,0.924,24
2016,-0.58,0,0.692,12
487,-0.93,0,0.924,24
2017,-0.62,0,0.692,15
2018,-0.48,0,0.692,7
2019,-0.54,0,0.692,4
488,-0.73,0,0.924,20
2020,-0.65,0,0.692,11
2021,-0.51,0,0.692,3
2022,-0.76,0,0.692,15
489,-0.96,0,0.924,26
2023,-0.69,0,0.691,10
490,-0.53,0,0.924,11
491,-0.57,0,0.924,6
2024,-0.61,0,0.691,19
2025,-0.73,0,0.691,17
2026,-0.73,0,0.691,11
492,-0.76,0,0.923,49
2027,0.88,1,0.691,13
493,-0.54,0,0.923,15
2028,-0.64,0,0.691,16
2029,-0.53,0,0.691,11
2030,0.66,0,0.691,24
494,-1.23,0,0.923,54
495,-0.58,0,0.923,5
2031,-0.56,0,0.69,14
496,-0.6,0,0.923,5
497,-0.62,0,0.923,9
2032,0.85,1,0.69,23
2033,-0.59,0,0.69,5
2034,-0.75,0,0.69,18
498,-0.7,0,0.922,35
2035,-0.66,0,0.69,11
2036,-0.65,0,0.69,12
2037,-0.77,0,0.69,24
499,-1.18,0,0.922,51
500,-0.72,0,0.922,11
2038,0.75,0,0.689,29
2039,-0.59,0,0.689,9
501,0.68,0,0.922,29
502,-0.77,0,0.921,26
2040,-0.96,0,0.689,56
503,-0.88,0,0.921,39
2041,-0.58,0,0.689,14
2042,0.93,1,0.689,8
2043,0.95,1,0.689,10
504,-0.84,0,0.921,33
2044,-0.73,0,0.689,17
2045,-0.57,0,0.689,6
2046,0.89,1,0.688,14
2047,-0.69,0,0.688,15
2048,-0.61,0,0.688,12
2049,-0.73,0,0.688,32
2050,-0.72,0,0.688,36
2051,-0.51,0,0.688,5
2052,0.77,0,0.687,29
2053,0.57,0,0.687,40
2054,-0.79,0,0.687,20
2055,-0.62,0,0.687,17
2056,-0.73,0,0.687,17
2057,-0.62,0,0.687,20
2058,-0.53,0,0.686,7
2059,-0.63,0,0.686,13
2060,0.87,1,0.686,14
2061,-0.6,0,0.686,30
2062,-1.03,0,0.686,54
2063,-0.63,0,0.685,9
2064,-0.65,0,0.685,12
2065,-0.69,0,0.685,19
2066,-0.73,0,0.685,20
2067,-0.92,0,0.685,21
2068,-0.6,0,0.685,16
2069,-0.7,0,0.685,14
2070,-0.67,0,0.685,14
2071,-0.63,0,0.684,26
2072,-0.52,0,0.684,7
2073,-0.68,0,0.684,10
2074,-0.9,0,0.684,32
2075,0.77,0,0.684,34
2076,-0.8,0,0.684,18
505,-1.16,0,0.921,44
506,-0.81,0,0.92,29
507,-0.52,0,0.92,8
508,-0.51,0,0.92,7
509,-0.69,0,0.92,14
510,-0.96,0,0.92,23
511,-0.83,0,0.92,12
512,-0.57,0,0.92,13
513,-0.78,0,0.919,27
514,-0.56,0,0.919,12
515,-0.55,0,0.919,3
516,-0.72,0,0.919,17
517,-0.6,0,0.919,11
518,-0.74,0,0.919,13
519,-0.86,0,0.919,22
520,-0.53,0,0.919,4
521,-0.71,0,0.919,21
522,-1.07,0,0.918,66
523,0.82,1,0.918,16
524,-0.59,0,0.918,14
525,-0.62,0,0.918,11
526,-0.55,0,0.918,10
527,-0.81,0,0.918,17
528,-0.56,0,0.918,11
529,0.55,0,0.917,31
530,-0.57,0,0.917,8
531,-0.83,0,0.917,19
532,-0.73,0,0.917,20
533,-0.99,0,0.917,42
534,-0.63,0,0.916,10
535,-0.57,0,0.916,18
536,-0.57,0,0.916,8
537,0.48,0,0.916,26
538,-0.61,0,0.916,14
539,0.76,0,0.916,21
540,-0.62,0,0.916,11
541,-0.76,0,0.916,15
542,-0.54,0,0.916,3
543,-0.6,0,0.916,3
2077,-0.79,0,0.683,34
544,-0.58,0,0.915,12
545,-0.69,0,0.915,28
2078,-0.81,0,0.683,30
2079,0.96,1,0.683,13
2080,-0.72,0,0.683,24
546,-1.19,0,0.915,62
2081,-0.64,0,0.683,11
2082,0.75,0,0.683,13
547,-0.74,0,0.915,17
2083,-0.67,0,0.682,16
548,-0.66,0,0.914,20
2084,-0.56,0,0.682,11
2085,-0.67,0,0.682,17
549,-0.99,0,0.914,41
550,-0.98,0,0.914,17
551,-0.68,0,0.914,13
2086,-0.79,0,0.682,44
552,-0.59,0,0.914,6
2087,0.8,0,0.682,12
553,-0.54,0,0.914,12
554,-0.69,0,0.914,13
2088,-0.84,0,0.682,28
555,-0.81,0,0.913,18
556,-0.57,0,0.913,4
2089,-0.78,0,0.681,24
557,-0.57,0,0.913,8
558,-0.74,0,0.913,9
559,-0.69,0,0.913,17
560,-0.55,0,0.913,5
2090,-0.87,0,0.681,35
2091,-0.69,0,0.681,10
561,0.71,0,0.913,27
2092,-0.6,0,0.681,19
562,-0.68,0,0.913,14
2093,-0.61,0,0.681,15
2094,-0.49,0,0.681,4
2095,-0.63,0,0.681,13
563,-0.86,0,0.913,35
564,-0.69,0,0.912,9
2096,-0.71,0,0.68,24
565,-0.67,0,0.912,10
2097,-0.59,0,0.68,12
2098,-0.75,0,0.68,14
566,0.63,0,0.912,29
567,0.94,1,0.912,3
2099,-0.75,0,0.68,23
568,-0.63,0,0.912,11
569,-0.61,0,0.912,7
2100,-0.82,0,0.68,30
570,-0.81,0,0.912,25
2101,-0.66,0,0.68,14
571,-0.85,0,0.912,18
2102,-0.53,0,0.68,7
572,-0.74,0,0.912,15
573,-0.82,0,0.911,21
574,0.95,1,0.911,3
2103,-0.9,0,0.679,37
575,-0.71,0,0.911,14
2104,-0.62,0,0.679,14
2105,0.96,1,0.679,8
2106,-0.54,0,0.679,24
576,-1.05,0,0.911,37
2107,0.91,1,0.679,4
2108,-0.55,0,0.679,5
577,-0.77,0,0.911,18
2110,-0.75,0,0.679,20
2111,0.78,0,0.679,17
2112,-0.72,0,0.678,17
578,0.28,0,0.91,66
2113,-0.68,0,0.678,16
2114,-0.54,0,0.678,4
579,-0.78,0,0.91,22
2115,-0.59,0,0.678,15
580,-0.68,0,0.91,19
581,-0.83,0,0.91,17
2116,-0.76,0,0.678,27
2117,-0.7,0,0.678,18
582,-0.74,0,0.91,16
2118,-0.54,0,0.678,16
2119,0.8,0,0.678,15
583,-1.2,0,0.909,36
584,-0.57,0,0.909,10
2120,-0.62,0,0.677,14
2121,-0.61,0,0.677,11
585,-0.72,0,0.909,26
586,-0.52,0,0.909,7
2122,-0.81,0,0.677,34
587,-0.66,0,0.909,16
2123,-0.59,0,0.677,16
588,-0.58,0,0.909,16
589,-0.59,0,0.909,13
2124,0.71,0,0.677,30
2125,-0.58,0,0.677,17
590,-1.3,0,0.908,45
2126,0.85,1,0.676,16
591,-0.6,0,0.908,17
2127,-0.67,0,0.676,15
592,-0.66,0,0.908,12
593,-0.61,0,0.908,22
2128,-0.66,0,0.676,14
594,-0.54,0,0.908,4
2129,-0.63,0,0.676,18
595,-0.84,0,0.908,15
2130,0.96,1,0.676,10
596,-0.56,0,0.908,11
2131,-0.56,0,0.676,4
2132,-0.63,0,0.676,8
2133,-0.62,0,0.676,9
597,-0.79,0,0.908,23
598,-0.64,0,0.907,15
2134,-0.65,0,0.676,14
2135,0.84,1,0.676,13
599,-0.85,0,0.907,20
2136,-0.82,0,0.676,16
600,-0.87,0,0.907,22
2137,-0.67,0,0.675,29
602,-0.93,0,0.907,26
2138,0.62,0,0.675,29
603,-0.67,0,0.907,18
2139,-0.61,0,0.675,14
604,-0.73,0,0.906,11
605,-0.68,0,0.906,19
2140,-0.98,0,0.675,34
606,-0.97,0,0.906,30
2141,0.74,0,0.675,13
607,-0.59,0,0.906,13
608,-0.59,0,0.906,17
2142,-1.11,0,0.674,34
609,0.67,0,0.906,17
610,-0.67,0,0.906,12
2143,-0.92,0,0.674,39
611,-0.66,0,0.906,13
2144,-0.8,0,0.674,21
612,-0.78,0,0.905,18
2145,0.84,1,0.674,22
2146,-0.55,0,0.674,11
2147,-0.55,0,0.674,4
2148,-0.58,0,0.673,12
613,-1.08,0,0.905,49
614,-0.63,0,0.905,8
2149,-0.66,0,0.673,11
615,-0.54,0,0.905,7
2150,-0.71,0,0.673,15
616,-0.78,0,0.905,15
617,-0.52,0,0.905,5
2151,-0.72,0,0.673,21
2152,-0.6,0,0.673,4
2153,-0.75,0,0.673,23
2154,0.98,1,0.673,9
2155,0.58,0,0.673,32
618,-2.0,0,0.904,96
2156,-0.67,0,0.672,15
619,-0.65,0,0.904,20
620,0.95,1,0.904,3
621,-0.6,0,0.904,8
2157,0.56,0,0.672,35
622,-0.79,0,0.904,23
2158,0.6,0,0.672,36
623,-0.96,0,0.903,25
2159,0.96,1,0.672,12
624,-0.65,0,0.903,23
625,0.66,0,0.903,29
2160,0.5,0,0.671,44
626,-0.65,0,0.903,21
2161,-0.64,0,0.671,20
627,-0.59,0,0.903,5
2162,-0.55,0,0.671,14
2163,0.83,1,0.671,15
628,-0.96,0,0.902,34
2164,-0.69,0,0.671,13
2165,-0.57,0,0.671,14
629,-0.78,0,0.902,30
630,-0.49,0,0.902,3
631,-0.82,0,0.902,17
632,-0.66,0,0.902,8
2166,0.52,0,0.67,45
2167,-0.94,0,0.67,34
634,-0.88,0,0.902,13
2168,-0.6,0,0.67,9
635,-0.71,0,0.901,21
2169,0.58,0,0.67,39
636,-0.55,0,0.901,17
637,0.96,1,0.901,12
638,-0.53,0,0.901,5
2170,-0.91,0,0.67,32
639,-0.61,0,0.901,19
2171,-0.83,0,0.669,30
640,-0.6,0,0.901,24
641,-0.74,0,0.901,13
642,-0.66,0,0.901,12
2172,-1.03,0,0.669,28
2173,-0.64,0,0.669,14
643,-0.71,0,0.9,19
2174,-0.71,0,0.669,18
644,-0.71,0,0.9,21
2175,-0.58,0,0.669,22
645,-0.93,0,0.9,37
2176,0.9,1,0.669,15
2177,-0.59,0,0.668,10
2178,-0.53,0,0.668,9
646,-0.98,0,0.9,26
647,-0.69,0,0.9,19
2179,-0.9,0,0.668,33
2180,-0.65,0,0.668,27
649,-0.5,0,0.899,3
650,-0.72,0,0.899,11
2181,-0.59,0,0.668,16
651,-0.54,0,0.899,10
2182,-0.55,0,0.668,16
2183,-0.63,0,0.668,11
2184,-0.8,0,0.667,21
652,0.39,0,0.899,58
2185,-0.92,0,0.667,20
2186,-0.54,0,0.667,18
2187,-0.71,0,0.667,24
653,-1.28,0,0.898,59
2188,0.87,1,0.667,16
654,-0.72,0,0.898,16
2189,-0.74,0,0.667,19
2190,-0.6,0,0.667,4
655,-0.59,0,0.898,17
2191,0.76,0,0.666,15
656,-0.67,0,0.898,13
657,-0.61,0,0.898,10
2192,-0.72,0,0.666,16
658,-0.75,0,0.898,19
2193,-0.83,0,0.666,18
659,0.7,0,0.897,18
2194,-0.65,0,0.666,31
2195,-0.67,0,0.666,14
2196,-0.63,0,0.666,15
660,-0.95,0,0.897,58
2197,-0.69,0,0.666,16
661,-0.64,0,0.897,19
662,-0.57,0,0.897,14
2198,-0.82,0,0.665,26
2199,-0.54,0,0.665,13
664,-0.86,0,0.896,18
2200,-0.83,0,0.665,25
2201,-0.57,0,0.665,12
665,-0.97,0,0.896,19
666,-0.63,0,0.896,10
2202,-0.61,0,0.665,11
667,-0.5,0,0.896,12
2203,-0.65,0,0.665,16
2204,-0.59,0,0.665,8
668,-0.58,0,0.896,10
2205,-0.58,0,0.665,10
2206,-0.5,0,0.665,13
669,-0.84,0,0.896,26
670,-0.74,0,0.896,23
671,-0.71,0,0.895,22
2207,-1.04,0,0.664,42
672,-0.73,0,0.895,20
2208,0.56,0,0.664,37
673,-0.66,0,0.895,33
2209,-0.85,0,0.664,22
2210,-0.6,0,0.664,9
674,-0.71,0,0.895,26
675,-0.49,0,0.895,5
2211,-0.8,0,0.664,18
676,-0.63,0,0.895,14
677,-0.63,0,0.895,11
2212,0.67,0,0.663,25
2213,-0.54,0,0.663,3
678,-0.83,0,0.894,22
2214,-0.74,0,0.663,18
2215,0.78,0,0.663,12
2216,-0.63,0,0.663,16
679,-1.14,0,0.894,44
2217,-0.79,0,0.663,22
2218,0.94,1,0.663,5
680,-0.75,0,0.894,29
2219,-0.68,0,0.663,16
681,-0.64,0,0.894,17
2220,-0.58,0,0.663,6
682,-0.52,0,0.894,12
2221,-0.6,0,0.662,10
683,-0.79,0,0.893,19
2222,-0.63,0,0.662,10
684,-0.73,0,0.893,12
2223,0.26,0,0.662,44
685,-0.57,0,0.893,25
686,0.86,1,0.893,13
2224,-0.62,0,0.662,22
687,-0.74,0,0.893,16
2225,-0.69,0,0.662,12
688,-0.78,0,0.893,15
2226,-0.61,0,0.662,17
689,-0.65,0,0.893,21
2227,-0.54,0,0.661,21
690,-0.83,0,0.892,21
2228,0.75,0,0.661,17
691,-0.59,0,0.892,10
2229,-0.64,0,0.661,10
2230,-0.55,0,0.661,10
692,-0.69,0,0.892,19
2231,-0.56,0,0.661,10
2232,-0.7,0,0.661,15
693,-0.96,0,0.892,42
2233,0.91,1,0.661,15
2234,-0.52,0,0.661,4
2235,-0.54,0,0.661,12
694,-0.66,0,0.892,16
695,-0.63,0,0.892,16
2236,-0.73,0,0.661,18
2237,-0.7,0,0.661,13
696,0.89,1,0.891,24
2238,0.77,0,0.66,16
697,-0.81,0,0.891,29
698,-0.5,0,0.891,3
2239,-0.79,0,0.66,35
699,-0.86,0,0.891,28
700,-1.02,0,0.891,34
2240,-1.2,0,0.66,47
701,-0.54,0,0.891,4
2241,-0.79,0,0.66,13
2242,0.94,1,0.66,10
702,0.51,0,0.89,24
703,-0.58,0,0.89,9
2243,-0.66,0,0.659,17
704,0.42,0,0.89,49
705,-0.55,0,0.89,5
2244,0.38,0,0.659,56
706,-0.8,0,0.89,13
2245,-0.61,0,0.659,20
707,-0.65,0,0.89,17
2246,-0.66,0,0.659,17
708,-0.68,0,0.89,11
2247,0.97,1,0.659,15
2248,-0.62,0,0.658,20
2249,0.89,1,0.658,3
709,-1.0,0,0.889,38
710,-0.64,0,0.889,14
2250,-0.63,0,0.658,23
711,-0.78,0,0.889,20
712,-0.79,0,0.889,16
713,-0.52,0,0.889,18
714,-0.68,0,0.889,15
2251,-0.01,0,0.658,84
715,-0.77,0,0.889,17
2252,0.97,1,0.657,9
2253,-0.63,0,0.657,16
716,-0.87,0,0.888,23
717,-0.65,0,0.888,12
718,-0.49,0,0.888,3
2254,-0.7,0,0.657,27
2255,-0.62,0,0.657,7
719,-0.65,0,0.888,27
2256,-0.55,0,0.657,17
2257,-0.56,0,0.657,11
2258,-0.64,0,0.657,12
2259,-0.69,0,0.657,20
720,-1.0,0,0.888,58
2260,-0.66,0,0.657,10
721,-1.01,0,0.887,32
2261,-0.79,0,0.656,35
722,-0.8,0,0.887,16
723,-0.48,0,0.887,3
724,-0.54,0,0.887,3
2262,-0.64,0,0.656,15
725,-0.58,0,0.887,19
2263,0.87,1,0.656,19
2264,-0.63,0,0.656,18
2265,0.8,0,0.656,25
726,-1.23,0,0.887,59
727,0.81,1,0.886,13
2266,-0.76,0,0.655,26
728,-0.73,0,0.886,12
2267,-0.67,0,0.655,19
2268,-0.64,0,0.655,11
729,-0.73,0,0.886,30
2269,-0.62,0,0.655,13
2270,-0.68,0,0.655,18
730,-0.98,0,0.886,32
2271,-0.5,0,0.655,12
731,-0.57,0,0.886,7
2272,-0.66,0,0.655,14
732,-0.67,0,0.886,16
733,-0.61,0,0.886,15
2273,-0.84,0,0.655,27
734,-0.66,0,0.885,11
735,-0.75,0,0.885,13
2274,-0.78,0,0.654,34
736,-0.8,0,0.885,15
737,-0.5,0,0.885,3
738,-0.56,0,0.885,7
2275,-0.55,0,0.654,11
739,-0.64,0,0.885,15
740,-0.59,0,0.885,14
741,-0.58,0,0.885,5
2276,-0.83,0,0.654,45
2277,-0.66,0,0.654,8
742,-0.7,0,0.885,22
743,-0.66,0,0.885,18
2278,-0.66,0,0.654,24
744,-0.62,0,0.884,15
2279,-0.81,0,0.653,14
745,-0.63,0,0.884,26
746,-0.52,0,0.884,5
747,-0.71,0,0.884,12
2280,-0.76,0,0.653,35
748,-0.57,0,0.884,7
2281,-0.7,0,0.653,17
749,-0.73,0,0.884,13
2282,-0.54,0,0.653,11
750,-0.91,0,0.884,30
2283,0.82,1,0.653,24
751,0.83,1,0.884,13
2284,-0.59,0,0.653,12
752,-0.73,0,0.884,13
2285,-0.7,0,0.653,14
2286,0.88,1,0.652,10
2287,0.89,1,0.652,3
753,-0.83,0,0.883,23
754,-0.59,0,0.883,9
2288,-0.53,0,0.652,16
2289,-0.58,0,0.652,16
755,0.81,1,0.883,26
756,0.81,1,0.883,13
2290,-0.97,0,0.652,32
757,-0.68,0,0.883,22
2291,0.84,1,0.652,20
758,-0.59,0,0.883,19
2292,0.97,1,0.652,11
759,-0.71,0,0.883,15
2293,-0.6,0,0.652,9
2294,-0.55,0,0.652,3
2295,-0.56,0,0.652,6
760,-0.96,0,0.882,37
761,-0.66,0,0.882,17
2296,0.25,0,0.651,50
762,0.83,1,0.882,18
2297,-0.58,0,0.651,16
763,-0.63,0,0.882,18
2298,0.82,1,0.651,19
764,-0.95,0,0.882,24
765,0.93,1,0.882,8
2299,-0.78,0,0.651,26
766,-0.82,0,0.881,11
767,-0.76,0,0.881,17
2300,-1.04,0,0.65,48
2301,-0.63,0,0.65,14
2302,-0.64,0,0.65,7
2303,-0.56,0,0.65,12
2304,-0.62,0,0.65,11
2305,-0.58,0,0.65,10
2306,-0.65,0,0.65,12
2307,-0.67,0,0.65,14
2308,-0.94,0,0.649,31
2309,-1.0,0,0.649,34
2310,0.66,0,0.649,27
2311,-0.61,0,0.649,15
2312,0.94,1,0.649,3
2313,0.77,0,0.649,20
2314,-0.58,0,0.649,14
2315,0.48,0,0.648,26
2316,0.81,1,0.648,20
2317,-0.8,0,0.648,24
2318,-0.65,0,0.648,13
2319,0.75,0,0.648,16
2320,-0.65,0,0.648,14
2321,-0.6,0,0.647,21
2322,-0.64,0,0.647,10
2323,-0.73,0,0.647,17
2324,-0.52,0,0.647,3
2325,-0.55,0,0.647,4
2326,-0.61,0,0.647,19
2327,-0.57,0,0.647,10
2328,-0.5,0,0.647,5
2329,-1.15,0,0.647,53
2330,-0.48,0,0.646,4
2331,0.8,0,0.646,16
2332,-0.67,0,0.646,24
2333,-0.64,0,0.646,39
2334,-0.96,0,0.645,50
2335,-0.55,0,0.645,9
2336,0.87,1,0.645,21
2337,-0.72,0,0.645,15
2338,-1.15,0,0.645,45
2339,-0.72,0,0.645,22
2340,-0.57,0,0.644,19
768,-0.61,0,0.881,14
2341,-0.64,0,0.644,14
769,-0.82,0,0.881,15
2342,0.82,1,0.644,18
770,-0.73,0,0.881,16
771,-0.51,0,0.881,4
772,-0.62,0,0.881,14
773,-0.76,0,0.881,18
774,-0.5,0,0.881,5
775,-0.83,0,0.88,21
776,-0.89,0,0.88,26
777,-0.52,0,0.88,5
778,-0.56,0,0.88,5
779,-0.52,0,0.88,6
780,-0.77,0,0.88,11
781,-1.11,0,0.88,49
782,-0.72,0,0.88,20
783,-0.76,0,0.879,21
784,-0.91,0,0.879,28
785,-0.73,0,0.879,13
786,-0.83,0,0.879,28
787,-0.56,0,0.879,13
788,-0.54,0,0.879,13
789,-0.59,0,0.879,10
790,-0.55,0,0.878,5
791,-0.56,0,0.878,22
792,-0.73,0,0.878,13
793,-0.83,0,0.878,20
794,-0.58,0,0.878,7
795,-0.63,0,0.878,12
796,-0.56,0,0.878,11
797,-0.64,0,0.878,11
798,0.7,0,0.878,22
799,-0.81,0,0.877,14
800,-0.54,0,0.877,4
801,-0.66,0,0.877,12
802,0.74,0,0.877,28
803,-0.92,0,0.877,28
804,-0.85,0,0.877,21
805,-0.55,0,0.877,15
806,-0.73,0,0.877,10
807,0.83,1,0.876,25
808,-0.77,0,0.876,15
809,-0.59,0,0.876,10
810,-0.64,0,0.876,8
811,0.86,1,0.876,15
812,-0.64,0,0.876,12
813,-0.69,0,0.876,18
814,-0.82,0,0.875,32
815,-0.6,0,0.875,12
816,-0.56,0,0.875,8
817,-0.75,0,0.875,20
818,-1.0,0,0.875,40
819,-0.58,0,0.875,10
820,-0.5,0,0.875,3
821,-0.62,0,0.875,16
822,-0.76,0,0.874,24
823,-0.71,0,0.874,15
2343,-1.16,0,0.644,56
2344,-0.54,0,0.644,11
824,-0.94,0,0.874,29
825,-0.85,0,0.874,14
2345,-0.67,0,0.643,26
826,-0.75,0,0.874,25
2346,-0.67,0,0.643,18
827,-0.69,0,0.874,21
2347,-0.79,0,0.643,24
828,-0.53,0,0.874,6
2348,-0.55,0,0.643,12
829,-0.63,0,0.873,15
830,-0.52,0,0.873,5
831,-0.86,0,0.873,22
2349,-0.88,0,0.643,37
2350,0.97,1,0.643,11
2351,-0.77,0,0.642,25
832,-0.82,0,0.873,33
833,-0.76,0,0.873,18
2352,0.7,0,0.642,29
834,-0.77,0,0.873,17
835,0.4,0,0.872,46
836,-0.68,0,0.872,11
2353,-1.26,0,0.642,64
837,-0.84,0,0.872,23
838,-0.55,0,0.872,3
2354,0.84,1,0.641,26
839,-0.78,0,0.872,19
2355,-0.98,0,0.641,24
840,-0.69,0,0.872,21
2356,-0.71,0,0.641,16
841,-0.75,0,0.872,15
2357,-0.5,0,0.641,10
2358,-0.59,0,0.641,12
842,-0.73,0,0.871,16
843,-0.72,0,0.871,15
2359,-0.66,0,0.641,13
2360,-0.66,0,0.641,19
844,-0.9,0,0.871,41
845,-0.51,0,0.871,4
2361,-0.6,0,0.641,28
2362,-0.59,0,0.64,10
846,0.19,0,0.871,46
2363,-0.71,0,0.64,29
847,-0.48,0,0.871,9
848,-0.54,0,0.87,10
2364,-0.69,0,0.64,21
849,-0.71,0,0.87,12
850,-0.73,0,0.87,10
2365,-0.92,0,0.64,31
851,-0.64,0,0.87,15
2366,-0.49,0,0.64,14
852,-0.66,0,0.87,13
2367,-0.59,0,0.64,10
853,-0.71,0,0.87,22
854,-0.7,0,0.87,14
855,-0.52,0,0.87,7
2368,0.77,0,0.639,34
856,-0.56,0,0.87,3
857,-0.61,0,0.87,14
2369,-0.63,0,0.639,27
858,-0.61,0,0.869,13
2370,-0.65,0,0.639,15
859,0.78,0,0.869,13
2371,-0.57,0,0.639,11
2372,-0.57,0,0.639,15
860,-1.09,0,0.869,45
2373,0.97,1,0.639,24
2374,0.84,1,0.638,20
861,-0.94,0,0.869,36
2375,-0.73,0,0.638,23
862,-0.9,0,0.868,27
2376,-0.62,0,0.638,19
863,-0.69,0,0.868,10
2377,-0.6,0,0.638,17
864,-0.67,0,0.868,16
2378,-0.75,0,0.638,15
2379,-0.7,0,0.638,27
865,-0.88,0,0.868,44
2380,-0.6,0,0.638,14
2381,-0.58,0,0.637,11
2382,-0.54,0,0.637,13
866,0.51,0,0.868,32
867,0.93,1,0.868,11
2383,0.62,0,0.637,25
2384,-0.55,0,0.637,4
2385,-0.5,0,0.637,5
2386,-0.49,0,0.637,10
2387,-0.62,0,0.637,15
868,-1.11,0,0.867,59
2388,-0.57,0,0.637,13
869,-0.65,0,0.867,4
2389,-0.63,0,0.637,7
2390,-0.74,0,0.637,12
870,-0.87,0,0.867,21
2391,-0.49,0,0.637,5
871,-0.63,0,0.867,24
2392,-0.78,0,0.636,18
2393,-0.61,0,0.636,10
872,-0.56,0,0.867,17
2394,0.82,1,0.636,15
873,-0.54,0,0.867,9
2395,0.92,1,0.636,11
2396,-0.52,0,0.636,5
2397,-0.5,0,0.636,4
2398,-0.68,0,0.636,11
874,-0.94,0,0.866,40
2399,-0.61,0,0.636,10
875,-0.55,0,0.866,11
876,-0.61,0,0.866,12
2400,-0.65,0,0.636,17
2401,-0.56,0,0.636,9
2402,-0.57,0,0.636,8
877,-0.76,0,0.866,27
878,-0.51,0,0.866,4
2403,-0.74,0,0.635,32
879,0.48,0,0.866,26
2404,0.88,1,0.635,16
880,-0.78,0,0.865,35
2405,0.67,0,0.635,23
881,-0.8,0,0.865,19
882,-0.6,0,0.865,7
2406,0.71,0,0.635,33
2407,-0.65,0,0.635,5
2408,0.84,1,0.635,25
883,-0.93,0,0.865,48
2409,0.96,1,0.635,9
2410,-0.81,0,0.634,18
884,-1.07,0,0.864,42
2411,-0.71,0,0.634,17
885,-0.58,0,0.864,15
2412,-0.59,0,0.634,25
2413,-0.54,0,0.634,3
886,-0.78,0,0.864,34
2414,-0.66,0,0.634,17
887,-0.68,0,0.864,18
888,-0.49,0,0.864,5
889,-0.57,0,0.864,5
2415,-0.9,0,0.634,39
890,-0.6,0,0.864,15
2416,-0.56,0,0.633,30
2417,-0.51,0,0.633,4
891,-0.86,0,0.863,46
2418,0.86,1,0.633,14
892,0.96,1,0.863,8
2419,-0.52,0,0.633,11
893,-0.61,0,0.863,11
894,-0.63,0,0.863,16
2420,0.8,0,0.633,23
895,-0.59,0,0.863,6
2421,-0.7,0,0.633,11
2422,-0.51,0,0.633,10
2423,-0.55,0,0.633,7
896,-0.75,0,0.863,32
897,-0.55,0,0.863,15
898,-0.66,0,0.863,13
2424,0.35,0,0.632,35
2425,-0.76,0,0.632,13
899,-0.64,0,0.862,26
2426,-0.6,0,0.632,8
2427,-0.63,0,0.632,22
900,-0.83,0,0.862,22
2428,-0.5,0,0.632,10
2429,0.85,1,0.632,15
902,-0.54,0,0.862,16
903,-0.66,0,0.862,9
2430,-0.77,0,0.632,22
2431,-0.56,0,0.632,8
904,-0.61,0,0.862,17
905,-0.55,0,0.862,5
906,-0.5,0,0.862,16
2432,0.63,0,0.631,31
2433,-0.59,0,0.631,20
907,-0.82,0,0.861,32
2434,-0.63,0,0.631,13
2435,0.79,0,0.631,15
908,-0.58,0,0.861,17
2436,-0.57,0,0.631,5
2437,-0.6,0,0.631,8
909,0.78,0,0.861,16
910,-0.72,0,0.861,16
911,-0.51,0,0.861,3
2438,0.64,0,0.631,23
2439,-0.68,0,0.631,17
912,-0.61,0,0.861,18
913,-0.55,0,0.861,7
914,-0.63,0,0.861,14
915,-0.51,0,0.861,8
2440,0.68,0,0.63,32
916,-0.63,0,0.86,12
2441,-0.79,0,0.63,21
2442,-0.6,0,0.63,12
917,0.28,0,0.86,36
2443,0.81,1,0.63,15
2444,0.9,1,0.63,4
918,-0.69,0,0.86,16
919,0.94,1,0.86,3
2445,-0.64,0,0.63,15
920,-0.76,0,0.86,11
2446,-0.62,0,0.63,19
921,-0.7,0,0.86,12

2448,-0.7,0,0.63,11
922,-0.76,0,0.86,17
2449,-0.91,0,0.629,34
923,-1.06,0,0.859,44
2450,-0.69,0,0.629,15
924,-0.5,0,0.859,4
925,-0.56,0,0.859,12
2451,-0.74,0,0.629,23
926,-0.6,0,0.859,10
2452,-0.56,0,0.629,12
927,-0.68,0,0.859,24
2453,-0.74,0,0.629,24
2454,-0.63,0,0.629,24
2455,-0.61,0,0.628,10
928,-1.01,0,0.859,48
2456,-0.53,0,0.628,6
2457,-0.55,0,0.628,10
929,-0.78,0,0.858,15
2458,-0.81,0,0.628,14
930,-0.6,0,0.858,13
931,-0.87,0,0.858,22
2459,-0.74,0,0.628,21
932,-0.6,0,0.858,19

933,-0.84,0,0.858,11
2461,0.82,1,0.628,18
934,-0.77,0,0.858,11
935,-0.94,0,0.858,24
2462,0.75,0,0.627,34
936,0.93,1,0.858,11
937,-0.51,0,0.857,17
2463,-0.73,0,0.627,28
938,-0.64,0,0.857,11
2464,-0.62,0,0.627,15
939,-0.85,0,0.857,18
2465,-0.6,0,0.627,8
940,-0.68,0,0.857,12
2466,-0.57,0,0.627,13
2467,-0.52,0,0.627,4
2468,-0.5,0,0.627,4
941,-0.6,0,0.857,17
942,-0.64,0,0.857,13
943,-0.88,0,0.857,19
2469,0.47,0,0.627,34
944,0.94,1,0.857,9
2470,-0.56,0,0.627,11
945,-0.71,0,0.857,12
2471,-0.61,0,0.626,14
946,-0.8,0,0.856,23
947,-0.57,0,0.856,12
948,-0.53,0,0.856,6
2472,-0.98,0,0.626,48
949,-0.69,0,0.856,15
2473,-0.5,0,0.626,4
2474,-0.52,0,0.626,4
950,-0.98,0,0.856,28
2475,-0.76,0,0.626,28
951,-0.57,0,0.856,8
2476,-0.62,0,0.626,12
952,-0.79,0,0.856,24
2477,-0.8,0,0.626,20
953,-0.56,0,0.856,11
954,-0.72,0,0.855,12
2478,-0.77,0,0.625,28
955,-0.78,0,0.855,12
956,-0.68,0,0.855,15
957,-0.6,0,0.855,9
2479,0.66,0,0.625,35
958,-0.77,0,0.855,18
959,-0.75,0,0.855,15
2480,0.86,1,0.625,26
2481,-0.67,0,0.625,15
2482,-0.5,0,0.625,4
960,-0.92,0,0.855,30
2483,-0.56,0,0.624,18
961,-0.88,0,0.854,27
962,-0.66,0,0.854,8
2484,-0.53,0,0.624,17
2485,-0.59,0,0.624,10
963,-0.63,0,0.854,23
2486,-0.49,0,0.624,16
964,-0.69,0,0.854,13
2487,0.83,1,0.624,24
2488,-0.69,0,0.624,14
965,0.7,0,0.854,38
2489,-0.93,0,0.623,55
966,-1.09,0,0.853,73
2490,-0.99,0,0.623,31
967,-0.73,0,0.853,18
968,-0.66,0,0.853,13
2491,-0.85,0,0.623,33
969,-0.73,0,0.853,17
970,-0.69,0,0.853,23
971,-0.52,0,0.853,12
2492,-1.05,0,0.623,44
972,-0.67,0,0.852,17
2493,0.79,0,0.622,22
973,-0.7,0,0.852,9
2494,-0.57,0,0.622,9
2495,-0.51,0,0.622,8
974,-0.68,0,0.852,12
975,-0.54,0,0.852,13
976,-0.57,0,0.852,6
2496,0.81,1,0.622,31
977,-0.81,0,0.852,19
2497,0.98,1,0.622,16
978,-0.61,0,0.852,13
979,-0.76,0,0.852,18
2498,-0.81,0,0.622,28
2499,-0.5,0,0.622,11
980,-0.94,0,0.851,32
981,0.75,0,0.851,16
982,-0.48,0,0.851,5
2500,0.74,0,0.621,35
2501,-0.65,0,0.621,13
983,-0.98,0,0.851,23
2502,-0.62,0,0.621,12
984,-0.62,0,0.851,10
2503,-0.66,0,0.621,15
985,-0.81,0,0.851,28
2504,-0.61,0,0.621,26
986,-0.76,0,0.851,19
2505,-0.63,0,0.621,20
2506,-0.62,0,0.621,10
2507,-0.5,0,0.621,6
987,-0.94,0,0.85,35
2508,-0.7,0,0.62,18
2509,-0.59,0,0.62,9
988,0.82,1,0.85,30
989,-0.72,0,0.85,15
990,-0.61,0,0.85,10
2510,-0.77,0,0.62,37
2511,0.89,1,0.62,27
2512,-0.66,0,0.62,14
991,-1.62,0,0.849,69
2513,-0.54,0,0.62,16
992,-0.65,0,0.849,14
2514,-0.67,0,0.619,19
993,-0.64,0,0.849,14
2515,-0.76,0,0.619,28
994,-0.63,0,0.849,17
2516,-0.65,0,0.619,13
995,-0.74,0,0.849,21
2517,0.88,1,0.619,25
996,-1.19,0,0.849,31
2518,0.54,0,0.619,26
997,-0.72,0,0.848,31
2519,-0.54,0,0.619,13
998,-0.64,0,0.848,9
999,-0.64,0,0.848,10
2520,-0.96,0,0.618,29
1000,-0.6,0,0.848,13
2521,-0.86,0,0.618,34
1001,-0.95,0,0.848,26
2522,0.69,0,0.618,34
2523,-0.71,0,0.618,19
1002,-1.18,0,0.847,67
2524,0.6,0,0.617,29
1003,-0.59,0,0.847,22
1004,0.66,0,0.847,28
2525,0.67,0,0.617,34
1005,-0.65,0,0.847,12
2526,0.83,1,0.617,18
1006,0.66,0,0.847,35
2527,-0.67,0,0.617,33
1007,-0.69,0,0.846,17
1008,-0.64,0,0.846,14
1009,-0.55,0,0.846,7
2528,-0.96,0,0.616,32
1010,-0.51,0,0.846,11
1011,-0.52,0,0.846,12
1012,-0.55,0,0.846,4
2529,-0.83,0,0.616,27
1013,-0.65,0,0.846,12
2530,-0.71,0,0.616,18
1014,-0.61,0,0.846,16
2531,-0.51,0,0.616,11
1015,-0.52,0,0.846,7
1016,-0.9,0,0.846,32
2532,-0.99,0,0.616,48
2533,-0.57,0,0.616,13
2534,-0.51,0,0.616,5
1017,-0.83,0,0.845,42
2535,-0.8,0,0.615,31
2536,-0.68,0,0.615,13
1018,-0.89,0,0.845,37
1019,-0.84,0,0.845,18
2537,-0.95,0,0.615,27
2538,-0.52,0,0.615,13
1020,0.9,1,0.845,19
2539,-0.57,0,0.615,13
1021,-0.7,0,0.845,17
1022,-0.68,0,0.844,23
2540,0.59,0,0.614,41
1023,-0.88,0,0.844,32
2541,-0.75,0,0.614,24
2542,-0.6,0,0.614,14
1024,0.65,0,0.844,20
2543,-0.56,0,0.614,6
2544,-0.55,0,0.614,9
1025,-0.89,0,0.844,22
1026,-0.72,0,0.844,12
2545,-0.7,0,0.614,21
1027,0.9,1,0.844,3
1028,-0.59,0,0.844,15
1029,-0.65,0,0.843,15
1030,-0.59,0,0.843,14
2546,-1.03,0,0.613,53
2547,0.91,1,0.613,9
1031,-0.67,0,0.843,18
2548,-0.64,0,0.613,15
2549,0.77,0,0.613,17
2550,-0.6,0,0.613,15
1032,-1.2,0,0.843,46
1033,-0.56,0,0.843,11
2551,-0.86,0,0.613,17
2552,-0.57,0,0.613,16
1034,-0.82,0,0.842,25
2553,0.88,1,0.613,17
1035,-0.93,0,0.842,28
2554,0.88,1,0.612,18
2555,-0.49,0,0.612,3
1036,-0.66,0,0.842,7
1037,-0.9,0,0.842,17
1038,-0.83,0,0.842,37
1039,-0.54,0,0.842,7
2556,0.64,0,0.612,67
2557,-0.51,0,0.612,10
2558,-0.57,0,0.612,15
2559,-0.85,0,0.611,29
2560,-0.71,0,0.611,17
2561,0.79,0,0.611,33
2562,-0.75,0,0.611,18
2563,-0.88,0,0.611,24
2564,-0.68,0,0.611,17
2565,0.6,0,0.61,38
2566,-0.66,0,0.61,11
2567,-0.72,0,0.61,23
2568,-0.66,0,0.61,23
2569,-0.6,0,0.61,12
2570,-0.69,0,0.61,21
2571,-0.67,0,0.609,11
2572,-0.96,0,0.609,36
2573,-0.55,0,0.609,13
2574,0.82,1,0.609,22
2575,-0.63,0,0.609,13
2576,-0.66,0,0.609,16
2577,0.74,0,0.609,15
2578,-0.53,0,0.609,12
2579,-1.02,0,0.608,31
2580,-0.59,0,0.608,11
2581,-0.64,0,0.608,11
2582,-0.78,0,0.608,34
2583,-0.62,0,0.608,16
2584,-0.61,0,0.608,10
2585,-0.65,0,0.608,9
2586,-0.69,0,0.607,26
2587,-0.61,0,0.607,20
2588,-0.63,0,0.607,13
2589,-0.53,0,0.607,13
2590,-0.65,0,0.607,20
2591,-0.77,0,0.607,34
2592,-0.61,0,0.606,13
2593,0.71,0,0.606,37
2594,-0.65,0,0.606,21
2595,-0.51,0,0.606,9
2596,-0.71,0,0.606,17
2597,-0.62,0,0.606,14
2598,-0.74,0,0.605,22
1040,-0.6,0,0.842,17
2599,-0.68,0,0.605,24
1041,0.69,0,0.841,17
2600,-0.6,0,0.605,20
1042,0.65,0,0.841,28
1043,-0.56,0,0.841,13
2601,0.82,1,0.605,24
2602,-0.81,0,0.605,19
1044,-0.69,0,0.841,40
2603,-0.65,0,0.605,17
2604,-0.71,0,0.604,22
1045,-0.78,0,0.841,29
2605,-0.8,0,0.604,25
1046,-0.77,0,0.84,33
2606,0.81,1,0.604,14
1047,-0.87,0,0.84,48
1048,-0.55,0,0.84,10
1049,-0.64,0,0.84,12
1050,-0.64,0,0.84,17
1051,-0.88,0,0.839,34
1052,0.66,0,0.839,23
1053,-1.54,0,0.839,58
1054,-0.67,0,0.839,11
1055,-0.62,0,0.838,29
1056,-0.61,0,0.838,19
1057,-0.75,0,0.838,13
1058,-0.55,0,0.838,4
1059,-0.54,0,0.838,9
1060,-0.66,0,0.838,5
1061,-0.91,0,0.838,32
1062,-1.37,0,0.837,55
1063,-0.87,0,0.837,27
1064,-0.97,0,0.837,30
1065,-0.72,0,0.837,10
1066,0.78,0,0.837,18
1067,-0.85,0,0.836,26
1068,-0.61,0,0.836,23
1069,-0.86,0,0.836,24
1070,0.92,1,0.836,14
1071,-0.61,0,0.836,18
1072,-0.65,0,0.836,24
1073,-0.81,0,0.836,15
1074,-0.85,0,0.835,21
1075,-0.7,0,0.835,15
1076,-0.78,0,0.835,20
1077,-0.61,0,0.835,14
1078,-0.78,0,0.835,13
1079,0.76,0,0.835,17
1080,-0.87,0,0.834,39
1081,-0.78,0,0.834,21
1082,-0.96,0,0.834,23
1083,-0.66,0,0.834,13
1084,-0.58,0,0.834,16
1085,-0.56,0,0.834,8
2607,0.86,1,0.604,15
1086,0.51,0,0.833,38
2608,-0.73,0,0.604,23
1087,-0.63,0,0.833,7
2609,-0.72,0,0.604,11
2610,-0.55,0,0.604,3
1088,-0.59,0,0.833,24
2611,0.74,0,0.604,28
1089,-0.86,0,0.833,21
2612,-0.5,0,0.604,3
2613,0.95,1,0.603,10
1090,0.68,0,0.833,29
2614,-0.68,0,0.603,17
1091,0.83,1,0.833,21
2615,0.87,1,0.603,24
1092,0.82,1,0.832,24
2616,-0.66,0,0.603,26
1093,-0.74,0,0.832,23
2617,0.84,1,0.603,15
2618,0.83,1,0.603,17
1094,-0.74,0,0.832,28
1095,-0.65,0,0.832,12
2619,-0.71,0,0.602,22
2620,-0.67,0,0.602,16
1096,-0.63,0,0.832,22
1097,-0.52,0,0.832,9
2621,-0.66,0,0.602,19
1098,-0.62,0,0.832,19
2622,0.85,1,0.602,17
1099,-0.63,0,0.832,10
2623,-0.6,0,0.602,24
1100,-0.67,0,0.831,14
2624,-0.65,0,0.602,24
1101,-0.82,0,0.831,31
1102,-0.82,0,0.831,17
2625,-0.65,0,0.602,24
2626,-0.64,0,0.601,15
2627,-0.63,0,0.601,21
1103,-1.2,0,0.83,73
2628,0.73,0,0.601,36
1104,-0.76,0,0.83,20
2629,-0.65,0,0.601,15
2630,-0.69,0,0.601,15
1105,-0.75,0,0.83,28
2631,-0.67,0,0.601,14
1106,-0.76,0,0.83,25
2632,-0.77,0,0.6,20
1107,-0.72,0,0.83,15
2633,-0.61,0,0.6,20
1108,-0.73,0,0.83,20
2634,0.67,0,0.6,14
1109,-0.59,0,0.829,18
2635,-0.6,0,0.6,13
1110,-0.75,0,0.829,20
2636,-0.65,0,0.6,22
1111,-0.91,0,0.829,17
1112,-0.71,0,0.829,13
2637,-0.66,0,0.6,30
2638,0.71,0,0.599,31
1113,-1.18,0,0.829,45
1114,-0.65,0,0.829,14
1115,-0.61,0,0.828,11
2639,-0.85,0,0.599,34
2640,-0.74,0,0.599,26
1116,-0.79,0,0.828,40
2641,-0.66,0,0.599,18
1117,0.89,1,0.828,20
2642,-0.62,0,0.599,21
1118,-0.6,0,0.828,17
1119,-0.5,0,0.828,4
2643,0.78,0,0.598,20
1120,-0.59,0,0.828,13
1121,-0.72,0,0.828,16
2644,-0.75,0,0.598,28
1122,-0.63,0,0.827,17
2645,0.74,0,0.598,38
1123,-0.9,0,0.827,44
2646,-0.64,0,0.598,14
2647,0.97,1,0.598,9
2648,-0.67,0,0.598,16
2649,-0.55,0,0.598,6
2650,-0.63,0,0.597,13
1124,-0.88,0,0.827,63
2651,-0.68,0,0.597,21
1125,-0.58,0,0.827,13
2652,-0.61,0,0.597,9
1126,-0.84,0,0.826,14
2653,-1.01,0,0.597,48
1127,-0.84,0,0.826,38
2654,-0.52,0,0.597,5
1128,-0.52,0,0.826,4
2655,-0.74,0,0.597,23
1129,-0.92,0,0.826,31
1130,-0.53,0,0.826,6
1131,-0.54,0,0.826,12
1132,-0.91,0,0.826,17
1133,-0.54,0,0.826,3
1134,-0.69,0,0.825,10
1135,-0.58,0,0.825,8
2657,-1.0,0,0.596,64
1136,-0.95,0,0.825,35
2658,-0.78,0,0.596,24
1137,-0.65,0,0.825,10
2659,0.81,1,0.596,21
2660,0.79,0,0.595,17
1138,-0.96,0,0.825,46
2661,-0.67,0,0.595,13
1139,-0.78,0,0.825,16
1140,-0.57,0,0.824,15
2662,-0.75,0,0.595,26
2663,0.9,1,0.595,3
1141,-0.72,0,0.824,19
1142,-0.53,0,0.824,6
2664,-0.76,0,0.595,21
1143,-0.73,0,0.824,12
1144,-0.64,0,0.824,13
2665,0.72,0,0.595,28
2666,-0.62,0,0.595,9
1145,-0.66,0,0.824,13
2667,-0.65,0,0.595,15
1146,-0.69,0,0.824,20
2668,-0.65,0,0.594,11
1147,-0.65,0,0.824,30
2669,-0.6,0,0.594,28
1148,-0.51,0,0.823,4
2670,-0.94,0,0.594,47
1149,-1.44,0,0.823,59
1150,-0.62,0,0.823,9
2671,0.77,0,0.594,32
1151,-0.6,0,0.823,12
2672,-0.8,0,0.593,23
1152,-0.73,0,0.823,23
1153,-0.56,0,0.823,5
2673,-0.64,0,0.593,9
2674,-0.62,0,0.593,13
2675,-0.64,0,0.593,9
2676,-0.61,0,0.593,13
1154,0.4,0,0.822,63
2677,-0.76,0,0.593,19
1155,-0.57,0,0.822,6
1156,-0.64,0,0.822,6
2678,-0.59,0,0.593,18
2679,-0.49,0,0.593,3
1157,-0.69,0,0.822,17
2680,0.87,1,0.593,16
1158,-0.78,0,0.822,19
2682,-0.69,0,0.592,10
1159,-0.6,0,0.822,22
2683,0.92,1,0.592,13
1160,-0.65,0,0.822,5
2684,0.88,1,0.592,13
1161,-0.77,0,0.821,11
2685,0.91,1,0.592,16
1162,-0.53,0,0.821,21
2686,-0.65,0,0.592,11
1163,-0.56,0,0.821,13
1164,-0.51,0,0.821,4
2687,-0.71,0,0.592,18
2688,-0.57,0,0.592,14
1165,-0.89,0,0.821,39
2689,0.91,1,0.592,18
1166,-0.7,0,0.821,12
1167,-0.61,0,0.821,8
2690,-0.82,0,0.591,24
1168,-0.76,0,0.821,18
2691,0.61,0,0.591,30
1169,-0.94,0,0.82,32
2692,-0.71,0,0.591,15
1170,-0.61,0,0.82,16
2693,-0.89,0,0.591,33
2694,-0.67,0,0.591,13
2695,-0.77,0,0.591,20
1171,-0.01,0,0.82,63
2696,-0.65,0,0.59,18
1172,-0.49,0,0.82,10
2697,-0.61,0,0.59,10
1173,-0.69,0,0.82,12
2698,-0.73,0,0.59,13
1174,-0.5,0,0.819,3
1175,-0.7,0,0.819,16
2699,-0.74,0,0.59,28
1176,-0.61,0,0.819,17
2700,0.86,1,0.59,16
1177,0.82,1,0.819,17
2701,-0.71,0,0.59,15
1178,-0.65,0,0.819,10
2702,-0.55,0,0.59,5
1179,0.85,1,0.819,15
2703,-0.65,0,0.59,17
1180,-0.64,0,0.819,16
2704,-0.6,0,0.589,13
1181,-0.65,0,0.819,15
2705,0.67,0,0.589,32
2706,-0.63,0,0.589,14
1182,-0.87,0,0.818,41
1183,-0.57,0,0.818,12
2707,-0.66,0,0.589,20
1184,-0.52,0,0.818,4
1185,-0.65,0,0.818,10
1186,-0.79,0,0.818,16
2708,0.6,0,0.589,32
2709,-0.58,0,0.589,10
1187,-0.77,0,0.818,21
2710,0.85,1,0.588,28
1188,0.67,0,0.818,35
2711,-0.57,0,0.588,22
1189,-0.88,0,0.817,26
2712,-0.58,0,0.588,13
1190,-0.8,0,0.817,25
1191,-0.65,0,0.817,15
2713,-1.32,0,0.588,64
1192,-1.0,0,0.817,31
2714,-0.68,0,0.588,11
2715,-0.55,0,0.587,9
1193,-0.77,0,0.817,16
1194,-0.51,0,0.817,14
2716,0.85,1,0.587,16
2717,-0.51,0,0.587,8
1195,-0.78,0,0.816,12
1196,-0.68,0,0.816,12
2718,0.55,0,0.587,40
1197,-0.95,0,0.816,32
2719,-0.55,0,0.587,18
1198,-0.69,0,0.816,14
2720,0.74,0,0.587,14
1199,-0.69,0,0.816,27
1200,-0.69,0,0.816,9
1201,-0.77,0,0.815,37
2721,0.52,0,0.586,58
1202,-0.65,0,0.815,13
1203,-0.62,0,0.815,13
2722,-0.87,0,0.586,27
2723,-0.65,0,0.586,18
1204,-0.79,0,0.815,29
2724,0.68,0,0.586,27
1205,-0.6,0,0.815,18
1206,-0.7,0,0.815,12
2725,-0.54,0,0.586,12
2726,0.86,1,0.585,15
1207,-0.66,0,0.815,22
2727,-0.61,0,0.585,26
1208,-0.77,0,0.814,27
1209,-0.71,0,0.814,11
2728,-0.73,0,0.585,24
2729,-0.7,0,0.585,11
2730,-0.58,0,0.585,8
1210,-0.87,0,0.814,33
1211,-0.71,0,0.814,24
2731,-0.86,0,0.585,34
1212,0.89,1,0.814,9
2732,-0.54,0,0.584,17
1213,-0.85,0,0.813,33
2733,0.91,1,0.584,21
1214,-0.7,0,0.813,17
2734,-0.66,0,0.584,14
1215,-0.57,0,0.813,6
2735,-0.6,0,0.584,12
1216,-0.76,0,0.813,19
2736,-0.54,0,0.584,12
1217,-0.66,0,0.813,12
2737,0.96,1,0.584,22
1218,-0.69,0,0.813,24
2738,-0.75,0,0.584,25
1219,-0.92,0,0.813,26
1220,-0.5,0,0.813,7
2739,-0.81,0,0.583,26
1221,0.85,1,0.812,23
2740,-0.69,0,0.583,17
1222,-0.57,0,0.812,9
1223,-0.62,0,0.812,12
2741,-0.79,0,0.583,24
2742,-0.67,0,0.583,8
1224,-0.71,0,0.812,15
2743,0.95,1,0.583,4
1225,-0.84,0,0.812,18
2744,-0.61,0,0.583,19
1226,-0.74,0,0.812,10
1227,-0.98,0,0.812,42
2745,-0.78,0,0.583,45
2746,-0.69,0,0.582,13
1228,-0.58,0,0.811,14
2747,0.81,1,0.582,31
1229,-1.04,0,0.811,40
1230,-0.64,0,0.811,9
1231,0.89,1,0.811,17
2748,0.4,0,0.582,38
2749,-0.62,0,0.582,11
1233,-0.79,0,0.811,23
2750,-0.75,0,0.582,24
1234,-0.79,0,0.811,13
2751,-0.5,0,0.581,9
2752,-0.51,0,0.581,8
1235,-0.65,0,0.81,15
2753,0.89,1,0.581,11
1236,-0.61,0,0.81,15
2754,-0.56,0,0.581,22
1237,-0.69,0,0.81,22
2755,-0.54,0,0.581,13
1238,-0.65,0,0.81,12
1239,-0.67,0,0.81,6
2756,-0.63,0,0.581,16
1240,-0.69,0,0.81,18
2757,-0.7,0,0.581,26
1241,-0.76,0,0.81,26
2758,-0.7,0,0.581,17
2759,-0.63,0,0.581,13
1242,-0.88,0,0.809,24
2760,-0.71,0,0.58,20
1243,-0.69,0,0.809,17
1244,-0.76,0,0.809,10
2761,-0.64,0,0.58,19
1245,-0.52,0,0.809,3
1246,-0.66,0,0.809,15
2762,0.79,0,0.58,21
1247,-0.79,0,0.809,11
2763,-0.6,0,0.58,10
1248,-0.71,0,0.809,16
2764,-0.66,0,0.58,20
1249,-0.75,0,0.809,18
1250,-0.77,0,0.809,17
1251,-0.62,0,0.809,15
2766,-0.78,0,0.579,26
1252,-0.75,0,0.808,22
2767,0.57,0,0.579,33
1253,-0.71,0,0.808,16
2768,-0.55,0,0.579,16
1254,-0.9,0,0.808,25
2769,-0.73,0,0.579,39
1255,-0.83,0,0.808,35
2770,-0.58,0,0.579,19
1256,-0.63,0,0.807,29
2771,-0.73,0,0.578,20
1257,-0.52,0,0.807,4
1258,0.83,1,0.807,21
2772,-0.85,0,0.578,25
2773,-0.62,0,0.578,9
1259,-0.77,0,0.807,28
1260,-0.72,0,0.807,11
1261,-0.5,0,0.807,3
2774,0.54,0,0.578,42
1262,-0.7,0,0.807,18
2775,0.87,1,0.578,18
1263,-0.65,0,0.807,22
2776,-0.61,0,0.578,15
1264,-0.62,0,0.807,15
2777,0.81,1,0.577,16
1265,-0.73,0,0.806,15
2778,0.84,1,0.577,20
1266,-0.76,0,0.806,15
2779,-0.57,0,0.577,11
1267,-0.93,0,0.806,21
2780,0.7,0,0.577,26
1268,-0.68,0,0.806,14
2781,-0.67,0,0.577,15
1269,-0.66,0,0.806,18
2782,-0.74,0,0.577,19
1270,-0.88,0,0.806,31
2783,-0.66,0,0.576,40
1271,-0.72,0,0.805,28
1272,-0.77,0,0.805,26
2784,-0.93,0,0.576,37
2785,-0.55,0,0.576,4
2786,0.85,1,0.576,17
1273,-0.73,0,0.805,29
2787,-0.67,0,0.576,25
1274,-0.74,0,0.805,26
2788,-0.76,0,0.576,27
1275,-0.78,0,0.805,25
1276,-0.52,0,0.805,7
2789,-0.95,0,0.575,26
1277,-0.64,0,0.804,15
1278,-0.54,0,0.804,14
2790,-0.56,0,0.575,18
2791,-0.63,0,0.575,9
2792,-0.51,0,0.575,8
1279,0.68,0,0.804,29
2793,-0.55,0,0.575,8
1280,-0.63,0,0.804,11
2794,-0.63,0,0.575,15
2795,-0.54,0,0.575,8
2796,0.81,1,0.575,23
2797,-0.6,0,0.575,5
1281,0.7,0,0.804,45
2798,0.92,1,0.574,12
2799,0.85,1,0.574,21
1283,-0.74,0,0.803,20
2800,-0.75,0,0.574,22
2801,-0.55,0,0.574,9
1284,-0.61,0,0.803,17
1285,-0.71,0,0.803,15
2802,-0.67,0,0.574,23
1286,-0.9,0,0.803,26
2803,-0.66,0,0.574,23
2804,-0.65,0,0.574,19
2805,-0.63,0,0.573,10
1287,-0.92,0,0.802,44
2806,-0.72,0,0.573,21
1288,0.77,0,0.802,20
2807,-1.07,0,0.573,55
2808,0.64,0,0.573,36
2809,0.8,0,0.572,12
2810,-0.71,0,0.572,14
2811,-0.62,0,0.572,9
2812,-0.55,0,0.572,10
2813,-0.62,0,0.572,22
2814,-0.57,0,0.572,14
2815,0.51,0,0.572,30
2816,0.51,0,0.571,42
2817,-0.65,0,0.571,10
2818,0.77,0,0.571,30
2819,-0.6,0,0.571,11
2820,-0.8,0,0.571,33
2821,-0.58,0,0.571,16
2822,-0.59,0,0.57,17
2823,-0.94,0,0.57,33
2824,-0.54,0,0.57,16
2825,-0.62,0,0.57,22
2826,-0.61,0,0.57,10
2827,-0.71,0,0.57,11
2828,-0.86,0,0.569,36
2829,-0.74,0,0.569,29
2830,-0.59,0,0.569,23
2831,-0.64,0,0.569,12
2832,-0.85,0,0.569,24
2833,0.9,1,0.569,17
2834,-0.59,0,0.568,15
2835,-0.5,0,0.568,4
2836,-0.54,0,0.568,8
2837,-0.75,0,0.568,34
2838,-0.57,0,0.568,16
2839,-0.56,0,0.568,8
2840,-0.5,0,0.568,5
2841,-0.67,0,0.568,19
2842,-0.63,0,0.568,19
2843,-0.51,0,0.568,4
2844,-0.64,0,0.567,19
2845,-1.07,0,0.567,27
2846,-0.67,0,0.567,12
2847,-0.5,0,0.567,12
2848,0.79,0,0.567,23
1289,0.69,0,0.802,34
2849,-0.63,0,0.567,11
1290,0.76,0,0.802,19
1291,-0.73,0,0.802,15
2850,-0.82,0,0.566,36
2851,-0.6,0,0.566,5
2852,-0.59,0,0.566,19
1292,-1.15,0,0.801,42
1293,-0.63,0,0.801,15
1294,-0.64,0,0.801,12
2853,0.67,0,0.566,37
1295,-0.64,0,0.801,15
2854,-1.04,0,0.566,31
1296,-0.75,0,0.801,16
1297,-0.59,0,0.801,3
2855,-0.76,0,0.566,25
1298,0.72,0,0.801,23
2856,0.61,0,0.565,48
1299,-1.2,0,0.8,40
2857,-0.62,0,0.565,13
1300,-0.69,0,0.8,23
1301,-0.53,0,0.8,4
2858,0.86,1,0.565,29
1302,-0.59,0,0.8,14
2859,-0.55,0,0.565,5
1303,0.81,1,0.8,12
1304,-0.84,0,0.8,22
1305,-0.92,0,0.799,47
1306,-0.65,0,0.799,21
1307,-0.95,0,0.799,34
1308,-0.58,0,0.799,15
1309,-0.66,0,0.799,17
1310,-0.81,0,0.799,18
1311,-1.06,0,0.798,31
1312,-0.76,0,0.798,20
1313,-0.97,0,0.798,23
1314,0.85,1,0.798,14
1315,-0.49,0,0.798,4
1316,0.46,0,0.798,39
1317,-0.77,0,0.797,19
1318,-0.75,0,0.797,41
1319,-0.66,0,0.797,15
1320,-0.75,0,0.797,14
1321,-0.73,0,0.797,26
1322,-0.61,0,0.797,17
1323,-1.23,0,0.796,57
1324,-0.5,0,0.796,5
1325,-0.64,0,0.796,17
1326,-0.64,0,0.796,22
1327,-0.91,0,0.795,56
1328,-0.61,0,0.795,19
1329,-1.0,0,0.795,41
1330,-0.68,0,0.795,17
1331,-0.74,0,0.795,21
1332,-0.58,0,0.794,7
1333,-0.84,0,0.794,20
1334,-0.71,0,0.794,11
1335,-0.96,0,0.794,23
1336,0.82,1,0.794,20
1337,0.94,1,0.794,7
1338,-0.59,0,0.794,20
1339,-0.66,0,0.794,17
1340,-0.5,0,0.794,5
1341,-0.78,0,0.793,19
1342,-0.64,0,0.793,13
1343,-0.66,0,0.793,23
1344,-0.64,0,0.793,13
1345,-0.68,0,0.793,23
1346,-1.14,0,0.792,49
1347,0.78,0,0.792,15
1348,-0.7,0,0.792,31
1349,-0.61,0,0.792,19
1350,-0.58,0,0.792,4
1351,-0.76,0,0.792,22
1352,0.87,1,0.792,20
1353,-0.65,0,0.791,17
1354,-0.8,0,0.791,32
1355,-0.79,0,0.791,23
2860,-1.19,0,0.564,64
1356,-0.87,0,0.791,39
2861,0.85,1,0.564,17
2862,-0.5,0,0.564,5
1357,-0.66,0,0.79,19
1358,-0.55,0,0.79,4
1359,-0.71,0,0.79,15
2863,0.84,1,0.564,25
1360,-0.54,0,0.79,4
2864,-0.55,0,0.564,12
1361,-0.78,0,0.79,19
2865,-0.74,0,0.564,27
1362,-0.84,0,0.79,24
2866,-0.63,0,0.563,12
2867,-0.54,0,0.563,11
1363,-0.57,0,0.79,11
1364,-0.52,0,0.79,16
2868,-0.69,0,0.563,20
2869,-0.68,0,0.563,15
2870,-0.76,0,0.563,20
2871,-0.67,0,0.563,9
2872,-0.63,0,0.563,7
1365,0.25,0,0.789,64
1366,-0.59,0,0.789,10
2873,-0.51,0,0.563,16
2874,-0.59,0,0.563,19
2875,-0.55,0,0.562,10
2876,-0.53,0,0.562,20
1367,0.22,0,0.789,76
2877,-0.59,0,0.562,18
2878,-0.5,0,0.562,7
1368,-0.73,0,0.788,19
2879,-0.65,0,0.562,18
1369,-0.63,0,0.788,7
2880,-0.5,0,0.562,9
1370,-0.62,0,0.788,8
1371,-0.94,0,0.788,19
2881,0.69,0,0.562,27
2882,-0.58,0,0.562,10
1372,-0.94,0,0.788,26
2883,0.72,0,0.561,32
1373,-0.63,0,0.788,26
2884,-0.57,0,0.561,7
1374,-0.8,0,0.788,18
2885,-0.62,0,0.561,26
1375,-0.64,0,0.787,22
2886,0.82,1,0.561,14
1376,-0.71,0,0.787,12
1377,0.95,1,0.787,4
2887,-0.71,0,0.561,28
1378,-0.77,0,0.787,21
2888,-0.54,0,0.561,12
1379,-0.78,0,0.787,22
2889,-0.65,0,0.56,21
2890,-0.56,0,0.56,5
1380,-0.72,0,0.787,18
2891,-0.62,0,0.56,24
1381,-1.01,0,0.787,22
2892,-0.53,0,0.56,11
1382,-0.69,0,0.786,19
1383,-0.67,0,0.786,10
2893,-0.65,0,0.56,21
2894,-0.65,0,0.56,7
2895,-0.48,0,0.56,4
1384,-0.86,0,0.786,20
2896,-0.74,0,0.56,20
2897,-0.67,0,0.56,14
1385,-0.68,0,0.786,30
1386,-0.61,0,0.786,11
2898,0.77,0,0.559,19
2899,-0.64,0,0.559,10
1387,-0.61,0,0.786,25
2900,-0.6,0,0.559,17
1388,-0.61,0,0.786,9
2901,-0.63,0,0.559,23
1389,0.79,0,0.786,13
2902,-0.73,0,0.559,20
1390,0.85,1,0.785,21
1391,-0.51,0,0.785,4
2903,-0.74,0,0.559,21
1392,-0.85,0,0.785,25
2904,-0.72,0,0.559,28
1393,-0.7,0,0.785,19
1394,-0.55,0,0.785,4
1395,-0.55,0,0.785,17
2905,-0.7,0,0.558,40
1396,-0.57,0,0.785,14
1397,0.9,1,0.785,3
1398,0.69,0,0.784,28
2906,-1.48,0,0.558,58
2907,-0.61,0,0.558,10
2908,0.95,1,0.558,12
1399,0.75,0,0.784,40
2909,-0.69,0,0.558,8
1400,-0.6,0,0.784,12
1401,-0.68,0,0.784,12
2910,-0.88,0,0.557,33
2911,-0.68,0,0.557,14
1402,-0.6,0,0.784,26
1403,-0.77,0,0.784,16
2912,0.76,0,0.557,24
1404,-0.52,0,0.784,5
1405,-0.49,0,0.783,15
2913,0.84,1,0.557,26
1406,-0.54,0,0.783,15
2914,-0.59,0,0.557,14
1407,-0.69,0,0.783,10
2915,0.9,1,0.557,16
1408,-0.65,0,0.783,13
1409,-0.8,0,0.783,24
2916,-0.67,0,0.556,25
1410,-0.65,0,0.783,16
2917,-0.67,0,0.556,14
1411,-0.63,0,0.783,10
1412,-0.66,0,0.783,12
2918,-0.63,0,0.556,32
1413,0.71,0,0.783,15
2919,-0.6,0,0.556,15
1414,-0.6,0,0.782,23
1415,-0.61,0,0.782,4
2920,-0.65,0,0.556,18
2921,-0.55,0,0.556,4
1416,-0.54,0,0.782,5
1417,-0.57,0,0.782,16
2922,0.62,0,0.555,29
1418,-0.88,0,0.782,24
2923,-0.77,0,0.555,20
1419,0.73,0,0.782,18
2924,-0.48,0,0.555,11
1420,-0.72,0,0.782,18
2925,0.88,1,0.555,26
1421,-0.64,0,0.782,22
2926,-0.55,0,0.555,12
1422,-0.71,0,0.781,16
2927,-0.62,0,0.555,9
1423,0.76,0,0.781,13
2928,0.94,1,0.555,14
2929,-0.62,0,0.555,4
2930,-0.64,0,0.555,17
1424,-0.74,0,0.781,31
2931,0.87,1,0.554,16
1425,-0.62,0,0.781,22
2932,-0.72,0,0.554,15
2933,0.92,1,0.554,12
2934,-0.75,0,0.554,27
1426,0.33,0,0.78,50
2935,-0.57,0,0.554,17
1427,-0.7,0,0.78,14
1428,-0.53,0,0.78,6
2936,-0.71,0,0.554,31
1429,-0.83,0,0.78,30
1430,-0.54,0,0.78,8
2937,-0.71,0,0.554,13
1431,-0.87,0,0.78,21
1432,-0.6,0,0.78,13
2938,0.72,0,0.553,45
1433,-0.58,0,0.78,18
1434,-0.57,0,0.78,14
1435,-0.56,0,0.779,8
2939,-1.01,0,0.553,35
1436,0.93,1,0.779,7
2940,-0.56,0,0.553,15
1437,0.69,0,0.779,30
1438,-0.73,0,0.779,19
2941,0.64,0,0.552,37
1439,0.76,0,0.779,14
1440,-0.55,0,0.779,11
2942,0.84,1,0.552,27
1441,-0.73,0,0.779,18
2943,-0.57,0,0.552,22
1442,-0.52,0,0.779,15
1443,-0.74,0,0.778,23
1444,-0.55,0,0.778,10
1445,-0.76,0,0.778,20
2945,-0.71,0,0.552,27
1446,-0.6,0,0.778,15
2946,-0.54,0,0.551,16
1447,-0.73,0,0.778,19
2947,-0.71,0,0.551,18
1448,-0.62,0,0.778,12
2948,-0.59,0,0.551,11
1449,-0.68,0,0.778,7
1450,-0.64,0,0.778,15
2949,0.94,1,0.551,18
2950,-0.62,0,0.551,17
1451,-0.99,0,0.777,33
2951,0.79,0,0.551,20
2952,-0.52,0,0.551,9
1452,-0.67,0,0.777,18
2953,-0.63,0,0.551,8
2954,-0.66,0,0.55,23
1453,-0.94,0,0.777,39
2955,-0.55,0,0.55,11
1454,-0.54,0,0.777,7
2956,-0.74,0,0.55,28
1455,-0.87,0,0.776,42
2957,0.94,1,0.55,19
2958,-0.7,0,0.55,16
2959,0.77,0,0.55,15
1456,-0.96,0,0.776,40
2960,-0.49,0,0.55,10
1457,-0.64,0,0.776,18
2961,-0.66,0,0.549,23
1458,-0.63,0,0.776,11
1459,0.89,1,0.776,19
2962,-0.68,0,0.549,22
1460,-0.64,0,0.776,11
2963,-0.65,0,0.549,27
1461,-0.6,0,0.776,13
1462,-0.5,0,0.776,10
2964,-0.94,0,0.549,39
2965,-0.49,0,0.549,4
1463,0.67,0,0.775,41
2966,-0.56,0,0.549,13
2967,0.86,1,0.549,12
2968,0.98,1,0.548,10
1464,-0.9,0,0.775,29
1465,-0.72,0,0.775,9
2969,-0.53,0,0.548,16
1466,-0.52,0,0.775,9
2970,-0.72,0,0.548,16
1467,0.84,1,0.775,22
2971,-0.51,0,0.548,10
2972,-0.59,0,0.548,11
1468,-0.55,0,0.775,15
2973,-0.52,0,0.548,11
1469,-0.91,0,0.774,36
2974,0.64,0,0.548,44
1470,-0.68,0,0.774,17
1471,-0.6,0,0.774,4
2975,-0.52,0,0.547,26
2976,-0.6,0,0.547,10
1472,-0.71,0,0.774,33
2977,-0.56,0,0.547,13
2978,-0.54,0,0.547,3
1473,-0.92,0,0.774,36
1474,-0.97,0,0.773,18
2979,-0.91,0,0.547,48
2980,-0.65,0,0.547,10
1475,0.59,0,0.773,33
1476,-0.86,0,0.773,22
2981,-0.88,0,0.546,53
1477,-1.48,0,0.773,56
1478,-0.49,0,0.772,4
2982,0.68,0,0.546,40
1479,-0.54,0,0.772,3
1480,-0.65,0,0.772,15
2983,0.8,0,0.546,27
1481,-0.66,0,0.772,12
2984,-0.63,0,0.546,20
1482,-1.16,0,0.772,35
1483,0.89,1,0.772,8
2985,0.87,1,0.545,22
2986,-0.51,0,0.545,4
2987,-0.5,0,0.545,14
2988,-0.61,0,0.545,5
2989,-0.61,0,0.545,14
1484,0.46,0,0.771,49
2990,-0.5,0,0.545,13
1485,-0.66,0,0.771,13
2991,-0.74,0,0.545,20
1486,-0.67,0,0.771,16
2992,-0.69,0,0.545,24
1487,-0.7,0,0.771,30
2993,-0.62,0,0.545,12
1488,-0.66,0,0.771,18
2994,-0.61,0,0.544,17
1489,-0.7,0,0.771,13
2995,-0.76,0,0.544,28
1490,-0.8,0,0.771,25
1491,-0.65,0,0.77,20
2996,-1.07,0,0.544,39
1492,-0.76,0,0.77,15
1493,-0.59,0,0.77,3
2997,-0.88,0,0.544,31
1494,0.61,0,0.77,28
2998,-0.63,0,0.544,13
2999,-0.55,0,0.544,8
1495,-0.86,0,0.77,23
3000,-0.52,0,0.543,11
1496,-0.65,0,0.77,15
3001,-0.76,0,0.543,24
1497,-0.74,0,0.77,30
3002,-0.75,0,0.543,29
1498,-0.77,0,0.769,32
3003,-0.66,0,0.543,16
3004,-0.61,0,0.543,14
1499,-0.85,0,0.769,23
3005,-0.61,0,0.543,11
1500,-0.79,0,0.769,15
3006,-0.86,0,0.543,24
3007,-0.61,0,0.542,22
3008,-0.54,0,0.542,5
1501,-1.12,0,0.769,56
1502,-0.66,0,0.768,16
1503,-0.54,0,0.768,4
3009,-0.78,0,0.542,37
1504,-0.83,0,0.768,21
3010,-0.79,0,0.542,31
3011,-0.5,0,0.542,3
1505,-0.8,0,0.768,18
1506,-0.81,0,0.768,20
3012,0.88,1,0.542,19
1507,-0.6,0,0.768,12
3013,-0.54,0,0.541,14
1508,-0.56,0,0.768,6
3014,-0.55,0,0.541,11
3015,-0.54,0,0.541,4
1509,-0.59,0,0.768,9
1510,-0.61,0,0.768,10
3016,-0.58,0,0.541,24
1511,-0.61,0,0.767,27
3017,0.75,0,0.541,16
1512,-0.54,0,0.767,11
3018,-0.69,0,0.541,13
1513,-0.63,0,0.767,10
3019,0.86,1,0.541,14
3020,-0.69,0,0.541,15
1514,-0.92,0,0.767,31
3021,-0.52,0,0.541,7
3022,-0.73,0,0.541,11
1515,-0.83,0,0.767,24
3023,-0.91,0,0.54,30
1516,-0.82,0,0.767,29
1517,-0.77,0,0.766,13
3024,0.73,0,0.54,28
1518,0.75,0,0.766,28
3025,-0.78,0,0.54,21
1519,-0.55,0,0.766,10
3026,-0.76,0,0.54,24
3027,-0.58,0,0.54,8
1520,-0.85,0,0.766,30
3028,-0.62,0,0.54,20
1521,-0.68,0,0.766,16
3029,-0.67,0,0.539,13
1522,-0.65,0,0.766,15
1523,-0.68,0,0.766,15
3030,-0.77,0,0.539,30
3031,-0.5,0,0.539,3
1524,-0.73,0,0.765,19
3032,0.72,0,0.539,29
3033,-0.54,0,0.539,15
1525,-0.81,0,0.765,56
1526,-0.68,0,0.765,18
3034,0.68,0,0.539,37
3035,0.95,1,0.538,3
1527,-0.63,0,0.765,13
1528,-0.76,0,0.765,15
3036,-0.87,0,0.538,31
1529,-0.58,0,0.764,15
1530,-0.68,0,0.764,11
3037,-0.75,0,0.538,28
1531,-0.57,0,0.764,7
1532,-0.7,0,0.764,11
3038,-0.6,0,0.538,11
3039,-0.67,0,0.538,9
1533,-0.57,0,0.764,16
1534,-0.61,0,0.764,12
3040,-0.74,0,0.538,19
1535,-0.59,0,0.764,12
3041,-0.67,0,0.537,39
1536,-0.71,0,0.764,39
3042,-0.61,0,0.537,18
3043,-0.64,0,0.537,17
1537,0.33,0,0.763,46
3044,-0.67,0,0.537,16
1538,-0.49,0,0.763,9
1539,-0.59,0,0.763,10
3045,0.94,1,0.537,17
1540,-0.5,0,0.763,5
3046,0.77,0,0.537,27
1541,-0.63,0,0.763,17
1542,-0.73,0,0.763,16
3047,-0.78,0,0.536,21
1543,-0.67,0,0.763,14
3048,-0.66,0,0.536,16
1544,-0.54,0,0.763,10
3049,-0.6,0,0.536,16
1545,-0.64,0,0.762,18
3050,-0.58,0,0.536,14
3051,-0.62,0,0.536,15
3052,0.72,0,0.536,14
3053,-0.65,0,0.536,16
3054,-0.7,0,0.536,17
3055,-0.89,0,0.535,39
3056,-0.57,0,0.535,23
3057,0.75,0,0.535,36
3058,-0.5,0,0.535,15
3059,-0.64,0,0.535,15
3060,-0.68,0,0.534,15
3061,0.64,0,0.534,23
3062,-0.68,0,0.534,17
3063,-0.72,0,0.534,19
3064,0.95,1,0.534,8
3065,-0.71,0,0.534,16
3066,-0.72,0,0.534,25
3067,0.83,1,0.534,17
3068,-0.58,0,0.533,27
3069,-0.79,0,0.533,23
3070,0.93,1,0.533,14
3071,-0.69,0,0.533,20
3072,-0.55,0,0.533,13
3073,-0.55,0,0.533,14
3074,-0.65,0,0.533,17
3075,0.85,1,0.532,22
3076,-0.65,0,0.532,9
3077,-0.64,0,0.532,27
3078,-0.5,0,0.532,14
3079,0.79,0,0.532,18
3080,-0.64,0,0.532,24
3081,0.93,1,0.531,24
3082,-0.65,0,0.531,15
3083,0.96,1,0.531,9
3084,-0.69,0,0.531,21
3085,-0.65,0,0.531,13
3086,-0.72,0,0.531,22
3087,-0.56,0,0.531,16
3088,-0.62,0,0.531,9
3089,-0.5,0,0.531,4
1546,-0.58,0,0.762,7
3090,0.48,0,0.53,47
1547,-0.62,0,0.762,13
3091,-0.62,0,0.53,14
3092,-0.54,0,0.53,20
1548,-0.56,0,0.762,28
3093,-0.57,0,0.53,23
1549,-0.56,0,0.762,13
1550,-0.56,0,0.762,12
1551,0.94,1,0.762,9
3094,-0.65,0,0.529,34
1552,-0.67,0,0.762,18
3095,0.88,1,0.529,15
3096,0.95,1,0.529,13
3097,-0.51,0,0.529,3
1553,-0.74,0,0.762,21
1554,-0.67,0,0.761,14
3098,-0.79,0,0.529,20
3099,-0.54,0,0.529,6
1555,-0.74,0,0.761,15
3100,0.85,1,0.529,24
1556,0.79,0,0.761,30
3101,-0.56,0,0.529,13
3102,-0.69,0,0.529,10
3103,-0.76,0,0.528,19
1557,-1.11,0,0.761,49
3104,0.72,0,0.528,22
3105,-0.49,0,0.528,4
1558,-0.72,0,0.76,24
3106,-0.59,0,0.528,28
1559,-0.9,0,0.76,20
3107,-0.68,0,0.528,11
1560,-0.97,0,0.76,28
3108,-0.72,0,0.528,31
3109,-0.71,0,0.528,20
1561,0.68,0,0.76,32
3110,-0.56,0,0.528,4
3111,-0.87,0,0.527,30
1562,-0.79,0,0.76,36
3112,-0.64,0,0.527,19
1563,0.67,0,0.759,29
3113,0.87,1,0.527,13
1564,-0.63,0,0.759,18
3114,0.77,0,0.527,34
1565,-0.73,0,0.759,23
3115,-0.61,0,0.527,11
1566,0.73,0,0.759,18
3116,-0.56,0,0.527,14
1567,-0.77,0,0.759,15
3117,-0.65,0,0.526,10
1568,0.71,0,0.759,16
1569,-0.58,0,0.758,24
3118,-1.02,0,0.526,54
1570,-0.57,0,0.758,20
3119,-0.67,0,0.526,13
1571,-0.57,0,0.758,11
3120,-0.56,0,0.526,5
3121,0.77,0,0.526,19
1572,-0.52,0,0.758,21
1573,0.66,0,0.758,22
3122,-0.74,0,0.526,33
3123,0.94,1,0.525,9
3124,-0.51,0,0.525,4
1574,-0.77,0,0.758,25
1575,-0.7,0,0.757,19
3125,-0.66,0,0.525,23
1576,-0.71,0,0.757,17
3126,0.63,0,0.525,25
1577,-0.67,0,0.757,17
1578,-0.74,0,0.757,22
1579,-0.61,0,0.757,17
1580,-0.62,0,0.757,33
1581,-0.66,0,0.757,10
1582,-0.64,0,0.756,24
1583,-0.49,0,0.756,5
1584,-0.71,0,0.756,28
1585,-0.64,0,0.756,14
1586,0.91,1,0.756,26
1587,-0.72,0,0.756,11
1588,0.95,1,0.756,9
1589,-0.61,0,0.756,13
1590,-0.78,0,0.755,17
1591,0.59,0,0.755,16
1592,-0.69,0,0.755,33
1593,-0.82,0,0.755,32
1594,-0.75,0,0.755,23
1595,-0.73,0,0.754,19
1596,0.76,0,0.754,25
1597,-0.73,0,0.754,16
1598,-0.57,0,0.754,16
1599,-0.49,0,0.754,12
1600,-0.67,0,0.754,10
1601,-0.59,0,0.754,17
1602,-0.74,0,0.754,24
1603,-0.57,0,0.753,7
1604,-1.5,0,0.753,84
3127,0.8,0,0.525,18
1605,-0.61,0,0.753,21
3128,-0.86,0,0.525,27
1606,-0.78,0,0.752,25
3129,0.94,1,0.525,13
1607,-0.59,0,0.752,15
1608,-0.6,0,0.752,14
3130,-0.65,0,0.524,27
1609,-0.73,0,0.752,18
3131,-0.69,0,0.524,12
1610,-0.53,0,0.752,18
1611,-0.49,0,0.752,4
3132,0.83,1,0.524,18
3133,-0.51,0,0.524,4
1612,-0.6,0,0.752,10
1613,-0.66,0,0.752,20
3134,0.66,0,0.524,37
3135,-0.58,0,0.524,9
3136,-0.59,0,0.524,12
3137,0.95,1,0.524,3

3138,0.78,0,0.523,20
1615,-0.72,0,0.751,20
3139,-0.58,0,0.523,13
1616,-0.61,0,0.751,13
3140,-0.64,0,0.523,20
3141,-0.54,0,0.523,3
1617,-0.9,0,0.751,28
1618,-0.6,0,0.751,25
1619,-0.61,0,0.751,4
3142,-0.55,0,0.523,33
3143,-0.49,0,0.523,4
1620,-0.59,0,0.751,9
3144,-0.62,0,0.523,21
1621,-0.68,0,0.75,22
1622,-0.76,0,0.75,17
3145,-0.58,0,0.523,21
3146,0.78,0,0.522,18
1623,-0.96,0,0.75,22
3147,0.83,1,0.522,15
1624,-0.66,0,0.75,17
1625,-0.81,0,0.75,30
3148,-0.9,0,0.522,35
3149,-0.55,0,0.522,18
1626,-0.88,0,0.749,33
1627,-0.83,0,0.749,20
3150,-0.82,0,0.522,35
3151,-0.55,0,0.522,9
1628,-0.59,0,0.749,18
1629,-0.8,0,0.749,16
3152,-0.66,0,0.521,27
1630,-0.62,0,0.749,11
1631,-0.64,0,0.749,14
3153,-0.54,0,0.521,19
3154,-0.6,0,0.521,11
1632,-0.73,0,0.749,18
3155,-0.61,0,0.521,14
1633,-0.64,0,0.749,15
3156,-0.74,0,0.521,26
1634,-0.69,0,0.748,22
3157,-0.49,0,0.521,5
1635,-0.88,0,0.748,11
3158,-0.7,0,0.521,22
1636,-0.77,0,0.748,19
3159,-0.75,0,0.52,14
3160,0.96,1,0.52,11
1637,-0.58,0,0.748,12
3161,0.9,1,0.52,12
3162,0.94,1,0.52,3
1638,-0.78,0,0.748,25
3163,-0.71,0,0.52,11
1639,-0.56,0,0.748,13
1640,-0.55,0,0.748,3
1641,-0.68,0,0.748,13
3164,-0.88,0,0.52,39
3165,0.96,1,0.52,12
1642,0.86,1,0.747,24
3166,-0.55,0,0.52,7
1643,-0.49,0,0.747,4
1644,-0.64,0,0.747,22
3167,0.71,0,0.519,34
3168,0.92,1,0.519,19
1645,0.66,0,0.747,39
3169,0.92,1,0.519,26
1646,-0.49,0,0.747,11
3170,-0.62,0,0.519,10
1647,-0.67,0,0.747,12
1648,-0.55,0,0.747,4
3171,-0.68,0,0.519,16
1649,-0.76,0,0.747,19
1650,-0.61,0,0.746,14
3172,-0.62,0,0.519,30
1651,-0.59,0,0.746,7
3173,-0.53,0,0.519,9
1652,-0.74,0,0.746,22
3174,-0.8,0,0.518,27
3175,-0.65,0,0.518,25
1653,0.53,0,0.746,44
3176,0.79,0,0.518,16
1654,-0.73,0,0.746,25
3177,-0.75,0,0.518,28
3178,-0.51,0,0.518,4
3179,-0.63,0,0.518,9
1655,-0.85,0,0.745,33
3180,-0.58,0,0.518,16
3181,0.82,1,0.517,13
1656,-0.74,0,0.745,21
1657,-0.49,0,0.745,5
3182,-0.49,0,0.517,17
3183,-0.72,0,0.517,10
1658,-0.78,0,0.745,20
1659,-0.61,0,0.745,7
3184,-0.94,0,0.517,30
1660,-0.65,0,0.745,17
1661,-0.63,0,0.745,6
3185,-0.61,0,0.517,11
3186,-0.61,0,0.517,17
3187,-0.55,0,0.517,4
1662,0.79,0,0.745,23
3188,-0.5,0,0.517,5
1663,-0.62,0,0.744,20
3189,-0.57,0,0.517,16
3190,-0.67,0,0.516,13
1664,-0.76,0,0.744,21
3191,-0.6,0,0.516,18
1665,-0.73,0,0.744,12
1666,-0.59,0,0.744,9
3192,0.85,1,0.516,30
1667,-0.69,0,0.744,24
3193,-0.79,0,0.516,23
3194,-0.5,0,0.516,3
1668,0.62,0,0.744,27
3195,-0.73,0,0.516,24
1669,-0.71,0,0.743,42
3196,0.76,0,0.515,35
1670,-0.6,0,0.743,13
3197,-0.56,0,0.515,8
1671,-0.71,0,0.743,14
3198,-0.63,0,0.515,15
3199,-0.58,0,0.515,9
1672,-0.71,0,0.743,24
3200,-0.7,0,0.515,27
1673,-0.76,0,0.743,20
3201,0.82,1,0.515,19
1674,-0.65,0,0.743,25
1675,-0.61,0,0.743,4
3202,0.81,1,0.515,22
1676,-0.59,0,0.743,11
1677,-0.82,0,0.742,17
3203,-0.79,0,0.514,34
3204,-0.64,0,0.514,13
1678,-0.93,0,0.742,39
1679,-0.54,0,0.742,4
3205,0.66,0,0.514,31
1680,0.83,1,0.742,17
3206,-0.59,0,0.514,15
1681,-0.72,0,0.742,13
3207,-0.51,0,0.514,9
1682,-0.71,0,0.742,12
1683,0.77,0,0.742,20
3208,0.77,0,0.514,25
3209,0.95,1,0.514,15
1684,0.77,0,0.741,26
1685,-0.7,0,0.741,20
3210,-0.87,0,0.513,50
3211,-0.57,0,0.513,9
1686,-0.77,0,0.741,21
1687,-0.55,0,0.741,10
1688,-0.54,0,0.741,4
1689,-0.67,0,0.741,15
3212,-0.72,0,0.513,33
3213,-0.5,0,0.513,5
1690,-0.69,0,0.741,16
3214,-0.66,0,0.513,9
3215,-0.56,0,0.513,12
1691,0.55,0,0.74,26
1692,-0.53,0,0.74,10
3216,-0.71,0,0.512,29
3217,-0.52,0,0.512,4
1693,-0.68,0,0.74,14
3218,-0.59,0,0.512,13
1694,-0.6,0,0.74,14
1695,-0.72,0,0.74,14
3219,-0.76,0,0.512,21
1696,-0.57,0,0.74,8
3220,-0.53,0,0.512,20
1697,0.61,0,0.74,34
1698,-0.66,0,0.74,12
3221,0.81,1,0.512,31
1699,-0.74,0,0.739,15
3222,-0.68,0,0.511,18
1700,-0.6,0,0.739,8
3223,-0.63,0,0.511,14
1701,-0.49,0,0.739,5
1702,-0.67,0,0.739,5
3224,-0.65,0,0.511,14
1703,-0.72,0,0.739,21
3225,-0.59,0,0.511,12
1704,-0.82,0,0.739,30
3226,-0.72,0,0.511,29
1705,-0.58,0,0.739,9
1706,-0.53,0,0.739,12
1707,0.89,1,0.739,32
3228,-0.77,0,0.51,37
1708,0.83,1,0.738,26
3229,-0.79,0,0.51,26
3230,-0.54,0,0.51,14
1709,0.76,0,0.738,20
1710,-0.74,0,0.738,13
1711,-0.65,0,0.738,10
3231,-0.84,0,0.51,28
1712,-0.69,0,0.738,10
3232,-0.55,0,0.51,9
3233,-0.5,0,0.51,3
3234,0.74,0,0.51,19

1714,-0.59,0,0.738,15
3235,-0.73,0,0.51,21
1715,-0.64,0,0.738,15
3236,-0.66,0,0.509,14
1716,-0.69,0,0.737,15
1717,-0.62,0,0.737,21
3237,-1.41,0,0.509,69
1718,0.63,0,0.737,36
1719,-0.69,0,0.737,16
3238,-0.73,0,0.509,19
3239,-0.6,0,0.509,5
3240,-0.68,0,0.509,24
3241,-0.67,0,0.508,12
3242,-0.54,0,0.508,4
1720,-1.29,0,0.736,52
3243,-0.63,0,0.508,16
1721,-0.56,0,0.736,13
3244,0.9,1,0.508,3
1722,0.95,1,0.736,15
3245,-0.78,0,0.508,18
1723,-0.61,0,0.736,16
3246,-0.55,0,0.508,10
3247,-0.72,0,0.508,17
1724,-0.85,0,0.736,27
3248,-0.65,0,0.508,20
1725,-0.6,0,0.736,10
1726,0.84,1,0.736,14
1727,-0.58,0,0.736,10
3249,-0.68,0,0.507,36
1728,0.71,0,0.735,16
3250,-0.61,0,0.507,10
1729,-0.76,0,0.735,19
3251,-0.66,0,0.507,19
1730,-0.7,0,0.735,24
3252,0.76,0,0.507,27
3253,0.93,1,0.507,12
1731,0.66,0,0.735,26
1732,-0.64,0,0.735,24
3254,-0.78,0,0.507,33
1733,0.79,0,0.735,15
3255,-0.59,0,0.506,27
1734,0.69,0,0.734,28
3256,-0.59,0,0.506,13
3257,-0.56,0,0.506,15
3258,0.86,1,0.506,24
1735,0.43,0,0.734,52
3259,-0.7,0,0.506,25
1736,-0.6,0,0.734,16
1737,-0.76,0,0.734,11
3260,-0.66,0,0.506,22
3261,-0.6,0,0.506,10
3262,0.88,1,0.505,14
1738,-0.83,0,0.733,37
1739,-0.56,0,0.733,6
1740,-0.78,0,0.733,25
3263,0.5,0,0.505,45
1741,-0.74,0,0.733,16
1742,-0.49,0,0.733,4
3264,0.79,0,0.505,20
3265,-0.66,0,0.505,16
1743,-0.96,0,0.733,32
3266,-0.7,0,0.505,22
3267,-0.67,0,0.505,10
1744,-0.72,0,0.733,16
3268,-0.74,0,0.504,22
1745,0.7,0,0.732,26
3269,-0.58,0,0.504,13
1746,-0.81,0,0.732,30
3270,-0.63,0,0.504,20
3271,-0.54,0,0.504,3
1747,-0.66,0,0.732,19
3272,-0.96,0,0.504,32
1748,0.83,1,0.732,14
3273,0.95,1,0.504,9
1749,0.73,0,0.732,28
3274,0.89,1,0.504,19
3275,-0.62,0,0.503,14
1750,-0.74,0,0.732,15
1751,-0.77,0,0.732,11
3276,0.74,0,0.503,12
3277,0.91,1,0.503,19
1752,-0.75,0,0.731,31
3278,-0.65,0,0.503,13
1753,-0.72,0,0.731,13
3279,-0.64,0,0.503,10
3280,-0.72,0,0.503,26
1754,-0.78,0,0.731,41
3281,-0.67,0,0.503,21
1755,-0.68,0,0.731,23
3282,0.74,0,0.503,15
3283,-0.73,0,0.502,28
1756,-0.78,0,0.73,34
1757,-0.57,0,0.73,10
3284,-0.57,0,0.502,13
1758,0.92,1,0.73,9
3285,0.97,1,0.502,15
3286,-0.64,0,0.502,23
3287,-0.76,0,0.502,26
3288,-0.6,0,0.502,14
3289,-0.64,0,0.502,14
1759,-0.7,0,0.73,95
3290,-0.56,0,0.501,10
1760,-0.69,0,0.729,25
3291,-0.75,0,0.501,30
1761,-0.6,0,0.729,14
3292,0.92,1,0.501,14
3293,-0.78,0,0.501,12
1762,-0.71,0,0.729,24
3294,0.9,1,0.501,21
1763,-0.74,0,0.729,16
3295,-0.75,0,0.501,25
3296,-0.71,0,0.501,15
1764,-1.04,0,0.729,37
1765,-0.49,0,0.729,4
1766,-0.55,0,0.729,3
3297,-0.71,0,0.5,24
3298,-0.65,0,0.5,10
3299,-0.67,0,0.5,20
1767,0.46,0,0.728,57
3300,-0.63,0,0.5,12
3301,-0.79,0,0.5,17
1768,-0.57,0,0.728,22
3302,-0.58,0,0.5,10
1769,-0.67,0,0.728,24
3303,0.66,0,0.499,39
1770,-0.74,0,0.727,32
3304,0.85,1,0.499,24
1771,-0.54,0,0.727,11
1772,-0.67,0,0.727,14
3305,-0.67,0,0.499,32
1773,-0.54,0,0.727,14
1774,-0.61,0,0.727,11
3306,-0.64,0,0.499,32
1775,-1.2,0,0.727,44
3307,0.72,0,0.498,37
1776,-0.56,0,0.727,14
3308,-0.76,0,0.498,11
1777,-0.62,0,0.727,8
1778,-0.56,0,0.726,6
1779,0.95,1,0.726,6
3309,0.73,0,0.498,27
3310,0.84,1,0.498,12
3311,-0.57,0,0.498,9
1780,0.6,0,0.726,40
1781,-0.64,0,0.726,11
3312,-0.77,0,0.498,19
3313,0.7,0,0.498,32
3314,-0.58,0,0.498,11
3315,-0.5,0,0.497,3
1782,0.17,0,0.726,52
1783,0.89,1,0.726,10
3316,-0.59,0,0.497,20
3317,-0.52,0,0.497,9
1784,-0.77,0,0.725,33
3318,-0.81,0,0.497,24
3319,-0.51,0,0.497,3
1785,-0.61,0,0.725,20
3320,-0.65,0,0.497,17
1786,-0.71,0,0.725,24
3321,0.75,0,0.497,27
1787,0.9,1,0.725,10
1788,-0.78,0,0.725,22
1789,-0.56,0,0.725,5
1790,-0.59,0,0.725,12
1791,-0.81,0,0.724,30
3322,0.31,0,0.496,77
3323,-0.49,0,0.496,5
1792,-0.85,0,0.724,26
3324,0.65,0,0.496,29
1793,0.54,0,0.724,26
1794,-0.58,0,0.724,6
3325,-0.81,0,0.496,32
3326,0.87,1,0.495,19
1795,-0.85,0,0.724,23
1796,0.94,1,0.724,8
3327,0.73,0,0.495,19
1797,-0.66,0,0.723,15
1798,-0.64,0,0.723,11
1799,-0.64,0,0.723,6
3328,-0.68,0,0.495,22
1800,-0.59,0,0.723,12
3329,-0.63,0,0.495,15
3330,-0.64,0,0.495,17
1801,0.86,1,0.723,16
1802,-0.59,0,0.723,10
3331,-0.62,0,0.495,20
3332,-0.51,0,0.495,4
3333,-0.49,0,0.495,4
1803,0.63,0,0.723,19
3334,-0.6,0,0.494,18
3335,0.64,0,0.494,32
3336,-0.51,0,0.494,3
3337,-0.48,0,0.494,5
3338,-0.5,0,0.494,8
3339,-0.5,0,0.494,10
3340,-0.76,0,0.494,24
3341,-0.69,0,0.494,37
3342,-0.57,0,0.493,23
3343,-0.61,0,0.493,21
3344,-0.67,0,0.493,23
3345,-0.76,0,0.493,23
3346,-0.52,0,0.493,17
3347,-0.63,0,0.492,28
3348,-0.83,0,0.492,31
3349,-0.56,0,0.492,8
3350,-0.63,0,0.492,23
3351,-0.61,0,0.492,11
3352,-0.58,0,0.492,19
3353,0.93,1,0.492,19
3354,-0.58,0,0.492,7
3355,-0.56,0,0.491,17
3356,-0.77,0,0.491,32
3357,-0.63,0,0.491,24
3358,-0.54,0,0.491,5
3359,-0.67,0,0.491,28
3360,0.54,0,0.49,30
3361,0.75,0,0.49,29
3362,-0.52,0,0.49,15
3363,-0.59,0,0.49,3
3364,-0.62,0,0.49,13
3365,-0.51,0,0.49,4
3366,-0.56,0,0.49,11
3367,-0.56,0,0.49,14
3368,-0.51,0,0.49,4
3369,-0.62,0,0.49,14
3370,-0.85,0,0.489,38
3371,-0.58,0,0.489,20
1804,-0.61,0,0.723,12
3372,-0.56,0,0.489,18
1805,-0.69,0,0.723,22
1806,0.79,0,0.723,18
3373,0.79,0,0.489,22
3374,-0.58,0,0.489,6
3375,-0.69,0,0.489,18
1807,-0.94,0,0.722,38
3376,-0.79,0,0.488,35
1808,-0.76,0,0.722,27
1809,0.84,1,0.722,22
3377,-0.87,0,0.488,34
1810,0.72,0,0.722,15
3378,-0.89,0,0.488,31
1811,-0.8,0,0.721,27
1812,-0.61,0,0.721,12
1813,-0.51,0,0.721,4
3379,0.8,0,0.488,41
1814,-0.63,0,0.721,16
3380,0.94,1,0.488,3
1815,-0.79,0,0.721,21
1816,-0.6,0,0.721,10
3381,-0.81,0,0.487,30
1817,0.94,1,0.721,3
3382,-0.59,0,0.487,9
3383,-0.68,0,0.487,18
1818,-0.75,0,0.721,26
3384,-0.56,0,0.487,18
1819,0.81,1,0.721,22
3385,-0.64,0,0.487,22
3386,-0.52,0,0.487,9
3387,0.79,0,0.487,12
1820,-0.81,0,0.72,34
1821,-0.56,0,0.72,14
1822,-0.76,0,0.72,28
3388,0.76,0,0.486,44
3389,0.94,1,0.486,6
1823,-0.56,0,0.72,7
3390,-0.7,0,0.486,18
1824,-0.71,0,0.72,21
3391,0.95,1,0.486,11
1825,0.84,1,0.72,23
3392,-0.69,0,0.486,33
1826,-0.72,0,0.719,26
3393,-0.55,0,0.486,15
3394,0.84,1,0.485,14
1827,0.28,0,0.719,66
1828,0.72,0,0.719,32
1829,-0.65,0,0.718,24
1830,-0.55,0,0.718,7
1831,-0.7,0,0.718,14
1832,-0.72,0,0.718,26
1833,-0.78,0,0.718,19
1834,-0.88,0,0.718,30
1835,-0.57,0,0.718,15
1836,-0.59,0,0.717,24
1837,-0.67,0,0.717,8
1838,-0.5,0,0.717,9
1839,-0.65,0,0.717,12
1840,-0.57,0,0.717,7
1841,0.84,1,0.717,13
1842,-0.63,0,0.717,8
1843,0.81,1,0.717,13
1844,-0.56,0,0.717,17
1845,-0.79,0,0.716,24
1846,-0.71,0,0.716,23
1847,-1.04,0,0.716,34
1848,-0.55,0,0.716,16
1849,-0.7,0,0.716,18
1850,-0.61,0,0.716,13
1851,-0.56,0,0.716,3
1852,0.66,0,0.716,13
1853,-0.72,0,0.715,20
1854,-0.7,0,0.715,21
1855,-0.62,0,0.715,8
1856,-0.67,0,0.715,19
1857,-0.57,0,0.715,17
1858,-0.77,0,0.715,17
1859,-0.85,0,0.714,26
1860,-0.6,0,0.714,10
1861,0.51,0,0.714,56
1862,-0.59,0,0.714,8
1863,-0.73,0,0.714,22
3395,-0.59,0,0.485,16
1864,-0.67,0,0.714,22
3396,-0.62,0,0.485,13
1865,-0.59,0,0.713,22
3397,-0.69,0,0.485,15
3398,-0.62,0,0.485,13
1866,-0.86,0,0.713,28
1867,-0.61,0,0.713,10
3399,0.89,1,0.485,30
3400,0.87,1,0.485,23
1868,0.86,1,0.713,31
3401,-0.52,0,0.484,9
1869,0.8,0,0.713,14
3402,0.79,0,0.484,18
3403,-0.59,0,0.484,12
1870,-1.01,0,0.712,32
3404,-0.62,0,0.484,12
3405,-0.49,0,0.484,4
1871,-0.54,0,0.712,25
3406,-0.68,0,0.484,17
1872,-0.55,0,0.712,18
3407,0.58,0,0.484,39
1873,-0.81,0,0.712,33
1874,-0.75,0,0.712,17
3408,0.64,0,0.483,38
1875,-0.73,0,0.712,23
3409,0.85,1,0.483,16
1876,-0.66,0,0.711,17
3410,0.85,1,0.483,14
3411,-0.6,0,0.483,28
1877,-0.89,0,0.711,40
3412,-0.73,0,0.483,13
3413,-0.71,0,0.483,13
1878,0.87,1,0.711,17
3414,-0.6,0,0.483,15
3415,-0.75,0,0.482,21
1879,-1.06,0,0.711,49
3416,-0.57,0,0.482,13
1880,-0.64,0,0.71,12
3417,0.77,0,0.482,17
3418,-0.65,0,0.482,13
1881,-0.9,0,0.71,19
3419,-0.57,0,0.482,5
1882,-0.7,0,0.71,24
3420,0.84,1,0.482,14
1883,0.73,0,0.71,31
3421,-0.61,0,0.482,28
1884,-0.67,0,0.71,20
1885,-0.65,0,0.71,4
3422,-0.96,0,0.481,33
3423,-0.5,0,0.481,5
1886,-0.5,0,0.71,19
3424,-0.76,0,0.481,28
1887,0.58,0,0.709,28
1888,-0.6,0,0.709,11
3425,0.73,0,0.481,24
1889,-0.66,0,0.709,13
3426,0.86,1,0.481,25
1890,-0.73,0,0.709,27
3427,-0.63,0,0.481,15
1891,-0.58,0,0.709,24
1892,-0.71,0,0.709,17
3428,-0.76,0,0.48,40
3429,-0.61,0,0.48,11
1893,0.65,0,0.708,21
3430,0.89,1,0.48,16
3431,0.91,1,0.48,17
1894,0.63,0,0.708,39
1895,-0.61,0,0.708,8
3432,-0.56,0,0.48,22
1896,-0.55,0,0.708,9
3433,0.94,1,0.48,18
3434,0.79,0,0.48,20
3435,-0.65,0,0.479,17
3436,0.75,0,0.479,26
1897,-1.39,0,0.707,79
3437,-0.74,0,0.479,15
1898,-0.87,0,0.707,36
3438,-0.67,0,0.479,27
3439,-0.56,0,0.479,8
1899,-0.73,0,0.707,21
3440,0.68,0,0.479,26
1900,0.91,1,0.707,22
3441,-0.67,0,0.479,15
1901,-0.59,0,0.707,10
1902,-0.62,0,0.707,11
3442,0.95,1,0.478,18
3443,-0.65,0,0.478,23
1903,-0.75,0,0.706,36
3444,-0.86,0,0.478,58
1904,-1.33,0,0.706,64
3445,-0.63,0,0.478,16
3446,-0.69,0,0.478,8
1905,-0.56,0,0.706,13
1906,0.86,1,0.706,14
3447,-0.74,0,0.477,21
1907,-0.76,0,0.705,16
1908,0.57,0,0.705,29
3448,-0.79,0,0.477,44
3449,0.81,1,0.477,21
1909,-0.66,0,0.705,27
3450,-0.57,0,0.477,14
1910,-0.72,0,0.705,19
3451,-0.61,0,0.477,15
1911,-0.49,0,0.705,12
3452,-0.47,0,0.477,15
1912,-0.79,0,0.705,19
3453,-0.88,0,0.476,26
1913,-0.71,0,0.704,21
3454,0.99,1,0.476,22
1914,-0.76,0,0.704,16
3455,-0.63,0,0.476,11
1915,0.86,1,0.704,25
3456,0.79,0,0.476,20
3457,0.97,1,0.476,15
1916,-0.81,0,0.704,23
3458,-0.65,0,0.476,19
1917,0.74,0,0.704,24
3459,-0.73,0,0.475,20
1918,-0.66,0,0.704,20
3460,-0.67,0,0.475,10
3461,-0.68,0,0.475,15
1919,-0.73,0,0.703,28
3462,-0.68,0,0.475,33
1920,-0.93,0,0.703,28
3463,-0.78,0,0.475,25
1921,-0.83,0,0.703,31
3464,-0.77,0,0.475,28
3465,0.86,1,0.474,18
3466,-0.62,0,0.474,13
1922,-1.07,0,0.702,49
1923,0.93,1,0.702,16
1924,-0.57,0,0.702,13
3467,-0.85,0,0.474,39
1925,-0.57,0,0.702,16
3468,0.76,0,0.474,28
1926,-0.73,0,0.702,33
3469,-0.71,0,0.474,14
1927,-0.7,0,0.702,11
1928,-0.61,0,0.702,22
3470,-0.96,0,0.473,29
1929,-0.56,0,0.702,9
3471,-0.98,0,0.473,33
1930,0.6,0,0.701,35
3472,0.88,1,0.473,18
3473,-0.56,0,0.473,13
3474,0.93,1,0.473,10
1931,-0.84,0,0.701,36
3475,0.88,1,0.473,16
3476,-0.66,0,0.473,14
3477,-0.61,0,0.473,12
1932,0.58,0,0.701,41
3478,0.78,0,0.472,24
1933,-0.7,0,0.701,18
3479,-0.69,0,0.472,12
1934,-0.62,0,0.7,5
1935,0.9,1,0.7,12
3480,0.91,1,0.472,27
1936,0.77,0,0.7,19
3481,-0.78,0,0.472,23
1937,0.94,1,0.7,17
3482,-0.67,0,0.472,21
1938,0.86,1,0.7,24
1939,0.94,1,0.7,3
3483,-0.61,0,0.472,13
3484,-0.59,0,0.471,17
1940,-0.64,0,0.7,25
1941,-0.55,0,0.7,8
3485,-0.64,0,0.471,20
1942,-0.64,0,0.7,12
1943,-0.6,0,0.699,15
3486,0.8,0,0.471,30
1944,-0.56,0,0.699,9
3487,-0.76,0,0.471,22
1945,-0.66,0,0.699,19
1946,-0.63,0,0.699,7
1947,-0.96,0,0.699,24
3488,-0.81,0,0.471,42
3489,-0.57,0,0.47,9
1948,0.75,0,0.699,27
3490,-0.75,0,0.47,21
3491,0.96,1,0.47,9
1949,0.7,0,0.699,28
3492,-0.62,0,0.47,10
1950,-0.85,0,0.698,23
3493,-0.54,0,0.47,14
3494,0.92,1,0.47,9
1951,0.75,0,0.698,18
1952,-0.51,0,0.698,4
3495,-0.65,0,0.47,23
1953,0.71,0,0.698,33
3496,-0.71,0,0.47,30
1954,-0.71,0,0.698,29
1955,0.78,0,0.698,13
3497,-0.68,0,0.469,42
1956,-0.6,0,0.697,17
3498,-0.56,0,0.469,12
3499,-0.68,0,0.469,8
1957,-0.61,0,0.697,24
3500,0.86,1,0.469,17
1958,-0.68,0,0.697,10
3501,-0.51,0,0.469,5
3502,-0.59,0,0.469,9
3503,-0.59,0,0.469,9
3504,-0.6,0,0.469,25
1959,-1.01,0,0.697,61
3505,-0.7,0,0.468,20
3506,-0.56,0,0.468,14
1960,0.91,1,0.696,27
1961,-0.58,0,0.696,9
3507,0.82,1,0.468,21
3508,-0.64,0,0.468,9
1962,-0.71,0,0.696,24
3509,0.98,1,0.468,9
1963,0.77,0,0.696,30
3510,-0.57,0,0.468,33
3511,-0.54,0,0.468,4
1964,0.74,0,0.696,15
3512,-0.54,0,0.468,17
1965,0.87,1,0.696,14
1966,-0.56,0,0.696,11
3513,0.62,0,0.467,44
1967,0.59,0,0.695,29
3514,-0.64,0,0.467,8
3515,-0.63,0,0.467,12
1968,-0.67,0,0.695,25
3516,0.97,1,0.467,17
1969,-0.55,0,0.695,8
3517,-0.61,0,0.467,12
3518,0.81,1,0.467,19
3519,-0.62,0,0.467,18
3520,-0.54,0,0.466,14
1970,-0.18,0,0.695,80
3521,-0.6,0,0.466,15
1971,-0.64,0,0.694,27
3522,0.79,0,0.466,31
1972,-0.72,0,0.694,19
3523,-0.73,0,0.466,21
1973,-0.59,0,0.694,14
1974,-0.5,0,0.694,5
1975,-0.64,0,0.694,10
3524,-0.68,0,0.466,32
3525,-0.63,0,0.465,17
1976,-0.62,0,0.694,23
1977,-0.68,0,0.694,12
3526,-0.74,0,0.465,23
1978,-0.76,0,0.694,15
3527,-0.73,0,0.465,16
1979,-0.65,0,0.693,19
3528,0.82,1,0.465,12
1980,-0.62,0,0.693,7
3529,-0.56,0,0.465,12
1981,-0.78,0,0.693,23
3530,0.63,0,0.465,34
3531,-0.55,0,0.465,16
3532,-0.53,0,0.465,11
3533,-0.55,0,0.464,15
1982,-1.1,0,0.693,66
3534,-0.57,0,0.464,11
1983,0.86,1,0.692,22
3535,0.85,1,0.464,15
3536,-0.64,0,0.464,8
1984,-0.62,0,0.692,10
1985,-0.72,0,0.692,15
3537,0.84,1,0.464,16
1986,-0.63,0,0.692,17
3538,0.72,0,0.464,28
1987,-0.65,0,0.692,12
1988,-0.66,0,0.692,23
3539,0.92,1,0.464,28
3540,-0.55,0,0.464,4
1989,-0.56,0,0.692,10
1990,-0.55,0,0.692,8
3541,-0.71,0,0.463,14
3542,-0.6,0,0.463,3
1991,-0.55,0,0.692,13
1992,-0.65,0,0.691,18
3543,-0.91,0,0.463,32
1993,-0.6,0,0.691,13
3544,-0.56,0,0.463,15
1994,0.8,0,0.691,18
3545,-0.65,0,0.463,13
1995,-0.67,0,0.691,22
1996,-0.68,0,0.691,13
3546,-1.0,0,0.463,40
1997,0.82,1,0.691,13
1998,0.96,1,0.691,9
3547,-1.07,0,0.462,44
1999,0.49,0,0.69,43
3548,-0.75,0,0.462,22
3549,-0.5,0,0.462,3
2000,-0.61,0,0.69,11
2001,-0.69,0,0.69,16
3550,-0.68,0,0.462,30
2002,-0.66,0,0.69,15
3551,-0.64,0,0.462,22
2003,0.95,1,0.69,11
2004,0.91,1,0.69,18
3552,-0.64,0,0.461,34
3553,-0.62,0,0.461,13
2005,-1.01,0,0.69,35
3554,-0.59,0,0.461,13
2006,-0.6,0,0.689,26
3555,0.73,0,0.461,24
2007,-0.75,0,0.689,24
3556,0.89,1,0.461,21
3557,0.84,1,0.461,21
2008,-0.49,0,0.689,18
2009,-0.75,0,0.689,24
3558,0.68,0,0.46,30
3559,-0.52,0,0.46,13
2010,-0.83,0,0.689,25
3560,-0.67,0,0.46,9
3561,-0.76,0,0.46,26
2011,-0.76,0,0.688,31
3562,-0.7,0,0.46,23
2012,-0.68,0,0.688,21
2013,-0.5,0,0.688,7
3563,-0.54,0,0.46,17
3564,-0.61,0,0.46,14
2014,-0.65,0,0.688,23
3565,0.87,1,0.459,24
2015,0.97,1,0.688,17
2016,-0.52,0,0.688,4
2017,-0.56,0,0.688,3
3566,-0.54,0,0.459,25
3567,-0.51,0,0.459,6
2018,0.78,0,0.688,28
3568,-0.68,0,0.459,21
2019,0.87,1,0.687,26
3569,0.82,1,0.459,18
2020,-0.65,0,0.687,12
3570,-0.55,0,0.459,13
3571,-0.49,0,0.459,8
2021,-0.64,0,0.687,23
2022,0.85,1,0.687,14
3572,0.94,1,0.459,21
2023,-0.66,0,0.687,9
3573,-0.66,0,0.458,12
3574,-0.61,0,0.458,16
2024,-0.9,0,0.687,34
3575,-0.56,0,0.458,13
3576,0.95,1,0.458,3
2025,-0.65,0,0.687,18
3577,0.84,1,0.458,17
3578,-0.55,0,0.458,12
2026,0.9,1,0.686,24
3579,0.82,1,0.458,16
2027,-0.65,0,0.686,17
2028,-0.83,0,0.686,21
3580,-0.69,0,0.458,38
2029,-0.56,0,0.686,12
2030,0.86,1,0.686,13
2031,-0.66,0,0.686,13
3581,-0.72,0,0.457,39
2032,-0.57,0,0.686,10
3582,0.78,0,0.457,16
3583,0.95,1,0.457,10
2033,-0.77,0,0.685,18
2034,-0.6,0,0.685,4
2035,-0.61,0,0.685,10
2036,0.87,1,0.685,24
3584,0.53,0,0.457,43
2037,-0.61,0,0.685,13
3585,-0.59,0,0.457,13
3586,-0.56,0,0.456,10
2038,-0.51,0,0.685,17
3587,0.96,1,0.456,8
2039,0.95,1,0.685,4
2040,-0.62,0,0.685,14
2041,-0.51,0,0.685,8
3588,-0.56,0,0.456,33
2042,0.8,0,0.685,17
3589,-0.59,0,0.456,8
2043,-0.66,0,0.685,13
3590,-0.59,0,0.456,14
3591,-0.54,0,0.456,11
3592,0.74,0,0.456,39
2044,-1.02,0,0.684,52
2045,0.9,1,0.684,11
3593,-0.51,0,0.455,22
3594,-0.51,0,0.455,4
2046,-0.86,0,0.684,21
3595,-0.7,0,0.455,22
2047,-0.7,0,0.684,18
3596,0.96,1,0.455,9
2048,-0.55,0,0.684,8
2049,-0.61,0,0.684,10
3597,-0.61,0,0.455,20
2050,-0.67,0,0.683,17
2051,-0.54,0,0.683,3
3598,-0.59,0,0.455,15
3599,-0.6,0,0.455,12
3600,-0.64,0,0.455,14
3601,-0.47,0,0.455,12
3602,-0.74,0,0.454,39
3603,0.82,1,0.454,14
3604,0.62,0,0.454,43
3605,-0.51,0,0.454,12
3606,0.95,1,0.454,3
3607,-0.71,0,0.453,22
3608,-0.57,0,0.453,19
3609,-0.65,0,0.453,24
3610,-0.67,0,0.453,25
3611,-0.61,0,0.453,11
3612,-0.64,0,0.453,15
3613,0.95,1,0.453,16
3614,-0.62,0,0.453,16
3615,-0.55,0,0.452,17
3616,-0.58,0,0.452,14
3617,0.96,1,0.452,14
3618,-0.6,0,0.452,14
3619,0.91,1,0.452,7
3620,0.89,1,0.452,14
3621,-0.73,0,0.452,44
3622,-0.52,0,0.452,3
3623,-0.7,0,0.451,25
3624,-0.71,0,0.451,36
3625,-0.7,0,0.451,21
3626,-0.73,0,0.451,24
3627,0.81,1,0.451,16
3628,-0.59,0,0.45,27
3629,-0.6,0,0.45,13
3630,-0.65,0,0.45,22
3631,-0.65,0,0.45,17
3632,-0.7,0,0.45,41
3633,0.97,1,0.45,10
3634,-0.53,0,0.449,12
3635,-0.69,0,0.449,25
3636,-0.57,0,0.449,17
3637,-0.53,0,0.449,20
2052,-0.97,0,0.683,49
2053,-0.57,0,0.683,19
3638,0.62,0,0.449,40
2054,-0.8,0,0.683,20
3639,-0.64,0,0.448,17
2055,0.76,0,0.683,21
2056,0.73,0,0.682,17
3640,-0.67,0,0.448,24
3641,-0.48,0,0.448,4
3642,-0.48,0,0.448,3
2057,-0.77,0,0.682,14
2058,-0.6,0,0.682,3
3643,-0.58,0,0.448,13
2059,-0.78,0,0.682,18
2060,-0.85,0,0.682,38
3644,0.19,0,0.447,81
2061,-0.81,0,0.682,31
3645,-0.55,0,0.447,11
2062,0.78,0,0.681,17
3646,0.85,1,0.447,22
2063,-0.61,0,0.681,13
3647,0.9,1,0.447,16
2064,-0.61,0,0.681,12
3648,-0.58,0,0.447,20
3649,-0.59,0,0.447,15
3650,-0.6,0,0.447,16
2065,-1.17,0,0.681,59
3651,-0.55,0,0.447,16
3652,-0.48,0,0.446,9
3653,-0.68,0,0.446,10
2066,-1.07,0,0.68,37
3654,-0.62,0,0.446,16
2067,-0.77,0,0.68,18
3655,-0.57,0,0.446,11
3656,0.97,1,0.446,14
2068,-0.7,0,0.68,19
3657,-0.54,0,0.446,13
2069,-1.03,0,0.68,42
2070,-0.62,0,0.68,4
2071,-0.54,0,0.68,13
2072,-0.69,0,0.68,17
2073,-0.7,0,0.679,19
2074,-0.81,0,0.679,47
2075,-0.64,0,0.679,13
2076,-0.6,0,0.679,22
2077,-0.62,0,0.679,15
2078,-0.6,0,0.679,14
2079,-0.72,0,0.678,41
2080,-0.79,0,0.678,23
2081,-0.61,0,0.678,11
2082,-0.58,0,0.678,26
2083,-0.84,0,0.678,25
2084,-0.7,0,0.677,24
2085,-0.58,0,0.677,22
2086,-0.67,0,0.677,17
2087,0.71,0,0.677,35
2088,-0.71,0,0.677,26
2089,-0.71,0,0.676,12
2090,-0.74,0,0.676,21
2091,-0.64,0,0.676,10
2092,-0.67,0,0.676,29
2093,-0.55,0,0.676,16
2094,-0.63,0,0.676,11
2095,-0.5,0,0.676,4
2096,-0.59,0,0.676,20
2097,0.07,0,0.675,91
2098,-0.62,0,0.675,12
3658,0.88,1,0.446,23
2099,0.56,0,0.674,41
2100,0.9,1,0.674,12
2101,0.73,0,0.674,20
2102,-0.63,0,0.674,14
3659,-1.1,0,0.445,60
2103,-0.79,0,0.674,15
3660,0.97,1,0.445,24
2104,-0.68,0,0.674,17
3661,-0.63,0,0.445,16
2105,-0.7,0,0.674,24
3662,-0.67,0,0.445,10
2106,-0.57,0,0.674,16
3663,-0.62,0,0.445,20
2107,0.61,0,0.673,25
3664,-0.66,0,0.445,27
2108,-0.52,0,0.673,4
3665,0.83,1,0.444,17
2109,-0.6,0,0.673,18
3666,-0.62,0,0.444,14
3667,-0.56,0,0.444,8
2110,-0.81,0,0.673,21
3668,-0.5,0,0.444,11
2111,-0.86,0,0.673,20
2112,0.7,0,0.673,28
3669,-0.83,0,0.444,48
2113,0.65,0,0.672,18
2114,0.94,1,0.672,14
3670,0.87,1,0.444,27
2115,-0.6,0,0.672,28
3671,0.88,1,0.443,35
2116,-0.6,0,0.672,12
3672,-0.49,0,0.443,12
2117,0.93,1,0.672,10
3673,0.97,1,0.443,11
3674,0.95,1,0.443,3
3675,-0.59,0,0.443,16
2118,-0.89,0,0.672,35
3676,0.81,1,0.443,15
2119,0.95,1,0.672,12
3677,-0.54,0,0.443,8
3678,-0.49,0,0.443,4
2120,-0.62,0,0.671,13
2121,-0.64,0,0.671,12
2122,0.82,1,0.671,15
2123,-0.57,0,0.671,9
2124,-0.59,0,0.671,3
2125,-0.49,0,0.671,8
3679,-1.05,0,0.442,73
3680,-0.8,0,0.442,34
2126,0.29,0,0.671,48
2127,-0.61,0,0.671,15
3681,0.82,1,0.442,23
2128,-0.63,0,0.671,16
3682,-0.73,0,0.441,28
3683,0.9,1,0.441,3
3684,-0.5,0,0.441,3
3685,-0.58,0,0.441,15
2129,-0.83,0,0.67,43
2130,-0.63,0,0.67,9
3686,0.67,0,0.441,32
3687,-0.55,0,0.441,4
2131,0.56,0,0.67,29
3688,0.88,1,0.441,20
2132,-0.89,0,0.67,23
3689,-0.5,0,0.441,14
3690,-0.69,0,0.441,32
2133,0.55,0,0.669,39
3691,-0.54,0,0.44,9
3692,-0.54,0,0.44,14
3693,0.91,1,0.44,16
2134,0.66,0,0.669,41
3694,-0.58,0,0.44,25
2135,-0.65,0,0.669,19
3695,-0.51,0,0.44,14
3696,-0.51,0,0.44,6

3697,0.95,1,0.44,13
2137,-0.7,0,0.669,18
3698,0.94,1,0.44,11
3699,0.95,1,0.44,10
2138,-0.65,0,0.668,13
3700,-0.61,0,0.44,10
2139,-0.69,0,0.668,24
3701,0.9,1,0.439,16
2140,-0.51,0,0.668,18
3702,-0.58,0,0.439,23
2141,-0.51,0,0.668,11
3703,-0.51,0,0.439,15
2142,-0.77,0,0.668,18
2143,0.84,1,0.668,26
3704,-0.8,0,0.439,44
2144,-0.75,0,0.667,27
3705,0.71,0,0.439,27
3706,-0.64,0,0.438,14
2145,-0.71,0,0.667,23
3707,-0.64,0,0.438,32
2146,0.6,0,0.667,37
3708,-0.53,0,0.438,15
3709,0.96,1,0.438,11
2147,-0.78,0,0.667,29
3710,-0.59,0,0.438,17
2148,-0.55,0,0.667,5
3711,-0.6,0,0.438,12
2149,-0.58,0,0.667,21
3712,0.96,1,0.438,8
3713,-0.57,0,0.438,14
3714,-0.65,0,0.437,12
2150,0.62,0,0.666,38
2151,-0.57,0,0.666,7
3715,-0.65,0,0.437,31
2152,-0.79,0,0.666,30
3716,-0.64,0,0.437,32
2153,-0.69,0,0.666,21
3717,0.74,0,0.437,15
2154,0.97,1,0.666,11
3718,-0.65,0,0.437,22
2155,-0.76,0,0.666,26
3719,-0.62,0,0.437,13
3720,-0.6,0,0.436,15
2156,-0.74,0,0.665,28
3721,0.97,1,0.436,6
3722,-0.79,0,0.436,24
2157,-0.93,0,0.665,42
2158,-0.57,0,0.665,14
3723,-0.67,0,0.436,25
3724,-0.51,0,0.436,3
2159,-0.56,0,0.665,13
2160,-0.55,0,0.665,4
3725,0.95,1,0.436,20
3726,-0.77,0,0.436,19
2161,-0.72,0,0.665,29
2162,-0.7,0,0.664,25
3727,0.75,0,0.435,30
3728,-0.53,0,0.435,16
2163,-0.83,0,0.664,29
3729,-0.67,0,0.435,18
2164,0.79,0,0.664,27
2165,-0.53,0,0.664,6
3730,-0.58,0,0.435,31
3731,-0.55,0,0.435,15
2166,-1.1,0,0.664,32
3732,-0.6,0,0.435,18
2167,-0.66,0,0.663,16
3733,0.84,1,0.434,19
3734,-0.56,0,0.434,8
3735,0.8,0,0.434,38
2168,-1.14,0,0.663,60
3736,0.94,1,0.434,18
3737,-0.58,0,0.434,26
2169,-0.94,0,0.663,40
2170,-0.6,0,0.663,11
3738,0.84,1,0.434,19
2171,-0.58,0,0.662,9
2172,-0.48,0,0.662,5
3739,-0.6,0,0.434,14
3740,0.97,1,0.433,16
2173,-0.68,0,0.662,22
2174,-0.65,0,0.662,11
3741,0.94,1,0.433,17
2175,-0.53,0,0.662,13
2176,-0.6,0,0.662,20
3742,0.74,0,0.433,36
2177,0.88,1,0.662,11
2178,-0.55,0,0.662,9
3743,-0.68,0,0.433,20
3744,0.82,1,0.433,15
2179,-0.77,0,0.662,30
3745,0.85,1,0.433,17
2180,0.97,1,0.661,12
3746,-0.64,0,0.432,11
2181,0.88,1,0.661,8
3747,0.84,1,0.432,19
2182,0.39,0,0.661,38
2183,-0.75,0,0.661,16
3748,-0.65,0,0.432,25
2184,-0.52,0,0.661,7
3749,-0.62,0,0.432,13
2185,0.96,1,0.661,14
3750,-0.66,0,0.432,15
2186,-0.81,0,0.661,31
3751,-0.87,0,0.432,41
2187,0.72,0,0.66,19
3752,-0.55,0,0.431,17
2188,-0.67,0,0.66,21
2189,-0.5,0,0.66,7
3753,0.78,0,0.431,28
2190,-0.68,0,0.66,27
3754,0.78,0,0.431,14
2191,0.45,0,0.66,33
3755,0.76,0,0.431,36
3756,0.97,1,0.431,9
2192,-0.68,0,0.66,14
3757,0.92,1,0.431,20
3758,-0.55,0,0.431,12
2193,-0.86,0,0.659,29
3759,-0.53,0,0.43,15
3760,0.95,1,0.43,3
2194,-0.52,0,0.659,12
3761,-0.7,0,0.43,25
2195,-0.86,0,0.659,33
3762,0.97,1,0.43,12
2196,-0.74,0,0.659,30
3763,0.65,0,0.43,44
2197,-0.64,0,0.659,21
2198,-0.61,0,0.659,9
2199,-0.57,0,0.658,20
3764,0.59,0,0.429,38
3765,-0.54,0,0.429,10
2200,-0.71,0,0.658,20
3766,-1.0,0,0.429,45
2201,0.22,0,0.658,48
3767,-0.74,0,0.429,15
2202,-0.58,0,0.658,15
3768,-0.58,0,0.429,19
3769,0.89,1,0.429,21
2203,-0.96,0,0.657,26
2204,-0.5,0,0.657,3
3770,-0.53,0,0.428,13
2205,0.96,1,0.657,10
3771,-0.54,0,0.428,13
2206,-0.73,0,0.657,17
2207,-0.6,0,0.657,10
2208,-0.55,0,0.657,4
3772,0.78,0,0.428,18
3773,0.9,1,0.428,3
2209,-0.7,0,0.657,15
3774,-0.55,0,0.428,15
3775,-0.52,0,0.428,13
3776,0.85,1,0.428,17
2210,-0.77,0,0.657,46
3777,0.92,1,0.428,21
3778,-0.67,0,0.427,25
2211,-1.0,0,0.656,61
3779,0.8,0,0.427,28
2212,0.78,0,0.656,14
2213,0.75,0,0.656,22
3780,0.85,1,0.427,27
2214,-0.83,0,0.656,14
3781,-0.53,0,0.427,14
2215,-0.6,0,0.656,6
3782,-0.79,0,0.427,17
2216,-0.76,0,0.656,14
2217,-0.5,0,0.656,8
3783,-0.63,0,0.427,20
3784,-0.62,0,0.426,16
2218,0.63,0,0.655,28
3785,-0.69,0,0.426,22
3786,0.95,1,0.426,9
3787,-0.78,0,0.426,15
2219,-0.83,0,0.655,59
3788,-0.88,0,0.426,24
3789,-0.61,0,0.426,14
2220,-0.72,0,0.655,26
3790,-0.63,0,0.426,5
3791,-0.79,0,0.426,18
2221,0.69,0,0.654,42
3792,-0.59,0,0.425,34
2222,-0.67,0,0.654,18
3793,-0.5,0,0.425,11
2223,-0.55,0,0.654,18
3794,-0.58,0,0.425,9
2224,-0.75,0,0.654,17
3795,-0.58,0,0.425,22
2225,0.81,1,0.654,16
3796,0.63,0,0.425,23
2226,-0.53,0,0.654,11
3797,-0.68,0,0.425,14
2227,-0.71,0,0.654,18
3798,-0.51,0,0.425,11
2228,-0.63,0,0.653,15
3799,-0.55,0,0.424,22
2229,-0.64,0,0.653,15
3800,0.96,1,0.424,9
3801,-0.68,0,0.424,18
2230,0.16,0,0.653,46
3802,-0.69,0,0.424,27
2231,-0.57,0,0.653,19
3803,0.81,1,0.424,21
3804,-0.62,0,0.424,19
2232,-0.73,0,0.653,33
3805,-0.58,0,0.424,18
3806,-0.5,0,0.424,4
2233,-0.74,0,0.652,16
3807,-0.57,0,0.423,15
2234,-0.66,0,0.652,20
3808,-0.53,0,0.423,21
2235,0.88,1,0.652,18
3809,-0.56,0,0.423,12
2236,-0.5,0,0.652,5
3810,-0.51,0,0.423,11
3811,-0.57,0,0.423,16
3812,-0.51,0,0.423,4
2237,0.56,0,0.652,42
3813,0.91,1,0.423,26
3814,-0.62,0,0.423,12
2238,-1.1,0,0.652,31
2239,-0.63,0,0.651,10
3815,-0.66,0,0.422,27
2240,-0.65,0,0.651,11
3816,-0.6,0,0.422,10
3817,-0.61,0,0.422,12
2241,-0.72,0,0.651,24
3818,-0.69,0,0.422,13
3819,-0.66,0,0.422,17
3820,-0.54,0,0.422,5
3821,0.95,1,0.422,3
2242,-0.62,0,0.651,39
3822,-0.78,0,0.422,21
2243,-0.52,0,0.651,24
3823,0.79,0,0.422,27
2244,-0.85,0,0.65,25
3824,-0.77,0,0.421,16
3825,0.85,1,0.421,31
2245,-1.1,0,0.65,48
3826,-0.57,0,0.421,17
3827,-0.66,0,0.421,17
2246,-0.76,0,0.65,23
2247,-0.62,0,0.65,11
3828,-0.51,0,0.421,19
2248,-0.57,0,0.65,8
3829,-0.61,0,0.421,14
2249,-0.85,0,0.65,29
3830,0.74,0,0.42,26
3831,0.8,0,0.42,19
3832,-0.58,0,0.42,19
2250,0.36,0,0.649,65
3833,0.87,1,0.42,33
3834,-0.49,0,0.42,4
3835,0.7,0,0.42,16
2251,-0.86,0,0.649,36
3836,-0.6,0,0.42,15
3837,0.91,1,0.419,18
2252,-0.82,0,0.649,29
3838,-0.55,0,0.419,15
2253,0.78,0,0.648,22
3839,-0.64,0,0.419,17
2254,-0.76,0,0.648,23
3840,-0.72,0,0.419,23
3841,-0.55,0,0.419,9
2255,-0.61,0,0.648,27
3842,0.92,1,0.419,22
2256,-0.77,0,0.648,21
2257,-0.5,0,0.648,4
3843,-0.56,0,0.419,21
2258,-0.54,0,0.648,9
3844,0.76,0,0.419,18
2259,-0.68,0,0.648,16
2260,-0.83,0,0.647,31
3845,0.58,0,0.418,39
2261,-0.65,0,0.647,20
3846,0.66,0,0.418,27
2262,-0.82,0,0.647,19
3847,0.95,1,0.418,12
3848,0.96,1,0.418,10
2263,-0.7,0,0.647,29
3849,-0.58,0,0.418,22
2264,-0.87,0,0.646,38
3850,-0.69,0,0.417,37
2265,-0.57,0,0.646,12
3851,-0.78,0,0.417,30
2266,0.82,1,0.646,22
3852,0.95,1,0.417,3
2267,0.9,1,0.646,10
2268,-0.62,0,0.646,11
2269,-0.68,0,0.646,20
3853,0.89,1,0.417,44
3854,-0.57,0,0.417,5
2270,-0.75,0,0.646,17
3855,-0.48,0,0.417,15
2271,-0.68,0,0.646,13
3856,0.99,1,0.416,13
2272,-0.61,0,0.645,17
2273,-0.55,0,0.645,7
3857,-0.72,0,0.416,18
3858,0.97,1,0.416,13
2274,-0.83,0,0.645,27
3859,0.97,1,0.416,9
3860,-0.49,0,0.416,15
2275,0.8,0,0.645,27
3861,-0.71,0,0.416,25
2276,0.65,0,0.645,29
3862,-0.72,0,0.416,29
2277,0.89,1,0.645,21
3863,0.8,0,0.415,22
3864,-0.74,0,0.415,7
3865,-0.55,0,0.415,3
2278,0.57,0,0.644,29
3866,-0.71,0,0.415,21
3867,-0.57,0,0.415,14
2279,-0.73,0,0.644,22
2280,-0.56,0,0.644,4
3868,0.91,1,0.415,10
3869,-0.69,0,0.415,15
3870,-0.65,0,0.415,18
2281,-0.83,0,0.644,34
3871,-0.5,0,0.415,8
3872,-0.51,0,0.415,19
3873,-0.77,0,0.414,47
3874,0.75,0,0.414,49
3875,-0.79,0,0.413,35
3876,0.89,1,0.413,21
3877,-0.52,0,0.413,7
3878,-0.55,0,0.413,11
3879,0.88,1,0.413,20
3880,0.9,1,0.413,18
3881,0.89,1,0.413,23
3882,-0.54,0,0.413,11
3883,0.93,1,0.412,13
3884,-0.63,0,0.412,12
3885,-0.53,0,0.412,19
3886,0.74,0,0.412,27
3887,-0.76,0,0.412,20
3888,-0.58,0,0.412,24
3889,0.89,1,0.411,50
3890,-0.5,0,0.411,30
3891,-0.59,0,0.411,16
3892,0.94,1,0.411,10
3893,-0.61,0,0.411,10
3894,-0.56,0,0.411,9
3895,-0.67,0,0.411,15
3896,-0.63,0,0.41,16
3897,-0.52,0,0.41,7
3898,-0.63,0,0.41,14
3899,-0.62,0,0.41,30
3900,-0.8,0,0.41,18
3901,-0.7,0,0.41,20
3902,0.93,1,0.41,17
3903,-0.49,0,0.41,4
3904,-0.56,0,0.41,4
3905,-0.62,0,0.409,13
3906,-0.55,0,0.409,11
3907,0.89,1,0.409,16
3908,0.86,1,0.409,19
3909,-0.73,0,0.409,27
3910,0.76,0,0.409,21
2282,-0.77,0,0.644,25
3911,0.89,1,0.409,17
2283,0.89,1,0.644,20
3912,-0.69,0,0.408,26
2284,-0.67,0,0.643,15
2285,-0.6,0,0.643,5
3913,-0.61,0,0.408,18
2286,-0.6,0,0.643,20
2287,-0.8,0,0.643,19
3914,0.76,0,0.408,37
2288,-0.58,0,0.643,15
2289,-0.82,0,0.643,22
3915,0.66,0,0.408,47
3916,-0.63,0,0.407,11
2290,0.8,0,0.643,26
2291,0.7,0,0.642,25
3917,0.78,0,0.407,44
2292,-0.58,0,0.642,15
2293,-0.54,0,0.642,3
2294,-0.62,0,0.642,9
2295,-0.6,0,0.642,14
3918,-0.78,0,0.407,38
3919,-0.67,0,0.407,25
2296,0.64,0,0.642,41
3920,-0.49,0,0.407,11
3921,-0.74,0,0.406,11
3922,-0.5,0,0.406,12
3923,-0.55,0,0.406,5
2298,-0.6,0,0.641,17
2299,-0.62,0,0.641,8
2300,0.9,1,0.641,7
2301,0.77,0,0.641,19
2302,0.88,1,0.641,13
2303,-0.81,0,0.641,27
2304,-1.35,0,0.64,93
2305,-0.61,0,0.64,3
2306,0.73,0,0.64,29
2307,-0.72,0,0.64,19
2308,-0.61,0,0.64,13
2309,-0.67,0,0.64,11
2310,0.51,0,0.639,42
2311,-0.72,0,0.639,15
2312,-0.6,0,0.639,5
2313,-0.76,0,0.639,21
2314,0.95,1,0.639,9
2315,-0.61,0,0.639,19
2316,-0.63,0,0.639,11
2317,-0.67,0,0.638,9
2318,-0.52,0,0.638,10
2319,-0.6,0,0.638,17
2320,-0.51,0,0.638,4
2321,-0.8,0,0.638,28
2322,0.81,1,0.638,23
2323,-0.63,0,0.638,16
2324,0.73,0,0.637,34
2325,-0.65,0,0.637,18
2326,-0.55,0,0.637,4
2327,0.82,1,0.637,24
2328,0.78,0,0.637,22
2329,0.92,1,0.637,20
2330,0.68,0,0.637,27
2331,0.76,0,0.636,13
2332,0.73,0,0.636,20
2333,-0.7,0,0.636,12
2334,0.71,0,0.636,17
2335,-0.73,0,0.636,10
2336,-0.62,0,0.636,25
3924,-0.82,0,0.406,30
2337,-0.77,0,0.636,24
3925,0.79,0,0.406,24
2338,0.8,0,0.635,13
2339,-0.55,0,0.635,8
3926,0.88,1,0.406,19
3927,-0.72,0,0.406,23
2340,-0.77,0,0.635,36
3928,0.72,0,0.405,29
2341,-0.64,0,0.635,30
3929,-0.57,0,0.405,13
2342,-0.64,0,0.635,13
3930,-0.52,0,0.405,12
2343,-0.82,0,0.635,18
3931,0.88,1,0.405,13
2344,-0.77,0,0.635,15
2345,-0.67,0,0.634,14
3932,-0.85,0,0.405,38
2346,-0.61,0,0.634,18
3933,0.86,1,0.405,15
2347,-0.59,0,0.634,16
3934,0.83,1,0.404,29
2348,-0.62,0,0.634,22
3935,-0.69,0,0.404,17
3936,-0.53,0,0.404,13
2349,-0.73,0,0.634,28
3937,-0.64,0,0.404,10
3938,-0.61,0,0.404,16
2350,-0.86,0,0.633,36
3939,0.9,1,0.404,29
2351,0.63,0,0.633,27
3940,-0.86,0,0.403,27
2352,-0.56,0,0.633,13
3941,-0.63,0,0.403,26
2353,-0.59,0,0.633,29
3942,0.8,0,0.403,13
3943,-0.52,0,0.403,3
3944,-0.59,0,0.403,12
2354,-0.84,0,0.633,29
3945,-0.57,0,0.403,16
3946,0.97,1,0.403,18
2355,0.79,0,0.632,34
3947,-0.68,0,0.403,20
2356,-0.71,0,0.632,22
3948,-0.58,0,0.403,10
2357,-0.7,0,0.632,22
2358,-0.5,0,0.632,13
3949,-0.69,0,0.402,31
3950,-0.52,0,0.402,5
3951,-0.61,0,0.402,13
2359,-0.68,0,0.632,37
3952,-0.77,0,0.402,18
3953,-0.55,0,0.402,16
2360,-0.68,0,0.631,28
2361,0.96,1,0.631,5
2362,-0.63,0,0.631,9
3954,-0.58,0,0.402,21
3955,-0.62,0,0.402,15
2363,0.84,1,0.631,15
2364,-0.78,0,0.631,19
3956,-0.77,0,0.401,22
2365,-0.66,0,0.631,22
3957,0.8,0,0.401,38
2366,-0.65,0,0.631,14
2367,-0.61,0,0.631,13
3958,-0.77,0,0.401,22
2368,-0.61,0,0.631,9
3959,0.99,1,0.401,12
2369,0.94,1,0.631,9
3960,-0.59,0,0.401,18
2370,-0.77,0,0.63,26
3961,0.85,1,0.401,18
3962,-0.49,0,0.401,5
2371,-0.78,0,0.63,21
3963,0.83,1,0.4,17
2372,-0.63,0,0.63,11
2373,-0.52,0,0.63,13
2374,-0.67,0,0.63,20
3964,-0.71,0,0.4,44
2375,0.73,0,0.63,29
3965,-0.71,0,0.4,23
2376,-0.62,0,0.629,15
3966,0.98,1,0.4,13
2377,-0.5,0,0.629,11
3967,-0.69,0,0.4,21
2378,-0.64,0,0.629,18
2379,-0.7,0,0.629,7
2380,-0.66,0,0.629,15
3968,0.86,1,0.399,28
3969,0.96,1,0.399,9
3970,-0.56,0,0.399,5
2381,-0.56,0,0.629,20
3971,0.95,1,0.399,13
3972,-0.59,0,0.399,15
2382,-0.88,0,0.629,22
3973,0.79,0,0.399,17
2383,-0.85,0,0.629,26
3974,-0.59,0,0.399,15
2384,-0.78,0,0.628,26
3975,-0.65,0,0.399,33
2385,-0.63,0,0.628,17
3976,-0.54,0,0.398,12
2386,0.69,0,0.628,26
2387,-0.51,0,0.628,4
3977,0.97,1,0.398,15
2388,-0.49,0,0.628,10
3978,-0.66,0,0.398,14
2389,-0.57,0,0.628,17
3979,-0.61,0,0.398,13
2390,0.73,0,0.628,18
2391,-0.63,0,0.627,14
3980,0.68,0,0.398,33
2392,-0.54,0,0.627,4
2393,-0.55,0,0.627,7
2394,-0.79,0,0.627,14
3981,0.93,1,0.398,22
3982,0.93,1,0.398,9
2395,-0.55,0,0.627,14
2396,0.98,1,0.627,8
3983,0.92,1,0.397,29
3984,-0.57,0,0.397,9
2397,-0.6,0,0.627,19
3985,-0.54,0,0.397,17
3986,-0.57,0,0.397,10
2398,-0.82,0,0.627,31
2399,-0.63,0,0.627,13
3987,-0.74,0,0.397,28
3988,0.95,1,0.397,12
3989,0.96,1,0.397,4
3990,0.96,1,0.397,10
3991,-0.56,0,0.397,10
2400,-0.88,0,0.626,41
2401,-0.69,0,0.626,14
3992,0.77,0,0.396,25
2402,-0.62,0,0.626,15
3993,0.81,1,0.396,23

2404,-0.69,0,0.626,22
3994,0.85,1,0.396,27
2405,-0.69,0,0.626,19
3995,-0.81,0,0.396,22
2406,-0.56,0,0.625,22
3996,-0.65,0,0.396,18
2407,-0.6,0,0.625,21
3998,0.96,1,0.395,12
2408,-0.73,0,0.625,24
3999,0.8,0,0.395,25
2409,-0.63,0,0.625,14
2410,-0.7,0,0.625,10
2411,-0.49,0,0.625,4
4000,-0.77,0,0.395,32
2412,0.74,0,0.625,21
4001,-0.55,0,0.395,26
2413,0.85,1,0.624,26
4002,-0.65,0,0.395,13
2414,-0.7,0,0.624,28
4003,-0.67,0,0.394,35
2415,-0.6,0,0.624,18
2416,-0.61,0,0.624,11
4004,-0.56,0,0.394,32
2417,0.89,1,0.624,23
4005,-0.59,0,0.394,17
2418,-0.62,0,0.624,15
2419,-0.59,0,0.624,18
4006,0.71,0,0.394,28
2420,0.9,1,0.624,11
4007,0.99,1,0.394,13
4008,0.98,1,0.394,12
2421,-0.66,0,0.623,20
4009,0.94,1,0.393,22
4010,-0.51,0,0.393,4
2422,-0.78,0,0.623,27
4011,-0.57,0,0.393,5
4012,0.96,1,0.393,15
2423,0.82,1,0.623,29
4013,-0.65,0,0.393,20
2424,-0.91,0,0.623,34
2425,-0.57,0,0.623,8
4014,-0.8,0,0.393,37
2426,-0.57,0,0.622,18
4015,0.88,1,0.393,29
2427,-0.6,0,0.622,12
4016,-0.59,0,0.392,12
2428,-0.72,0,0.622,16
4017,-0.58,0,0.392,9
2429,0.96,1,0.622,10
4018,0.92,1,0.392,31
4019,-0.61,0,0.392,14
2430,-0.85,0,0.622,45
2431,0.95,1,0.622,4
4020,-0.55,0,0.392,15
2432,-0.67,0,0.622,13
4021,-0.69,0,0.392,30
2433,-0.6,0,0.621,21
4022,-0.55,0,0.392,16
2434,-0.65,0,0.621,24
4023,0.95,1,0.391,10
4024,-0.5,0,0.391,3
4025,0.77,0,0.391,20
2435,-0.69,0,0.621,34
4026,-0.52,0,0.391,13
4027,0.92,1,0.391,17
4028,-0.57,0,0.391,9
2436,-0.79,0,0.621,29
4029,-0.76,0,0.391,32
2437,-0.74,0,0.62,40
4030,-0.59,0,0.391,14
2438,-0.65,0,0.62,14
4031,-0.65,0,0.391,15
4032,-0.51,0,0.39,4
2439,-0.73,0,0.62,20
4033,-0.61,0,0.39,16
2440,0.61,0,0.62,18
4034,-0.61,0,0.39,14
2441,-0.61,0,0.62,17
4035,0.71,0,0.39,31
2442,0.79,0,0.62,25
2443,-0.54,0,0.62,17
4036,-1.1,0,0.39,43
2444,0.76,0,0.619,25
2445,-0.63,0,0.619,24
4037,0.78,0,0.389,44
2446,-0.63,0,0.619,12
4038,-0.57,0,0.389,13
2447,-0.63,0,0.619,17
4039,-0.58,0,0.389,20
4040,0.87,1,0.389,22
2448,-0.7,0,0.619,25
4041,-0.61,0,0.389,15
2449,-0.63,0,0.619,19
2450,-0.8,0,0.619,18
4042,-0.72,0,0.389,26
4043,-0.5,0,0.388,7
2451,-0.59,0,0.618,18
2452,0.59,0,0.618,28
4044,0.68,0,0.388,36
4045,-0.68,0,0.388,32
2453,-0.9,0,0.618,46
4046,-0.51,0,0.388,17
2454,-0.62,0,0.618,20
4047,-0.56,0,0.388,18
2455,0.81,1,0.617,24
4048,-0.58,0,0.387,24
2456,-0.68,0,0.617,10
2457,0.95,1,0.617,4
2458,0.71,0,0.617,15
4049,0.84,1,0.387,37
4050,-0.65,0,0.387,8
2459,-0.64,0,0.617,18
4051,-0.54,0,0.387,8
4052,-0.7,0,0.387,13
2460,0.69,0,0.617,18
4053,-0.53,0,0.387,13
2461,0.98,1,0.617,12
4054,-0.56,0,0.387,13
4055,-0.62,0,0.387,9
2462,0.89,1,0.617,27
2463,-0.57,0,0.617,12
4056,0.8,0,0.386,24
4057,0.58,0,0.386,39
2464,0.68,0,0.616,42
4058,-0.57,0,0.386,15
2465,-0.7,0,0.616,17
2466,-0.68,0,0.616,24
4059,-0.85,0,0.386,51
4060,-0.53,0,0.386,5
2467,-0.85,0,0.616,33
2468,-0.52,0,0.616,4
4061,-0.67,0,0.386,13
4062,0.91,1,0.385,11
2469,-0.75,0,0.615,24
2470,-0.6,0,0.615,11
4063,0.75,0,0.385,36
2471,-0.74,0,0.615,19
4064,0.91,1,0.385,15
4065,-0.51,0,0.385,4
2472,-0.64,0,0.615,22
2473,-0.66,0,0.615,14
2474,-0.7,0,0.615,21
4066,0.53,0,0.385,58
2475,-0.67,0,0.615,12
4067,0.96,1,0.384,17
4068,0.95,1,0.384,9
2476,-0.79,0,0.614,36
4069,-0.76,0,0.384,18
2477,0.84,1,0.614,17
4070,-0.71,0,0.384,19
2478,-0.62,0,0.614,21
4071,-0.63,0,0.384,16
4072,0.94,1,0.384,9
2479,-0.82,0,0.614,34
4073,0.78,0,0.384,23
4074,0.67,0,0.383,39
2480,-0.67,0,0.613,38
2481,-0.54,0,0.613,14
4075,-0.52,0,0.383,13
4076,-0.53,0,0.383,24
2482,0.49,0,0.613,37
4077,-0.56,0,0.383,16
2483,-0.56,0,0.613,12
4078,0.88,1,0.383,16
4079,-0.64,0,0.383,25
2484,-0.69,0,0.613,39
4080,0.81,1,0.382,20
4081,-0.62,0,0.382,24
2485,0.25,0,0.612,48
4082,-0.67,0,0.382,20
4083,-0.57,0,0.382,11
2486,-0.63,0,0.612,29
4084,0.95,1,0.382,12
4085,0.94,1,0.382,8
2487,-0.79,0,0.612,19
4086,-0.65,0,0.382,20
2488,-0.79,0,0.612,22
4087,-0.6,0,0.382,15
4088,-0.51,0,0.382,4
2489,0.76,0,0.611,26
2490,-0.56,0,0.611,6
2491,0.77,0,0.611,21
2492,-0.55,0,0.611,12
2493,-0.72,0,0.611,24
2494,-0.59,0,0.611,11
2495,0.88,1,0.611,22
4089,-1.46,0,0.38,135
2496,-0.76,0,0.611,26
4090,0.86,1,0.38,20
2497,-0.74,0,0.61,20
2498,-0.55,0,0.61,16
4091,0.84,1,0.38,36
2499,-0.77,0,0.61,26
2500,-0.61,0,0.61,15
4092,-0.84,0,0.38,38
2501,-0.49,0,0.61,11
2502,-0.58,0,0.61,15
4093,-0.53,0,0.38,17
2503,0.83,1,0.61,17
4094,-0.59,0,0.379,22
4095,0.96,1,0.379,9
2504,0.88,1,0.609,14
2505,-0.56,0,0.609,9
4096,-0.5,0,0.379,14
2506,0.89,1,0.609,9
4097,-0.71,0,0.379,12
2507,0.73,0,0.609,17
4098,0.83,1,0.379,26
2508,-0.58,0,0.609,23
4099,-0.83,0,0.379,27
2509,0.96,1,0.609,12
2510,0.83,1,0.609,16
4100,0.85,1,0.379,23
4101,-0.59,0,0.378,16
4102,0.94,1,0.378,13
2511,-0.84,0,0.609,35
2512,0.95,1,0.608,15
4103,-0.71,0,0.378,23
4104,-0.5,0,0.378,4
4105,-0.6,0,0.378,18
2513,0.59,0,0.608,41
2514,-0.49,0,0.608,4
4106,-0.63,0,0.378,18
4107,-0.7,0,0.378,21
2515,-0.59,0,0.608,28
2516,0.94,1,0.608,3
4108,0.9,1,0.377,21
2517,-0.94,0,0.608,21
4109,0.94,1,0.377,13
2518,-0.56,0,0.608,8
4110,-0.5,0,0.377,4
4111,-0.54,0,0.377,14
2519,-0.64,0,0.607,16
4112,-0.55,0,0.377,10
2520,-0.72,0,0.607,25
4113,-0.76,0,0.377,22
2521,-0.68,0,0.607,33
4114,0.75,0,0.377,34
2522,0.76,0,0.607,16
4115,0.91,1,0.377,22
2523,0.57,0,0.607,25
4116,-0.51,0,0.376,16
2524,-0.66,0,0.606,19
4117,-0.65,0,0.376,22
2525,-0.6,0,0.606,12
2526,-0.51,0,0.606,4
4118,-0.75,0,0.376,18
2527,0.93,1,0.606,8
4119,-0.65,0,0.376,26
2528,-0.63,0,0.606,24
2529,-0.77,0,0.606,13
4120,0.9,1,0.376,18
2530,-0.74,0,0.606,18
4121,-0.69,0,0.376,16
2531,-0.53,0,0.606,14
4122,0.95,1,0.376,13
2532,-0.72,0,0.606,12
2533,-0.63,0,0.605,19
4123,-0.93,0,0.375,43
4124,0.95,1,0.375,13
4125,0.92,1,0.375,13
4126,-0.5,0,0.375,3
4127,-0.55,0,0.375,7
2534,-0.77,0,0.605,48
2535,-0.6,0,0.605,22
4128,-0.64,0,0.375,22
2536,-0.63,0,0.605,21
4129,-0.68,0,0.374,29
4130,0.94,1,0.374,10
2537,-0.62,0,0.605,29
4131,0.86,1,0.374,13
2538,0.69,0,0.604,26
4132,-0.7,0,0.374,24
4133,0.99,1,0.374,13
2539,-0.65,0,0.604,17
4134,-0.77,0,0.374,61
4135,0.96,1,0.373,13
4136,0.71,0,0.373,35
4137,0.97,1,0.373,22
4138,-0.53,0,0.373,18
4139,0.95,1,0.373,8
4140,0.86,1,0.373,28
4141,-0.6,0,0.372,24
4142,-0.88,0,0.372,44
4143,0.77,0,0.372,28
4144,-0.71,0,0.372,18
4145,-0.83,0,0.371,23
4146,0.82,1,0.371,22
4147,-0.48,0,0.371,3
4148,0.91,1,0.371,11
4149,-0.54,0,0.371,8
4150,-0.74,0,0.371,19
4151,-0.6,0,0.371,24
4152,-0.88,0,0.37,36
4153,0.8,0,0.37,17
4154,0.84,1,0.37,22
4155,0.93,1,0.37,15
4156,0.77,0,0.37,36
4157,0.57,0,0.369,43
4158,-0.6,0,0.369,20
4159,-0.49,0,0.369,4
4160,0.97,1,0.369,23
4161,-0.53,0,0.369,3
4162,-0.79,0,0.369,24
4163,-0.72,0,0.369,35
4164,-0.71,0,0.368,21
4165,-0.49,0,0.368,10
4166,-0.69,0,0.368,24
4167,0.95,1,0.368,3
4168,-0.54,0,0.368,14
4169,-0.62,0,0.368,7
4170,-0.51,0,0.368,4
4171,0.83,1,0.368,24
4172,-0.5,0,0.368,8
4173,0.95,1,0.368,10
4174,-0.6,0,0.367,11
4175,0.98,1,0.367,17
4176,0.87,1,0.367,38
4177,-0.56,0,0.367,23
2540,0.96,1,0.604,16
2541,-0.56,0,0.604,14
2542,-0.68,0,0.604,12
2543,-0.68,0,0.604,30
2544,-0.64,0,0.604,18
2545,-0.55,0,0.603,5
2546,-0.73,0,0.603,14
2547,-0.8,0,0.603,17
2548,0.65,0,0.603,36
2549,-0.71,0,0.603,16
2550,-0.69,0,0.603,28
2551,-0.66,0,0.602,12
2552,-0.76,0,0.602,27
2553,-0.55,0,0.602,9
2554,0.91,1,0.602,17
2555,-0.57,0,0.602,7
2556,-0.69,0,0.602,17
2557,-0.81,0,0.602,23
2558,0.72,0,0.602,16
2559,0.72,0,0.601,27
2560,0.79,0,0.601,18
2561,-0.5,0,0.601,3
2562,-0.72,0,0.601,31
2563,0.9,1,0.601,3
2564,-1.05,0,0.6,57
2565,-0.84,0,0.6,30
2566,-0.54,0,0.6,4
2567,0.88,1,0.6,24
2568,-0.56,0,0.6,15
2569,0.69,0,0.6,29
2570,0.58,0,0.599,36
2571,-0.59,0,0.599,10
2572,0.74,0,0.599,27
2573,-0.57,0,0.599,11
2574,-0.66,0,0.599,18
4178,-0.78,0,0.367,33
2575,-0.78,0,0.599,39
2576,-0.49,0,0.599,3
4179,-0.59,0,0.367,14
2577,0.9,1,0.598,9
4180,0.86,1,0.366,20
2578,0.76,0,0.598,31
4181,0.88,1,0.366,21
2579,-0.71,0,0.598,13
2580,0.91,1,0.598,10
2581,-0.72,0,0.598,15
4182,0.55,0,0.366,45
2582,-0.49,0,0.598,11
2583,-0.61,0,0.598,18
4183,0.78,0,0.366,23
2584,-0.67,0,0.598,21
4184,-0.52,0,0.365,21
2585,-0.61,0,0.597,15
4185,-0.66,0,0.365,25
4186,-0.56,0,0.365,14
4187,-0.6,0,0.365,11
2587,-0.71,0,0.597,17
2588,-0.58,0,0.597,14
4188,-0.61,0,0.365,22
4189,-0.7,0,0.365,36
2589,0.63,0,0.597,40
4190,0.84,1,0.364,18
4191,-0.49,0,0.364,4
2590,0.83,1,0.597,18
2591,-0.58,0,0.596,20
4192,-0.75,0,0.364,28
4193,-0.56,0,0.364,12
2592,0.83,1,0.596,26
4194,-0.62,0,0.364,18
4195,-0.59,0,0.364,21
2593,0.57,0,0.596,36
4196,-0.56,0,0.364,5
2594,-0.49,0,0.596,4
4197,-0.68,0,0.364,18
2595,0.82,1,0.596,26
4198,0.98,1,0.364,12
4199,0.98,1,0.363,18
2596,0.95,1,0.596,12
2597,-0.69,0,0.595,16
4200,0.99,1,0.363,19
4201,-0.54,0,0.363,6
2598,-0.79,0,0.595,42
4202,0.71,0,0.363,28
2599,-0.55,0,0.595,11
4203,-0.54,0,0.363,10
4204,0.95,1,0.363,13
2600,0.86,1,0.595,21
4205,-0.53,0,0.363,16
2601,-0.63,0,0.595,18
4206,0.96,1,0.363,11
4207,-0.72,0,0.362,20
2602,-0.86,0,0.594,28
4208,-0.5,0,0.362,10
4209,0.93,1,0.362,21
4210,0.96,1,0.362,10
2603,-0.89,0,0.594,40
4211,-0.54,0,0.362,6
2604,0.69,0,0.594,30
4212,-0.74,0,0.362,28
2605,-0.61,0,0.594,9
4213,0.76,0,0.362,41
4214,0.95,1,0.361,12
2606,-1.26,0,0.593,63
4215,0.82,1,0.361,19
4216,-0.78,0,0.361,15
2607,-0.68,0,0.593,18
4217,0.9,1,0.361,21
2608,0.77,0,0.593,27
2609,-0.65,0,0.593,19
2610,-0.59,0,0.593,9
4218,-0.9,0,0.361,54
2611,-0.62,0,0.593,19
4219,-0.62,0,0.36,20
4220,-0.5,0,0.36,3
2612,0.7,0,0.592,31
2613,-0.62,0,0.592,11
4221,-0.88,0,0.36,41
4222,0.9,1,0.36,7
2614,0.69,0,0.592,32
4223,-0.47,0,0.36,13
2615,0.95,1,0.592,19
4224,-0.7,0,0.36,20
2616,0.88,1,0.592,14
2617,-0.5,0,0.592,5
4225,0.67,0,0.359,36
4226,0.94,1,0.359,12
2618,0.78,0,0.591,34
4227,0.95,1,0.359,12
2619,-0.6,0,0.591,16
4228,-0.7,0,0.359,18
4229,-0.51,0,0.359,6
4230,-0.5,0,0.359,5
2620,0.81,1,0.591,15
2621,-0.52,0,0.591,3
2622,-0.68,0,0.591,15
4231,-0.69,0,0.359,30
2623,0.81,1,0.591,19
4232,0.91,1,0.359,18
2624,0.77,0,0.591,15
4233,-0.62,0,0.359,14
2625,-0.75,0,0.591,24
4234,0.84,1,0.358,33
2626,0.7,0,0.59,27
2627,-0.5,0,0.59,3
4235,-0.69,0,0.358,22
2628,-0.66,0,0.59,14
4236,-0.62,0,0.358,9
2629,-0.55,0,0.59,13
2630,-0.54,0,0.59,3
2631,-0.49,0,0.59,10
2632,-0.58,0,0.59,7
4237,0.46,0,0.358,53
2633,-0.86,0,0.59,34
2634,-0.55,0,0.59,4
4238,-0.66,0,0.357,30
4239,-0.55,0,0.357,12
2635,-0.8,0,0.589,36
4240,-0.66,0,0.357,27
2636,0.79,0,0.589,22
2637,-0.82,0,0.589,11
4241,-0.54,0,0.357,30
2638,-0.69,0,0.589,20
4242,-0.63,0,0.357,18
2639,0.72,0,0.589,27
4243,-0.67,0,0.357,23
4244,0.89,1,0.356,20
2640,-0.79,0,0.588,39
2641,-0.58,0,0.588,8
2642,-0.57,0,0.588,11
4245,0.72,0,0.356,36
4246,0.95,1,0.356,4
2643,-0.73,0,0.588,27
2644,-0.58,0,0.588,8
4247,-0.56,0,0.356,26
4248,-0.57,0,0.356,25
2645,-0.86,0,0.588,35
4249,0.95,1,0.355,17
2646,-0.68,0,0.588,26
4250,0.88,1,0.355,17
2647,-0.59,0,0.587,17
4251,0.91,1,0.355,23
2648,-0.76,0,0.587,18
4252,-0.58,0,0.355,6
4253,-0.55,0,0.355,17
2649,-0.73,0,0.587,21
2650,-0.54,0,0.587,12
4254,-0.84,0,0.355,25
4255,-0.65,0,0.355,16
2651,0.84,1,0.587,31
4256,-0.64,0,0.355,21
2652,-0.76,0,0.587,20
4257,0.67,0,0.354,25
4258,-0.54,0,0.354,13
2653,-0.85,0,0.586,35
4259,-0.52,0,0.354,15
4260,0.97,1,0.354,9
2654,0.87,1,0.586,25
4261,0.89,1,0.354,19
4262,-0.49,0,0.354,8
2655,0.81,1,0.586,25
4263,0.86,1,0.354,14
2656,-0.69,0,0.586,12
4264,0.97,1,0.354,11
4265,-0.75,0,0.353,26
2657,-0.72,0,0.586,30
2658,-0.72,0,0.585,14
4266,0.91,1,0.353,32
4267,-0.55,0,0.353,7
2659,-0.61,0,0.585,19
2660,0.95,1,0.585,9
4268,0.86,1,0.353,35
4269,-0.5,0,0.353,3
2661,0.75,0,0.585,20
2662,-0.48,0,0.585,3
4270,-0.6,0,0.353,16
2663,-0.68,0,0.585,29
4271,-0.61,0,0.352,27
2664,-0.59,0,0.585,12
4272,0.93,1,0.352,15
2665,0.91,1,0.585,16
4273,-0.59,0,0.352,30
2666,0.53,0,0.584,26
4274,-0.54,0,0.352,19
2667,0.94,1,0.584,18
2668,-0.52,0,0.584,5
4275,-0.77,0,0.352,32
2669,-0.79,0,0.584,18
2670,-0.55,0,0.584,23
4276,-0.78,0,0.351,53
2671,-0.81,0,0.584,29
4277,-0.56,0,0.351,12
2672,-0.57,0,0.584,13
4278,0.87,1,0.351,19
2673,-0.7,0,0.583,16
4279,0.78,0,0.351,16
4280,-0.53,0,0.351,9
2674,-0.81,0,0.583,28
4281,0.75,0,0.351,18
2675,-0.65,0,0.583,18
4282,-0.54,0,0.351,15
4283,-0.79,0,0.35,25
2676,0.5,0,0.583,39
2677,0.79,0,0.583,20
4284,0.8,0,0.35,30
4285,-0.56,0,0.35,11
4286,-0.56,0,0.35,22
2678,-0.9,0,0.582,38
4287,-0.62,0,0.35,12
2679,-0.64,0,0.582,19
2680,-0.54,0,0.582,5
4288,-0.62,0,0.35,16
2681,0.83,1,0.582,19
2682,-0.6,0,0.582,12
4289,0.91,1,0.349,32
4290,-0.53,0,0.349,25
2683,-0.8,0,0.582,27
2684,-0.57,0,0.582,13
2685,-0.71,0,0.581,12
4291,-0.93,0,0.349,37
2686,-0.85,0,0.581,18
4292,-0.54,0,0.349,9
4293,-0.5,0,0.349,5
2687,-0.58,0,0.581,17
4294,-0.58,0,0.349,11
4295,0.77,0,0.349,17
2688,-0.74,0,0.581,18
4296,-0.51,0,0.348,15
4297,0.97,1,0.348,6
4298,0.95,1,0.348,3
2689,0.75,0,0.581,32
4299,0.96,1,0.348,7
4300,-0.63,0,0.348,15
2690,-0.57,0,0.581,21
4301,-0.61,0,0.348,9
4302,0.95,1,0.348,3
2691,-0.6,0,0.581,14
4303,-0.72,0,0.348,23
2692,-0.55,0,0.58,21
4304,0.91,1,0.348,15
2693,-0.54,0,0.58,13
2694,-0.58,0,0.58,9
2695,-0.58,0,0.58,15
4305,0.87,1,0.348,31
4306,-0.5,0,0.347,14
2696,-0.6,0,0.58,21
2697,-0.54,0,0.58,5
4307,-0.8,0,0.347,30
2698,0.86,1,0.58,9
2699,-0.56,0,0.58,10
4308,-0.55,0,0.347,14
2700,-0.7,0,0.58,13
2701,-0.58,0,0.58,9
4309,-0.67,0,0.347,22
2702,0.97,1,0.579,8
4310,-0.57,0,0.347,9
2703,-0.58,0,0.579,17
4311,0.89,1,0.347,32
4312,0.98,1,0.346,14
2704,-0.8,0,0.579,28
4313,-0.5,0,0.346,3
2705,0.97,1,0.579,11
4314,0.89,1,0.346,14
4315,0.87,1,0.346,32
2706,0.52,0,0.579,47
2707,-0.56,0,0.579,3
4316,-0.6,0,0.346,16
4317,-0.57,0,0.346,24
2708,-0.66,0,0.578,26
4318,0.82,1,0.346,17
2709,-0.7,0,0.578,18
4319,-0.5,0,0.346,5
4320,-0.59,0,0.346,12
4321,-0.56,0,0.345,23
4322,-0.77,0,0.345,29
2710,-1.24,0,0.578,71
4323,-0.6,0,0.345,11
2711,0.94,1,0.578,11
4324,-0.56,0,0.345,13
2712,-0.72,0,0.578,10
2713,-0.74,0,0.577,19
4325,0.81,1,0.345,25
2714,0.92,1,0.577,17
4326,0.93,1,0.345,13
4327,-0.55,0,0.344,23
4328,0.93,1,0.344,16
2715,-0.75,0,0.577,41
4329,0.63,0,0.344,35
2716,-0.71,0,0.577,25
4330,0.83,1,0.344,18
4331,0.97,1,0.344,12
4332,0.95,1,0.344,10
4333,-0.55,0,0.344,3
2717,-1.14,0,0.576,64
4334,-0.64,0,0.343,30
2718,-0.59,0,0.576,16
4335,0.92,1,0.343,15
2719,-0.92,0,0.576,41
4336,0.91,1,0.343,33
2720,-0.64,0,0.576,9
4337,0.88,1,0.343,28
2721,-0.66,0,0.576,16
4338,-0.56,0,0.343,6
4339,-0.65,0,0.343,22
2722,0.37,0,0.575,40
4340,0.92,1,0.343,11
2723,-0.51,0,0.575,6
4341,-0.6,0,0.342,24
2725,-0.62,0,0.575,14
4342,0.62,0,0.342,46
2726,-0.7,0,0.575,46
2727,-0.64,0,0.574,18
4343,-0.71,0,0.342,34
4344,-0.54,0,0.342,3
4345,-0.7,0,0.342,18
4346,-0.58,0,0.341,8
2728,0.78,0,0.574,32
2729,-0.64,0,0.574,13
4347,0.83,1,0.341,43
2730,-0.87,0,0.574,31
4348,-0.65,0,0.341,26
2731,-0.84,0,0.574,43
4349,-0.61,0,0.341,27
2732,-0.63,0,0.573,16
4350,0.96,1,0.341,13
4351,0.9,1,0.341,12
2733,-0.82,0,0.573,21
4352,0.97,1,0.34,15
4353,0.96,1,0.34,12
2734,0.68,0,0.573,54
2735,-0.62,0,0.573,22
4354,0.64,0,0.34,51
2736,-0.65,0,0.573,6
2737,-0.56,0,0.573,7
4355,0.81,1,0.34,16
2738,-0.6,0,0.572,11
2739,-0.84,0,0.572,26
4356,-0.58,0,0.339,45
4357,0.97,1,0.339,15
2740,-0.7,0,0.572,24
4358,-0.65,0,0.339,21
2741,-0.65,0,0.572,24
2742,-0.77,0,0.572,16
4359,-0.67,0,0.339,22
2743,-0.64,0,0.572,18
4360,0.94,1,0.339,29
4361,-0.69,0,0.339,12
4362,-0.5,0,0.339,9
2744,0.56,0,0.571,42
4363,0.76,0,0.338,23
2745,-0.61,0,0.571,17
2746,-0.6,0,0.571,4
4364,-0.58,0,0.338,11
4365,-0.61,0,0.338,6
4366,0.91,1,0.338,14
2747,-0.78,0,0.571,28
4367,-0.59,0,0.338,16
4368,-0.57,0,0.338,8
2748,-0.63,0,0.571,21
2749,-0.6,0,0.571,13
4369,-0.6,0,0.338,16
2750,-0.6,0,0.571,4
4370,-0.5,0,0.338,10
2751,-0.57,0,0.571,12
4371,-0.6,0,0.338,12
2752,-0.65,0,0.57,12
4372,-0.67,0,0.338,12
4373,-0.57,0,0.337,10
2753,0.85,1,0.57,14
4374,0.89,1,0.337,19
2754,-0.71,0,0.57,22
4375,-0.57,0,0.337,8
2755,0.95,1,0.57,11
4376,0.93,1,0.337,15
4377,0.87,1,0.337,20
2756,-0.81,0,0.57,22
2757,0.84,1,0.57,14
4378,-0.46,0,0.337,13
4379,-0.59,0,0.337,22
2758,0.78,0,0.57,29
4380,-0.57,0,0.337,19
2759,-0.55,0,0.569,21
2760,-0.52,0,0.569,10
4381,0.83,1,0.336,31
2761,-0.71,0,0.569,21
2762,-0.58,0,0.569,9
4382,-0.63,0,0.336,25
2763,-0.66,0,0.569,13
4383,-0.61,0,0.336,12
2764,-0.67,0,0.569,20
4384,0.98,1,0.336,22
2765,-0.67,0,0.569,29
4385,0.83,1,0.336,34
2766,0.91,1,0.568,23
4386,-0.55,0,0.335,13
4387,0.93,1,0.335,13
2767,-0.89,0,0.568,44
4388,-0.7,0,0.335,34
4389,0.98,1,0.335,9
2768,0.8,0,0.568,26
2769,0.76,0,0.568,14
2770,0.94,1,0.568,3
4390,-0.88,0,0.335,36
2771,-0.76,0,0.567,20
2772,0.96,1,0.567,9
4391,-0.67,0,0.334,30
4392,-0.54,0,0.334,5
2773,-0.52,0,0.567,12
4393,-0.64,0,0.334,18
2774,-0.56,0,0.567,11
4394,-0.61,0,0.334,16
4395,-0.75,0,0.334,28
2775,-0.86,0,0.567,47
2776,-0.56,0,0.567,6
4396,0.96,1,0.334,11
2777,-0.57,0,0.567,9
4397,0.87,1,0.334,16
2778,0.96,1,0.567,14
4398,-0.54,0,0.334,9
4399,-0.68,0,0.334,19
2779,-0.75,0,0.566,26
4400,0.96,1,0.333,14
4401,-0.53,0,0.333,7
2780,-0.81,0,0.566,21
4402,0.94,1,0.333,9
2781,-0.62,0,0.566,9
4403,-0.63,0,0.333,21
2782,0.93,1,0.566,21
4404,0.95,1,0.333,12
4405,-0.51,0,0.333,6
4406,-0.49,0,0.333,4
2783,0.7,0,0.566,30
4407,0.95,1,0.333,17
4408,-0.59,0,0.333,12
2784,-0.72,0,0.566,25
4409,0.93,1,0.333,13
2785,-0.87,0,0.565,37
4410,0.83,1,0.332,34
4411,-0.56,0,0.332,8
2786,-0.76,0,0.565,26
2787,-0.76,0,0.565,28
4412,-0.79,0,0.332,41
4413,-0.57,0,0.332,26
4414,-0.64,0,0.332,25
4415,0.85,1,0.331,13
4416,0.98,1,0.331,16
4417,-0.5,0,0.331,3
4418,-0.58,0,0.331,13
4419,0.96,1,0.331,9
4420,0.84,1,0.331,32
4421,0.86,1,0.331,30
4422,0.98,1,0.33,25
4423,-0.76,0,0.33,29
4424,0.87,1,0.33,22
4425,-0.6,0,0.33,17
4426,-0.6,0,0.33,17
4427,-0.59,0,0.33,27
4428,0.75,0,0.329,32
4429,0.87,1,0.329,22
4430,-0.63,0,0.329,11
4431,-0.64,0,0.329,18
4432,-0.6,0,0.329,19
4433,0.96,1,0.329,7
4434,-0.67,0,0.329,20
4435,-0.53,0,0.328,13
4436,0.97,1,0.328,12
4437,-0.66,0,0.328,22
4438,0.89,1,0.328,27
4439,0.97,1,0.328,7
4440,-0.67,0,0.328,22
4441,-0.5,0,0.328,5
4442,-0.55,0,0.328,17
4443,-0.49,0,0.327,11
4444,-0.5,0,0.327,5
4445,0.94,1,0.327,13
4446,0.99,1,0.327,19
2788,-0.9,0,0.565,42
2789,0.97,1,0.564,9
2790,-0.49,0,0.564,4
2791,-0.65,0,0.564,16
2792,0.68,0,0.564,14
2793,0.76,0,0.564,31
2794,-0.81,0,0.564,29
2795,0.78,0,0.564,17
2796,-0.67,0,0.563,24
2797,0.78,0,0.563,24
2798,-0.54,0,0.563,17
2799,-0.56,0,0.563,8
2800,-0.56,0,0.563,14
2801,0.92,1,0.563,20
2802,-0.65,0,0.563,15
2803,-0.55,0,0.563,16
2804,0.87,1,0.562,20
2805,-0.61,0,0.562,11
2806,-0.69,0,0.562,21
2807,-0.58,0,0.562,12
2808,-0.94,0,0.562,53
2809,-0.69,0,0.561,24
2810,0.94,1,0.561,15
2811,-0.61,0,0.561,17
2812,-0.64,0,0.561,18
2813,-0.56,0,0.561,19
2814,-0.63,0,0.561,12
4447,-0.61,0,0.327,26
2815,-0.6,0,0.561,19
4448,0.96,1,0.327,16
4449,0.96,1,0.327,14
2816,-0.62,0,0.56,21
4450,0.99,1,0.327,19
4451,-0.67,0,0.326,15
2817,0.37,0,0.56,53
4452,-0.67,0,0.326,35
4453,-0.51,0,0.326,4
2818,-0.48,0,0.56,17
2819,-0.55,0,0.56,9
4454,0.91,1,0.326,19
2820,0.8,0,0.56,20
2821,-0.5,0,0.56,3
4455,-0.52,0,0.326,18
2822,0.72,0,0.559,21
4456,-0.68,0,0.326,23
2823,0.97,1,0.559,7
4457,-0.63,0,0.326,22
2824,-0.77,0,0.559,26
4458,-0.47,0,0.325,22
4459,0.84,1,0.325,17
2825,0.79,0,0.559,33
4460,-0.64,0,0.325,21
2826,0.81,1,0.559,22
2827,-0.63,0,0.559,11
4461,0.81,1,0.325,34
4462,0.89,1,0.325,31
4463,0.72,0,0.324,29
4464,-0.56,0,0.324,8
2828,-1.05,0,0.558,83
2829,0.94,1,0.558,3
4465,0.97,1,0.324,19
2830,-0.7,0,0.558,18
2831,-0.51,0,0.558,4
4466,0.92,1,0.324,11
2832,-0.61,0,0.558,15
4467,-0.68,0,0.324,17
2833,-0.67,0,0.558,14
4468,-0.57,0,0.324,19
2834,-0.57,0,0.558,11
4469,-0.53,0,0.324,18
2835,0.89,1,0.557,19
2836,0.78,0,0.557,16
4470,0.87,1,0.323,30
2837,0.83,1,0.557,20
4471,0.84,1,0.323,35
4472,0.95,1,0.323,11
2838,0.74,0,0.557,36
4473,-0.64,0,0.323,15
4474,-0.58,0,0.323,8
2839,-0.72,0,0.557,30
4475,0.95,1,0.323,10
4476,-0.61,0,0.323,9
4477,0.85,1,0.322,15
2840,0.53,0,0.556,31
4478,-0.58,0,0.322,11
2841,-0.57,0,0.556,21
4479,-0.71,0,0.322,33
2842,-0.63,0,0.556,21
4480,0.96,1,0.322,28
4481,0.95,1,0.322,19
2843,0.61,0,0.556,41
4482,0.95,1,0.322,14
2844,-0.67,0,0.556,15
4483,0.95,1,0.322,11
4484,-0.49,0,0.322,10
2845,0.65,0,0.555,37
4485,0.88,1,0.321,37
2846,0.92,1,0.555,19
4486,0.97,1,0.321,13
4487,-0.62,0,0.321,8
2847,0.84,1,0.555,25
4488,-0.52,0,0.321,24
2848,-0.56,0,0.555,20
2849,-0.72,0,0.555,17
4489,0.85,1,0.321,30
4490,-0.66,0,0.32,25
2850,-0.58,0,0.554,21
4491,-0.6,0,0.32,24
2851,0.91,1,0.554,27
4492,-0.59,0,0.32,14
2852,0.9,1,0.554,13
2853,-0.53,0,0.554,16
2854,-0.6,0,0.554,12
4493,0.92,1,0.32,20
2855,-0.58,0,0.554,12
4494,0.95,1,0.32,10
4495,-0.6,0,0.32,16
2856,0.69,0,0.553,37
4496,-0.59,0,0.32,18
2857,-0.5,0,0.553,5
4497,0.95,1,0.32,3
2858,0.94,1,0.553,3
4498,0.96,1,0.32,9
2859,-0.7,0,0.553,17
4499,-0.68,0,0.319,15
2860,-0.51,0,0.553,4
2861,-0.57,0,0.553,13
4500,-0.81,0,0.319,34
4501,-0.54,0,0.319,13
2862,-0.66,0,0.553,30
4502,-0.69,0,0.319,14
2863,-0.69,0,0.553,20
4503,0.92,1,0.319,19
2864,-0.61,0,0.553,12
4504,0.86,1,0.319,29
2865,0.37,0,0.552,31
4505,0.92,1,0.318,25
2866,-0.57,0,0.552,31
4506,0.86,1,0.318,17
2867,0.84,1,0.552,14
2868,0.72,0,0.552,13
4507,-0.76,0,0.318,31
4508,-0.69,0,0.318,14
2869,-0.77,0,0.552,24
2870,-0.61,0,0.552,13
4509,-0.82,0,0.318,41
2871,-0.69,0,0.552,20
4510,-0.61,0,0.317,34
2872,0.81,1,0.551,33
4511,0.99,1,0.317,12
2873,-0.69,0,0.551,12
4512,-0.68,0,0.317,25
2874,-0.66,0,0.551,25
2875,0.96,1,0.551,20
4513,-0.71,0,0.317,24
4514,-0.54,0,0.317,11
4515,-0.5,0,0.317,5
2876,-0.7,0,0.551,22
4516,0.92,1,0.317,11
2877,-0.58,0,0.55,19
2878,-0.51,0,0.55,6
4517,-0.55,0,0.316,14
2879,-0.64,0,0.55,20
2880,-0.57,0,0.55,11
4518,-0.92,0,0.316,57
4519,0.95,1,0.316,11
4520,-0.56,0,0.316,4
2881,-0.65,0,0.55,29
4521,-0.5,0,0.316,17
4522,0.77,0,0.316,23
2882,0.86,1,0.55,32
4523,-0.52,0,0.315,16
2883,-0.87,0,0.55,23
4524,-0.59,0,0.315,17
4525,0.92,1,0.315,13
2884,-0.68,0,0.549,39
4526,0.88,1,0.315,19
4527,-0.55,0,0.315,17
2885,-0.58,0,0.549,31
4528,0.97,1,0.315,12
2886,-0.55,0,0.549,14
4529,-0.59,0,0.315,28
2887,0.81,1,0.549,22
4530,-0.62,0,0.314,16
4531,-0.5,0,0.314,5
2888,-0.82,0,0.549,22
2889,0.95,1,0.548,4
4532,-0.68,0,0.314,32
2890,-0.68,0,0.548,21
4533,0.86,1,0.314,19
2891,0.86,1,0.548,19
2892,-0.52,0,0.548,6
2893,0.97,1,0.548,20
4534,-0.63,0,0.314,40
2894,-0.67,0,0.548,13
4535,-0.52,0,0.314,13
2895,-0.54,0,0.548,10
4536,0.96,1,0.313,14
4537,0.95,1,0.313,14
2896,-0.63,0,0.548,24
2897,-0.78,0,0.547,18
4538,-0.55,0,0.313,26
4539,0.81,1,0.313,19
2898,-0.87,0,0.547,35
4540,0.83,1,0.313,18
2899,-0.59,0,0.547,5
4541,-0.51,0,0.313,8
4542,-0.76,0,0.313,19
4543,-0.58,0,0.313,7
4544,-0.48,0,0.313,5
4545,-0.53,0,0.312,11
2900,-0.82,0,0.547,50
4546,-0.61,0,0.312,20
2901,-0.84,0,0.546,33
4547,0.91,1,0.312,17
2902,-0.51,0,0.546,4
4548,0.79,0,0.312,19
2903,0.89,1,0.546,31
4549,0.91,1,0.312,15
2904,0.81,1,0.546,20
4550,-0.68,0,0.312,14
2905,-0.62,0,0.546,18
4551,-0.65,0,0.312,28
2906,-0.64,0,0.546,25
4552,-0.56,0,0.312,13
4553,-0.5,0,0.311,13
4554,-0.54,0,0.311,16
2908,0.79,0,0.545,17
4555,-0.54,0,0.311,11
4556,-0.5,0,0.311,10
4557,-0.55,0,0.311,7
2909,-0.74,0,0.545,27
2910,-0.51,0,0.545,7
4558,-0.65,0,0.311,23
2911,0.76,0,0.545,13
2912,-0.51,0,0.545,4
2913,-0.71,0,0.545,10
2914,-0.54,0,0.545,9
4559,-0.63,0,0.311,28
2915,-0.55,0,0.545,15
4560,0.9,1,0.31,31
2916,-0.69,0,0.545,21
4561,-0.59,0,0.31,12
2917,-0.57,0,0.544,15
2918,-0.56,0,0.544,5
4562,-0.54,0,0.31,10
2919,-0.61,0,0.544,10
4563,0.89,1,0.31,17
2920,-0.66,0,0.544,11
4564,0.89,1,0.31,22
4565,-0.64,0,0.31,12
4566,-0.5,0,0.31,5
2921,0.88,1,0.544,37
4567,-0.55,0,0.31,13
2922,-0.61,0,0.544,16
2923,-0.66,0,0.544,23
2924,-0.74,0,0.544,13
4568,0.53,0,0.309,77
2925,0.39,0,0.543,41
4569,-0.65,0,0.309,22
4570,-0.5,0,0.309,15
2926,0.89,1,0.543,16
4571,-0.72,0,0.309,22
2927,-0.87,0,0.543,28
4572,0.96,1,0.308,16
2928,-0.87,0,0.543,34
4573,0.79,0,0.308,32
4574,0.99,1,0.308,19
4575,0.96,1,0.308,10
2929,-0.79,0,0.542,33
4576,0.97,1,0.308,10
4577,-0.55,0,0.308,16
4578,0.96,1,0.308,9
2930,-0.87,0,0.542,50
2931,-0.48,0,0.542,3
4579,0.81,1,0.307,33
2932,-0.64,0,0.542,18
4580,-0.69,0,0.307,16
2933,0.79,0,0.542,19
2934,-0.61,0,0.541,14
4581,0.86,1,0.307,28
4582,0.98,1,0.307,11
2935,-0.65,0,0.541,27
4583,0.96,1,0.307,14
2936,-0.6,0,0.541,14
2937,-0.61,0,0.541,9
4584,0.94,1,0.307,25
4585,0.85,1,0.307,15
2938,-0.8,0,0.541,21
2939,-0.67,0,0.541,6
4586,-0.59,0,0.306,26
2940,-0.73,0,0.541,25
4587,0.95,1,0.306,14
4588,0.86,1,0.306,14
4589,-0.54,0,0.306,6
4590,-0.55,0,0.306,4
2941,0.48,0,0.54,42
4591,-0.64,0,0.306,16
4592,-0.57,0,0.306,4
2942,0.96,1,0.54,9
4593,-0.54,0,0.306,19
2943,-0.64,0,0.54,24
4594,0.96,1,0.306,9
4595,0.98,1,0.306,8
2944,-0.62,0,0.54,21
4596,-0.76,0,0.306,13
2945,-0.51,0,0.54,10
2946,-0.65,0,0.54,16
4597,-0.64,0,0.305,31
2947,-0.67,0,0.54,11
4598,-0.61,0,0.305,26
2948,-0.65,0,0.539,23
2949,-0.52,0,0.539,14
2950,-0.52,0,0.539,7
2951,-0.55,0,0.539,10
4600,-0.57,0,0.305,30
2952,-0.46,0,0.539,22
2953,0.77,0,0.539,18
2954,-0.68,0,0.539,25
4601,-0.71,0,0.304,48
2955,-0.63,0,0.539,15
4602,0.96,1,0.304,22
2956,-0.51,0,0.538,12
4603,-0.52,0,0.304,12
4604,-0.54,0,0.304,13
2957,0.76,0,0.538,30
4605,0.84,1,0.304,22
4606,-0.56,0,0.304,12
4607,-0.58,0,0.303,18
2958,0.44,0,0.538,48
2959,-0.5,0,0.538,3
2960,-0.6,0,0.538,10
4608,-0.66,0,0.303,46
2961,-0.62,0,0.538,24
4609,0.95,1,0.303,26
4610,-0.51,0,0.303,4
2962,-0.65,0,0.537,23
4611,0.76,0,0.303,27
2963,-0.73,0,0.537,22
4612,0.88,1,0.302,24
2964,-0.87,0,0.537,27
4613,0.86,1,0.302,20
2965,0.82,1,0.537,26
2966,-0.59,0,0.537,14
2967,0.97,1,0.537,13
4614,-0.83,0,0.302,45
4615,0.97,1,0.302,11
2968,0.64,0,0.536,36
4616,-0.66,0,0.302,18
2969,-0.62,0,0.536,16
4617,-0.7,0,0.302,20
4618,0.89,1,0.301,31
2970,-0.78,0,0.536,35
4619,-0.58,0,0.301,22
2971,-0.84,0,0.536,32
4620,0.88,1,0.301,34
2972,-0.55,0,0.536,13
2973,-0.59,0,0.535,12
4621,0.92,1,0.301,19
2974,-0.65,0,0.535,17
4622,0.9,1,0.301,26
2975,-0.87,0,0.535,36
2976,-0.51,0,0.535,5
4623,0.81,1,0.3,40
2977,0.86,1,0.535,19
2978,-0.5,0,0.535,3
4624,0.9,1,0.3,33
2979,-0.59,0,0.535,20
4625,0.94,1,0.3,11
4626,-0.51,0,0.3,16
2980,-0.76,0,0.535,13
4627,-0.6,0,0.3,15
2981,-0.59,0,0.534,27
4628,0.97,1,0.299,17
2982,-0.65,0,0.534,10
4629,0.76,0,0.299,27
2983,-0.61,0,0.534,28
2984,-0.67,0,0.534,12
2985,0.94,1,0.534,3
4630,0.73,0,0.299,31
2986,-0.6,0,0.534,13
4631,0.82,1,0.299,32
2987,0.93,1,0.534,24
4632,-0.6,0,0.299,17
2988,-0.76,0,0.533,21
4633,0.95,1,0.298,23
2989,-0.72,0,0.533,19
2990,0.91,1,0.533,17
4634,-0.61,0,0.298,31
2991,-0.49,0,0.533,18
4635,-0.53,0,0.298,16
2992,-0.67,0,0.533,13
4636,-0.64,0,0.298,17
4637,-0.57,0,0.298,13
2993,-0.65,0,0.533,18
4638,-0.51,0,0.298,15
2994,-1.02,0,0.532,46
2995,-0.69,0,0.532,29
4639,-0.96,0,0.297,73
2996,-0.59,0,0.532,18
4640,-0.53,0,0.297,21
4641,-0.6,0,0.297,11
2997,-0.76,0,0.532,28
4642,0.93,1,0.297,17
4643,0.94,1,0.297,15
2998,0.73,0,0.532,27
4644,0.91,1,0.296,18
2999,-0.73,0,0.531,33
4645,-0.61,0,0.296,12
3000,0.93,1,0.531,12
4646,-0.55,0,0.296,29
3001,-0.73,0,0.531,24
3002,-0.51,0,0.531,4
4647,-0.6,0,0.296,20
4648,0.84,1,0.296,16
3003,-0.72,0,0.531,21
3004,0.9,1,0.531,21
4649,-0.62,0,0.296,30
3005,-0.66,0,0.531,23
4650,0.79,0,0.295,28
3006,-0.63,0,0.53,20
4651,0.89,1,0.295,17
3007,-0.49,0,0.53,9
4652,-0.53,0,0.295,18
3008,0.84,1,0.53,36
4653,0.79,0,0.295,41
3009,-0.7,0,0.53,22
4654,-0.71,0,0.295,29
4655,-0.54,0,0.294,12
3010,0.85,1,0.53,39
4656,-0.55,0,0.294,12
4657,0.89,1,0.294,26
3011,0.7,0,0.529,31
4658,0.7,0,0.294,40
3012,-0.72,0,0.529,33
3013,0.82,1,0.529,16
4659,-0.66,0,0.294,24
4660,-0.59,0,0.294,12
3014,-0.67,0,0.529,23
4661,-0.61,0,0.294,10
4662,-0.55,0,0.293,15
4663,-0.55,0,0.293,12
3015,-0.79,0,0.528,41
4664,0.88,1,0.293,30
4665,0.94,1,0.293,9
3016,-0.62,0,0.528,38
4666,0.86,1,0.293,15
3017,1.02,1,0.528,19
4667,0.93,1,0.293,23
4668,-0.49,0,0.293,5
3018,-0.62,0,0.528,26
4669,0.96,1,0.293,16
3019,0.82,1,0.528,30
4670,0.96,1,0.292,18
4671,-0.48,0,0.292,11
3020,-0.6,0,0.527,10
4672,0.91,1,0.292,13
4673,0.93,1,0.292,11
3021,0.94,1,0.527,22
4674,-0.55,0,0.292,14
4675,0.97,1,0.292,8
3022,0.73,0,0.527,31
4676,-0.7,0,0.292,11
3023,-0.65,0,0.527,19
4677,0.94,1,0.292,22
4678,-0.52,0,0.292,10
4679,-0.51,0,0.292,5
3024,-0.9,0,0.527,22
3025,-0.57,0,0.527,9
4680,-0.62,0,0.291,20
4681,-0.57,0,0.291,11
4682,0.94,1,0.291,16
4683,-0.63,0,0.291,8
4684,-0.56,0,0.291,6
4685,-0.54,0,0.291,4
3026,0.49,0,0.526,51
4686,-0.57,0,0.291,13
3027,-0.63,0,0.526,15
4687,-0.61,0,0.291,16
4688,-0.61,0,0.291,24
3028,0.62,0,0.526,34
4689,0.87,1,0.29,20
3029,0.7,0,0.526,29
4690,0.8,0,0.29,17
3030,0.72,0,0.525,17
4691,-0.57,0,0.29,15
4692,0.92,1,0.29,15
3031,-0.61,0,0.525,26
3032,-0.55,0,0.525,12
4693,-0.74,0,0.29,23
3033,0.71,0,0.525,18
4694,-0.62,0,0.29,17
4695,-0.51,0,0.29,11
4696,0.96,1,0.29,9
4697,-0.66,0,0.289,25
4698,0.82,1,0.289,34
4699,0.95,1,0.289,24
4700,-0.63,0,0.289,33
4701,-0.59,0,0.288,40
4702,0.84,1,0.288,13
4703,-0.6,0,0.288,17
4704,0.95,1,0.288,3
4705,0.89,1,0.288,19
4706,0.99,1,0.288,15
4707,0.94,1,0.288,14
4708,0.86,1,0.288,13
4709,0.89,1,0.288,14
3034,-0.61,0,0.525,14
3035,-0.6,0,0.525,26
3036,-0.63,0,0.525,12
3037,0.79,0,0.524,38
3038,0.83,1,0.524,33
3039,0.96,1,0.524,16
3040,-0.5,0,0.524,3
3041,-0.51,0,0.524,4
3042,0.85,1,0.524,16
3043,-0.7,0,0.524,13
3044,-0.67,0,0.523,18
3045,0.76,0,0.523,23
3046,-0.65,0,0.523,25
3047,-0.61,0,0.523,11
3048,-0.67,0,0.523,20
3049,-0.58,0,0.523,13
3050,-0.57,0,0.523,18
4710,-0.53,0,0.287,12
3051,-0.7,0,0.522,15
4711,0.93,1,0.287,12
3052,-0.56,0,0.522,26
3053,-0.56,0,0.522,6
4712,0.76,0,0.287,32
3054,-0.54,0,0.522,13
4713,-0.58,0,0.287,16
3055,0.89,1,0.522,20
4714,0.96,1,0.287,19
4715,-0.63,0,0.287,11
3056,0.92,1,0.522,23
3057,-0.8,0,0.522,22
4716,-0.72,0,0.286,44
3058,-0.65,0,0.521,25
4717,0.92,1,0.286,25
4718,0.85,1,0.286,14
3059,-0.95,0,0.521,40
4719,-0.61,0,0.286,15
4720,-0.51,0,0.286,15
4721,-0.62,0,0.286,24
3060,0.71,0,0.521,47
4722,0.92,1,0.285,23
4723,-0.57,0,0.285,29
3061,0.47,0,0.52,56
3062,0.96,1,0.52,14
4724,0.92,1,0.285,20
3063,-0.68,0,0.52,14
3064,-0.69,0,0.52,11
4725,-0.63,0,0.285,29
3065,-0.57,0,0.52,10
3066,-0.59,0,0.52,3
4726,0.8,0,0.285,19
3067,-0.52,0,0.52,8
4727,0.96,1,0.285,14
3068,0.92,1,0.52,23
4728,0.84,1,0.284,14
3069,-0.75,0,0.519,31
4729,0.86,1,0.284,31
4730,0.83,1,0.284,15
3070,-0.66,0,0.519,26
4731,-0.68,0,0.284,27
4732,-0.5,0,0.284,3
3071,-0.49,0,0.519,20
4733,-0.51,0,0.284,4
3072,-0.48,0,0.519,4
4734,-0.51,0,0.284,26
4735,-0.5,0,0.284,11
3073,0.7,0,0.519,39
3074,0.88,1,0.519,22
3075,-0.59,0,0.518,15
4736,0.61,0,0.283,52
3076,-0.72,0,0.518,15
4737,-0.57,0,0.283,9
4738,0.89,1,0.283,16
3077,0.73,0,0.518,34
4739,-0.72,0,0.283,33
4740,-0.49,0,0.283,4
4741,0.86,1,0.282,18
3078,0.43,0,0.518,46
4742,-0.68,0,0.282,18
3079,-0.59,0,0.517,25
4743,0.39,0,0.282,49
3080,0.83,1,0.517,26
3081,-0.74,0,0.517,28
4744,0.81,1,0.282,31
3082,-0.62,0,0.517,6
4745,0.98,1,0.282,10
3083,-0.74,0,0.517,18
4746,-0.68,0,0.281,29
3084,0.89,1,0.517,16
4747,0.94,1,0.281,15
3085,-0.54,0,0.517,15
3086,-0.55,0,0.516,23
4748,0.83,1,0.281,26
3087,-0.57,0,0.516,17
4749,0.86,1,0.281,27
4750,-0.53,0,0.281,17
4751,-0.54,0,0.281,15
3088,-0.97,0,0.516,58
4752,0.87,1,0.28,24
3089,-0.64,0,0.516,20
3090,0.98,1,0.516,9
4753,0.7,0,0.28,29
3091,-0.8,0,0.515,30
4754,0.82,1,0.28,37
4755,0.85,1,0.28,26
3092,-0.75,0,0.515,33
4756,-0.59,0,0.28,15
3093,-0.66,0,0.515,23
3094,-0.5,0,0.515,3
4757,-0.55,0,0.279,19
4758,0.72,0,0.279,24
3095,-0.84,0,0.515,26
3096,-0.61,0,0.515,14
4759,0.95,1,0.279,19
3097,-0.51,0,0.515,3
4760,0.97,1,0.279,11
3098,-0.58,0,0.514,8
3099,-0.55,0,0.514,8
4761,-0.59,0,0.279,11
4762,0.92,1,0.279,18
3100,0.65,0,0.514,31
4763,-0.64,0,0.279,20
4764,-0.51,0,0.279,4
3101,-0.52,0,0.514,13
3102,-0.69,0,0.514,21
4765,1.0,1,0.278,23
3103,-0.49,0,0.514,4
4766,0.77,0,0.278,17
4767,0.96,1,0.278,11
3104,-0.65,0,0.514,24
4768,-0.61,0,0.278,31
4769,-0.57,0,0.278,16
3105,-0.88,0,0.513,44
4770,0.91,1,0.278,10
4771,0.95,1,0.278,11
3106,-0.57,0,0.513,19
3107,-0.56,0,0.513,10
4772,-0.61,0,0.277,39
4773,-0.58,0,0.277,11
3108,-0.79,0,0.513,44
4774,0.78,0,0.277,14
4775,0.92,1,0.277,22
4776,-0.53,0,0.277,9
3109,0.55,0,0.512,40
4777,0.87,1,0.277,17
3110,-0.6,0,0.512,13
4778,0.93,1,0.277,20
4779,-0.56,0,0.276,15
3112,-0.74,0,0.512,25
3113,-0.76,0,0.512,14
4780,-0.72,0,0.276,34
3114,0.87,1,0.512,23
4781,-0.63,0,0.276,26
3115,0.77,0,0.511,18
4782,0.88,1,0.276,28
3116,-0.86,0,0.511,32
4783,0.92,1,0.276,29
3117,0.69,0,0.511,39
4784,-0.75,0,0.275,41
4785,0.94,1,0.275,14
4786,-0.6,0,0.275,7
3118,-0.78,0,0.51,49
4787,-0.63,0,0.275,25
4788,-0.5,0,0.275,4
4789,-0.56,0,0.275,13
4790,-0.48,0,0.275,3
4791,0.95,1,0.275,3
3119,0.86,1,0.51,32
3120,-0.62,0,0.51,14
4792,0.92,1,0.275,22
3121,0.97,1,0.51,11
4793,-0.64,0,0.274,9
3122,-0.6,0,0.51,8
3123,0.74,0,0.51,33
3124,-0.71,0,0.51,25
4794,-0.67,0,0.274,69
3125,-0.6,0,0.509,5
4795,-0.5,0,0.274,10
3126,-0.59,0,0.509,23
4796,0.88,1,0.274,22
4797,0.89,1,0.273,22
3127,-0.77,0,0.509,27
4798,-0.55,0,0.273,10
4799,-0.62,0,0.273,8
3128,-0.59,0,0.509,10
4800,-0.55,0,0.273,7
3129,-0.54,0,0.509,16
4801,0.94,1,0.273,19
4802,-0.57,0,0.273,7
3130,0.81,1,0.509,17
4803,-0.69,0,0.273,22
4804,-0.49,0,0.273,4
4805,-0.58,0,0.273,9
3131,-0.9,0,0.508,33
4806,-0.65,0,0.273,21
4807,0.96,1,0.272,14
4808,-0.54,0,0.272,3
4809,0.94,1,0.272,18
3132,-1.06,0,0.508,58
4810,0.83,1,0.272,18
3133,-0.6,0,0.508,15
4811,-0.62,0,0.272,14
3134,-0.7,0,0.508,18
3135,-0.62,0,0.508,8
4812,0.84,1,0.272,28
4813,0.94,1,0.272,16
3136,0.86,1,0.507,32
4814,0.84,1,0.272,16
3137,-0.71,0,0.507,15
3138,0.88,1,0.507,24
4815,-0.74,0,0.271,50
3139,0.84,1,0.507,22
3140,-0.63,0,0.507,8
4816,0.94,1,0.271,9
4817,0.94,1,0.271,10
3141,-0.62,0,0.507,16
4818,0.88,1,0.271,14
4819,-0.54,0,0.271,3
3142,-0.59,0,0.507,22
3143,-0.53,0,0.506,15
4820,0.83,1,0.271,34
3144,-0.66,0,0.506,18
4821,-0.54,0,0.271,17
3145,0.89,1,0.506,14
3146,-0.5,0,0.506,3
4822,0.91,1,0.27,29
4823,-0.62,0,0.27,13
4824,0.96,1,0.27,10
3147,0.6,0,0.506,52
4825,-0.65,0,0.27,22
4826,0.89,1,0.27,11
3148,-0.61,0,0.506,29
4827,-0.58,0,0.27,24
4828,0.82,1,0.27,16
3149,-0.63,0,0.505,20
3150,-0.54,0,0.505,4
4829,-0.54,0,0.269,16
4830,0.97,1,0.269,14
3151,-0.63,0,0.505,21
4831,-0.59,0,0.269,12
4832,-0.52,0,0.269,6
4833,0.96,1,0.269,12
3152,-0.7,0,0.505,27
3153,-0.53,0,0.505,4
4834,0.8,0,0.269,18
4835,-0.57,0,0.269,12
3154,-0.59,0,0.505,24
3155,-0.69,0,0.505,18
4836,-0.66,0,0.269,28
3156,0.81,1,0.504,16
4837,-0.64,0,0.268,15
4838,0.96,1,0.268,15
4839,0.95,1,0.268,10
3157,0.74,0,0.504,31
4840,0.92,1,0.268,15
4841,-0.51,0,0.268,4
4842,0.97,1,0.268,9
4843,-0.51,0,0.268,11
3158,0.73,0,0.504,54
4844,0.89,1,0.268,15
4845,0.95,1,0.268,4
4846,0.97,1,0.268,9
3159,0.42,0,0.504,26
4847,-0.55,0,0.268,19
3160,-0.6,0,0.503,29
4848,-0.65,0,0.267,30
4849,-0.64,0,0.267,23
3161,-0.69,0,0.503,23
4850,0.87,1,0.267,24
3162,-0.7,0,0.503,22
4851,-0.56,0,0.267,5
3163,-0.62,0,0.503,20
4852,0.84,1,0.267,37
3164,-0.75,0,0.503,32
4853,-0.55,0,0.267,14
4854,0.91,1,0.266,15
4855,-0.55,0,0.266,10
4856,0.93,1,0.266,10
4857,-0.54,0,0.266,13
3165,0.53,0,0.502,51
4858,0.97,1,0.266,8
3166,0.88,1,0.502,17
4859,-0.65,0,0.266,22
3167,-0.74,0,0.502,15
4860,-0.64,0,0.266,40
3168,-0.77,0,0.502,35
3169,-0.54,0,0.502,11
3170,-0.5,0,0.502,7
4861,-0.6,0,0.265,33
3171,-0.56,0,0.501,9
4862,0.91,1,0.265,27
3172,-0.74,0,0.501,26
4863,0.85,1,0.265,25
4864,-0.69,0,0.265,7
3173,-0.82,0,0.501,32
3174,-0.63,0,0.501,11
4865,0.84,1,0.265,32
3175,0.64,0,0.501,26
3176,-0.78,0,0.5,31
3177,0.96,1,0.5,13
4866,0.66,0,0.264,62
4867,0.97,1,0.264,13
3178,-0.77,0,0.5,22
3179,-0.56,0,0.5,17
4868,0.8,0,0.264,44
3180,0.73,0,0.5,28
4869,0.86,1,0.264,17
3181,-0.95,0,0.5,23
4870,0.88,1,0.263,27
4871,0.96,1,0.263,12
3182,0.83,1,0.499,34
3183,-0.5,0,0.499,4
4872,0.95,1,0.263,15
4873,-0.52,0,0.263,15
3184,0.87,1,0.499,24
4874,-0.49,0,0.263,15
4875,-0.71,0,0.263,23
4876,0.95,1,0.263,9
4877,0.92,1,0.263,15
4878,-0.55,0,0.262,11
3185,-1.15,0,0.499,67
4879,0.88,1,0.262,12
3186,0.85,1,0.499,14
4880,1.0,1,0.262,14
4881,0.99,1,0.262,14
3187,0.7,0,0.498,31
4882,-0.61,0,0.262,32
3188,0.82,1,0.498,26
4883,0.95,1,0.262,35
3189,-0.81,0,0.498,44
4884,-0.76,0,0.261,28
3190,0.69,0,0.497,29
4885,-0.65,0,0.261,26
4886,-0.58,0,0.261,13
4887,-0.57,0,0.261,7
4888,-0.49,0,0.261,4
4889,0.88,1,0.261,33
4890,0.93,1,0.261,17
3191,0.28,0,0.497,90
3192,-0.55,0,0.497,4
4891,-0.63,0,0.26,25
4892,-0.56,0,0.26,13
3193,-0.91,0,0.496,43
4893,0.66,0,0.26,30
3194,-0.52,0,0.496,9
4894,-0.61,0,0.26,10
4895,-0.53,0,0.26,11
3195,-0.8,0,0.496,36
3196,-0.54,0,0.496,9
4896,0.77,0,0.26,28
4897,-0.66,0,0.26,12
3197,0.74,0,0.496,21
4898,-0.51,0,0.26,5
3198,-0.63,0,0.496,10
3199,-0.66,0,0.496,18
4899,0.46,0,0.259,59
3200,-0.66,0,0.495,30
4900,0.8,0,0.259,34
3201,-0.61,0,0.495,31
4901,0.92,1,0.259,12
3202,-0.53,0,0.495,12
4902,0.96,1,0.259,7
3203,-0.84,0,0.495,28
4903,0.89,1,0.258,21
4904,0.87,1,0.258,22
3204,-0.71,0,0.495,27
4905,-0.53,0,0.258,5
4906,0.95,1,0.258,3
4907,-0.54,0,0.258,7
3205,0.95,1,0.494,13
4908,0.94,1,0.258,11
3206,-0.58,0,0.494,16
4909,-0.59,0,0.258,4
4910,0.95,1,0.258,18
3207,-0.74,0,0.494,23
4911,-0.56,0,0.258,16
3208,0.84,1,0.494,18
4912,0.91,1,0.258,22
3209,-0.61,0,0.494,19
4913,0.98,1,0.258,13
3210,-0.66,0,0.494,20
3211,-0.51,0,0.494,12
4914,0.9,1,0.257,23
4915,0.91,1,0.257,17
4916,-0.57,0,0.257,16
3212,-0.8,0,0.493,30
3213,-0.5,0,0.493,4
4917,0.83,1,0.257,19
4918,-0.54,0,0.257,10
3214,-0.78,0,0.493,48
4919,-0.71,0,0.257,30
4920,0.93,1,0.256,13
4921,0.93,1,0.256,12
3215,-0.84,0,0.493,31
3216,0.9,1,0.493,16
4922,0.91,1,0.256,27
3217,-0.68,0,0.492,23
4923,-0.62,0,0.256,24
3218,-0.55,0,0.492,3
4924,0.92,1,0.256,13
3219,-0.59,0,0.492,30
4925,-0.62,0,0.256,24
3220,-0.59,0,0.492,15
4926,-0.61,0,0.255,32
4927,-0.56,0,0.255,24
3221,-0.78,0,0.492,50
3222,-0.61,0,0.492,13
4928,0.89,1,0.255,19
3223,-0.72,0,0.491,26
4929,-0.5,0,0.255,27
3224,0.84,1,0.491,25
4930,-0.53,0,0.255,31
3225,-0.68,0,0.491,11
3226,0.97,1,0.491,8
4931,0.88,1,0.254,21
4932,0.94,1,0.254,12
4933,0.97,1,0.254,9
3227,0.85,1,0.491,30
4934,0.95,1,0.254,11
4935,-0.51,0,0.254,4
4936,0.95,1,0.254,10
4937,0.78,0,0.254,21
3228,0.34,0,0.49,48
4938,0.85,1,0.254,16
3229,-0.55,0,0.49,17
3230,0.97,1,0.49,10
4939,0.94,1,0.254,28
4940,-0.57,0,0.253,13
3231,-0.58,0,0.49,27
3232,-0.55,0,0.49,4
3233,-0.56,0,0.49,8
4941,0.83,1,0.253,28
3234,0.96,1,0.49,12
3235,-0.65,0,0.49,15
4942,0.9,1,0.253,29
3236,0.89,1,0.489,26
4943,-0.64,0,0.253,22
4944,-0.57,0,0.253,16
3237,-0.77,0,0.489,22
3238,-0.64,0,0.489,12
4945,0.91,1,0.252,37
3239,-0.77,0,0.489,23
4946,-0.57,0,0.252,8
3240,-0.55,0,0.489,22
4947,0.8,0,0.252,22
3241,-0.54,0,0.489,16
4948,0.79,0,0.252,27
3242,0.96,1,0.489,13
3243,0.74,0,0.488,15
4949,0.74,0,0.252,22
4950,0.89,1,0.252,23
4951,-0.51,0,0.252,3
3244,-0.69,0,0.488,35
4952,-0.58,0,0.252,11
3245,-0.56,0,0.488,12
4953,-0.53,0,0.251,9
4954,0.95,1,0.251,11
3246,-0.73,0,0.488,23
4955,0.92,1,0.251,22
3247,-0.66,0,0.488,13
4956,0.97,1,0.251,11
4957,-0.54,0,0.251,9
3248,-0.43,0,0.488,24
3249,-0.56,0,0.487,14
4958,-0.67,0,0.251,56
4959,-0.49,0,0.251,4
3250,0.61,0,0.487,32
4960,0.95,1,0.25,9
3251,-0.67,0,0.487,25
3252,0.84,1,0.487,17
4961,0.9,1,0.25,37
4962,-0.56,0,0.25,12
3253,-0.55,0,0.487,21
4963,0.89,1,0.25,31
3254,0.76,0,0.487,22
3255,0.94,1,0.487,3
4964,0.81,1,0.25,30
3256,-0.43,0,0.486,31
4965,0.91,1,0.249,19
3257,-0.56,0,0.486,15
4966,0.86,1,0.249,33
3258,0.72,0,0.486,32
4967,0.95,1,0.249,9
3259,-0.62,0,0.486,23
4968,-0.57,0,0.249,24
4969,-0.63,0,0.249,11
3260,0.84,1,0.486,22
4970,-0.57,0,0.249,10
4971,-0.52,0,0.249,14
4972,0.97,1,0.249,13
4973,0.86,1,0.248,26
4974,0.97,1,0.248,13
4975,0.97,1,0.248,9
3261,0.62,0,0.485,65
3262,0.77,0,0.485,37
4976,-1.07,0,0.248,66
3263,-0.59,0,0.485,8
4977,-0.64,0,0.248,10
3264,-0.77,0,0.485,18
4978,0.91,1,0.247,30
4979,-0.72,0,0.247,20
3265,-0.59,0,0.484,36
4980,-0.56,0,0.247,17
4981,0.9,1,0.247,24
3266,0.72,0,0.484,41
3267,-0.54,0,0.484,14
4982,-0.67,0,0.247,35
3268,-0.53,0,0.484,12
3269,0.75,0,0.484,20
4983,0.9,1,0.246,23
4984,0.93,1,0.246,9
3270,-0.58,0,0.483,23
4985,-0.55,0,0.246,33
3271,0.59,0,0.483,42
4986,1.0,1,0.246,22
4987,-0.63,0,0.246,8
4988,-0.59,0,0.246,21
4989,0.9,1,0.246,16
4990,-0.49,0,0.246,4
3272,-0.78,0,0.483,53
4991,0.95,1,0.245,17
3273,-0.76,0,0.483,18
3274,0.94,1,0.482,3
4992,-0.77,0,0.245,37
3275,-0.72,0,0.482,31
4993,-0.63,0,0.245,26
3276,-0.6,0,0.482,22
4994,-0.54,0,0.245,16
4995,-0.61,0,0.245,9
3277,0.6,0,0.482,37
4996,-0.56,0,0.245,15
4997,-0.6,0,0.244,13
4998,-0.61,0,0.244,9
3278,-0.75,0,0.482,20
4999,-0.53,0,0.244,9
3279,0.78,0,0.481,17
3280,0.96,1,0.481,11
5000,0.81,1,0.244,26
3281,-0.55,0,0.481,13
5001,-0.72,0,0.244,24
3282,-0.63,0,0.481,33
5002,0.92,1,0.244,29
5003,0.95,1,0.244,11
3283,-0.91,0,0.481,30
5004,0.94,1,0.243,18
3284,-0.64,0,0.481,15
5005,0.93,1,0.243,19
5006,-0.49,0,0.243,4
3285,-0.68,0,0.48,24
3286,-0.57,0,0.48,11
5007,-0.65,0,0.243,18
5008,0.9,1,0.243,18
3287,-0.71,0,0.48,27
5009,0.95,1,0.243,12
5010,0.93,1,0.243,7
3288,-0.69,0,0.48,18
5011,0.88,1,0.243,22
3289,-0.64,0,0.48,22
5012,0.98,1,0.243,10
5013,-0.49,0,0.243,4
5014,0.92,1,0.243,8
3290,0.82,1,0.48,26

5016,0.98,1,0.242,13
3291,-0.76,0,0.479,31
5017,-0.57,0,0.242,18
5018,0.81,1,0.242,34
3292,-0.72,0,0.479,33
5019,-0.59,0,0.242,13
3293,-0.63,0,0.479,14
5020,0.89,1,0.242,17
3294,0.97,1,0.479,17
5021,-0.56,0,0.242,10
3295,-0.47,0,0.479,11
5022,0.99,1,0.241,18
5023,-0.59,0,0.241,9
3296,-0.61,0,0.479,24
5024,-0.53,0,0.241,12
5025,0.97,1,0.241,11
3297,0.76,0,0.478,27
3298,-0.59,0,0.478,21
3299,-0.62,0,0.478,9
5026,0.58,0,0.241,43
5027,-0.53,0,0.241,12
3300,-0.59,0,0.478,20
5028,0.92,1,0.241,20
5029,0.97,1,0.24,23
3301,0.7,0,0.478,41
5030,-0.51,0,0.24,15
3302,-0.65,0,0.478,19
5031,0.92,1,0.24,16
3303,-0.66,0,0.477,19
5032,0.93,1,0.24,16
5033,0.99,1,0.24,10
3304,0.79,0,0.477,22
3305,-0.63,0,0.477,18
5034,-0.7,0,0.24,31
5035,0.99,1,0.24,20
5036,0.99,1,0.24,11
5037,0.95,1,0.239,28
3306,-1.11,0,0.476,77
5038,-0.58,0,0.239,15
3307,-0.78,0,0.476,26
3308,-0.6,0,0.476,4
5039,-0.71,0,0.239,45
3309,-0.62,0,0.476,27
3310,0.95,1,0.476,8
5040,0.96,1,0.239,19
3311,-0.58,0,0.476,16
5041,0.92,1,0.239,19
5042,-0.52,0,0.238,8
3312,-0.56,0,0.476,10
5043,-0.65,0,0.238,15
3313,-0.73,0,0.476,23
3314,-0.61,0,0.475,17
3315,0.9,1,0.475,3
5044,0.85,1,0.238,45
3316,-0.79,0,0.475,20
5045,0.99,1,0.238,10
5046,1.0,1,0.238,16
5047,-0.55,0,0.238,8
3317,-0.55,0,0.475,26
3318,-0.51,0,0.475,6
3319,0.84,1,0.475,14
5048,-0.72,0,0.237,37
5049,0.94,1,0.237,12
3320,-0.76,0,0.475,24
5050,-0.51,0,0.237,8
5051,0.94,1,0.237,11
5052,0.95,1,0.237,17
5053,-0.5,0,0.237,7
3321,0.52,0,0.474,47
5054,-0.52,0,0.237,15
3322,-0.55,0,0.474,15
5055,-0.61,0,0.237,21
3323,-0.63,0,0.474,19
5056,-0.58,0,0.237,23
3324,-0.58,0,0.474,21
3325,-0.51,0,0.474,5
5057,-0.67,0,0.236,21
5058,-0.5,0,0.236,3
3326,0.73,0,0.474,25
5059,-0.6,0,0.236,27
3327,0.75,0,0.473,35
5060,-0.57,0,0.236,24
3328,-0.54,0,0.473,14
5061,0.99,1,0.236,23
3329,-0.56,0,0.473,10
3330,0.94,1,0.473,18
5062,1.0,1,0.236,21
5063,-0.49,0,0.236,4
3331,0.76,0,0.473,17
3332,-0.48,0,0.473,3
5064,0.88,1,0.235,20
3333,-0.59,0,0.473,13
5065,0.84,1,0.235,21
5066,0.98,1,0.235,11
3334,-0.47,0,0.473,22
3335,-0.66,0,0.472,22
5067,-0.63,0,0.235,33
3336,-0.54,0,0.472,20
5068,-0.7,0,0.235,19
3337,0.72,0,0.472,27
5069,0.82,1,0.235,24
5070,-0.49,0,0.234,4
3338,-0.67,0,0.472,11
5071,-0.55,0,0.234,17
5072,-0.67,0,0.234,16
3339,0.76,0,0.472,33
5073,-0.59,0,0.234,14
3340,-0.62,0,0.472,12
5074,-0.52,0,0.234,15
3341,-0.69,0,0.471,19
5075,-0.61,0,0.234,15
5076,0.98,1,0.234,11
3342,0.9,1,0.471,16
5077,-0.5,0,0.234,11
3343,-0.68,0,0.471,13
5078,-0.57,0,0.234,18
3344,-0.6,0,0.471,19
3345,-0.53,0,0.471,6
5079,-0.54,0,0.233,29
3346,-0.52,0,0.471,13
5080,0.93,1,0.233,8
5081,-0.52,0,0.233,19
3347,0.68,0,0.471,28
3348,-0.57,0,0.471,16
3349,-0.59,0,0.47,16
5082,0.69,0,0.233,48
3350,-0.72,0,0.47,33
5083,0.92,1,0.233,27
3351,0.98,1,0.47,12
5084,0.94,1,0.232,8
3352,-0.54,0,0.47,20
5085,0.87,1,0.232,24
3353,0.78,0,0.47,21
5086,0.89,1,0.232,31
3354,-0.6,0,0.47,10
5087,0.93,1,0.232,23
3355,0.79,0,0.469,27
3356,-0.53,0,0.469,6
5088,0.9,1,0.232,18
5089,-0.48,0,0.232,9
3357,0.75,0,0.469,20
5090,0.94,1,0.232,16
3358,-0.68,0,0.469,19
3359,0.88,1,0.469,29
5091,0.48,0,0.231,58
5092,-0.55,0,0.231,4
3360,-0.71,0,0.469,28
5093,0.76,0,0.231,48
3361,-0.92,0,0.468,49
5094,0.79,0,0.23,22
3362,-0.6,0,0.468,28
5095,0.93,1,0.23,19
5096,0.93,1,0.23,24
5097,-0.5,0,0.23,3
5098,-0.53,0,0.23,15
5099,-0.51,0,0.23,3
3363,0.65,0,0.468,43
5100,0.95,1,0.23,3
5101,0.95,1,0.23,12
3364,-0.65,0,0.467,27
5102,0.91,1,0.23,19
3365,0.91,1,0.467,16
5103,0.79,0,0.23,20
5104,-0.54,0,0.229,20
3366,-0.65,0,0.467,25
5105,0.92,1,0.229,18
5106,-0.59,0,0.229,12
3367,0.68,0,0.467,42
5107,0.97,1,0.229,18
5108,-0.56,0,0.229,11
3368,0.52,0,0.467,33
3369,0.94,1,0.467,3
5109,0.96,1,0.229,16
5110,-0.59,0,0.229,13
3370,-0.57,0,0.466,14
5111,0.91,1,0.229,24
5112,-0.5,0,0.228,3
3371,0.89,1,0.466,28
3372,-0.92,0,0.466,41
5113,-0.68,0,0.228,51
3373,0.81,1,0.466,17
3374,-0.59,0,0.466,14
5114,0.9,1,0.228,39
3375,-0.63,0,0.466,11
3376,-0.55,0,0.465,9
5115,-0.51,0,0.228,25
3377,0.88,1,0.465,13
5116,-0.53,0,0.227,25
3378,0.8,0,0.465,37
5117,0.92,1,0.227,20
5118,-0.68,0,0.227,18
5119,0.98,1,0.227,19
3379,-0.76,0,0.465,44
5120,-0.53,0,0.227,8
5121,-0.57,0,0.227,24
3380,0.88,1,0.465,25
3381,0.82,1,0.464,18
5122,-0.58,0,0.226,21
5123,0.92,1,0.226,18
3382,-0.73,0,0.464,28
3383,-0.6,0,0.464,10
5124,-0.58,0,0.226,21
3384,-0.81,0,0.464,21
5125,-0.67,0,0.226,32
5126,0.94,1,0.226,7
5127,-0.51,0,0.226,4
3385,0.83,1,0.464,23
5128,0.95,1,0.226,13
3386,-0.7,0,0.464,22
3387,-0.67,0,0.464,12
5129,0.84,1,0.225,30
3388,-0.5,0,0.463,10
3389,-0.61,0,0.463,18
3390,0.81,1,0.463,22
5131,0.77,0,0.225,27
5132,-0.51,0,0.225,4
3391,-0.56,0,0.463,12
5133,-0.61,0,0.225,22
5134,-0.62,0,0.225,30
3392,-0.82,0,0.463,56
5135,-0.54,0,0.225,8
5136,0.98,1,0.224,12
3393,-0.72,0,0.462,16
3394,-0.64,0,0.462,13
5137,0.88,1,0.224,21
3395,-0.58,0,0.462,15
5138,0.97,1,0.224,14
5139,-0.57,0,0.224,14
3396,-0.56,0,0.462,16
5140,0.84,1,0.224,15
3397,-0.58,0,0.462,22
5141,0.96,1,0.224,24
5142,0.98,1,0.224,12
3398,0.63,0,0.462,34
5143,-0.75,0,0.223,38
3399,0.86,1,0.461,31
5144,-0.5,0,0.223,5
3400,-0.65,0,0.461,9
5145,-0.66,0,0.223,19
5146,0.97,1,0.223,14
3401,0.67,0,0.461,28
3402,-0.68,0,0.461,16
5147,0.93,1,0.223,29
5148,0.86,1,0.223,18
3403,-0.66,0,0.461,32
5149,-0.54,0,0.223,10
3404,-0.63,0,0.461,10
5150,0.98,1,0.223,12
5151,0.93,1,0.222,11
3405,-0.77,0,0.46,25
5152,0.9,1,0.222,25
3406,-0.75,0,0.46,24
5153,-0.65,0,0.222,21
5154,0.95,1,0.222,11
3407,0.86,1,0.46,23
5155,-0.61,0,0.222,24
3408,0.77,0,0.46,24
5156,-0.48,0,0.222,21
3409,-0.71,0,0.46,14
5157,0.84,1,0.222,15
5158,0.94,1,0.221,11
3411,-0.71,0,0.46,16
5159,-0.58,0,0.221,10
3412,-0.56,0,0.459,9
3413,-0.5,0,0.459,3
5160,-0.57,0,0.221,21
3414,0.77,0,0.459,25
5161,0.83,1,0.221,18
3415,-0.63,0,0.459,18
5162,-0.54,0,0.221,29
5163,-0.51,0,0.221,4
3416,-0.46,0,0.459,16
5164,-0.51,0,0.221,4
5165,-0.74,0,0.22,39
5166,-0.55,0,0.22,5
3417,0.41,0,0.459,54
5167,-0.51,0,0.22,8
3418,-0.51,0,0.458,3
3419,0.77,0,0.458,24
5168,0.75,0,0.22,32
3420,-0.65,0,0.458,16
5169,0.96,1,0.22,13
3421,0.96,1,0.458,12
3422,-0.6,0,0.458,5
5170,0.98,1,0.22,10
3423,-0.52,0,0.458,14
5171,-0.59,0,0.22,25
3424,0.96,1,0.458,16
5172,0.91,1,0.22,19
5173,-0.5,0,0.22,5
5174,-0.5,0,0.219,3
3425,-0.49,0,0.458,26
5175,0.96,1,0.219,12
3426,-0.7,0,0.457,31
5176,0.86,1,0.219,25
3427,0.79,0,0.457,17
5177,0.92,1,0.219,16
3428,0.94,1,0.457,18
5178,-0.54,0,0.219,12
3429,-0.76,0,0.457,13
3430,-0.78,0,0.457,32
5179,0.77,0,0.219,50
5180,-0.55,0,0.219,7
5181,-0.56,0,0.218,8
3431,-0.56,0,0.457,23
3432,0.86,1,0.456,19
3433,-0.78,0,0.456,43
5182,-0.83,0,0.218,79
5183,0.96,1,0.218,9
3434,-0.62,0,0.456,15
3435,0.96,1,0.456,13
3436,-0.53,0,0.456,4
3437,-0.71,0,0.456,23
5184,-0.58,0,0.217,57
5185,0.99,1,0.217,14
3438,-0.61,0,0.455,31
3439,-0.57,0,0.455,9
5186,0.92,1,0.217,26
3440,0.93,1,0.455,12
5187,0.95,1,0.217,11
3441,-0.72,0,0.455,24
5188,0.89,1,0.217,14
5189,0.97,1,0.217,10
3442,-0.78,0,0.455,19
5190,0.95,1,0.217,22
3443,-0.59,0,0.455,21
5191,-0.46,0,0.216,15
3444,-0.55,0,0.455,17
5192,0.92,1,0.216,12
3445,-0.56,0,0.455,10
5193,-0.73,0,0.216,41
3446,-0.74,0,0.454,36
5194,0.94,1,0.216,15
3447,1.0,1,0.454,15
5195,-0.56,0,0.216,11
3448,-0.59,0,0.454,9
3449,-0.74,0,0.454,21
5196,-0.55,0,0.215,37
5197,0.92,1,0.215,13
3450,0.75,0,0.454,29
3451,-0.55,0,0.453,18
5198,-0.7,0,0.215,35
3452,-0.64,0,0.453,21
5199,0.84,1,0.215,32
5200,-0.51,0,0.215,5
3453,0.57,0,0.453,35
5201,-0.52,0,0.215,18
3454,-0.84,0,0.453,23
5202,0.93,1,0.214,37
3455,0.97,1,0.453,24
3456,0.93,1,0.453,11
3457,-0.55,0,0.452,14
5203,-0.66,0,0.214,41
5204,-0.51,0,0.214,4
3458,-0.67,0,0.452,19
5205,0.94,1,0.214,25
5206,-0.56,0,0.214,11
3459,-0.61,0,0.452,24
5207,0.83,1,0.214,16
3460,0.98,1,0.452,14
5208,0.93,1,0.214,11
3461,-0.59,0,0.452,18
5209,0.95,1,0.213,8
5210,-0.56,0,0.213,16
3462,-0.59,0,0.452,28
5211,0.9,1,0.213,17
5212,-0.56,0,0.213,14
5213,-0.5,0,0.213,4
3463,-0.79,0,0.451,35
5214,-0.53,0,0.213,13
3464,-0.65,0,0.451,9
5215,0.95,1,0.213,13
5216,0.9,1,0.213,18
5217,-0.53,0,0.213,4
3465,0.81,1,0.451,27
5218,-0.61,0,0.213,20
3466,-0.63,0,0.451,27
5219,0.95,1,0.212,25
5220,-0.61,0,0.212,11
3467,-0.73,0,0.451,43
5221,0.95,1,0.212,16
5222,0.84,1,0.212,21
3468,-0.72,0,0.45,29
5223,0.86,1,0.212,18
5224,-0.6,0,0.212,5
3469,-0.65,0,0.45,13
5225,0.98,1,0.212,13
5226,-0.5,0,0.212,3
3470,-0.7,0,0.45,22
5227,0.92,1,0.212,15
3471,-0.68,0,0.45,13
5228,0.9,1,0.211,15
3472,-0.65,0,0.45,27
5229,-0.6,0,0.211,19
3473,-0.61,0,0.45,27
5230,-0.66,0,0.211,34
5231,0.9,1,0.211,16
5232,-0.5,0,0.211,11
5233,0.95,1,0.211,13
3474,-0.7,0,0.449,42
3475,-0.74,0,0.449,29
3476,0.94,1,0.449,3
5234,-0.8,0,0.21,47
3477,-0.7,0,0.449,18
5235,0.9,1,0.21,18
5236,-0.51,0,0.21,4
3478,0.89,1,0.449,16
5237,0.99,1,0.21,20
5238,-0.54,0,0.21,12
3479,0.97,1,0.448,22
3480,-0.56,0,0.448,23
5239,-0.61,0,0.21,24
5240,-0.48,0,0.21,4
3481,-0.57,0,0.448,6
5241,0.83,1,0.209,22
3482,0.81,1,0.448,27
5242,0.96,1,0.209,10
3483,-0.58,0,0.448,15
5243,-0.56,0,0.209,11
5244,-0.52,0,0.209,13
5245,1.0,1,0.209,15
3484,-0.79,0,0.448,31
3485,-0.54,0,0.448,3
3486,-0.57,0,0.448,8
5246,0.88,1,0.209,17
3487,0.86,1,0.447,18
5247,0.88,1,0.209,24
3488,0.96,1,0.447,13
5248,-0.5,0,0.209,32
5249,-0.5,0,0.208,3
5250,-0.54,0,0.208,11
3489,0.65,0,0.447,38
5251,-0.54,0,0.208,10
3490,-0.64,0,0.447,18
3491,-0.56,0,0.447,27
3492,-0.52,0,0.447,14
3493,-0.56,0,0.447,4
3494,0.78,0,0.446,26
3495,0.89,1,0.446,25
3496,0.75,0,0.446,23
5252,0.96,1,0.208,11
5253,0.89,1,0.208,16
5254,0.9,1,0.208,18
5255,-0.54,0,0.208,13
5256,0.97,1,0.208,10
5257,-0.51,0,0.208,15
5258,-0.61,0,0.208,14
5259,-0.51,0,0.207,8
5260,-0.75,0,0.207,24
5261,0.89,1,0.207,14
5262,0.98,1,0.207,12
5263,0.96,1,0.207,11
3497,0.68,0,0.446,23
5264,0.88,1,0.207,19
3498,-0.71,0,0.446,19
5265,0.94,1,0.207,11
5266,0.98,1,0.207,17
5267,-0.51,0,0.207,10
3499,-0.76,0,0.445,44
3500,-0.56,0,0.445,19
5268,-0.63,0,0.206,32
3501,-0.7,0,0.445,20
3502,-0.66,0,0.445,22
5269,0.84,1,0.206,45
5270,-0.55,0,0.206,22
5271,0.81,1,0.206,25
5272,-0.56,0,0.205,11
3503,-1.07,0,0.444,62
3504,0.92,1,0.444,26
5273,0.9,1,0.205,32
5274,0.98,1,0.205,9
3505,-0.65,0,0.444,21
5275,0.89,1,0.205,25
3506,-0.76,0,0.444,28
5276,0.97,1,0.205,14
3507,0.93,1,0.444,14
3508,-0.78,0,0.443,17
5277,-0.47,0,0.205,23
3509,0.97,1,0.443,18
5278,0.92,1,0.204,24
3510,-0.62,0,0.443,25
5279,0.85,1,0.204,20
3511,-0.51,0,0.443,12
5280,0.9,1,0.204,25
3512,-0.63,0,0.443,17
3513,0.97,1,0.443,13
5281,-0.56,0,0.204,20
5282,-0.49,0,0.204,4
5283,-0.54,0,0.204,9
3514,-0.6,0,0.443,17
5284,-0.61,0,0.204,18
3515,0.82,1,0.442,21
3516,-0.5,0,0.442,12
5285,0.97,1,0.203,28
3517,-0.54,0,0.442,18
3518,-0.54,0,0.442,12
5286,-0.61,0,0.203,29
5287,-0.5,0,0.203,3
3519,-0.53,0,0.442,13
5288,0.98,1,0.203,11
3520,-0.57,0,0.442,14
5289,-0.67,0,0.203,26
3521,-0.73,0,0.442,16
3522,0.74,0,0.442,15
5290,-0.69,0,0.203,41
5291,0.95,1,0.202,18
3524,-0.57,0,0.441,25
5292,-0.54,0,0.202,16
3525,-0.52,0,0.441,21
5293,1.0,1,0.202,22
5294,-0.59,0,0.202,12
3526,-0.59,0,0.441,25
5295,-0.52,0,0.202,19
3527,-0.74,0,0.441,21
5296,-0.54,0,0.202,18
5297,0.96,1,0.202,17
3528,0.68,0,0.441,35
5298,0.97,1,0.202,9
3529,-0.69,0,0.44,12
5299,1.0,1,0.201,23
3530,-0.49,0,0.44,10
5300,-0.57,0,0.201,13
3531,-0.61,0,0.44,16
3532,-0.49,0,0.44,4
5301,0.98,1,0.201,18
3533,0.93,1,0.44,18
3534,-0.65,0,0.44,16
3535,-0.7,0,0.44,27
5302,0.71,0,0.201,65
5303,-0.5,0,0.201,9
3536,-0.61,0,0.44,25
5304,0.99,1,0.2,15
3537,0.83,1,0.439,16
5305,0.9,1,0.2,30
3538,-0.65,0,0.439,23
5306,0.9,1,0.2,13
5307,0.92,1,0.2,9
3539,-0.55,0,0.439,14
3540,-0.58,0,0.439,18
5308,-0.65,0,0.2,49
3541,0.84,1,0.439,31
3542,-0.56,0,0.439,17
5309,0.9,1,0.199,29
3543,-0.48,0,0.438,15
5310,0.91,1,0.199,19
3544,0.93,1,0.438,9
5311,0.87,1,0.199,16
3545,-0.54,0,0.438,16
5312,0.94,1,0.199,17
3546,-0.7,0,0.438,23
5313,0.93,1,0.199,26
5314,0.95,1,0.199,14
3547,0.88,1,0.438,29
5315,0.95,1,0.199,9
3548,-0.6,0,0.438,15
3549,-0.57,0,0.438,5
5316,0.91,1,0.198,24
5317,0.98,1,0.198,11
5318,-0.56,0,0.198,8
3550,-0.66,0,0.438,22
5319,0.93,1,0.198,11
3551,-0.72,0,0.437,18
5320,0.86,1,0.198,14
5321,0.97,1,0.198,9
5322,-0.55,0,0.198,3
5323,-0.55,0,0.198,20
3552,-0.9,0,0.437,36
5324,1.0,1,0.198,15
3553,0.92,1,0.437,18
5325,-0.5,0,0.198,23
5326,0.93,1,0.197,17
3554,-0.89,0,0.437,41
3555,0.87,1,0.436,26
3556,0.5,0,0.436,62
3557,0.94,1,0.436,23
3558,-0.49,0,0.436,16
3559,0.84,1,0.435,23
3560,-0.62,0,0.435,19
3561,-0.67,0,0.435,26
3562,-0.51,0,0.435,19
3563,0.77,0,0.435,36
3564,-0.63,0,0.434,32
3565,0.84,1,0.434,27
3566,0.83,1,0.434,15
3567,-0.73,0,0.434,31
3568,-0.78,0,0.434,18
3569,-0.5,0,0.434,17
3570,-0.73,0,0.433,39
3571,-0.65,0,0.433,38
3572,-0.8,0,0.433,24
3573,-0.72,0,0.433,24
3574,-0.59,0,0.432,28
3575,-0.62,0,0.432,27
3576,-0.64,0,0.432,14
3577,0.87,1,0.432,35
3578,-0.56,0,0.432,29
3579,0.95,1,0.431,15
3580,0.95,1,0.431,13
3581,0.74,0,0.431,30
3582,-0.7,0,0.431,14
3583,-0.61,0,0.431,19
3584,0.73,0,0.431,23
3585,-0.54,0,0.431,13
3586,-0.56,0,0.431,3
5327,-4.78,0,0.19,900
3587,0.61,0,0.43,55
5328,-0.63,0,0.19,34
5329,0.99,1,0.19,18
3588,-0.6,0,0.43,25
3589,-0.62,0,0.43,22
5330,-0.62,0,0.19,30
3590,-0.59,0,0.43,16
3591,0.93,1,0.429,14
3592,-0.7,0,0.429,16
3593,0.95,1,0.429,13
3594,-0.61,0,0.429,21
3595,-0.77,0,0.429,26
3596,0.81,1,0.429,21
3597,-0.78,0,0.428,35
5331,-0.32,0,0.188,195
3598,-0.65,0,0.428,17
3599,-0.52,0,0.428,20
5332,0.91,1,0.188,42
5333,0.99,1,0.188,13
5334,0.97,1,0.188,11
3600,0.54,0,0.428,46
5335,-0.56,0,0.187,22
5336,-0.62,0,0.187,9
3601,-0.61,0,0.428,20
5337,-0.57,0,0.187,10
3602,0.98,1,0.427,12
3603,0.81,1,0.427,18
5338,0.84,1,0.187,29
5339,-0.59,0,0.187,14
3604,-0.69,0,0.427,24
5340,0.89,1,0.187,44
3605,0.66,0,0.427,36
3606,0.88,1,0.427,19
3607,-0.62,0,0.427,13
3608,-0.51,0,0.427,7
5341,-0.69,0,0.186,59
3609,-0.58,0,0.426,13
5342,0.94,1,0.186,12
5343,-0.54,0,0.186,11
5344,-0.62,0,0.186,15
5345,0.96,1,0.186,10
5346,-0.49,0,0.186,4
3610,-0.84,0,0.426,52
5347,-0.61,0,0.186,14
5348,0.97,1,0.185,13
3611,0.87,1,0.426,25
3612,-0.64,0,0.426,17
5349,-0.58,0,0.185,32
3613,-0.56,0,0.426,16
3614,-0.55,0,0.426,11
5350,0.8,0,0.185,38
3615,0.9,1,0.425,21
3616,-0.6,0,0.425,16
3617,0.82,1,0.425,23
3618,-0.7,0,0.425,25
3619,-0.6,0,0.425,13
5351,-1.04,0,0.184,102
3620,-0.59,0,0.425,12
5352,-0.67,0,0.184,23
5353,-0.55,0,0.184,7
3621,0.96,1,0.424,22
5354,0.92,1,0.184,19
5355,0.87,1,0.184,23
3622,0.78,0,0.424,34
5356,0.93,1,0.183,14
3623,0.79,0,0.424,23
5357,0.87,1,0.183,20
3624,-0.51,0,0.424,36
5358,-0.6,0,0.183,34
5359,-0.56,0,0.183,11
5360,0.97,1,0.183,12
3625,0.64,0,0.423,36
5361,-0.53,0,0.183,20
3626,-0.64,0,0.423,23
5362,0.94,1,0.183,14
5363,-0.55,0,0.182,12
3627,-0.64,0,0.423,24
5364,0.89,1,0.182,20
5365,-0.47,0,0.182,22
3628,0.91,1,0.423,37
5366,0.94,1,0.182,16
5367,-0.48,0,0.182,5
3629,-0.63,0,0.423,31
5368,-0.71,0,0.182,29
3630,0.75,0,0.422,16
5369,-0.65,0,0.182,17
5370,0.92,1,0.181,24
3631,0.86,1,0.422,34
5371,-0.66,0,0.181,26
3632,-0.61,0,0.422,17
3633,0.96,1,0.422,14
5372,0.94,1,0.181,17
5373,-0.56,0,0.181,12
3634,0.85,1,0.422,23
5374,-0.54,0,0.181,29
3635,0.79,0,0.421,30
5375,-0.52,0,0.181,15
5376,0.91,1,0.18,21
5377,0.97,1,0.18,10
3636,-0.74,0,0.421,35
5378,0.93,1,0.18,15
3637,-0.54,0,0.421,17
5379,0.9,1,0.18,17
5380,0.96,1,0.18,7
5381,0.99,1,0.18,17
3638,-0.93,0,0.421,62
3639,-0.56,0,0.421,5
5382,0.79,0,0.18,48
5383,-0.49,0,0.179,5
3640,-0.65,0,0.42,22
5384,1.01,1,0.179,14
3641,0.93,1,0.42,14
3642,-0.55,0,0.42,19
5385,0.92,1,0.179,30
3643,0.94,1,0.42,13
5386,0.91,1,0.179,18
3644,-0.56,0,0.42,15
5387,0.94,1,0.179,18
3645,0.82,1,0.42,34
5388,-0.63,0,0.179,45
5389,-0.61,0,0.178,9
3646,0.69,0,0.419,29
3647,-0.6,0,0.419,11
5390,-0.58,0,0.178,26
5391,-0.57,0,0.178,12
3648,-0.67,0,0.419,18
5392,0.9,1,0.178,16
5393,-0.53,0,0.178,12
3649,-0.6,0,0.419,20
3650,-0.63,0,0.419,15
5394,0.86,1,0.178,31
5395,-0.5,0,0.178,3
5396,0.95,1,0.178,12
3651,-0.65,0,0.419,31
5397,-0.52,0,0.177,14
3652,-0.55,0,0.419,16
5398,-0.55,0,0.177,15
3653,0.98,1,0.418,20
5399,-0.53,0,0.177,19
3654,0.92,1,0.418,20
5400,0.88,1,0.177,21
5401,0.95,1,0.177,7
5402,-0.48,0,0.177,3
3655,0.96,1,0.418,16
3656,-0.48,0,0.418,3
3657,-0.64,0,0.418,19
5403,-0.61,0,0.177,36
3658,-0.7,0,0.418,20
5404,-0.48,0,0.176,21
3659,0.79,0,0.418,17
5405,0.96,1,0.176,15
5406,0.92,1,0.176,17
3660,0.96,1,0.417,20
3661,-0.59,0,0.417,19
3662,-0.61,0,0.417,14
5408,-0.65,0,0.176,20
3663,0.82,1,0.417,14
5409,-0.54,0,0.176,15
5410,0.93,1,0.176,25
5411,0.96,1,0.175,22
3664,0.58,0,0.417,57
5412,0.93,1,0.175,14
5413,-0.51,0,0.175,4
3665,-0.55,0,0.416,17
5414,-0.5,0,0.175,22
3666,-0.74,0,0.416,23
5415,0.94,1,0.175,11
5416,0.96,1,0.175,9
3667,-0.62,0,0.416,19
5417,-0.52,0,0.175,19
3668,0.86,1,0.416,34
3669,-0.57,0,0.416,12
5418,-0.61,0,0.174,38
5419,-0.5,0,0.174,4
3670,0.86,1,0.416,25
5420,-0.61,0,0.174,26
3671,0.88,1,0.415,25
5421,0.89,1,0.174,28
3672,0.85,1,0.415,26
5422,0.94,1,0.174,17
3673,-0.52,0,0.415,6
5423,-0.52,0,0.174,8
5424,0.92,1,0.174,17
5425,-0.49,0,0.174,3
3674,-0.71,0,0.415,30
5426,0.87,1,0.173,20
5427,-0.53,0,0.173,18
3675,0.73,0,0.415,42
5428,-0.62,0,0.173,19
5429,0.92,1,0.173,21
3676,-0.74,0,0.414,29
5430,-0.54,0,0.173,21
3677,-0.7,0,0.414,23
3678,-0.5,0,0.414,3
5431,0.92,1,0.173,14
5432,1.0,1,0.173,13
5433,0.99,1,0.172,22
3679,0.59,0,0.414,41
5434,-0.55,0,0.172,12
3680,0.81,1,0.414,23
5435,0.84,1,0.172,21
5436,-0.57,0,0.172,10
5437,0.94,1,0.172,11
3681,0.68,0,0.413,29
3682,-0.58,0,0.413,15
5438,0.81,1,0.172,25
5439,0.97,1,0.172,9
3683,-0.56,0,0.413,17
3684,-0.67,0,0.413,14
5440,-0.54,0,0.172,20
5441,-0.51,0,0.172,4
5442,-0.48,0,0.171,12
3685,-0.61,0,0.413,27
5443,-0.63,0,0.171,39
3686,-0.81,0,0.413,24
5444,-0.55,0,0.171,15
3687,-0.61,0,0.412,19
5445,0.97,1,0.171,11
3688,0.59,0,0.412,41
5446,0.78,0,0.171,43
3689,-0.48,0,0.412,7
5447,-0.55,0,0.171,15
5448,0.96,1,0.17,18
3690,-0.6,0,0.412,33
5449,0.95,1,0.17,22
3691,-0.56,0,0.412,26
5450,-0.54,0,0.17,18
3692,-0.59,0,0.411,22
5451,-0.55,0,0.17,19
5452,-0.57,0,0.17,20
3693,0.87,1,0.411,24
3694,-0.64,0,0.411,19
5454,-0.51,0,0.17,5
3695,-0.61,0,0.411,11
5455,0.91,1,0.169,18
3696,0.76,0,0.411,18
5456,-0.61,0,0.169,24
3697,-0.56,0,0.411,20
5457,0.91,1,0.169,15
5458,0.98,1,0.169,22
5459,-0.55,0,0.169,11
3698,0.51,0,0.41,55
3699,-0.54,0,0.41,10
3700,-0.6,0,0.41,24
3701,0.84,1,0.41,24
3702,0.93,1,0.41,13
3703,-0.72,0,0.41,25
3704,-0.49,0,0.409,4
3705,-0.75,0,0.409,26
3706,-0.59,0,0.409,15
3707,-0.59,0,0.409,23
3708,-0.56,0,0.409,14
3709,0.65,0,0.408,53
3710,-0.56,0,0.408,13
3711,-0.88,0,0.408,49
3712,-0.63,0,0.408,20
3713,0.89,1,0.408,11
3714,-0.89,0,0.407,39
3715,0.88,1,0.407,17
3716,-0.65,0,0.407,21
3717,-0.54,0,0.407,23
3718,-0.54,0,0.407,14
3719,-0.78,0,0.407,17
3720,-0.56,0,0.407,6
3721,-0.64,0,0.407,12
5460,0.75,0,0.169,39
5461,-0.58,0,0.168,16
5462,0.96,1,0.168,11
5463,-0.49,0,0.168,4
5464,-0.53,0,0.168,31
5465,0.94,1,0.168,25
5466,0.97,1,0.168,16
5467,0.92,1,0.168,19
5468,0.96,1,0.167,12
5469,-0.6,0,0.167,39
5470,-0.62,0,0.167,19
5471,-0.5,0,0.167,41
3722,0.64,0,0.406,56
3723,-0.49,0,0.406,4
5472,-0.53,0,0.166,26
3724,0.91,1,0.406,21
5473,-0.56,0,0.166,36
3725,-0.53,0,0.406,11
5474,0.87,1,0.166,18
5475,0.93,1,0.166,15
3726,-0.75,0,0.405,40
5476,0.9,1,0.166,21
5477,0.92,1,0.166,10
3727,0.69,0,0.405,34
5478,0.92,1,0.166,17
5479,-0.51,0,0.165,10
5480,0.95,1,0.165,13
3728,-0.74,0,0.405,28
5481,0.94,1,0.165,13
3729,-0.58,0,0.405,13
3730,0.98,1,0.405,14
5482,-0.64,0,0.165,32
3731,0.95,1,0.405,17
5483,0.95,1,0.165,11
3732,0.8,0,0.404,24
5484,0.89,1,0.165,36
3733,0.85,1,0.404,18
5485,0.98,1,0.165,11
5486,-0.5,0,0.165,5
3734,-0.72,0,0.404,27
5487,0.93,1,0.164,23
5488,0.92,1,0.164,17
3735,-0.82,0,0.404,52
5489,0.97,1,0.164,34
5490,-0.57,0,0.164,8
3736,-0.73,0,0.403,29
5491,0.82,1,0.164,30
5492,-0.54,0,0.164,10
3737,-0.75,0,0.403,28
5493,0.92,1,0.163,18
3738,-0.8,0,0.403,29
5494,-0.63,0,0.163,19
3739,-0.51,0,0.403,14
5495,0.99,1,0.163,17
3740,0.82,1,0.403,14
5496,0.98,1,0.163,10
3741,-0.63,0,0.403,18
5497,0.83,1,0.163,25
3742,-0.58,0,0.403,15
3743,-0.51,0,0.402,6
5498,0.92,1,0.163,18
5499,0.93,1,0.163,19
5500,0.93,1,0.162,25
3745,-0.71,0,0.402,28
5501,0.79,0,0.162,31
3746,-0.63,0,0.402,27
5502,0.93,1,0.162,20
3747,0.79,0,0.402,20
5503,0.91,1,0.162,25
5504,0.98,1,0.162,13
5505,-0.62,0,0.162,16
3748,0.71,0,0.401,53
5506,-0.57,0,0.161,10
3749,-0.55,0,0.401,9
5507,-0.58,0,0.161,16
3750,-0.52,0,0.401,10
3751,-0.61,0,0.401,16
5508,0.94,1,0.161,30
3752,0.81,1,0.401,23
5509,0.98,1,0.161,27
3753,0.84,1,0.401,12
5510,-0.56,0,0.161,24
3754,0.89,1,0.401,25
3755,0.79,0,0.4,15
5511,-0.67,0,0.16,30
3756,-0.58,0,0.4,14
5512,0.91,1,0.16,20
3757,-0.65,0,0.4,14
5513,-0.68,0,0.16,22
5514,-0.49,0,0.16,12
3758,-0.71,0,0.4,31
5515,0.93,1,0.16,13
3759,0.83,1,0.4,17
5516,-0.51,0,0.16,14
3760,0.94,1,0.4,10
5517,0.98,1,0.16,17
3761,0.79,0,0.4,19
5518,0.89,1,0.16,13
5519,0.95,1,0.159,11
5520,0.94,1,0.159,8
3762,-0.71,0,0.399,32
5521,-0.55,0,0.159,14
5522,-0.51,0,0.159,17
3763,0.69,0,0.399,31
5523,-0.58,0,0.159,18
3764,0.63,0,0.399,35
5524,0.86,1,0.159,35
5525,-0.49,0,0.159,4
3765,0.96,1,0.399,11
5526,-0.55,0,0.159,10
5527,-0.49,0,0.159,4
3766,-0.57,0,0.399,15
5528,0.97,1,0.159,10
5529,-0.57,0,0.158,17
5530,-0.5,0,0.158,3
3767,0.59,0,0.398,35
5531,0.88,1,0.158,24
5532,0.95,1,0.158,8
3768,-0.69,0,0.398,19
5533,0.94,1,0.158,15
3769,-0.55,0,0.398,17
5534,0.99,1,0.158,20
3770,0.96,1,0.398,11
5535,-0.5,0,0.158,3
5536,-0.55,0,0.158,9
5537,-0.55,0,0.158,8
3771,0.91,1,0.398,23
5538,0.92,1,0.158,18
5539,0.97,1,0.157,8
3772,-0.61,0,0.398,22
5540,0.94,1,0.157,10
3773,-0.67,0,0.397,18
5541,0.97,1,0.157,15
3774,0.82,1,0.397,13
5542,0.89,1,0.157,31
3775,0.83,1,0.397,17
5543,0.88,1,0.157,18
3776,0.85,1,0.397,12
3777,0.95,1,0.397,19
5544,0.94,1,0.157,36
3778,-0.57,0,0.397,22
5545,-0.51,0,0.156,20
3779,0.79,0,0.397,15
5546,0.79,0,0.156,18
5547,-0.58,0,0.156,19
3780,-0.71,0,0.396,38
5548,0.9,1,0.156,26
3781,-0.8,0,0.396,26
5549,1.02,1,0.156,22
5550,0.91,1,0.156,26
3782,0.65,0,0.396,33
5551,-0.52,0,0.155,13
3783,-0.67,0,0.396,16
5552,0.93,1,0.155,15
3784,-0.65,0,0.396,21
5553,0.99,1,0.155,17
5554,-0.5,0,0.155,7
5555,-0.5,0,0.155,3
3785,0.87,1,0.395,15
5556,0.94,1,0.155,19
5557,0.97,1,0.155,8
3786,0.87,1,0.395,24
5558,-0.55,0,0.155,18
5559,0.99,1,0.155,17
3787,-0.62,0,0.395,39
5560,1.0,1,0.154,16
3788,-0.81,0,0.395,34
3789,-0.55,0,0.395,5
3790,-0.64,0,0.395,22
5561,-0.74,0,0.154,79
3791,-0.62,0,0.394,26
5562,0.94,1,0.154,20
3792,0.89,1,0.394,16
5563,0.99,1,0.154,14
5564,0.97,1,0.154,13
3793,-0.56,0,0.394,22
5565,0.82,1,0.153,16
5566,0.97,1,0.153,10
3794,0.69,0,0.394,27
5567,-0.57,0,0.153,16
5568,0.98,1,0.153,13
3795,-0.55,0,0.394,24
5569,-0.58,0,0.153,24
3796,-0.58,0,0.393,31
3797,0.95,1,0.393,3
5570,-0.56,0,0.153,23
3798,-0.53,0,0.393,12
5571,-0.58,0,0.153,19
3799,-0.6,0,0.393,27
3800,0.91,1,0.393,19
5572,0.7,0,0.152,57
3801,0.97,1,0.393,23
5573,0.92,1,0.152,18
5574,-0.48,0,0.152,3
3802,-0.7,0,0.393,22
5575,0.9,1,0.152,24
3803,-0.68,0,0.392,36
5576,0.94,1,0.152,26
5577,0.93,1,0.151,8
3804,-0.77,0,0.392,33
5578,-0.54,0,0.151,23
3805,-0.64,0,0.392,15
3806,-0.64,0,0.392,20
5579,-0.58,0,0.151,44
3807,-0.63,0,0.391,25
5580,-0.51,0,0.151,26
3808,0.82,1,0.391,33
5581,0.85,1,0.15,33
3809,0.91,1,0.391,20
5582,0.89,1,0.15,17
3810,-0.51,0,0.391,19
5583,-0.51,0,0.15,25
5584,0.94,1,0.15,16
3811,0.66,0,0.391,33
5585,0.92,1,0.15,19
3812,-0.53,0,0.391,15
5586,0.99,1,0.15,15
3813,-0.59,0,0.39,17
3814,-0.55,0,0.39,3
3815,-0.49,0,0.39,4
5587,-0.48,0,0.15,14
5588,0.92,1,0.149,20
3816,-0.66,0,0.39,25
5589,-0.57,0,0.149,32
3817,-0.7,0,0.39,27
5590,0.95,1,0.149,12
5591,0.96,1,0.149,12
3818,-0.6,0,0.39,21
3819,-0.6,0,0.39,15
5592,0.92,1,0.149,23
5593,0.9,1,0.149,22
3820,0.87,1,0.389,24
5594,0.95,1,0.149,20
3821,0.93,1,0.389,18
3822,-0.55,0,0.389,10
5595,0.87,1,0.148,21
3823,0.95,1,0.389,12
3824,0.97,1,0.389,11
5596,-0.72,0,0.148,20
5597,-0.52,0,0.148,15
3825,0.92,1,0.389,31
5598,0.93,1,0.148,22
5599,0.98,1,0.148,15
3826,0.82,1,0.389,25
5600,-0.5,0,0.148,3
3827,-0.6,0,0.388,17
5601,-0.69,0,0.147,43
3828,-0.95,0,0.388,29
3829,0.9,1,0.388,21
3830,-0.51,0,0.388,5
5602,-0.71,0,0.147,43
3831,-0.59,0,0.388,16
5603,-0.5,0,0.147,10
3832,0.97,1,0.388,17
5604,-0.52,0,0.147,19
5605,-0.55,0,0.147,16
3833,-0.66,0,0.388,18
5606,0.95,1,0.147,4
3834,0.87,1,0.387,24
5607,-0.68,0,0.146,45
3835,-0.68,0,0.387,29
5608,0.78,0,0.146,34
5609,-0.51,0,0.146,3
3836,0.69,0,0.387,30
5610,0.97,1,0.146,10
5611,0.93,1,0.146,14
3837,0.96,1,0.387,28
3838,-0.53,0,0.387,12
5612,-0.63,0,0.146,34
3839,-0.57,0,0.387,12
5613,-0.52,0,0.145,21
3840,0.76,0,0.386,36
3841,-0.75,0,0.386,20
5614,-0.77,0,0.145,66
3842,0.86,1,0.386,22
3843,-0.68,0,0.386,22
5615,0.94,1,0.145,38
3844,0.83,1,0.386,30
5616,-0.55,0,0.144,29
3845,-0.55,0,0.385,7
5617,0.93,1,0.144,14
5618,0.92,1,0.144,12
5619,0.97,1,0.144,9
3846,-0.8,0,0.385,29
5620,0.94,1,0.144,13
5621,-0.5,0,0.144,9
3847,0.84,1,0.385,21
5622,0.95,1,0.144,17
3848,0.78,0,0.385,17
3849,-0.52,0,0.385,19
5623,0.73,0,0.144,31
5624,-0.51,0,0.144,4
3850,0.96,1,0.385,15
5625,1.01,1,0.143,21
3851,-0.69,0,0.384,26
5626,-0.62,0,0.143,18
3852,-0.46,0,0.384,12
5627,-0.59,0,0.143,16
3853,-0.65,0,0.384,22
5628,-0.54,0,0.143,30
3854,0.89,1,0.384,17
5629,1.0,1,0.143,14
5630,0.94,1,0.143,4
3855,0.78,0,0.384,22
5631,-0.51,0,0.143,12
3856,-0.55,0,0.384,7
5632,0.97,1,0.142,10
3857,-0.59,0,0.384,19
5633,-0.51,0,0.142,16
5634,-0.51,0,0.142,10
3858,-0.7,0,0.384,22
5635,0.9,1,0.142,25
3859,-0.63,0,0.383,13
5636,0.93,1,0.142,17
3860,-0.69,0,0.383,25
5637,1.0,1,0.142,18
3861,-0.6,0,0.383,18
5638,-0.55,0,0.142,24
3862,-0.66,0,0.383,25
5639,1.0,1,0.141,24
3863,0.94,1,0.383,20
5640,-0.51,0,0.141,16
5641,0.95,1,0.141,11
3864,-0.54,0,0.383,16
5642,0.94,1,0.141,17
3865,-0.67,0,0.382,28
5643,0.93,1,0.141,25
3866,-0.58,0,0.382,14
5644,-0.55,0,0.141,13
5645,0.96,1,0.141,13
3867,-0.65,0,0.382,23
5646,-0.55,0,0.141,13
3868,0.68,0,0.382,24
3869,-0.58,0,0.382,9
5647,0.96,1,0.14,31
5648,-0.48,0,0.14,3
3870,-0.55,0,0.382,9
3871,0.92,1,0.382,11
5649,1.0,1,0.14,25
3872,0.89,1,0.381,22
5650,0.91,1,0.14,30
3873,0.81,1,0.381,19
5651,0.88,1,0.14,17
5652,0.96,1,0.14,11
3874,0.82,1,0.381,27
5653,0.99,1,0.14,15
5654,-0.49,0,0.14,3
5655,0.93,1,0.139,33
3875,-0.8,0,0.381,45
5656,0.89,1,0.139,23
3876,-0.48,0,0.381,15
5657,0.99,1,0.139,19
3877,-0.77,0,0.38,31
5658,0.85,1,0.139,28
3878,-0.53,0,0.38,13
5659,0.99,1,0.139,15
5660,-0.54,0,0.138,16
5661,0.93,1,0.138,10
3879,-0.78,0,0.38,37
5662,0.94,1,0.138,13
5663,-0.51,0,0.138,3
3880,-0.63,0,0.38,17
5664,-0.55,0,0.138,4
5665,-0.52,0,0.138,13
3881,-0.6,0,0.38,28
3882,-0.48,0,0.38,9
5666,0.81,1,0.138,26
5667,-0.65,0,0.138,28
5668,-0.58,0,0.138,8
3883,0.88,1,0.379,38
5669,0.97,1,0.138,8
5670,0.95,1,0.137,12
3884,0.91,1,0.379,24
5671,-0.53,0,0.137,32
3885,-0.58,0,0.379,32
5672,0.95,1,0.137,14
3886,0.96,1,0.379,21
5673,0.99,1,0.137,24
3887,0.85,1,0.379,19
5674,-0.55,0,0.137,38
3888,-0.54,0,0.378,21
5675,0.85,1,0.136,37
5676,-0.5,0,0.136,4
3889,0.8,0,0.378,30
5677,0.98,1,0.136,19
5678,-0.55,0,0.136,9
5679,0.99,1,0.136,19
3890,0.84,1,0.378,36
5680,0.92,1,0.136,21
5681,0.95,1,0.136,10
5682,0.94,1,0.136,9
3891,0.6,0,0.377,44
3892,0.93,1,0.377,8
3893,-0.54,0,0.377,12
5683,-0.57,0,0.135,58
3894,-0.71,0,0.377,26
5684,0.98,1,0.135,12
5685,0.97,1,0.135,12
3895,-0.65,0,0.377,27
5686,0.95,1,0.135,10
5687,-0.57,0,0.135,8
3896,-0.7,0,0.377,25
5688,0.89,1,0.135,30
3897,0.96,1,0.376,29
5689,0.91,1,0.134,25
3898,-0.56,0,0.376,14
3899,-0.55,0,0.376,9
5690,0.83,1,0.134,20
5691,-0.47,0,0.134,19
3900,-0.61,0,0.376,26
5692,0.86,1,0.134,20
3901,0.94,1,0.376,16
5693,-0.55,0,0.134,15
5694,-0.5,0,0.134,15
3902,0.91,1,0.376,31
5695,-0.63,0,0.134,9
5696,0.94,1,0.134,14
3903,0.9,1,0.376,24
3904,-0.5,0,0.376,4
5697,0.83,1,0.133,19
3905,0.8,0,0.375,19
5698,0.92,1,0.133,18
5699,-0.57,0,0.133,9
5700,-0.53,0,0.133,10
3906,1.0,1,0.375,23
5701,-0.51,0,0.133,11
3907,0.87,1,0.375,16
5702,0.94,1,0.133,16
3908,-0.78,0,0.375,19
5703,-0.54,0,0.133,18
3909,0.93,1,0.375,14
5704,0.9,1,0.132,27
3910,-0.82,0,0.375,20
5705,0.93,1,0.132,19
5706,0.97,1,0.132,8
3911,0.8,0,0.374,31
5707,0.96,1,0.132,13
3912,0.85,1,0.374,18
5708,0.93,1,0.132,13
3913,-0.51,0,0.374,3
5709,-0.56,0,0.132,11
5710,-0.49,0,0.132,4
3914,-0.54,0,0.374,11
3915,0.83,1,0.374,21
5711,0.94,1,0.132,28
5712,0.95,1,0.132,12
3916,0.89,1,0.374,22
3917,-0.73,0,0.374,27
5713,-0.76,0,0.131,40
5714,0.99,1,0.131,16
3918,0.73,0,0.373,36
5715,-0.59,0,0.131,28
3919,0.91,1,0.373,23
5716,0.9,1,0.131,17
5717,0.93,1,0.131,19
3920,0.58,0,0.373,37
5718,0.94,1,0.13,23
5719,0.98,1,0.13,12
5720,0.94,1,0.13,11
3921,0.74,0,0.372,48
5721,0.96,1,0.13,12
3922,-0.54,0,0.372,5
5722,0.98,1,0.13,12
3923,-0.63,0,0.372,16
5723,0.56,0,0.13,44
3924,0.55,0,0.372,34
5724,0.93,1,0.13,16
3925,0.95,1,0.372,22
5725,0.97,1,0.13,11
3926,-0.57,0,0.372,19
3927,0.94,1,0.372,11
5726,0.77,0,0.129,42
3928,-0.52,0,0.371,19
3929,-0.66,0,0.371,18
3930,0.94,1,0.371,23
3931,-0.69,0,0.371,25
3932,0.92,1,0.371,13
3933,-0.63,0,0.371,20
3934,-0.69,0,0.37,25
3935,-0.64,0,0.37,14
3936,-0.64,0,0.37,26
3937,0.93,1,0.37,19
3938,0.83,1,0.37,15
3939,-0.54,0,0.37,4
3940,-0.66,0,0.37,23
3941,1.0,1,0.369,27
3942,0.91,1,0.369,21
3943,-0.66,0,0.369,13
3944,-0.73,0,0.369,19
3945,-0.72,0,0.369,23
3946,0.81,1,0.369,18
3947,-0.58,0,0.369,16
3948,-0.54,0,0.368,13
3949,0.81,1,0.368,16
3950,-0.82,0,0.368,36
3951,0.47,0,0.368,42
3952,-0.64,0,0.368,18
3953,-0.56,0,0.367,19
3954,-0.81,0,0.367,29
3955,-0.57,0,0.367,22
3956,-0.57,0,0.367,13
3957,-0.61,0,0.367,20
5727,0.94,1,0.129,10
5728,0.94,1,0.129,13
5729,0.89,1,0.129,21
5730,-0.58,0,0.129,34
5731,-0.57,0,0.128,22
5732,0.92,1,0.128,18
5733,-0.57,0,0.128,10
5734,0.94,1,0.128,13
5735,0.92,1,0.128,16
5736,0.97,1,0.128,15
5737,0.97,1,0.128,11
5738,0.98,1,0.128,15
5739,0.92,1,0.128,13
5740,0.98,1,0.127,12
5741,0.94,1,0.127,11
5742,1.01,1,0.127,19
5743,-0.54,0,0.127,5
5744,0.91,1,0.127,19
5745,0.91,1,0.127,32
5746,-0.61,0,0.127,24
5747,0.91,1,0.126,15
5748,0.96,1,0.126,10
5749,-0.49,0,0.126,4
5750,-0.49,0,0.126,12
5751,0.98,1,0.126,16
5752,0.91,1,0.126,26
5753,0.96,1,0.126,16
5754,-0.53,0,0.126,23
5755,0.96,1,0.126,10
5756,0.98,1,0.125,16
5757,0.92,1,0.125,20
5758,0.92,1,0.125,23
5759,-0.59,0,0.125,17
5760,-0.56,0,0.125,9
5761,-0.55,0,0.125,16
5762,0.92,1,0.125,20
5763,-0.53,0,0.125,9
5764,-0.58,0,0.124,16
5765,0.97,1,0.124,18
5766,0.98,1,0.124,13
5767,0.99,1,0.124,12
5768,-0.6,0,0.124,23
5769,-0.5,0,0.124,5
5770,0.96,1,0.124,11
5771,0.91,1,0.124,28
3958,-0.74,0,0.367,28
3959,-0.63,0,0.366,20
5772,-0.7,0,0.123,44
3960,-0.48,0,0.366,16
3961,-0.53,0,0.366,23
5773,-0.68,0,0.123,43
5774,0.97,1,0.123,8
3962,0.78,0,0.366,25
3963,0.72,0,0.366,33
3964,0.94,1,0.366,3
5775,0.78,0,0.122,50
3965,0.81,1,0.365,20
5776,-0.6,0,0.122,26
5777,0.96,1,0.122,8
3966,-0.57,0,0.365,22
5778,-0.56,0,0.122,35
3967,0.85,1,0.365,24
5779,0.98,1,0.122,12
3968,-0.49,0,0.365,14
5780,0.99,1,0.122,15
5781,0.93,1,0.121,22
3969,-0.63,0,0.365,30
3970,-0.56,0,0.365,17
5782,-0.59,0,0.121,29
5783,-0.56,0,0.121,17
3971,-0.57,0,0.364,28
3972,-0.56,0,0.364,5
5784,-0.52,0,0.121,16
5785,0.97,1,0.121,10
3973,0.83,1,0.364,24
5786,-0.65,0,0.121,22
3974,0.95,1,0.364,13
3975,-0.61,0,0.364,4
5787,-0.61,0,0.121,14
5788,0.91,1,0.12,21
3976,-0.63,0,0.364,28
3977,-0.57,0,0.364,22
5789,0.9,1,0.12,29
5790,0.98,1,0.12,12
5791,-0.53,0,0.12,21
3978,-0.64,0,0.363,38
5792,0.91,1,0.12,20
5793,0.97,1,0.12,8
5794,-0.49,0,0.12,10
3979,0.68,0,0.363,38
5795,0.93,1,0.12,11
3980,0.85,1,0.363,22
5796,-0.53,0,0.119,14
5797,0.97,1,0.119,8
3981,-0.7,0,0.363,31
5798,-0.54,0,0.119,29
3982,-0.64,0,0.362,14
5799,0.98,1,0.119,11
5800,-0.61,0,0.119,10
3983,-0.65,0,0.362,18
3984,-0.57,0,0.362,6
5801,0.93,1,0.119,24
5802,0.93,1,0.119,11
3985,-0.75,0,0.362,32
5803,-0.45,0,0.119,21
5804,0.99,1,0.118,23
3986,-0.79,0,0.362,37
5805,0.99,1,0.118,15
5806,0.94,1,0.118,15
3987,0.81,1,0.361,43
5807,-0.54,0,0.118,22
3988,0.95,1,0.361,23
5808,0.92,1,0.118,37
3989,0.83,1,0.361,24
5809,0.92,1,0.117,20
3990,-0.52,0,0.361,16
5810,-0.52,0,0.117,16
3991,0.85,1,0.361,16
5811,0.93,1,0.117,17
3992,0.91,1,0.361,27
3993,-0.56,0,0.361,4
5812,0.98,1,0.117,23
5813,0.94,1,0.117,12
5814,0.97,1,0.117,9
3994,-0.49,0,0.36,22
5815,0.93,1,0.117,17
3995,-0.74,0,0.36,21
3996,-0.66,0,0.36,11
5816,0.93,1,0.117,18
5817,-0.54,0,0.116,19
3997,-0.71,0,0.36,28
5818,0.9,1,0.116,16
3998,-0.63,0,0.36,11
5819,0.98,1,0.116,15
3999,-0.55,0,0.36,18
5820,0.93,1,0.116,13
5821,0.98,1,0.116,11
5822,0.94,1,0.116,15
4000,0.91,1,0.359,38
5823,0.93,1,0.116,19
4001,0.93,1,0.359,19
5824,0.97,1,0.116,10
4002,-0.57,0,0.359,10
5825,0.91,1,0.116,16
4003,0.87,1,0.359,21
5826,0.91,1,0.115,22
5827,-0.5,0,0.115,3
5828,0.86,1,0.115,18
4004,0.88,1,0.359,34
4005,-0.5,0,0.359,3
5829,0.96,1,0.115,13
4006,0.89,1,0.358,26
5830,0.92,1,0.115,31
4007,-0.58,0,0.358,18
5831,1.0,1,0.115,18
4008,-0.52,0,0.358,13
5832,-0.56,0,0.115,20
4009,-0.66,0,0.358,16
5833,1.0,1,0.114,15
5834,0.95,1,0.114,13
4010,0.93,1,0.358,24
5835,0.96,1,0.114,11
4011,0.9,1,0.358,14
5836,0.97,1,0.114,19
4012,-0.72,0,0.358,24
4013,0.95,1,0.357,16
5837,0.87,1,0.114,29
5838,0.96,1,0.114,10
5839,-0.5,0,0.114,3
5840,0.98,1,0.114,17
4014,-0.71,0,0.357,39
5841,0.92,1,0.113,21
4015,-0.62,0,0.357,34
5842,0.9,1,0.113,21
5843,1.0,1,0.113,18
4016,-0.73,0,0.357,22
5844,0.84,1,0.113,25
4017,0.79,0,0.357,19
5845,0.92,1,0.113,17
4018,0.76,0,0.356,23
5846,0.84,1,0.113,31
4019,0.75,0,0.356,29
5847,-0.55,0,0.112,20
4020,0.94,1,0.356,19
5848,-0.54,0,0.112,18
5849,-0.52,0,0.112,14
4021,0.85,1,0.356,18
4022,-0.5,0,0.356,3
5850,-0.54,0,0.112,9
4023,-0.55,0,0.356,14
5851,0.97,1,0.112,12
5852,0.91,1,0.112,14
4024,0.75,0,0.356,25
5853,0.94,1,0.112,12
4025,-0.56,0,0.355,10
5854,0.95,1,0.112,12
5855,0.93,1,0.112,20
4026,-0.77,0,0.355,28
5856,0.87,1,0.111,13
4027,-0.59,0,0.355,22
5857,0.94,1,0.111,13
5858,0.91,1,0.111,19
5859,-0.6,0,0.111,20
4028,-0.78,0,0.355,38
5860,0.99,1,0.111,14
5861,0.98,1,0.111,22
4029,0.78,0,0.355,28
5862,-0.53,0,0.111,4
4030,-0.62,0,0.354,23
5863,1.02,1,0.11,34
4031,-0.54,0,0.354,19
5864,0.9,1,0.11,15
5865,-0.54,0,0.11,15
4032,0.69,0,0.354,28
4033,-0.55,0,0.354,7
5866,0.97,1,0.11,15
5867,0.94,1,0.11,13
4034,-0.56,0,0.354,17
5868,0.96,1,0.11,10
5869,1.0,1,0.11,14
4035,0.8,0,0.354,26
5870,0.92,1,0.11,19
5871,-0.59,0,0.11,15
5872,-0.49,0,0.109,4
4036,0.66,0,0.353,35
5873,-0.49,0,0.109,18
4037,-0.7,0,0.353,25
5874,-0.57,0,0.109,22
4038,0.93,1,0.353,14
5875,-0.57,0,0.109,10
4039,-0.54,0,0.353,15
5876,-0.51,0,0.109,17
4040,-0.5,0,0.353,3
5877,0.91,1,0.109,18
4041,-0.59,0,0.353,17
5878,0.99,1,0.109,11
4042,0.97,1,0.353,19
5879,-0.64,0,0.108,28
4043,0.85,1,0.352,21
5880,0.93,1,0.108,8
5881,-0.6,0,0.108,12
4044,-0.55,0,0.352,16
5882,0.95,1,0.108,9
4045,-0.64,0,0.352,22
5883,0.85,1,0.108,33
4046,0.83,1,0.352,19
4047,0.81,1,0.352,28
5884,0.73,0,0.108,56
4048,0.97,1,0.352,22
5885,-0.54,0,0.107,17
4049,-0.82,0,0.351,22
5886,0.94,1,0.107,19
5887,0.96,1,0.107,11
4050,0.67,0,0.351,25
5888,0.98,1,0.107,19
4051,-0.58,0,0.351,31
5889,0.93,1,0.107,16
5890,-0.5,0,0.107,5
4052,0.96,1,0.351,22
5891,1.0,1,0.107,18
5892,0.95,1,0.107,11
4053,-0.65,0,0.351,18
5893,0.99,1,0.107,11
4054,0.86,1,0.35,13
5894,-0.45,0,0.106,20
4055,-0.65,0,0.35,18
5895,-0.63,0,0.106,10
5896,0.95,1,0.106,10
5897,0.98,1,0.106,12
5898,0.94,1,0.106,17
4056,0.71,0,0.35,42
5899,0.92,1,0.106,14
4057,-0.52,0,0.35,13
5900,0.97,1,0.106,12
5901,0.98,1,0.106,10
5902,-0.5,0,0.106,3
5903,-0.64,0,0.105,28
4058,-0.91,0,0.349,63
5904,0.99,1,0.105,14
4059,-0.49,0,0.349,6
5905,-0.63,0,0.105,43
4060,-0.82,0,0.349,37
4061,0.93,1,0.349,23
5906,0.68,0,0.105,42
5907,-0.5,0,0.105,5
4062,0.82,1,0.349,21
5908,0.95,1,0.105,10
5909,0.97,1,0.104,9
4063,-0.69,0,0.348,30
4064,-0.6,0,0.348,24
5910,-0.62,0,0.104,53
4065,0.88,1,0.348,16
5911,-0.65,0,0.104,39
4066,0.81,1,0.348,33
4067,0.98,1,0.348,9
5912,1.0,1,0.104,19
5913,-0.5,0,0.104,3
5914,-0.5,0,0.104,3
5915,0.93,1,0.103,17
4068,-0.65,0,0.348,22
5916,0.93,1,0.103,9
4069,-0.66,0,0.347,26
5917,0.91,1,0.103,18
5918,0.96,1,0.103,11
4070,0.78,0,0.347,18
5919,-0.56,0,0.103,25
4071,-0.65,0,0.347,22
5920,0.96,1,0.103,15
4072,0.79,0,0.347,21
5921,0.98,1,0.103,16
4073,0.95,1,0.347,4
4074,-0.49,0,0.347,4
5922,0.94,1,0.103,13
4075,-0.54,0,0.347,12
5923,0.78,0,0.102,41
4076,-0.59,0,0.347,29
5924,0.94,1,0.102,11
4077,-0.79,0,0.346,28
5925,1.01,1,0.102,16
4078,0.74,0,0.346,26
5926,0.97,1,0.102,27
5927,0.94,1,0.102,18
4079,-0.63,0,0.346,19
5928,0.94,1,0.102,15
4080,-0.59,0,0.346,26
5929,0.88,1,0.101,38
4081,-0.57,0,0.346,24
5930,-0.66,0,0.101,20
4082,-0.79,0,0.345,26
5931,1.01,1,0.101,25
4083,-0.54,0,0.345,17
5932,-0.5,0,0.101,20
4084,0.88,1,0.345,22
5933,0.93,1,0.101,9
5934,0.97,1,0.101,10
5935,-0.49,0,0.101,4
4085,-0.69,0,0.345,19
5936,-0.52,0,0.1,14
4086,-0.55,0,0.345,20
5937,-0.53,0,0.1,16
5938,0.94,1,0.1,12
5939,0.97,1,0.1,11
4087,0.78,0,0.345,33
5940,0.97,1,0.1,10
4088,-0.52,0,0.344,19
5941,0.87,1,0.1,15
5942,0.82,1,0.1,16
5943,0.97,1,0.1,11
5944,0.88,1,0.1,14
5945,-0.56,0,0.099,21
5946,-0.5,0,0.099,3
5947,0.97,1,0.099,13
4089,0.56,0,0.344,78
5948,-0.62,0,0.099,9
5949,0.97,1,0.099,13
4090,-0.69,0,0.344,27
5950,0.95,1,0.099,19
4091,-0.55,0,0.343,24
5951,0.91,1,0.099,19
5952,-0.53,0,0.099,12
5953,0.96,1,0.099,15
4092,0.89,1,0.343,34
5954,0.95,1,0.099,15
5955,-0.51,0,0.099,4
4093,-0.52,0,0.343,16
4094,-0.5,0,0.343,4
5956,0.98,1,0.098,10
5957,-0.5,0,0.098,5
4095,0.94,1,0.343,10
5958,-0.54,0,0.098,11
5959,-0.52,0,0.098,13
4096,-0.64,0,0.343,24
5960,-0.49,0,0.098,27
4097,0.73,0,0.342,29
5961,-0.52,0,0.098,14
4098,-0.54,0,0.342,28
5962,0.86,1,0.098,26
5963,0.95,1,0.098,4
4099,-0.56,0,0.342,28
5964,0.95,1,0.098,16
5965,0.85,1,0.097,17
4100,0.81,1,0.342,24
5966,-0.54,0,0.097,20
4101,-0.6,0,0.342,20
4102,-0.64,0,0.342,5
5967,0.9,1,0.097,19
5968,0.73,0,0.097,30
4103,-0.66,0,0.341,25
5969,0.93,1,0.097,13
5970,0.94,1,0.097,12
4104,0.77,0,0.341,27
5971,-0.5,0,0.097,9
4105,-0.66,0,0.341,24
5972,0.91,1,0.096,21
4106,0.85,1,0.341,17
5973,0.94,1,0.096,17
4107,0.89,1,0.341,14
5974,0.98,1,0.096,10
5975,0.98,1,0.096,14
4108,-0.66,0,0.341,16
5976,0.92,1,0.096,21
4109,-0.55,0,0.34,26
5977,0.98,1,0.096,14
5978,0.93,1,0.096,17
4110,0.71,0,0.34,29
5979,1.01,1,0.095,23
5980,-0.51,0,0.095,19
4111,-0.86,0,0.34,52
5981,0.92,1,0.095,21
5982,-0.54,0,0.095,21
4112,0.83,1,0.34,27
4113,-0.54,0,0.339,27
5983,0.89,1,0.095,30
5984,0.91,1,0.095,13
4114,0.85,1,0.339,14
4115,-0.58,0,0.339,16
5985,0.82,1,0.094,37
4116,-0.6,0,0.339,21
5986,0.94,1,0.094,12
5987,0.96,1,0.094,23
4117,0.79,0,0.339,34
5988,-0.56,0,0.094,22
4118,0.83,1,0.339,22
4119,-0.54,0,0.338,4
5989,-0.55,0,0.094,23
4120,0.84,1,0.338,18
5990,0.92,1,0.094,23
5991,0.92,1,0.093,26
5992,-0.63,0,0.093,20
4121,0.65,0,0.338,61
5993,0.93,1,0.093,9
5994,-0.53,0,0.093,14
4122,0.9,1,0.338,18
4123,-0.51,0,0.338,8
5995,0.92,1,0.093,15
4124,-0.52,0,0.338,18
5996,0.94,1,0.093,32
4125,-0.58,0,0.337,18
5997,1.0,1,0.092,22
4126,0.87,1,0.337,25
5998,0.92,1,0.092,24
4127,-0.56,0,0.337,21
5999,-0.59,0,0.092,19
6000,0.95,1,0.092,4
4128,0.99,1,0.337,24
6001,-0.53,0,0.092,26
4129,0.81,1,0.337,19
6002,0.91,1,0.092,26
4131,0.87,1,0.336,25
6003,0.87,1,0.091,34
6004,0.96,1,0.091,16
4132,-0.61,0,0.336,28
6005,0.98,1,0.091,12
6006,-0.57,0,0.091,18
4133,-0.62,0,0.336,17
4134,-0.53,0,0.336,12
6007,0.99,1,0.091,17
6008,0.9,1,0.091,12
4135,0.93,1,0.336,19
6009,-0.57,0,0.091,23
4136,-0.62,0,0.336,19
6010,1.0,1,0.09,29
4137,-0.64,0,0.335,34
6011,0.93,1,0.09,14
4138,-0.53,0,0.335,17
6012,0.97,1,0.09,20
4139,-0.73,0,0.335,17
6013,0.98,1,0.09,12
4140,-0.49,0,0.335,10
6014,1.02,1,0.09,15
4141,0.97,1,0.335,14
6015,1.0,1,0.09,27
4142,-0.57,0,0.335,18
6016,0.92,1,0.09,12
4143,-0.64,0,0.334,33
4144,0.86,1,0.334,28
4145,-0.66,0,0.334,18
4146,0.57,0,0.334,42
4147,-0.59,0,0.334,13
4148,0.96,1,0.333,19
4149,-0.54,0,0.333,13
4150,-0.79,0,0.333,23
4151,0.8,0,0.333,31
4152,-0.52,0,0.333,5
4153,0.75,0,0.333,20
4154,0.8,0,0.333,17
4155,0.9,1,0.333,3
4156,0.87,1,0.332,17
4157,0.93,1,0.332,24
4158,-0.7,0,0.332,30
4159,0.84,1,0.332,25
4160,0.91,1,0.332,28
4161,0.94,1,0.331,37
4162,0.95,1,0.331,17
4163,-0.53,0,0.331,28
4164,-0.56,0,0.331,12
4165,0.93,1,0.331,22
4166,0.7,0,0.33,42
4167,-0.65,0,0.33,33
4168,-0.64,0,0.33,23
4169,0.93,1,0.33,16
4170,-0.63,0,0.33,20
6017,0.96,1,0.089,13
4171,0.88,1,0.329,22
6018,-0.59,0,0.089,17
4172,0.91,1,0.329,17
6019,0.92,1,0.089,19
6020,0.98,1,0.089,13
4173,-0.53,0,0.329,13
6021,-0.61,0,0.089,24
4174,0.89,1,0.329,26
6022,1.0,1,0.089,19
4175,-0.52,0,0.329,24
6023,0.9,1,0.089,35
4176,-0.56,0,0.329,18
4177,-0.63,0,0.328,22
6024,0.92,1,0.088,21
4178,-0.54,0,0.328,12
6025,-0.56,0,0.088,12
6026,0.95,1,0.088,10
4179,-0.57,0,0.328,11
6027,0.97,1,0.088,11
4180,0.93,1,0.328,18
6028,-0.54,0,0.088,36
6029,0.99,1,0.088,15
4181,-0.7,0,0.328,49
4182,0.9,1,0.328,20
6030,-0.6,0,0.087,41
6031,0.89,1,0.087,36
4183,-0.73,0,0.327,42
6032,0.98,1,0.087,11
4184,0.98,1,0.327,11
6033,0.94,1,0.087,21
6034,0.95,1,0.087,21
6035,0.88,1,0.087,12
6036,0.92,1,0.086,26
6037,0.92,1,0.086,21
6038,-0.51,0,0.086,4
6039,0.93,1,0.086,18
6040,0.86,1,0.086,14
6041,1.0,1,0.086,24
6042,0.95,1,0.086,13
6043,-0.63,0,0.085,26
6044,0.96,1,0.085,22
6045,-0.74,0,0.085,44
6046,1.01,1,0.085,23
6047,0.96,1,0.085,9
6048,-0.61,0,0.085,5
6049,0.86,1,0.084,30
6050,0.92,1,0.084,27
6051,0.97,1,0.084,29
6052,0.97,1,0.084,10
6053,0.95,1,0.084,12
6054,0.94,1,0.084,17
6055,0.99,1,0.083,15
6056,-0.51,0,0.083,4
6057,0.8,0,0.083,20
6058,-0.48,0,0.083,5
6059,0.95,1,0.083,12
6060,0.97,1,0.083,13
6061,0.89,1,0.083,25
6062,-0.55,0,0.083,17
6063,-0.49,0,0.083,4
6064,0.96,1,0.083,8
6065,0.82,1,0.082,20
6066,-0.78,0,0.082,24
6067,0.91,1,0.082,17
6068,0.92,1,0.082,19
6069,0.94,1,0.082,15
6070,0.98,1,0.082,12
6071,0.98,1,0.082,14
6072,1.0,1,0.082,19
6073,0.94,1,0.081,10
6074,0.97,1,0.081,10
6075,0.96,1,0.081,11
6076,-0.53,0,0.081,17
6077,-0.54,0,0.081,9
6078,-0.62,0,0.081,38
4185,0.89,1,0.327,33
6079,0.96,1,0.081,15
4186,-0.51,0,0.327,4
6080,-0.5,0,0.081,3
6081,-0.55,0,0.081,4
6082,0.98,1,0.08,14
4187,-0.73,0,0.327,20
4188,-0.63,0,0.327,21
6083,-0.57,0,0.08,23
6084,0.98,1,0.08,11
6085,-0.5,0,0.08,5
4189,0.79,0,0.326,27
6086,-0.51,0,0.08,8
4190,-0.73,0,0.326,15
6087,1.0,1,0.08,20
4191,0.94,1,0.326,3
6088,0.92,1,0.08,13
4192,-0.62,0,0.326,19
6089,1.0,1,0.08,18
4193,0.66,0,0.326,31
6090,0.89,1,0.079,31
4194,-0.64,0,0.326,16
6091,-0.55,0,0.079,26
4195,-0.59,0,0.325,30
6092,0.92,1,0.079,33

6093,0.96,1,0.079,13
6094,-0.56,0,0.079,8
4197,0.85,1,0.325,21
6095,1.01,1,0.079,24
4198,0.72,0,0.325,41
6096,0.97,1,0.078,31
4199,0.96,1,0.325,20
6097,-0.58,0,0.078,26
4200,-0.52,0,0.324,27
6098,0.99,1,0.078,23
6099,0.95,1,0.078,10
4201,-0.66,0,0.324,18
4202,0.71,0,0.324,19
4203,-0.49,0,0.324,17
4204,0.84,1,0.324,29
4205,0.91,1,0.324,23
4206,-0.54,0,0.323,17
4207,-0.62,0,0.323,25
4208,-0.68,0,0.323,17
4209,0.9,1,0.323,20
4210,-0.76,0,0.323,41
4211,-0.6,0,0.322,25
4212,0.96,1,0.322,14
4213,0.68,0,0.322,40
4214,0.91,1,0.322,22
4215,0.98,1,0.322,28
4216,-0.48,0,0.322,3
4217,-0.68,0,0.321,26
4218,0.91,1,0.321,29
4219,0.89,1,0.321,13
4220,-0.6,0,0.321,17
4221,0.81,1,0.321,21
4222,-0.7,0,0.321,25
4223,-0.67,0,0.32,25
4224,-0.49,0,0.32,22
4225,-0.7,0,0.32,11
4226,0.78,0,0.32,20
4227,-0.49,0,0.32,4
4228,-0.6,0,0.32,11
4229,0.85,1,0.32,22
4230,0.92,1,0.319,21
4231,0.73,0,0.319,41
4232,-0.51,0,0.319,8
4233,-0.86,0,0.319,36
4234,-0.52,0,0.319,18
4235,-0.61,0,0.319,13
4236,0.81,1,0.318,24
4237,0.95,1,0.318,12
4238,-0.82,0,0.318,25
4239,0.86,1,0.318,19
4240,-0.49,0,0.318,8
4241,-0.72,0,0.318,34
4242,-0.7,0,0.317,32
4243,-0.64,0,0.317,23
4244,-0.51,0,0.317,19
4245,-0.55,0,0.317,12
4246,-0.69,0,0.317,26
4247,-0.67,0,0.317,17
4248,0.89,1,0.316,18
6100,-6.23,0,0.069,1142
4249,-0.56,0,0.316,23
6101,-0.54,0,0.069,10
6102,0.95,1,0.069,14
4250,0.84,1,0.316,27
4251,-0.74,0,0.316,27
4252,0.9,1,0.316,37
6103,-0.68,0,0.068,101
4253,-0.69,0,0.315,20
6104,0.94,1,0.068,13
4254,-0.56,0,0.315,6
4255,-0.49,0,0.315,11
6105,-0.54,0,0.068,20
6106,0.92,1,0.068,12
4256,0.97,1,0.315,15
6107,0.97,1,0.067,11
4257,0.89,1,0.315,14
6108,-0.5,0,0.067,5
6109,0.95,1,0.067,11
4258,-0.74,0,0.315,23
6110,0.94,1,0.067,20
6111,-0.51,0,0.067,12
4259,-0.69,0,0.315,25
6112,0.89,1,0.067,25
4260,0.84,1,0.314,18
6113,0.99,1,0.067,13
6114,-0.48,0,0.067,3
4261,-0.69,0,0.314,30
4262,-0.55,0,0.314,4
6115,0.99,1,0.067,26
4263,-0.77,0,0.314,26
6116,0.92,1,0.066,21
4264,0.97,1,0.314,15
6117,0.79,0,0.066,40
4265,0.87,1,0.314,28
4266,-0.56,0,0.314,8
4267,-0.55,0,0.313,15
6118,0.9,1,0.066,31
6119,-0.49,0,0.066,4
6120,0.98,1,0.066,10
4268,-0.53,0,0.313,26
6121,0.91,1,0.065,23
4269,0.84,1,0.313,23
6122,0.99,1,0.065,18
6123,-0.49,0,0.065,4
4270,0.91,1,0.313,22
6124,0.92,1,0.065,15
6125,-0.65,0,0.065,24
4271,0.86,1,0.313,29
6126,0.92,1,0.065,19
6127,0.93,1,0.065,13
4272,-0.66,0,0.312,27
6128,-0.58,0,0.065,18
4273,-0.63,0,0.312,21
4274,-0.62,0,0.312,15
6129,-0.59,0,0.064,41
4275,-0.6,0,0.312,22
6130,0.87,1,0.064,24
4276,0.91,1,0.312,21
6131,-0.59,0,0.064,16
4277,-0.7,0,0.312,33
6132,0.95,1,0.064,16
4278,0.98,1,0.312,8
6133,1.0,1,0.064,24
4279,0.87,1,0.311,16
6134,-0.52,0,0.064,17
4280,-0.52,0,0.311,14
6135,0.94,1,0.063,18
4281,0.95,1,0.311,17
6136,0.98,1,0.063,7
6137,0.95,1,0.063,8
4282,-0.55,0,0.311,15
6138,0.95,1,0.063,29
4283,-0.74,0,0.311,24
4284,-0.7,0,0.311,16
6139,0.89,1,0.063,27
4285,-0.69,0,0.311,22
4286,-0.57,0,0.31,9
4287,0.95,1,0.31,12
6140,-0.63,0,0.063,38
4288,-0.62,0,0.31,19
6141,-0.53,0,0.062,9
6142,0.94,1,0.062,12
6143,0.96,1,0.062,12
4289,-0.58,0,0.31,36
6144,-0.53,0,0.062,9
6145,-0.51,0,0.062,4
4290,-0.64,0,0.31,9
6146,1.0,1,0.062,21
6147,0.95,1,0.062,12
6148,0.93,1,0.062,11
6149,0.99,1,0.062,12
4291,0.57,0,0.309,57
6150,0.93,1,0.062,15
4292,0.7,0,0.309,18
6151,-0.63,0,0.061,21
6152,0.99,1,0.061,9
6153,-0.55,0,0.061,25
6154,0.95,1,0.061,15
4293,-0.95,0,0.309,63
6156,0.97,1,0.061,12
4294,-0.56,0,0.309,19
4295,0.93,1,0.308,16
6157,1.01,1,0.061,31
4296,-0.62,0,0.308,14
6158,0.98,1,0.061,9
4297,0.87,1,0.308,20
6159,0.91,1,0.06,27
4298,0.95,1,0.308,19
4299,-0.5,0,0.308,3
6160,0.98,1,0.06,15
4300,-0.59,0,0.308,19
6161,0.93,1,0.06,20
4301,-0.53,0,0.308,9
6162,0.94,1,0.06,19
4302,-0.56,0,0.308,21
6163,1.01,1,0.06,24
4303,0.93,1,0.308,16
6164,-0.49,0,0.06,4
4304,-0.66,0,0.307,18
6165,0.92,1,0.06,25
6166,0.86,1,0.059,18
4305,-0.66,0,0.307,19
6167,0.98,1,0.059,16
4306,-0.6,0,0.307,20
6168,0.9,1,0.059,27
4307,0.88,1,0.307,26
6169,0.88,1,0.059,15
6170,-0.55,0,0.059,8
4308,0.85,1,0.307,21
6171,0.94,1,0.059,16
4309,-0.56,0,0.307,10
6172,0.94,1,0.059,17
4310,0.93,1,0.306,24
6173,0.94,1,0.058,13
6174,0.94,1,0.058,13
6175,0.94,1,0.058,14
4311,0.76,0,0.306,42
6176,0.99,1,0.058,19
4312,0.95,1,0.306,16
6177,0.96,1,0.058,8
6178,0.97,1,0.058,14
6179,-0.5,0,0.058,3
4313,-0.61,0,0.306,23
6180,0.97,1,0.058,21
4314,0.83,1,0.306,30
6181,-0.53,0,0.058,17
6182,0.95,1,0.058,8
6183,0.92,1,0.057,15
6184,0.93,1,0.057,13
4315,-0.77,0,0.305,54
6185,0.93,1,0.057,19
6186,0.79,0,0.057,25
4316,-0.64,0,0.305,34
6187,-0.59,0,0.057,35
6188,0.94,1,0.057,11
4317,0.73,0,0.305,41
6189,0.98,1,0.057,10
4318,-0.51,0,0.304,19
6190,0.91,1,0.056,21
6191,0.96,1,0.056,9
6192,0.97,1,0.056,12
4319,0.88,1,0.304,33
6193,-0.5,0,0.056,3
6194,0.94,1,0.056,15
6195,-0.53,0,0.056,12
4320,0.76,0,0.304,36
6196,-0.54,0,0.056,11
4321,-0.59,0,0.304,17
6197,1.0,1,0.056,18
6198,0.95,1,0.056,12
6199,0.94,1,0.056,17
4322,0.76,0,0.303,31
6200,0.94,1,0.055,18
4323,0.88,1,0.303,21
6201,0.98,1,0.055,10
6202,0.91,1,0.055,23
4324,-0.6,0,0.303,20
6203,0.99,1,0.055,11
4325,-0.64,0,0.303,22
6204,0.98,1,0.055,12
6205,0.94,1,0.055,15
4326,0.75,0,0.303,32
6206,0.65,0,0.054,63
4327,-0.76,0,0.302,50
6207,1.0,1,0.054,19
4328,-0.56,0,0.302,26
4329,-0.55,0,0.302,14
6208,-0.64,0,0.054,36
6209,0.93,1,0.054,17
6210,-0.63,0,0.054,16
4330,-0.82,0,0.302,40
6211,0.92,1,0.054,13
4331,-0.57,0,0.302,14
6212,0.99,1,0.053,16
6213,0.98,1,0.053,7
4332,0.87,1,0.301,21
6214,0.95,1,0.053,18
6215,-0.49,0,0.053,4
6216,0.92,1,0.053,21
4333,0.78,0,0.301,39
4334,-0.63,0,0.301,17
6217,0.99,1,0.053,18
6218,0.93,1,0.053,11
6219,0.93,1,0.053,24
4335,0.84,1,0.301,37
6220,1.01,1,0.052,33
4336,0.86,1,0.3,37
6221,0.92,1,0.052,20
4337,-0.57,0,0.3,10
4338,-0.49,0,0.3,4
6222,0.95,1,0.052,13
4339,0.97,1,0.3,13
6223,0.91,1,0.052,17
6224,-0.51,0,0.052,5
4340,-0.62,0,0.3,18
6225,0.92,1,0.052,15
4341,0.91,1,0.3,22
6226,0.88,1,0.052,16
6227,0.98,1,0.052,13
4342,0.86,1,0.3,27
6228,0.93,1,0.051,16
4343,-0.54,0,0.299,25
6229,-0.77,0,0.051,44
4344,-0.67,0,0.299,28
6230,0.96,1,0.051,11
6231,0.96,1,0.051,12
4345,0.88,1,0.299,20
6232,-0.59,0,0.051,23
6233,0.99,1,0.051,12
6234,0.99,1,0.05,12
4346,0.47,0,0.299,52
6235,1.02,1,0.05,27
4347,-0.57,0,0.298,22
4348,0.94,1,0.298,21
4349,0.79,0,0.298,40
4350,0.93,1,0.298,20
4351,0.9,1,0.298,20
4352,-0.84,0,0.297,35
4353,-0.56,0,0.297,13
4354,-0.64,0,0.297,24
4355,-0.67,0,0.297,19
4356,0.95,1,0.297,8
4357,-0.55,0,0.297,36
4358,-0.63,0,0.296,14
4359,0.94,1,0.296,9
4360,0.84,1,0.296,24
4361,-0.62,0,0.296,14
4362,0.96,1,0.296,20
4363,-0.55,0,0.296,17
4364,0.95,1,0.296,15
4365,0.89,1,0.296,23
4366,-0.75,0,0.295,51
4367,-0.51,0,0.295,4
4368,-0.58,0,0.295,19
4369,-0.59,0,0.295,16
4370,0.75,0,0.295,17
4371,-0.61,0,0.295,11
4372,-0.55,0,0.294,14
4373,-0.54,0,0.294,9
4374,0.83,1,0.294,24
4375,0.9,1,0.294,23
4376,-0.6,0,0.294,22
4377,-0.57,0,0.294,24
4378,0.86,1,0.294,21
4379,-0.56,0,0.293,14
4380,-0.54,0,0.293,14
4381,0.84,1,0.293,25
6236,-0.67,0,0.05,43
6237,0.99,1,0.05,11
6238,-0.5,0,0.05,5
6239,0.93,1,0.05,15
6240,-0.48,0,0.05,3
6241,0.95,1,0.05,13
6242,0.94,1,0.05,17
6243,-0.53,0,0.05,15
4382,-1.55,0,0.292,119
6244,-0.66,0,0.05,38
6245,-0.48,0,0.05,4
4383,0.73,0,0.292,31
6246,1.0,1,0.05,13
6247,0.97,1,0.05,14
4384,-0.64,0,0.292,31
6248,0.93,1,0.05,15
6249,0.98,1,0.05,10
4385,-0.69,0,0.291,29
6250,1.01,1,0.05,23
6251,0.92,1,0.05,16
4386,0.87,1,0.291,22
6252,0.94,1,0.05,11
6253,-0.51,0,0.05,11
4387,0.89,1,0.291,24
4388,0.75,0,0.291,29
6254,0.79,0,0.05,53
6255,0.98,1,0.05,10
6256,0.93,1,0.05,12
4389,0.86,1,0.291,35
6257,0.91,1,0.05,19
4390,0.94,1,0.29,18
6258,0.99,1,0.05,12
6259,1.0,1,0.05,13
4391,0.89,1,0.29,17
4392,-0.56,0,0.29,26
6260,1.02,1,0.05,29
6261,0.93,1,0.05,14
4393,-0.57,0,0.29,14
6262,0.94,1,0.05,12
4394,-0.6,0,0.29,20
6263,0.91,1,0.05,20
6264,0.93,1,0.05,16
4395,-0.79,0,0.289,55
6265,-0.58,0,0.05,32
4396,-0.59,0,0.289,26
6266,0.96,1,0.05,27
6267,0.98,1,0.05,13
4397,0.92,1,0.289,27
6268,0.97,1,0.05,27
4398,0.96,1,0.289,15
6269,0.97,1,0.05,8
6270,0.92,1,0.05,23
4399,-0.64,0,0.289,28
4400,-0.49,0,0.289,4
6271,0.9,1,0.05,23
4401,0.92,1,0.288,19
6272,0.96,1,0.05,9
4402,-0.54,0,0.288,14
6273,0.91,1,0.05,24
6274,0.91,1,0.05,27
4403,0.82,1,0.288,38
6275,-0.51,0,0.05,3
6276,0.93,1,0.05,20
4404,-0.64,0,0.288,44
4405,-0.57,0,0.288,12
6277,0.76,0,0.05,100
6278,0.95,1,0.05,9
6279,0.86,1,0.05,39
6280,0.94,1,0.05,13
6281,0.93,1,0.05,15
6282,-0.52,0,0.05,15
6283,0.95,1,0.05,8
6284,-0.5,0,0.05,3
6285,0.94,1,0.05,15
6286,0.93,1,0.05,14
6287,0.96,1,0.05,7
6288,0.91,1,0.05,23
6289,-0.49,0,0.05,4
6290,-0.46,0,0.05,15
6291,-0.49,0,0.05,4
6292,0.92,1,0.05,22
6293,-0.48,0,0.05,11
6294,-0.5,0,0.05,3
6295,0.89,1,0.05,29
6296,0.91,1,0.05,25
6297,0.95,1,0.05,11
6298,0.96,1,0.05,13
6299,0.93,1,0.05,19
6300,0.99,1,0.05,13
6301,1.02,1,0.05,21
6302,0.98,1,0.05,9
6303,0.93,1,0.05,13
6304,0.91,1,0.05,29
6305,-0.52,0,0.05,43
6306,0.88,1,0.05,15
6307,0.9,1,0.05,27
6308,0.97,1,0.05,16
6309,1.0,1,0.05,23
6310,0.93,1,0.05,23
6311,0.98,1,0.05,12
6312,-0.49,0,0.05,4
6313,-0.6,0,0.05,33
6314,-0.48,0,0.05,4
6315,-0.52,0,0.05,12
6316,1.0,1,0.05,14
6317,0.95,1,0.05,11
6318,0.98,1,0.05,11
6319,0.99,1,0.05,13
6320,0.93,1,0.05,14
4406,-0.62,0,0.287,16
6321,0.92,1,0.05,10
6322,0.95,1,0.05,10
6323,0.99,1,0.05,12
4407,0.89,1,0.287,34
6324,0.93,1,0.05,15
6325,0.91,1,0.05,23
4408,0.89,1,0.287,36
6326,0.91,1,0.05,26
4409,-0.57,0,0.287,25
6327,0.96,1,0.05,22
6328,0.98,1,0.05,12
4410,0.8,0,0.286,32
6329,0.98,1,0.05,16
4411,-0.59,0,0.286,11
6330,0.98,1,0.05,11
6331,0.91,1,0.05,22
4412,0.88,1,0.286,25
6332,0.95,1,0.05,9
4413,-0.51,0,0.286,4
6333,0.95,1,0.05,13
4414,-0.58,0,0.286,18
6334,0.92,1,0.05,22
4415,-0.67,0,0.286,16
6335,0.94,1,0.05,12
6336,-0.58,0,0.05,12
4416,0.82,1,0.286,32
6337,0.91,1,0.05,21
6338,-0.55,0,0.05,7
4417,0.96,1,0.285,16
6339,0.98,1,0.05,12
4418,0.84,1,0.285,21
6340,0.94,1,0.05,15
4419,0.96,1,0.285,12
6341,-0.59,0,0.05,29
4420,-0.53,0,0.285,18
6342,-0.54,0,0.05,14
6343,0.91,1,0.05,25
4421,0.89,1,0.285,35
6344,-0.63,0,0.05,44
4422,-0.71,0,0.284,45
6345,0.96,1,0.05,13
4423,0.89,1,0.284,32
6347,-0.49,0,0.05,4
6348,-0.53,0,0.05,19
4424,0.92,1,0.284,25
4425,0.97,1,0.284,12
6349,0.9,1,0.05,26
4426,0.95,1,0.284,14
6350,-0.63,0,0.05,28
4427,-0.54,0,0.284,10
6351,0.99,1,0.05,12
4428,-0.64,0,0.284,21
6352,-0.6,0,0.05,32
4429,-0.68,0,0.283,26
4430,-0.56,0,0.283,4
6353,0.98,1,0.05,10
4431,0.94,1,0.283,3
6354,0.94,1,0.05,11
6355,0.87,1,0.05,20
4432,-0.65,0,0.283,24
4433,0.9,1,0.283,3
6356,0.95,1,0.05,8
4434,-0.6,0,0.283,15
6357,0.92,1,0.05,26
6358,0.99,1,0.05,11
4435,-0.73,0,0.283,35
4436,-0.55,0,0.283,19
6359,-0.65,0,0.05,37
4437,0.8,0,0.282,15
6360,1.0,1,0.05,23
6361,0.92,1,0.05,19
6362,0.93,1,0.05,19
4438,-0.96,0,0.282,51
6363,0.94,1,0.05,13
6364,0.94,1,0.05,14
6365,0.94,1,0.05,11
4439,0.87,1,0.282,38
6366,0.88,1,0.05,25
6367,0.92,1,0.05,18
4440,-0.58,0,0.281,31
4441,-0.5,0,0.281,9
6368,-0.46,0,0.05,16
6369,0.94,1,0.05,14
4442,0.74,0,0.281,33
6370,0.94,1,0.05,13
4443,0.98,1,0.281,11
6371,0.91,1,0.05,24
4444,-0.62,0,0.281,15
4445,0.84,1,0.281,18
6372,1.05,1,0.05,34
4446,-0.61,0,0.281,24
6373,0.94,1,0.05,34
4447,-0.54,0,0.28,17
6374,0.95,1,0.05,9
4448,0.8,0,0.28,16
6375,1.0,1,0.05,15
6376,0.92,1,0.05,13
4449,-0.59,0,0.28,24
6377,0.95,1,0.05,22
6378,0.92,1,0.05,23
4450,0.74,0,0.28,48
6379,0.99,1,0.05,19
6380,0.98,1,0.05,11
4451,0.98,1,0.28,20
4452,0.78,0,0.279,16
6381,-0.56,0,0.05,28
6382,0.98,1,0.05,11
4453,-0.56,0,0.279,25
4454,-0.51,0,0.279,4
6383,0.93,1,0.05,21
6384,0.96,1,0.05,11
4455,-0.65,0,0.279,20
4456,0.9,1,0.279,17
4457,-0.6,0,0.279,12
6385,-0.65,0,0.05,44
6386,0.97,1,0.05,13
4458,0.84,1,0.279,15
6387,0.93,1,0.05,18
4459,-0.63,0,0.279,16
6388,0.95,1,0.05,11
4460,-0.57,0,0.278,16
6389,-0.6,0,0.05,28
4461,0.86,1,0.278,31
6390,0.95,1,0.05,13
4462,-0.5,0,0.278,9
4463,-0.59,0,0.278,3
6391,-0.69,0,0.05,31
6392,0.99,1,0.05,18
6393,1.01,1,0.05,24
4464,-1.12,0,0.278,60
6394,0.93,1,0.05,16
4465,-0.66,0,0.278,17
6395,0.94,1,0.05,14
6396,0.94,1,0.05,9
4466,-0.69,0,0.277,23
6397,0.91,1,0.05,24
6398,0.94,1,0.05,17
4467,0.74,0,0.277,33
6399,0.91,1,0.05,22
4468,-0.65,0,0.277,22
6400,1.0,1,0.05,20
4469,-0.59,0,0.277,17
4470,0.86,1,0.277,19
6401,0.91,1,0.05,18
6402,0.98,1,0.05,11
6403,0.95,1,0.05,13
4471,-0.66,0,0.276,37
6404,0.93,1,0.05,15
6405,0.95,1,0.05,13
6406,0.95,1,0.05,9
4472,-0.53,0,0.276,23
6407,0.99,1,0.05,14
6408,0.88,1,0.05,8
4473,-0.58,0,0.276,23
6409,0.94,1,0.05,14
4474,0.92,1,0.276,20
6410,0.91,1,0.05,20
4475,-0.57,0,0.276,24
6411,0.93,1,0.05,22
6412,0.97,1,0.05,20
4476,0.92,1,0.275,25
6413,0.94,1,0.05,14
4477,-0.56,0,0.275,11
4478,-0.7,0,0.275,20
6414,0.92,1,0.05,25
4479,-0.5,0,0.275,3
6415,0.88,1,0.05,28
4480,0.86,1,0.275,32
6416,1.01,1,0.05,23
6417,-0.51,0,0.05,4
6418,-0.5,0,0.05,3
4481,0.83,1,0.275,27
6419,0.91,1,0.05,18
6420,0.91,1,0.05,25
4482,0.94,1,0.274,33
4483,-0.76,0,0.274,17
6421,-0.6,0,0.05,27
6422,-0.56,0,0.05,25
4484,-0.55,0,0.274,29
6423,0.9,1,0.05,25
6424,0.9,1,0.05,25
4485,0.66,0,0.274,42
6425,-0.62,0,0.05,16
4486,0.95,1,0.274,22
6426,0.92,1,0.05,20
6427,-0.63,0,0.05,24
4487,-0.81,0,0.273,34
6428,1.02,1,0.05,26
4488,0.86,1,0.273,24
6429,0.97,1,0.05,13
4489,0.93,1,0.273,12
6430,0.93,1,0.05,15
4490,0.89,1,0.273,19
6431,1.0,1,0.05,16
6432,0.88,1,0.05,23
6433,0.88,1,0.05,23
4491,0.64,0,0.272,52
6434,0.92,1,0.05,19
4492,0.96,1,0.272,27
6435,-0.59,0,0.05,29
4493,0.9,1,0.272,26
6436,0.9,1,0.05,23
4494,0.88,1,0.272,14
6437,1.01,1,0.05,25
6438,0.98,1,0.05,10
6439,0.98,1,0.05,15
4495,-0.97,0,0.272,45
4496,0.96,1,0.271,9
6440,0.91,1,0.05,31
4497,-0.52,0,0.271,22
6441,0.93,1,0.05,14
6442,0.97,1,0.05,14

6443,0.94,1,0.05,12
4499,-0.5,0,0.271,18
6444,0.99,1,0.05,14
6445,0.88,1,0.05,21
4500,0.92,1,0.271,32
4501,-0.54,0,0.271,4
6446,0.94,1,0.05,12
6447,-0.56,0,0.05,3
4502,-0.51,0,0.271,16
6448,-0.54,0,0.05,13
6449,0.99,1,0.05,11
6450,-0.51,0,0.05,4
6451,0.97,1,0.05,8
4503,-0.64,0,0.27,28
6452,0.93,1,0.05,15
6453,0.99,1,0.05,17
4504,0.78,0,0.27,30
6454,-0.52,0,0.05,19
6455,0.95,1,0.05,10
4505,0.91,1,0.27,23
4506,0.81,1,0.27,33
6456,-0.6,0,0.05,44
4507,0.97,1,0.27,10
4508,0.85,1,0.269,18
4509,-0.65,0,0.269,18
6457,-0.75,0,0.05,57
4510,-0.53,0,0.269,24
6458,0.94,1,0.05,19
4511,-0.55,0,0.269,17
6459,0.98,1,0.05,12
6460,0.97,1,0.05,8
4512,-0.61,0,0.269,16
6461,0.98,1,0.05,13
6462,0.97,1,0.05,12
4513,0.91,1,0.269,32
6463,1.0,1,0.05,21
6464,0.99,1,0.05,23
4514,0.85,1,0.268,27
4515,-0.55,0,0.268,15
4516,0.96,1,0.268,9
6465,-0.6,0,0.05,27
6466,-0.48,0,0.05,3
6467,0.96,1,0.05,10
4517,0.83,1,0.268,21
4518,0.97,1,0.268,10
4519,-0.5,0,0.268,4
6468,-0.49,0,0.05,25
6469,0.98,1,0.05,7
4520,0.89,1,0.268,19
6470,0.96,1,0.05,22
4521,-0.57,0,0.268,20
6471,0.93,1,0.05,14
4522,0.95,1,0.268,13
6472,1.0,1,0.05,13
4523,-0.6,0,0.267,4
6473,-0.49,0,0.05,4
6474,-0.68,0,0.05,20
4524,0.95,1,0.267,30
6475,0.92,1,0.05,21
4525,0.94,1,0.267,21
6476,0.93,1,0.05,16
6477,0.99,1,0.05,16
4526,0.93,1,0.267,27
6478,0.91,1,0.05,26
4527,-0.52,0,0.267,17
6479,0.89,1,0.05,25
4528,0.76,0,0.267,27
6480,0.98,1,0.05,27
4529,0.95,1,0.266,20
6481,0.98,1,0.05,17
4530,-0.5,0,0.266,14
6482,0.95,1,0.05,12
4531,-0.58,0,0.266,16
6483,-0.58,0,0.05,24
4532,0.9,1,0.266,19
6484,1.0,1,0.05,16
4533,-0.58,0,0.266,24
4534,-0.52,0,0.266,10
6485,1.0,1,0.05,21
4535,-0.47,0,0.266,13
4536,0.94,1,0.266,3
6486,-0.52,0,0.05,21
6487,0.9,1,0.05,24
4537,-0.62,0,0.265,29
4538,-0.52,0,0.265,18
6488,0.89,1,0.05,30
6489,0.94,1,0.05,16
6490,0.98,1,0.05,9
4539,-0.63,0,0.265,33
6491,0.92,1,0.05,15
6492,-0.53,0,0.05,9
6493,-0.52,0,0.05,5
4540,0.83,1,0.265,27
6494,0.93,1,0.05,11
6495,-0.5,0,0.05,5
4541,0.95,1,0.265,10
6496,-0.49,0,0.05,4
6497,0.94,1,0.05,12
4542,0.76,0,0.265,17
6498,0.94,1,0.05,15
4543,-0.62,0,0.264,28
6499,-0.43,0,0.05,26
6500,0.99,1,0.05,15
6501,0.96,1,0.05,9
4544,0.74,0,0.264,42
6502,-0.5,0,0.05,22
4545,0.91,1,0.264,27
6503,0.9,1,0.05,26
4546,0.8,0,0.264,20
6504,0.99,1,0.05,17
4547,-0.5,0,0.264,3
6505,-0.52,0,0.05,12
6506,0.97,1,0.05,14
4548,-0.72,0,0.263,25
4549,-0.56,0,0.263,12
6507,1.02,1,0.05,27
4550,-0.65,0,0.263,22
6508,0.82,1,0.05,26
6509,-0.5,0,0.05,5
4551,-0.58,0,0.263,18
6510,0.97,1,0.05,10
4552,0.98,1,0.263,14
6511,1.01,1,0.05,19
4553,0.93,1,0.263,13
4554,-0.56,0,0.263,12
6512,0.91,1,0.05,22
6513,0.98,1,0.05,10
6514,0.97,1,0.05,9
4555,-0.61,0,0.262,25
6515,0.95,1,0.05,12
4556,-0.66,0,0.262,12
6516,0.99,1,0.05,11
6517,1.0,1,0.05,15
4557,0.85,1,0.262,26
6518,0.99,1,0.05,17
4558,-0.64,0,0.262,20
4559,-0.49,0,0.262,6
6519,1.0,1,0.05,23
4560,-0.66,0,0.262,16
4561,-0.67,0,0.262,27
4562,0.97,1,0.261,22
4563,0.8,0,0.261,16
4564,0.95,1,0.261,20
4565,-0.59,0,0.261,14
4566,-0.58,0,0.261,15
4567,0.71,0,0.261,32
4568,-0.84,0,0.26,35
4569,-0.58,0,0.26,27
4570,0.92,1,0.26,24
4571,-0.55,0,0.26,13
4572,0.84,1,0.26,18
4573,0.93,1,0.26,27
4574,-0.52,0,0.259,11
4575,0.79,0,0.259,31
4576,0.94,1,0.259,16
4577,0.92,1,0.259,22
4578,0.89,1,0.259,27
4579,-0.61,0,0.258,30
4580,0.91,1,0.258,25
4581,0.84,1,0.258,19
4582,-0.72,0,0.258,41
4583,-0.74,0,0.258,34
4584,-0.5,0,0.257,3
4585,0.97,1,0.257,10
4586,-0.73,0,0.257,31
4587,0.85,1,0.257,28
4588,0.9,1,0.257,18
4589,0.83,1,0.257,34
6520,-0.61,0,0.05,36
4590,0.94,1,0.256,12
6521,0.98,1,0.05,16
4591,0.95,1,0.256,17
6522,0.99,1,0.05,19
6523,0.95,1,0.05,20
6524,0.92,1,0.05,29
6525,0.98,1,0.05,10
4592,0.68,0,0.256,62
6526,1.0,1,0.05,20
4593,0.9,1,0.256,14
4594,-0.67,0,0.256,19
6527,0.92,1,0.05,17
4595,0.8,0,0.255,18
6528,0.91,1,0.05,25
6529,1.0,1,0.05,26
4596,0.96,1,0.255,23
6530,0.97,1,0.05,13
6531,0.99,1,0.05,27
4597,0.75,0,0.255,37
6532,0.92,1,0.05,23
4598,0.82,1,0.255,28
6533,0.97,1,0.05,12
6534,0.95,1,0.05,11
4599,-0.53,0,0.255,20
4600,-0.6,0,0.254,18
6535,-0.55,0,0.05,45
4601,-0.46,0,0.254,15
6536,0.99,1,0.05,13
6537,0.86,1,0.05,17
4602,0.89,1,0.254,33
4603,0.93,1,0.254,17
6538,-0.59,0,0.05,41
4604,-0.8,0,0.254,35
4605,-0.49,0,0.254,4
6539,0.93,1,0.05,25
6540,-0.5,0,0.05,3
4606,-0.5,0,0.254,5
6541,0.94,1,0.05,15
4607,-0.59,0,0.253,14
6542,0.93,1,0.05,16
6543,0.97,1,0.05,8
6544,0.91,1,0.05,24
4608,0.82,1,0.253,42
6545,0.95,1,0.05,12
6546,0.99,1,0.05,19
4609,0.89,1,0.253,27
6547,0.94,1,0.05,14
4610,-0.61,0,0.253,29
4611,-0.55,0,0.253,14
4612,-0.48,0,0.252,14
4613,-0.58,0,0.252,31
4614,-0.61,0,0.252,11
4615,-0.64,0,0.252,12
4616,-0.49,0,0.252,4
4617,-0.53,0,0.252,17
4618,-0.59,0,0.252,15
4619,0.89,1,0.252,20
4620,0.85,1,0.251,29
4621,0.82,1,0.251,21
4622,0.65,0,0.251,42
4623,-0.77,0,0.25,58
4624,0.92,1,0.25,18
4625,0.8,0,0.25,40
4626,0.89,1,0.25,28
4627,0.83,1,0.249,35
4628,0.96,1,0.249,11
4629,0.95,1,0.249,7
4630,0.81,1,0.249,24
4631,0.95,1,0.249,31
4632,0.82,1,0.249,38
4633,0.7,0,0.248,55
4634,-0.56,0,0.248,23
4635,0.9,1,0.248,27
4636,0.75,0,0.248,14
4637,-0.57,0,0.248,11
4638,-0.61,0,0.247,26
4639,-0.55,0,0.247,13
4640,-0.58,0,0.247,21
4641,0.92,1,0.247,20
4642,-0.61,0,0.247,23
4643,0.88,1,0.246,24
4644,0.91,1,0.246,21
4645,-0.59,0,0.246,23
4646,0.9,1,0.246,32
4647,0.75,0,0.246,22
4648,0.78,0,0.245,47
4649,-0.58,0,0.245,9
4650,0.87,1,0.245,26
4651,-0.55,0,0.245,26
4652,-0.68,0,0.245,23
4653,0.9,1,0.244,28
4654,0.94,1,0.244,11
4655,-0.67,0,0.244,35
4656,0.95,1,0.244,13
4657,0.9,1,0.244,22
4658,0.97,1,0.244,10
4659,0.92,1,0.244,21
4660,0.86,1,0.243,15
4661,0.96,1,0.243,11
4662,0.84,1,0.243,27
4663,0.84,1,0.243,23
4664,-0.66,0,0.243,30
4665,0.71,0,0.242,39
4666,0.78,0,0.242,30
4667,-0.72,0,0.242,30
4668,0.95,1,0.242,24
4669,0.95,1,0.242,24
4670,0.95,1,0.241,14
4671,-0.68,0,0.241,28
4672,-0.51,0,0.241,4
4673,0.98,1,0.241,12
4674,-0.48,0,0.241,5
4675,-0.5,0,0.241,3
4676,0.84,1,0.241,31
4677,0.9,1,0.241,25
4678,0.95,1,0.24,21
4679,-0.53,0,0.24,16
4680,-0.63,0,0.24,18
4681,0.77,0,0.24,36
4682,0.85,1,0.24,14
4683,-0.6,0,0.24,23
4684,0.92,1,0.239,16
4685,-0.62,0,0.239,12
4686,0.89,1,0.239,30
4687,0.82,1,0.239,30
4688,-0.49,0,0.239,10
4689,-0.6,0,0.239,36
4690,0.87,1,0.238,21
6548,-13.07,0,0.05,2975
4691,-0.58,0,0.238,20
6549,0.9,1,0.05,23
4692,-0.66,0,0.238,19
6550,-0.51,0,0.05,13
6551,0.97,1,0.05,12
4693,0.9,1,0.238,22
6552,0.95,1,0.05,14
4694,-0.53,0,0.238,17
6553,1.0,1,0.05,18
4695,0.81,1,0.238,29
6554,0.93,1,0.05,30
6555,0.98,1,0.05,14
6556,0.93,1,0.05,14
4696,-0.75,0,0.237,26
6557,0.93,1,0.05,16
6558,0.98,1,0.05,11
4697,-0.57,0,0.237,23
6559,0.99,1,0.05,20
4698,0.75,0,0.237,37
6560,0.92,1,0.05,21
6561,0.92,1,0.05,15
4699,0.96,1,0.237,27
6562,0.92,1,0.05,19
4700,-0.5,0,0.237,10
6563,0.9,1,0.05,19
4701,-0.59,0,0.236,19
6564,0.93,1,0.05,17
4702,0.97,1,0.236,14
6565,0.91,1,0.05,23
6566,0.93,1,0.05,11
4703,-0.7,0,0.236,25
6567,-0.54,0,0.05,13
4704,-0.62,0,0.236,19
6568,0.9,1,0.05,26
4705,-0.49,0,0.236,15
4706,-0.55,0,0.236,11
6569,0.93,1,0.05,21
4707,0.85,1,0.236,22
6570,1.0,1,0.05,22
6571,0.94,1,0.05,17
4708,-0.53,0,0.235,24
6572,0.92,1,0.05,30
4709,0.95,1,0.235,28
6573,0.87,1,0.05,17
6574,-0.51,0,0.05,4
4710,-0.66,0,0.235,18
6575,0.96,1,0.05,11
4711,0.87,1,0.235,20
6576,0.94,1,0.05,13
4712,-0.52,0,0.235,5
6577,0.96,1,0.05,15
4713,0.82,1,0.235,23
6578,1.02,1,0.05,17
6579,0.92,1,0.05,18
4714,-0.61,0,0.234,21
4715,0.95,1,0.234,28
6580,0.78,0,0.05,51
4716,0.9,1,0.234,21
6581,-0.5,0,0.05,5
6582,1.0,1,0.05,19
6583,0.83,1,0.05,17
4717,0.84,1,0.234,39
6584,0.93,1,0.05,29
4718,0.91,1,0.234,21
6585,0.99,1,0.05,26
4719,0.84,1,0.233,22
6586,1.0,1,0.05,18
4720,0.9,1,0.233,21
6587,0.9,1,0.05,15
4721,-0.61,0,0.233,12
6588,0.97,1,0.05,10
4722,0.89,1,0.233,15
6589,0.92,1,0.05,22
4723,0.93,1,0.233,13
6590,0.91,1,0.05,23
6591,0.94,1,0.05,13
4724,-0.76,0,0.233,34
6592,0.99,1,0.05,21
6593,0.95,1,0.05,10
6594,0.96,1,0.05,9
4725,0.83,1,0.232,36
6595,0.81,1,0.05,22
4726,-0.54,0,0.232,17
6596,0.99,1,0.05,14
4727,0.98,1,0.232,19
6597,1.0,1,0.05,30
4728,0.96,1,0.232,12
6598,0.89,1,0.05,18
6599,-0.5,0,0.05,3
4729,0.87,1,0.232,27
6600,0.9,1,0.05,25
4730,0.86,1,0.232,19
6601,1.0,1,0.05,20
6602,0.92,1,0.05,16
6603,0.98,1,0.05,11
4731,0.71,0,0.231,54
6604,0.88,1,0.05,31
4732,-0.56,0,0.231,15
6605,0.93,1,0.05,13
6606,0.94,1,0.05,13
4733,0.91,1,0.231,31
6607,-0.5,0,0.05,17
6608,0.99,1,0.05,15
4734,-0.65,0,0.231,33
6609,1.0,1,0.05,20
6610,-0.51,0,0.05,14
4735,0.89,1,0.23,30
4736,-0.49,0,0.23,18
6611,0.85,1,0.05,42
6612,0.99,1,0.05,11
4737,0.95,1,0.23,16
6613,0.99,1,0.05,15
6614,1.0,1,0.05,14
4738,-0.66,0,0.23,30
4739,-0.49,0,0.23,4
6615,0.91,1,0.05,16
6616,-0.49,0,0.05,4
4740,0.8,0,0.23,20
6617,0.92,1,0.05,21
4741,0.85,1,0.229,24
6618,0.9,1,0.05,27
6619,-0.5,0,0.05,3
6620,-0.53,0,0.05,9
4742,0.77,0,0.229,23
6621,1.01,1,0.05,20
4743,0.9,1,0.229,26
6622,0.91,1,0.05,21
4744,0.96,1,0.229,16
4745,-0.59,0,0.229,13
6623,0.9,1,0.05,29
6624,-0.56,0,0.05,22
4746,0.95,1,0.229,27
6625,0.92,1,0.05,20
6626,0.92,1,0.05,14
6627,1.0,1,0.05,18
4747,-0.71,0,0.228,53
6628,0.94,1,0.05,12
4748,0.95,1,0.228,11
6629,0.92,1,0.05,17
6630,0.95,1,0.05,6
4749,-0.67,0,0.228,11
6631,0.91,1,0.05,25
4750,0.79,0,0.228,29
4751,0.94,1,0.228,3
6632,0.93,1,0.05,14
6633,0.98,1,0.05,12
4752,-0.58,0,0.228,26
4753,0.96,1,0.227,16
4754,0.76,0,0.227,29
4755,0.98,1,0.227,15
4756,0.91,1,0.227,35
4757,0.96,1,0.227,29
4758,-0.53,0,0.227,5
4759,-0.51,0,0.226,19
4760,0.9,1,0.226,28
4761,-0.62,0,0.226,22
4762,0.78,0,0.226,36
4763,-0.72,0,0.226,16
4764,0.85,1,0.225,32
4765,-0.55,0,0.225,19
4766,-0.64,0,0.225,26
4767,0.85,1,0.225,20
4768,0.86,1,0.225,17
4769,0.8,0,0.224,27
4770,0.79,0,0.224,43
4771,-0.57,0,0.224,35
4772,-0.61,0,0.224,12
4773,-0.59,0,0.224,24
4774,-0.54,0,0.223,18
4775,0.96,1,0.223,23
4776,-0.68,0,0.223,21
4777,-0.51,0,0.223,12
4778,0.94,1,0.223,22
4779,-0.56,0,0.223,16
4780,0.89,1,0.222,33
4781,0.97,1,0.222,14
4782,0.95,1,0.222,18
4783,0.92,1,0.222,24
6634,0.97,1,0.05,33
4784,-0.55,0,0.222,14
6635,-0.53,0,0.05,16
4785,0.97,1,0.222,20
6636,-0.64,0,0.05,35
6637,0.93,1,0.05,12
4786,0.88,1,0.221,30
6638,0.95,1,0.05,10
4787,-0.61,0,0.221,13
6639,0.93,1,0.05,12
6640,0.9,1,0.05,24
4788,0.67,0,0.221,33
6641,-0.55,0,0.05,4
6642,-0.51,0,0.05,11
4789,-0.81,0,0.221,26
6643,-0.53,0,0.05,34
4790,-0.72,0,0.221,26
6644,1.0,1,0.05,15
4791,-0.5,0,0.221,10
4792,-0.55,0,0.22,15
6645,-0.68,0,0.05,50
4793,0.96,1,0.22,23
4794,0.79,0,0.22,15
6646,0.95,1,0.05,18
4795,-0.61,0,0.22,21
6647,0.92,1,0.05,30
6648,-0.49,0,0.05,4
6649,0.94,1,0.05,14
6650,0.95,1,0.05,11
6651,0.98,1,0.05,11
4796,0.78,0,0.22,52
6652,0.95,1,0.05,12
6653,0.93,1,0.05,11
4797,0.96,1,0.219,24
6654,0.91,1,0.05,22
6655,-0.48,0,0.05,5
6656,0.98,1,0.05,15
4798,0.89,1,0.219,29
6657,0.99,1,0.05,14
6658,0.95,1,0.05,15
4799,-0.61,0,0.219,29
6659,-0.56,0,0.05,23
4800,-0.62,0,0.219,22
6660,0.96,1,0.05,17
6661,1.0,1,0.05,23
4801,0.9,1,0.219,32
6662,-0.49,0,0.05,6
4802,0.96,1,0.218,11
6663,0.86,1,0.05,19
4803,-0.61,0,0.218,17
6664,0.93,1,0.05,16
6665,0.98,1,0.05,17
6666,0.97,1,0.05,19
6667,0.92,1,0.05,16
6668,0.95,1,0.05,12
4804,0.83,1,0.218,72
6669,0.91,1,0.05,27
4805,0.82,1,0.218,23
4806,0.93,1,0.217,18
6670,0.96,1,0.05,30
4807,0.98,1,0.217,27
6671,0.89,1,0.05,29
4808,-0.53,0,0.217,11
6672,-0.69,0,0.05,40
4809,-0.49,0,0.217,24
6673,0.93,1,0.05,17
4810,0.97,1,0.217,14
6674,0.94,1,0.05,15
4811,-0.71,0,0.217,32
6675,-0.55,0,0.05,28
4812,-0.51,0,0.217,10
6676,1.0,1,0.05,23
4813,0.86,1,0.216,25
4814,-0.49,0,0.216,4
6677,1.01,1,0.05,19
4815,0.95,1,0.216,9
4816,0.98,1,0.216,7
6678,0.9,1,0.05,29
6679,1.0,1,0.05,16
4817,-0.55,0,0.216,35
6680,0.98,1,0.05,14
6681,-0.54,0,0.05,9
4818,0.81,1,0.216,32
6682,-0.71,0,0.05,59
4819,-0.75,0,0.215,32
6683,-0.61,0,0.05,22
6684,0.99,1,0.05,12
4820,0.79,0,0.215,38
4821,0.95,1,0.215,18
6685,-0.76,0,0.05,31
6686,1.02,1,0.05,21
4822,0.9,1,0.215,35
6687,0.9,1,0.05,24
4823,-0.55,0,0.215,15
6688,0.92,1,0.05,16
6689,0.95,1,0.05,12
4824,0.93,1,0.214,26
6690,0.95,1,0.05,8
6691,0.99,1,0.05,10
4825,0.94,1,0.214,17
6692,-0.66,0,0.05,33
6693,0.97,1,0.05,14
4826,0.83,1,0.214,41
6694,0.96,1,0.05,12
6695,0.96,1,0.05,13
6696,1.01,1,0.05,21
4827,0.64,0,0.213,45
6697,1.01,1,0.05,18
6698,0.91,1,0.05,18
4828,0.83,1,0.213,31
6699,0.94,1,0.05,15
6700,0.94,1,0.05,12
4829,-0.6,0,0.213,20
6701,0.99,1,0.05,16
4830,0.95,1,0.213,14
4831,-0.49,0,0.213,4
6702,0.94,1,0.05,17
4832,-0.48,0,0.213,12
6703,0.98,1,0.05,15
4833,0.92,1,0.213,24
6704,0.87,1,0.05,23
6705,0.98,1,0.05,10
4834,-0.56,0,0.213,18
4835,-0.49,0,0.212,4
6706,0.92,1,0.05,17
4836,0.95,1,0.212,20
6707,-0.53,0,0.05,34
6708,-0.49,0,0.05,4
4837,-0.61,0,0.212,22
6709,0.95,1,0.05,10
4838,0.91,1,0.212,20
6710,-0.6,0,0.05,30
6711,0.99,1,0.05,28
4839,0.88,1,0.212,37
6712,0.98,1,0.05,15
6713,-0.58,0,0.05,14
6714,0.95,1,0.05,10
4840,0.83,1,0.212,28
6715,0.97,1,0.05,28
4841,0.79,0,0.211,36
6716,0.98,1,0.05,11
6717,0.98,1,0.05,8
6718,0.97,1,0.05,12
4842,0.88,1,0.211,24
6719,0.97,1,0.05,11
6720,-0.57,0,0.05,11
6721,-0.66,0,0.05,14
4843,-0.66,0,0.211,27
6722,0.93,1,0.05,16
4844,-0.73,0,0.211,32
6723,0.92,1,0.05,30
6724,0.9,1,0.05,24
4845,-0.74,0,0.21,40
6725,0.99,1,0.05,17
4846,-0.59,0,0.21,37
4847,-0.5,0,0.21,3
6726,0.67,0,0.05,51
4848,0.89,1,0.21,22
6727,0.97,1,0.05,21
6728,0.99,1,0.05,12
4849,0.92,1,0.21,27
6729,0.99,1,0.05,19
6730,0.96,1,0.05,8
4850,0.93,1,0.209,28
6731,0.99,1,0.05,25
4851,-0.48,0,0.209,16
6732,-0.6,0,0.05,15
4852,0.91,1,0.209,21
6733,0.99,1,0.05,21
4853,0.85,1,0.209,13
6734,0.99,1,0.05,15
6735,1.0,1,0.05,21
6736,-0.49,0,0.05,4
4854,-0.82,0,0.209,45
6737,0.99,1,0.05,14
6738,0.97,1,0.05,9
6739,-0.61,0,0.05,9
6740,-0.56,0,0.05,22
6741,0.99,1,0.05,12
6742,-0.51,0,0.05,4
6743,-0.49,0,0.05,4
6744,0.93,1,0.05,16
6745,0.92,1,0.05,13
6746,-0.52,0,0.05,15
6747,0.8,0,0.05,26
6748,0.93,1,0.05,13
6749,0.99,1,0.05,14
6750,0.94,1,0.05,12
6751,0.99,1,0.05,13
6752,0.96,1,0.05,9
6753,-0.52,0,0.05,3
6754,1.0,1,0.05,18
6755,0.98,1,0.05,14
6756,-0.63,0,0.05,35
6757,0.94,1,0.05,15
6758,0.84,1,0.05,41
6759,0.93,1,0.05,13
6760,1.02,1,0.05,24
6761,0.92,1,0.05,21
6762,0.94,1,0.05,16
6763,0.99,1,0.05,33
6764,0.94,1,0.05,15
6765,-0.49,0,0.05,4
6766,0.99,1,0.05,11
6767,-0.49,0,0.05,4
6768,0.95,1,0.05,12
6769,0.94,1,0.05,13
6770,-0.61,0,0.05,23
6771,0.91,1,0.05,19
6772,1.0,1,0.05,21
6773,0.98,1,0.05,11
6774,-0.53,0,0.05,12
6775,-0.5,0,0.05,4
6776,0.98,1,0.05,9
6777,0.99,1,0.05,12
6778,0.94,1,0.05,13
6779,0.92,1,0.05,18
6780,0.94,1,0.05,15
6781,0.98,1,0.05,16
6782,0.99,1,0.05,19
6783,0.99,1,0.05,16
6784,0.94,1,0.05,13
6785,0.93,1,0.05,19
6786,0.94,1,0.05,13
6787,0.96,1,0.05,11
6788,0.98,1,0.05,13
4855,-0.64,0,0.208,36
6789,0.97,1,0.05,16
4856,-0.61,0,0.208,16
6790,1.0,1,0.05,36
4857,-0.62,0,0.208,38
4858,-0.58,0,0.208,11
4859,0.96,1,0.208,16
6792,-0.65,0,0.05,32
4860,0.95,1,0.208,11
6793,0.99,1,0.05,13
6794,0.98,1,0.05,13
4861,-0.75,0,0.207,25
6795,0.96,1,0.05,12
6796,0.94,1,0.05,20
6797,0.98,1,0.05,12
4862,0.82,1,0.207,41
6798,0.98,1,0.05,11
6799,0.96,1,0.05,11
4863,-0.47,0,0.207,23
4864,0.86,1,0.207,19
6800,0.92,1,0.05,28
6801,0.88,1,0.05,21
4865,0.96,1,0.207,21
6802,1.0,1,0.05,19
4866,-0.54,0,0.206,20
6803,0.97,1,0.05,10
6804,-0.55,0,0.05,9
4867,-0.56,0,0.206,19
6805,0.98,1,0.05,12
6806,1.02,1,0.05,25
4868,0.86,1,0.206,30
6807,0.94,1,0.05,12
6808,0.98,1,0.05,15
4869,0.78,0,0.206,37
6809,1.0,1,0.05,26
6810,0.95,1,0.05,14
6811,0.98,1,0.05,14
4870,0.89,1,0.205,37
6812,0.88,1,0.05,29
4871,-0.58,0,0.205,29
4872,0.93,1,0.205,16
6813,0.97,1,0.05,25
6814,0.95,1,0.05,16
6815,0.95,1,0.05,13
4873,0.88,1,0.205,25
4874,-0.6,0,0.205,18
6816,0.97,1,0.05,20
4875,0.95,1,0.205,15
6817,0.95,1,0.05,24
4876,-0.67,0,0.204,20
6818,-0.65,0,0.05,35
6819,0.97,1,0.05,9
4877,-0.66,0,0.204,39
6820,0.92,1,0.05,23
4878,0.95,1,0.204,10
6821,0.94,1,0.05,16
4879,-0.65,0,0.204,23
6822,0.94,1,0.05,19
4880,0.97,1,0.204,14
6823,-0.54,0,0.05,12
4881,-0.55,0,0.204,17
6824,0.92,1,0.05,26
6825,0.93,1,0.05,13
4882,0.82,1,0.203,24
6826,0.94,1,0.05,14
6827,0.94,1,0.05,10
4883,0.9,1,0.203,16
6828,0.99,1,0.05,19
4884,0.8,0,0.203,34
6829,1.0,1,0.05,20
4885,-0.53,0,0.203,8
6830,0.94,1,0.05,12
6831,-0.5,0,0.05,3
6832,0.97,1,0.05,10
6833,-0.52,0,0.05,7
4886,0.91,1,0.203,30
6834,0.98,1,0.05,10
4887,-0.52,0,0.203,19
6835,0.91,1,0.05,20
4888,0.94,1,0.203,3
6836,0.99,1,0.05,18
4889,-0.57,0,0.202,28
6837,0.98,1,0.05,30
4890,-0.68,0,0.202,14
6838,0.94,1,0.05,10
6839,-0.5,0,0.05,3
4891,0.75,0,0.202,26
4892,-0.55,0,0.202,3
6840,0.92,1,0.05,26
6841,0.94,1,0.05,13
6842,-0.49,0,0.05,4
6843,0.93,1,0.05,18
4893,0.75,0,0.202,38
6844,-0.48,0,0.05,3
4894,-0.52,0,0.202,5
6845,0.97,1,0.05,12
6846,0.99,1,0.05,15
6847,0.97,1,0.05,8
4895,0.8,0,0.201,37
4896,0.97,1,0.201,11
6848,0.84,1,0.05,31
6849,0.9,1,0.05,3
6850,0.98,1,0.05,10
4897,0.82,1,0.201,28
6851,1.0,1,0.05,16
6852,0.97,1,0.05,11
4898,0.86,1,0.201,19
6853,0.95,1,0.05,10
6854,0.94,1,0.05,10
6855,-0.5,0,0.05,4
4899,0.9,1,0.201,21
4900,-0.68,0,0.201,8
6856,0.92,1,0.05,13
6857,0.99,1,0.05,18
4901,0.85,1,0.2,31
6858,0.97,1,0.05,10
6859,0.99,1,0.05,17
4902,-0.6,0,0.2,23
4903,-0.6,0,0.2,18
6860,0.99,1,0.05,38
4904,-0.49,0,0.2,4
6861,0.93,1,0.05,16
6862,0.94,1,0.05,11
4905,0.83,1,0.2,37
6863,-0.49,0,0.05,26
6864,0.9,1,0.05,9
4906,-0.57,0,0.2,27
4907,-0.57,0,0.199,9
4908,-0.58,0,0.199,17
4909,0.97,1,0.199,11
6865,-0.8,0,0.05,72
4910,0.98,1,0.199,15
6866,0.93,1,0.05,13
6867,-0.52,0,0.05,11
6868,0.94,1,0.05,14
4911,0.85,1,0.199,33
6869,0.97,1,0.05,17
4912,0.96,1,0.199,16
6870,0.97,1,0.05,21
4913,0.94,1,0.199,20
6871,0.95,1,0.05,11
6872,0.98,1,0.05,36
4914,0.82,1,0.198,41
4915,0.97,1,0.198,13
6873,1.0,1,0.05,26
4916,0.95,1,0.198,8
6874,0.93,1,0.05,14
4917,0.97,1,0.198,14
6875,0.94,1,0.05,11
6876,0.93,1,0.05,17
4918,0.83,1,0.198,24
4919,0.79,0,0.198,16
6877,0.91,1,0.05,22
6878,0.93,1,0.05,15
4920,0.85,1,0.197,25
6879,0.94,1,0.05,16
6880,0.99,1,0.05,16
4921,0.91,1,0.197,28
6881,0.95,1,0.05,22
6882,-0.5,0,0.05,3
4922,-0.5,0,0.197,24
6883,0.95,1,0.05,13
4923,0.95,1,0.197,25
6884,0.9,1,0.05,25
4924,0.92,1,0.197,16
6885,1.01,1,0.05,23
6886,-0.71,0,0.05,20
4925,-0.61,0,0.197,28
6887,0.99,1,0.05,15
6888,0.94,1,0.05,13
6889,0.93,1,0.05,15
4926,0.76,0,0.196,44
6890,0.93,1,0.05,14
6891,0.98,1,0.05,12
4927,-0.57,0,0.196,19
4928,-0.49,0,0.196,13
6892,0.93,1,0.05,26
6893,-0.52,0,0.05,15
4929,0.86,1,0.196,19
6894,0.97,1,0.05,13
6895,0.88,1,0.05,17
4930,-0.63,0,0.196,33
6896,-0.52,0,0.05,13
6897,1.0,1,0.05,20
4931,0.91,1,0.195,18
6898,0.92,1,0.05,16
4932,0.94,1,0.195,19
6899,0.78,0,0.05,16
4933,0.84,1,0.195,41
6900,-0.89,0,0.05,52
4934,0.88,1,0.195,18
4935,0.94,1,0.195,10
6901,0.92,1,0.05,20
6902,1.0,1,0.05,14
4936,0.92,1,0.195,14
6903,1.0,1,0.05,16
4937,0.96,1,0.194,24
6904,0.94,1,0.05,22
4938,0.88,1,0.194,20
6905,0.97,1,0.05,14
4939,-0.5,0,0.194,11
6906,0.94,1,0.05,17
4940,0.95,1,0.194,25
6907,-0.65,0,0.05,36
4941,0.83,1,0.194,26
6908,0.95,1,0.05,26
4942,0.88,1,0.194,20
6909,0.94,1,0.05,13
6910,0.95,1,0.05,12
6911,-0.49,0,0.05,6
4943,0.94,1,0.193,24
6912,0.98,1,0.05,13
6913,0.94,1,0.05,15
4944,0.92,1,0.193,19
6914,0.94,1,0.05,13
4945,-0.55,0,0.193,16
6915,1.01,1,0.05,23
4946,-0.57,0,0.193,14
6916,0.98,1,0.05,10
4947,0.96,1,0.193,16
6917,0.93,1,0.05,21
4948,-0.54,0,0.193,12
4949,0.91,1,0.193,21
6918,0.99,1,0.05,28
6919,0.97,1,0.05,16
4950,0.91,1,0.192,23
4951,0.9,1,0.192,20
6920,0.98,1,0.05,29
4952,-0.7,0,0.192,26
4953,-0.6,0,0.192,22
4954,0.95,1,0.192,16
4955,0.95,1,0.192,17
4956,-0.54,0,0.192,10
4957,0.53,0,0.191,78
4958,0.98,1,0.191,14
4959,-0.58,0,0.191,17
4960,0.94,1,0.191,20
4961,0.75,0,0.19,25
4962,0.88,1,0.19,26
4963,-0.63,0,0.19,5
4964,0.84,1,0.19,19
4965,-0.56,0,0.19,12
4966,0.91,1,0.19,20
4967,0.85,1,0.19,17
4968,0.73,0,0.189,41
4969,-0.66,0,0.189,34
4970,0.95,1,0.189,12
4971,0.9,1,0.189,16
4972,0.98,1,0.189,14
4973,0.89,1,0.188,32
4974,0.97,1,0.188,10
4975,0.88,1,0.188,25
4976,-0.65,0,0.188,48
4977,-0.55,0,0.188,10
4978,0.89,1,0.187,17
4979,0.94,1,0.187,3
4980,0.86,1,0.187,23
4981,0.88,1,0.187,28
4982,0.96,1,0.187,26
6921,-0.76,0,0.05,60
4983,-0.56,0,0.187,15
6922,-0.51,0,0.05,4
6923,0.92,1,0.05,19
4984,0.96,1,0.187,17
6924,0.92,1,0.05,15
6925,-0.51,0,0.05,15
4985,0.9,1,0.186,28
4986,0.94,1,0.186,17
6926,0.96,1,0.05,28
6927,0.95,1,0.05,11
4987,-0.51,0,0.186,17
6928,0.98,1,0.05,12
4988,0.96,1,0.186,9
6929,-0.59,0,0.05,37
4989,-0.74,0,0.186,43
6930,0.95,1,0.05,11
4990,-0.61,0,0.186,18
6931,0.93,1,0.05,21
4991,-0.52,0,0.186,4
6932,0.98,1,0.05,12
6933,-0.5,0,0.05,17
4992,-0.57,0,0.185,24
6934,0.99,1,0.05,13
4993,0.97,1,0.185,23
6935,0.9,1,0.05,23
6936,0.95,1,0.05,11
6937,0.94,1,0.05,13
4994,0.8,0,0.185,40
6938,-0.5,0,0.05,23
4995,-0.57,0,0.185,24
6939,-0.57,0,0.05,28
4996,0.95,1,0.184,23
6940,0.99,1,0.05,16
4997,0.83,1,0.184,18
6941,0.97,1,0.05,11
6942,0.96,1,0.05,11
6943,0.91,1,0.05,19
6944,0.93,1,0.05,12
4998,0.74,0,0.184,45
6945,0.94,1,0.05,11
4999,0.79,0,0.184,25
5000,0.89,1,0.184,16
5001,0.94,1,0.184,3
6946,-0.89,0,0.05,78
5002,-0.54,0,0.183,30
6947,0.94,1,0.05,14
6948,0.97,1,0.05,10
5003,0.9,1,0.183,31
6949,0.94,1,0.05,13
5004,-0.57,0,0.183,12
5005,-0.55,0,0.183,4
6950,-0.53,0,0.05,19
5006,0.91,1,0.183,9
6951,0.97,1,0.05,12
5007,-0.56,0,0.183,19
6952,0.98,1,0.05,15
6953,0.94,1,0.05,14
6954,0.93,1,0.05,17
5008,-0.6,0,0.182,33
5009,-0.52,0,0.182,3
6955,1.01,1,0.05,24
5010,0.93,1,0.182,18
6956,0.93,1,0.05,18
5011,-0.56,0,0.182,17
6957,0.99,1,0.05,13
6958,0.92,1,0.05,23
6959,0.99,1,0.05,16
5012,0.93,1,0.182,39
6960,0.97,1,0.05,8
6961,0.98,1,0.05,11
5013,-0.52,0,0.182,23
6962,0.96,1,0.05,10
5014,0.96,1,0.182,13
6963,0.97,1,0.05,13
5015,0.89,1,0.181,18
6964,0.94,1,0.05,9
6965,0.99,1,0.05,22
5016,0.88,1,0.181,30
6966,-0.52,0,0.05,19
6967,0.96,1,0.05,9
5017,0.94,1,0.181,32
6968,0.94,1,0.05,26
5018,-0.6,0,0.181,21
6969,0.94,1,0.05,28
5019,-0.55,0,0.181,20
5020,0.94,1,0.181,3
6970,0.92,1,0.05,18
6971,0.98,1,0.05,11
6972,0.94,1,0.05,13

5022,0.94,1,0.18,3
6973,0.92,1,0.05,19
6974,0.92,1,0.05,20
5023,-0.63,0,0.18,30
5024,-0.51,0,0.18,21
6975,0.89,1,0.05,25
6976,1.0,1,0.05,18
5025,-0.72,0,0.18,27
6977,0.96,1,0.05,10
5026,0.85,1,0.18,22
6978,1.02,1,0.05,27
5027,0.97,1,0.179,21
6979,0.94,1,0.05,13
6980,0.97,1,0.05,8
6981,0.99,1,0.05,14
5028,0.92,1,0.179,20
6982,1.0,1,0.05,21
6983,0.98,1,0.05,15
5029,0.91,1,0.179,30
5030,-0.59,0,0.179,18
6984,1.01,1,0.05,26
5031,-0.51,0,0.179,11
6985,0.92,1,0.05,15
6986,0.88,1,0.05,21
6987,0.98,1,0.05,17
5032,0.78,0,0.178,44
6988,1.0,1,0.05,18
5033,0.95,1,0.178,22
6989,-0.57,0,0.05,37
5034,-0.64,0,0.178,21
6990,0.93,1,0.05,13
5035,0.89,1,0.178,21
6991,0.84,1,0.05,24
5036,-0.65,0,0.178,23
6992,1.0,1,0.05,17
5037,0.96,1,0.178,17
6993,0.89,1,0.05,27
6994,0.92,1,0.05,18
6995,0.95,1,0.05,9
5038,-0.82,0,0.177,42
6996,0.97,1,0.05,13
6997,0.94,1,0.05,12
5039,-0.58,0,0.177,17
6998,0.98,1,0.05,10
5040,-0.57,0,0.177,18
6999,0.93,1,0.05,13
7000,0.91,1,0.05,16
7001,0.97,1,0.05,11
5041,0.83,1,0.177,26
7002,0.92,1,0.05,16
7003,0.99,1,0.05,14
5042,0.83,1,0.177,33
7004,0.98,1,0.05,11
7005,0.94,1,0.05,15
5043,0.95,1,0.176,15
7006,0.99,1,0.05,14
5044,0.97,1,0.176,16
7007,0.91,1,0.05,19
5045,0.91,1,0.176,22
7008,1.0,1,0.05,17
5046,-0.57,0,0.176,26
7009,1.01,1,0.05,26
7010,0.92,1,0.05,16
5047,0.87,1,0.176,26
5048,-0.54,0,0.176,16
7011,1.0,1,0.05,28
7012,0.97,1,0.05,10
5049,-0.52,0,0.175,13
7013,0.97,1,0.05,14
5050,0.99,1,0.175,22
7014,0.88,1,0.05,26
7015,0.96,1,0.05,10
5051,0.93,1,0.175,31
7016,-0.52,0,0.05,5
7017,0.88,1,0.05,32
7018,0.98,1,0.05,9
5052,-0.72,0,0.175,38
7019,0.94,1,0.05,13
5053,0.94,1,0.175,9
7020,0.92,1,0.05,18
7021,0.93,1,0.05,22
5054,0.8,0,0.174,24
7022,0.99,1,0.05,12
7023,0.95,1,0.05,17
5055,-0.58,0,0.174,29
7024,0.92,1,0.05,17
5056,0.97,1,0.174,18
7025,-0.56,0,0.05,11
7026,0.94,1,0.05,13
7027,0.94,1,0.05,15
5057,0.87,1,0.174,24
7028,0.93,1,0.05,16
5058,-0.55,0,0.174,18
5059,0.91,1,0.174,14
7029,0.82,1,0.05,26
5060,-0.59,0,0.174,18
7030,1.0,1,0.05,21
7031,0.93,1,0.05,9
5061,-0.57,0,0.173,20
7032,0.94,1,0.05,12
5062,-0.68,0,0.173,26
7033,0.94,1,0.05,24
5063,0.9,1,0.173,19
5064,-0.5,0,0.173,3
7034,0.92,1,0.05,18
7035,0.98,1,0.05,12
5065,0.96,1,0.173,25
7036,0.94,1,0.05,12
7037,0.89,1,0.05,18
5066,0.92,1,0.173,18
7038,0.94,1,0.05,17
5067,0.91,1,0.172,21
7039,0.97,1,0.05,11
7040,0.89,1,0.05,14
5068,0.89,1,0.172,21
7041,0.83,1,0.05,19
5069,0.76,0,0.172,30
5070,0.97,1,0.172,12
7042,-0.76,0,0.05,38
5071,-0.56,0,0.172,17
7043,0.91,1,0.05,23
5072,0.91,1,0.172,18
7044,-0.59,0,0.05,21
7045,0.95,1,0.05,11
5073,0.87,1,0.172,21
7046,0.95,1,0.05,13
5074,0.88,1,0.171,15
7047,0.97,1,0.05,29
5075,0.94,1,0.171,20
5076,-0.53,0,0.171,17
7048,-0.63,0,0.05,34
7049,-0.52,0,0.05,15
5077,0.89,1,0.171,21
7050,-0.58,0,0.05,20
5078,-0.67,0,0.171,26
7051,0.93,1,0.05,18
5079,0.95,1,0.171,12
7052,1.04,1,0.05,27
5080,0.97,1,0.17,27
7053,0.98,1,0.05,11
5081,-0.54,0,0.17,11
7054,-0.53,0,0.05,20
5082,-0.68,0,0.17,20
7055,-0.59,0,0.05,18
5083,-0.55,0,0.17,10
7056,0.98,1,0.05,12
7057,0.9,1,0.05,22
5084,0.91,1,0.17,29
7058,-0.64,0,0.05,15
7059,0.93,1,0.05,14
5085,0.99,1,0.17,23
7060,0.94,1,0.05,17
7061,0.92,1,0.05,14
5086,0.69,0,0.169,36
7062,0.92,1,0.05,20
5087,0.94,1,0.169,13
7063,-0.65,0,0.05,31
5088,0.98,1,0.169,24
7064,1.01,1,0.05,17
7065,0.96,1,0.05,13
5089,-0.62,0,0.169,31
7066,0.93,1,0.05,22
7067,0.9,1,0.05,19
7068,-0.57,0,0.05,20
7069,0.93,1,0.05,14
7070,0.95,1,0.05,8
7071,0.95,1,0.05,10
7072,0.93,1,0.05,19
7073,1.01,1,0.05,18
7074,1.01,1,0.05,25
7075,0.93,1,0.05,14
7076,0.92,1,0.05,25
7077,0.93,1,0.05,11
7078,1.0,1,0.05,18
7079,0.94,1,0.05,13
7080,-0.57,0,0.05,22
7081,0.91,1,0.05,28
7082,-0.58,0,0.05,32
7083,0.91,1,0.05,20
7084,-0.61,0,0.05,19
7085,0.99,1,0.05,14
7086,0.98,1,0.05,16
7087,-0.56,0,0.05,12
7088,0.96,1,0.05,9
7089,1.0,1,0.05,21
7090,0.94,1,0.05,11
7091,-0.6,0,0.05,29
7092,-0.5,0,0.05,3
7093,0.96,1,0.05,14
7094,0.95,1,0.05,20
7095,-0.64,0,0.05,26
7096,-0.61,0,0.05,16
7097,0.94,1,0.05,14
7098,0.92,1,0.05,26
7099,0.96,1,0.05,17
7100,0.99,1,0.05,14
7101,0.98,1,0.05,20
7102,0.91,1,0.05,22
7103,0.98,1,0.05,13
7104,-0.51,0,0.05,12
7105,0.95,1,0.05,19
7106,0.88,1,0.05,30
7107,0.98,1,0.05,10
7108,0.93,1,0.05,16
7109,0.93,1,0.05,14
7110,0.97,1,0.05,10
7111,0.94,1,0.05,17
7112,0.87,1,0.05,18
7113,0.92,1,0.05,18
7114,0.97,1,0.05,11
7115,-0.66,0,0.05,31
7116,0.94,1,0.05,13
7117,0.92,1,0.05,17
7118,-0.56,0,0.05,19
7119,0.92,1,0.05,20
7120,0.9,1,0.05,28
7121,0.99,1,0.05,16
7122,0.92,1,0.05,22
7123,-0.5,0,0.05,18
7124,0.95,1,0.05,15
7125,0.93,1,0.05,24
5090,-0.67,0,0.169,30
7126,0.83,1,0.05,41
7127,0.93,1,0.05,10
5091,0.88,1,0.168,20
7128,0.94,1,0.05,15
7129,0.94,1,0.05,10
5092,0.85,1,0.168,37
7130,0.93,1,0.05,21
7131,0.92,1,0.05,15
7132,-0.5,0,0.05,3
5093,-0.59,0,0.168,22
7133,-0.56,0,0.05,14
5094,-0.62,0,0.168,18
7134,1.0,1,0.05,18
5095,0.88,1,0.168,26
7135,0.95,1,0.05,24
7136,0.97,1,0.05,12
7137,0.96,1,0.05,7
5096,-0.61,0,0.168,22
7138,0.99,1,0.05,20
5097,-0.51,0,0.167,16
7139,0.99,1,0.05,16
7140,-0.49,0,0.05,4
5098,-0.62,0,0.167,26
7141,0.9,1,0.05,21
5099,0.93,1,0.167,19
7142,0.94,1,0.05,14
7143,-0.53,0,0.05,11
5100,0.97,1,0.167,19
7144,0.98,1,0.05,9
7145,0.93,1,0.05,14
5101,-0.58,0,0.167,33
7146,-0.54,0,0.05,25
7147,0.98,1,0.05,10
5102,0.97,1,0.166,17
7148,0.96,1,0.05,11
5103,0.85,1,0.166,31
7149,-0.59,0,0.05,27
7150,0.93,1,0.05,12
7151,-0.5,0,0.05,5
5104,0.97,1,0.166,28
7152,0.93,1,0.05,21
7153,0.95,1,0.05,10
5105,-0.56,0,0.166,26
7154,0.94,1,0.05,14
5106,0.83,1,0.166,28
7155,-0.68,0,0.05,47
5107,0.89,1,0.165,29
7156,-0.53,0,0.05,29
5108,0.94,1,0.165,20
7157,0.97,1,0.05,13
7158,0.93,1,0.05,14
7159,0.93,1,0.05,16
5109,0.78,0,0.165,42
7160,0.99,1,0.05,18
5110,0.96,1,0.165,20
7161,0.86,1,0.05,24
7162,0.94,1,0.05,16
5111,0.86,1,0.164,35
7163,0.99,1,0.05,22
7164,1.0,1,0.05,14
5112,0.92,1,0.164,26
7165,0.91,1,0.05,21
5113,0.95,1,0.164,13
7166,0.98,1,0.05,13
7167,0.98,1,0.05,13
5114,-0.74,0,0.164,39
5115,0.96,1,0.164,12
7168,0.77,0,0.05,41
5116,0.88,1,0.164,20
7169,0.93,1,0.05,31
5117,0.85,1,0.163,16
7170,0.98,1,0.05,9
7171,0.93,1,0.05,16
7172,0.94,1,0.05,11
5118,0.79,0,0.163,33
7173,-0.52,0,0.05,12
7174,0.92,1,0.05,15
5119,0.93,1,0.163,18
5120,-0.53,0,0.163,16
7175,0.9,1,0.05,29
5121,0.84,1,0.163,26
7176,0.92,1,0.05,25
7177,-0.53,0,0.05,10
5122,-0.65,0,0.163,25
7178,0.98,1,0.05,25
5123,0.84,1,0.162,22
7179,0.9,1,0.05,24
7180,0.98,1,0.05,14
5124,-0.65,0,0.162,20
7181,-0.58,0,0.05,13
5125,0.93,1,0.162,15
5126,-0.58,0,0.162,20
7182,0.97,1,0.05,34
7183,-0.5,0,0.05,3
7184,0.98,1,0.05,10
5127,-0.64,0,0.162,24
7186,-0.5,0,0.05,3
7187,0.91,1,0.05,22
5128,0.98,1,0.161,24
7188,0.97,1,0.05,14
7189,-0.54,0,0.05,17
7190,0.96,1,0.05,13
5129,0.78,0,0.161,40
7191,0.87,1,0.05,17
7192,0.98,1,0.05,11
5130,-0.57,0,0.161,31
7193,0.92,1,0.05,18
5131,-0.53,0,0.161,16
5132,-0.6,0,0.161,11
7194,0.84,1,0.05,38
5133,-0.59,0,0.161,19
7195,0.97,1,0.05,11
7196,0.95,1,0.05,10
5134,0.87,1,0.16,25
7197,0.98,1,0.05,25
5135,-0.71,0,0.16,31
7198,0.98,1,0.05,29
7199,0.99,1,0.05,14
7200,0.95,1,0.05,11
5136,0.83,1,0.16,35
7201,-0.52,0,0.05,28
5137,0.96,1,0.16,18
7202,0.94,1,0.05,12
7203,-0.5,0,0.05,5
5138,-0.5,0,0.16,24
7204,-0.55,0,0.05,21
7205,0.94,1,0.05,9
5139,-0.52,0,0.159,20
7206,0.95,1,0.05,10
5140,-0.53,0,0.159,19
7207,1.01,1,0.05,30
7208,0.92,1,0.05,16
5141,-0.56,0,0.159,30
5142,0.98,1,0.159,11
5143,-0.55,0,0.159,12
5144,0.9,1,0.159,13
5145,0.97,1,0.159,12
5146,0.9,1,0.159,3
5147,0.95,1,0.158,13
5148,0.89,1,0.158,25
5149,0.99,1,0.158,16
5150,0.94,1,0.158,17
5151,0.96,1,0.158,20
5152,-0.51,0,0.158,16
5153,-0.64,0,0.158,26
5154,-0.72,0,0.157,41
5155,-0.59,0,0.157,21
5156,-0.58,0,0.157,29
5157,-0.58,0,0.157,25
5158,0.95,1,0.156,25
5159,0.7,0,0.156,64
5160,-0.61,0,0.156,15
5161,-0.6,0,0.155,40
5162,0.9,1,0.155,28
5163,0.92,1,0.155,15
5164,0.93,1,0.155,17
5165,-0.55,0,0.155,18
5166,0.94,1,0.155,16
5167,-0.57,0,0.155,13
5168,0.98,1,0.154,20
5169,0.53,0,0.154,33
5170,-0.54,0,0.154,13
5171,0.94,1,0.154,18
5172,-0.53,0,0.154,14
5173,0.83,1,0.154,28
5174,-0.54,0,0.154,9
7209,0.94,1,0.05,23
5175,0.91,1,0.153,20
7210,0.9,1,0.05,25
7211,0.94,1,0.05,13
7212,0.96,1,0.05,9
5176,0.74,0,0.153,38
7213,1.0,1,0.05,14
7214,0.92,1,0.05,20
5177,0.98,1,0.153,22
7215,0.88,1,0.05,35
5178,-0.53,0,0.153,31
7216,0.99,1,0.05,21
5179,-0.51,0,0.153,19
7217,0.88,1,0.05,30
7218,0.98,1,0.05,13
5180,0.82,1,0.152,35
7219,1.0,1,0.05,15
7220,0.95,1,0.05,10
5181,0.85,1,0.152,37
7221,0.99,1,0.05,25
7222,1.01,1,0.05,22
5182,0.74,0,0.152,37
7223,1.0,1,0.05,21
7224,0.98,1,0.05,10
7225,0.97,1,0.05,12
5183,0.73,0,0.151,27
7226,0.92,1,0.05,16
7227,-0.53,0,0.05,13
5184,0.87,1,0.151,17
7228,0.93,1,0.05,22
5185,0.89,1,0.151,24
7229,0.99,1,0.05,16
5186,-0.53,0,0.151,16
7230,0.96,1,0.05,11
7231,0.97,1,0.05,11
7232,0.94,1,0.05,16
5187,-0.64,0,0.151,44
7233,0.88,1,0.05,37
5188,0.96,1,0.15,20
7234,0.93,1,0.05,11
5189,0.97,1,0.15,15
7235,0.94,1,0.05,12
7236,0.99,1,0.05,15
7237,0.94,1,0.05,17
7238,0.98,1,0.05,9
7239,0.9,1,0.05,25
7240,0.95,1,0.05,11
5190,0.77,0,0.15,77
5191,-0.51,0,0.15,4
7241,0.91,1,0.05,34
7242,0.99,1,0.05,15
7243,0.99,1,0.05,15
5192,0.81,1,0.149,40
5193,0.94,1,0.149,13
7244,0.91,1,0.05,25
5194,-0.52,0,0.149,15
7245,-0.6,0,0.05,22
7246,0.93,1,0.05,20
5195,-0.67,0,0.149,36
7247,1.0,1,0.05,14
7248,0.95,1,0.05,12
5196,0.95,1,0.149,27
7249,0.91,1,0.05,25
7250,0.98,1,0.05,12
5197,-0.56,0,0.148,31
7251,-0.63,0,0.05,25
5198,-0.52,0,0.148,14
5199,0.96,1,0.148,15
7252,0.96,1,0.05,15
7253,0.9,1,0.05,22
5200,-0.54,0,0.148,17
5201,0.97,1,0.148,10
7254,0.98,1,0.05,37
7255,-0.53,0,0.05,17
7256,-0.53,0,0.05,14
5202,-0.69,0,0.148,46
7257,-0.53,0,0.05,13
7258,0.95,1,0.05,13
5203,0.81,1,0.147,43
7259,0.91,1,0.05,23
7260,-0.52,0,0.05,13
7261,-0.52,0,0.05,7
7262,0.94,1,0.05,18
5204,0.94,1,0.147,34
7263,0.95,1,0.05,9
5205,-0.55,0,0.147,10
7264,1.0,1,0.05,17
7265,-0.54,0,0.05,9
5206,-0.59,0,0.147,27
7266,0.94,1,0.05,12
7267,0.98,1,0.05,13
7268,0.95,1,0.05,13
5207,0.88,1,0.146,34
5208,0.97,1,0.146,8
7269,0.88,1,0.05,24
5209,0.97,1,0.146,13
5210,0.96,1,0.146,15
7270,0.98,1,0.05,24
7271,0.92,1,0.05,24
7272,0.95,1,0.05,8
5211,-0.7,0,0.146,34
7273,0.92,1,0.05,16
5212,-0.61,0,0.146,31
7274,0.89,1,0.05,25
7275,-0.49,0,0.05,4
5213,-0.56,0,0.146,16
7276,0.91,1,0.05,17
7277,0.87,1,0.05,15
5214,-0.62,0,0.145,23
7278,0.98,1,0.05,12
5215,0.97,1,0.145,19
7279,0.98,1,0.05,12
7280,-0.56,0,0.05,9
7281,-0.52,0,0.05,7
5216,0.9,1,0.145,22
7282,0.95,1,0.05,27
7283,0.92,1,0.05,12
5217,-0.57,0,0.145,25
7284,0.94,1,0.05,18
7285,0.97,1,0.05,10
5218,-0.55,0,0.145,35
5219,0.88,1,0.144,26
7286,-0.83,0,0.05,66
5220,0.77,0,0.144,15
7287,0.97,1,0.05,10
5221,0.96,1,0.144,25
7288,0.94,1,0.05,27
5222,-0.58,0,0.144,18
7289,0.92,1,0.05,30
5223,0.92,1,0.144,16
7290,0.98,1,0.05,15
5224,0.93,1,0.144,24
7291,0.93,1,0.05,19
7292,0.94,1,0.05,15
5225,0.88,1,0.143,27
7293,0.99,1,0.05,13
7294,0.93,1,0.05,11
7295,-0.5,0,0.05,3
5226,0.84,1,0.143,38
7296,0.65,0,0.05,51
5227,-0.57,0,0.143,25
7297,0.97,1,0.05,9
5228,0.96,1,0.143,11
7298,0.9,1,0.05,23
7299,-0.49,0,0.05,5
5229,0.94,1,0.143,22
7300,0.95,1,0.05,16
5230,-0.61,0,0.143,10
7301,0.99,1,0.05,17
5231,0.96,1,0.142,11
7302,0.99,1,0.05,15
5232,-0.61,0,0.142,21
7303,0.87,1,0.05,22
5233,0.97,1,0.142,18
7304,0.95,1,0.05,33
5234,0.96,1,0.142,18
7305,0.92,1,0.05,22
7306,0.94,1,0.05,14
5235,0.81,1,0.142,28
7307,0.92,1,0.05,14
5236,0.88,1,0.142,22
7308,-0.74,0,0.05,40
5237,0.94,1,0.141,22
7309,0.97,1,0.05,10
7310,0.91,1,0.05,21
7311,0.9,1,0.05,27
5238,0.44,0,0.141,54
5239,-0.49,0,0.141,4
7312,0.88,1,0.05,31
5240,-0.51,0,0.141,19
7313,0.97,1,0.05,11
7314,0.9,1,0.05,25
5241,0.62,0,0.14,43
7315,0.92,1,0.05,18
5242,-0.56,0,0.14,20
7316,0.77,0,0.05,39
5243,-0.67,0,0.14,36
7317,0.87,1,0.05,25
7318,-0.53,0,0.05,13
7319,0.98,1,0.05,15
5244,0.87,1,0.14,26
7320,0.95,1,0.05,10
5245,-0.63,0,0.14,19
7321,1.01,1,0.05,22
5246,-0.56,0,0.14,13
7322,0.94,1,0.05,11
7323,0.97,1,0.05,13
7324,0.99,1,0.05,14
5247,0.82,1,0.139,36
7325,0.9,1,0.05,22
5248,0.92,1,0.139,20
7326,0.97,1,0.05,21
5249,0.95,1,0.139,15
7327,0.93,1,0.05,17
5250,0.99,1,0.139,18
7328,0.91,1,0.05,23
5251,0.9,1,0.139,25
7329,0.99,1,0.05,16
5252,0.97,1,0.139,12
7330,0.91,1,0.05,21
7331,0.96,1,0.05,9
7332,-0.5,0,0.05,3
7333,0.98,1,0.05,16
5253,0.74,0,0.138,38
7334,0.95,1,0.05,13
7335,0.91,1,0.05,26
5254,0.87,1,0.138,47
7336,0.96,1,0.05,20
7337,-0.52,0,0.05,14
7338,0.97,1,0.05,11
7339,0.95,1,0.05,11
7340,-0.52,0,0.05,14
5255,-0.68,0,0.137,52
7341,0.94,1,0.05,15
5256,0.96,1,0.137,13
7342,1.0,1,0.05,18
7343,0.93,1,0.05,11
5257,0.81,1,0.137,29
7344,0.93,1,0.05,17
5258,0.99,1,0.137,15
7345,0.96,1,0.05,12
5259,0.92,1,0.137,17
7346,0.91,1,0.05,19
7347,1.0,1,0.05,18
7348,-0.5,0,0.05,5
7349,0.98,1,0.05,11
5260,0.88,1,0.137,35
5261,0.97,1,0.137,8
7350,0.9,1,0.05,21
5262,0.8,0,0.136,17
7351,0.92,1,0.05,20
7352,0.97,1,0.05,13
5263,0.97,1,0.136,26
7353,0.99,1,0.05,14
5264,0.83,1,0.136,14
7354,0.94,1,0.05,17
5265,0.92,1,0.136,17
7355,0.98,1,0.05,15
7356,0.99,1,0.05,15
5266,0.96,1,0.136,23
7357,-0.5,0,0.05,19
5267,0.98,1,0.136,16
5268,0.98,1,0.136,14
7358,0.93,1,0.05,26
5269,-0.54,0,0.135,17
7359,0.99,1,0.05,21
5270,0.97,1,0.135,13
5271,-0.56,0,0.135,10
5272,-0.61,0,0.135,17
7360,0.62,0,0.05,48
5273,0.86,1,0.135,20
7361,0.9,1,0.05,18
5274,-0.53,0,0.135,9
7362,0.99,1,0.05,14
5275,-0.54,0,0.135,16
5276,0.94,1,0.135,13
7363,0.91,1,0.05,20
5277,1.0,1,0.134,18
5278,0.98,1,0.134,11
7364,1.01,1,0.05,25
7365,0.87,1,0.05,30
5279,-0.55,0,0.134,27
5280,0.96,1,0.134,13
7366,0.91,1,0.05,29
7367,0.93,1,0.05,16
5281,0.97,1,0.134,18
7368,0.97,1,0.05,12
5282,0.99,1,0.134,17
7369,0.99,1,0.05,15
5283,0.93,1,0.134,20
7370,0.93,1,0.05,21
5284,0.94,1,0.134,16
7371,0.87,1,0.05,25
7372,0.96,1,0.05,11
5285,0.88,1,0.133,28
7373,0.98,1,0.05,22
7374,0.96,1,0.05,10
5286,0.95,1,0.133,23
7375,0.96,1,0.05,9
5287,0.83,1,0.133,26
7376,0.92,1,0.05,19
7377,0.73,0,0.05,33
5288,-0.76,0,0.133,28
5289,0.9,1,0.133,15
7378,0.88,1,0.05,28
7379,-0.5,0,0.05,5
5290,0.97,1,0.132,15
7380,0.96,1,0.05,12
5291,0.97,1,0.132,12
7381,0.9,1,0.05,23
5292,-0.66,0,0.132,26
7382,1.0,1,0.05,19
7383,0.98,1,0.05,11
5293,-0.61,0,0.132,24
7384,0.93,1,0.05,15
5294,-0.51,0,0.132,16
7385,0.98,1,0.05,15
5295,-0.58,0,0.132,5
7386,0.93,1,0.05,14
5296,0.89,1,0.132,14
7387,0.94,1,0.05,16
7388,0.93,1,0.05,13
5297,0.84,1,0.132,21
7389,0.93,1,0.05,16
7390,0.99,1,0.05,14
5298,0.87,1,0.131,30
7391,0.97,1,0.05,21
7392,0.97,1,0.05,9
5299,0.97,1,0.131,17
7393,0.92,1,0.05,18
5300,1.0,1,0.131,22
7394,0.98,1,0.05,15
7395,0.98,1,0.05,16
5301,0.84,1,0.131,20
7396,0.99,1,0.05,23
5302,-0.57,0,0.131,25
7397,0.96,1,0.05,12
5303,0.94,1,0.131,12
7398,1.0,1,0.05,14
7399,0.96,1,0.05,8
5304,0.97,1,0.13,15
7400,0.89,1,0.05,24
7401,0.97,1,0.05,11
5305,0.98,1,0.13,26
5306,0.9,1,0.13,3
7403,0.98,1,0.05,16
5307,-0.58,0,0.13,25
7404,1.02,1,0.05,22
7405,-0.52,0,0.05,13
7406,0.96,1,0.05,10
7407,0.98,1,0.05,13
5308,0.81,1,0.13,39
7408,0.89,1,0.05,17
5309,0.98,1,0.13,15
7409,0.99,1,0.05,14
5310,-0.57,0,0.129,19
7410,0.98,1,0.05,12
7411,0.92,1,0.05,16
5311,0.86,1,0.129,21
5312,-0.55,0,0.129,5
7412,0.97,1,0.05,16
7413,0.91,1,0.05,25
7414,0.93,1,0.05,23
7415,-0.51,0,0.05,4
7416,0.97,1,0.05,8
7417,0.98,1,0.05,13
7418,0.98,1,0.05,11
7419,0.98,1,0.05,15
7420,0.93,1,0.05,21
7421,0.92,1,0.05,22
7422,0.98,1,0.05,14
7423,1.04,1,0.05,23
7424,0.93,1,0.05,17
7425,0.99,1,0.05,20
7426,0.92,1,0.05,30
7427,0.95,1,0.05,12
7428,0.99,1,0.05,14
7429,0.88,1,0.05,26
7430,-0.53,0,0.05,15
7431,0.92,1,0.05,19
7432,0.98,1,0.05,23
7433,0.96,1,0.05,10
7434,0.95,1,0.05,8
7435,0.95,1,0.05,25
7436,0.95,1,0.05,10
7437,0.98,1,0.05,16
7438,0.96,1,0.05,16
7439,0.73,0,0.05,34
7440,0.85,1,0.05,38
7441,0.97,1,0.05,8
7442,0.91,1,0.05,23
7443,-0.5,0,0.05,3
7444,-0.56,0,0.05,19
7445,-0.55,0,0.05,12
7446,0.93,1,0.05,17
7447,0.92,1,0.05,16
7448,0.95,1,0.05,13
7449,0.92,1,0.05,22
7450,0.97,1,0.05,14
7451,-0.59,0,0.05,26
7452,0.96,1,0.05,10
7453,0.97,1,0.05,11
7454,0.99,1,0.05,24
7455,0.92,1,0.05,17
7456,0.96,1,0.05,29
7457,0.94,1,0.05,13
7458,0.99,1,0.05,15
5313,-0.81,0,0.129,51
7459,0.85,1,0.05,37
7460,0.95,1,0.05,11
5314,0.98,1,0.129,18
7461,0.91,1,0.05,17
5315,-0.62,0,0.128,22
7462,0.9,1,0.05,11
5316,-0.49,0,0.128,4
7463,0.91,1,0.05,27
5317,-0.57,0,0.128,19
5318,-0.55,0,0.128,18
5319,0.95,1,0.128,16
5320,0.94,1,0.128,3
7464,-0.68,0,0.05,55
7465,0.98,1,0.05,12
5321,0.9,1,0.128,23
5322,-0.51,0,0.128,12
7466,0.92,1,0.05,22
7467,0.98,1,0.05,14
5323,-0.61,0,0.128,27
7468,0.95,1,0.05,14
7469,0.93,1,0.05,14
5324,0.96,1,0.127,16
7470,-0.55,0,0.05,24
5325,-0.64,0,0.127,19
7472,0.94,1,0.05,13
5326,0.9,1,0.127,23
7473,0.94,1,0.05,12
7474,0.99,1,0.05,16
7475,0.94,1,0.05,18
5327,-0.66,0,0.127,33
7476,0.94,1,0.05,10
7477,0.96,1,0.05,9
7478,-0.5,0,0.05,5
5328,-0.72,0,0.127,34
7479,0.96,1,0.05,12
7480,0.98,1,0.05,13
5329,0.84,1,0.126,32
7481,0.91,1,0.05,30
7482,0.96,1,0.05,16
5330,-0.68,0,0.126,31
7483,0.99,1,0.05,14
7484,-0.52,0,0.05,15
5331,-0.58,0,0.126,20
7485,0.86,1,0.05,18
5332,0.93,1,0.126,18
7486,1.0,1,0.05,19
7487,0.99,1,0.05,16
7488,0.98,1,0.05,18
5333,0.87,1,0.125,47
7489,0.88,1,0.05,23
5334,0.93,1,0.125,19
7490,0.99,1,0.05,14
5335,0.88,1,0.125,28
7491,0.97,1,0.05,29
7492,0.98,1,0.05,20
5336,0.99,1,0.125,16
7493,-0.51,0,0.05,4
7494,0.99,1,0.05,19
5337,0.87,1,0.125,32
5338,0.97,1,0.124,15
5339,-0.61,0,0.124,16
5340,0.84,1,0.124,35
5341,-0.49,0,0.124,4
5342,0.95,1,0.124,27
5343,-0.58,0,0.124,5
5344,-0.56,0,0.124,20
5345,0.95,1,0.123,22
5346,0.97,1,0.123,14
5347,-0.65,0,0.123,35
5348,0.94,1,0.123,21
5349,0.94,1,0.123,28
5350,0.94,1,0.123,3
5351,0.97,1,0.122,24
5352,0.97,1,0.122,13
5353,0.9,1,0.122,31
5354,-0.65,0,0.122,44
5355,0.96,1,0.122,16
5356,0.94,1,0.122,19
5357,0.95,1,0.121,26
5358,0.9,1,0.121,20
5359,0.9,1,0.121,4
5360,0.96,1,0.121,21
5361,-0.5,0,0.121,5
5362,0.99,1,0.121,23
5363,0.95,1,0.12,28
5364,0.79,0,0.12,24
5365,0.9,1,0.12,25
5366,-0.63,0,0.12,31
5367,0.91,1,0.12,17
5368,-0.66,0,0.12,24
5369,0.97,1,0.119,16
7495,0.95,1,0.05,11
5370,0.98,1,0.119,24
7496,0.91,1,0.05,26
5371,0.96,1,0.119,23
5372,0.94,1,0.119,3
7497,1.01,1,0.05,20
5373,0.94,1,0.119,21
7498,0.93,1,0.05,21
5374,0.93,1,0.119,16
5375,-0.56,0,0.119,16
7499,0.92,1,0.05,40
5376,0.86,1,0.118,18
7500,0.98,1,0.05,10
5377,0.96,1,0.118,9
7501,0.91,1,0.05,28
5378,0.88,1,0.118,15
7502,-0.5,0,0.05,5
7503,0.95,1,0.05,12
5379,-0.56,0,0.118,17
7504,0.99,1,0.05,15
5380,0.96,1,0.118,16
7505,0.94,1,0.05,14
7506,0.97,1,0.05,21
5381,0.89,1,0.118,25
7507,0.98,1,0.05,15
5382,-0.59,0,0.118,18
7508,0.99,1,0.05,15
5383,0.99,1,0.118,15
7509,0.93,1,0.05,14
5384,0.94,1,0.117,10
7510,1.02,1,0.05,18
7511,0.94,1,0.05,8
5385,0.92,1,0.117,17
7512,0.93,1,0.05,29
5386,0.95,1,0.117,29
7513,-0.56,0,0.05,26
5387,0.89,1,0.117,17
7514,0.99,1,0.05,16
5388,-0.65,0,0.117,20
5389,0.9,1,0.117,3
7515,0.98,1,0.05,26
5390,0.98,1,0.117,17
7516,1.02,1,0.05,20
7517,0.96,1,0.05,14
5391,0.92,1,0.116,30
7518,0.86,1,0.05,23
5392,0.92,1,0.116,22
7519,0.96,1,0.05,16
7520,0.91,1,0.05,20
5393,0.8,0,0.116,33
5394,0.94,1,0.116,3
7521,0.95,1,0.05,16
5395,-0.58,0,0.116,5
7522,0.94,1,0.05,15
5396,-0.53,0,0.116,16
7523,0.85,1,0.05,22
5397,0.98,1,0.116,11
5398,0.92,1,0.116,23
7524,0.98,1,0.05,26
7525,-0.53,0,0.05,15
5399,0.92,1,0.115,25
7526,0.99,1,0.05,16
7527,0.98,1,0.05,16
5400,-0.62,0,0.115,23
5401,0.96,1,0.115,9
7528,0.97,1,0.05,26
7529,0.98,1,0.05,14
5402,0.97,1,0.115,26
7530,0.93,1,0.05,13
7531,0.9,1,0.05,22
5403,0.91,1,0.115,26
7532,0.99,1,0.05,11
7533,0.98,1,0.05,13
5404,-0.6,0,0.115,19
7534,1.0,1,0.05,24
5405,0.9,1,0.114,26
5406,-0.5,0,0.114,4
7535,-0.64,0,0.05,25
7536,0.97,1,0.05,9
7537,-0.55,0,0.05,6
5407,0.96,1,0.114,30
7538,0.96,1,0.05,19
7539,0.93,1,0.05,16
5408,-0.6,0,0.114,24
7540,0.92,1,0.05,9
7541,0.95,1,0.05,12
5409,-0.61,0,0.114,31
7542,0.93,1,0.05,21
7543,0.94,1,0.05,13
5410,0.92,1,0.113,23
5411,-0.48,0,0.113,13
7544,0.94,1,0.05,24
7545,0.98,1,0.05,15
5412,0.99,1,0.113,20
7546,0.93,1,0.05,13
5413,-0.58,0,0.113,20
7547,0.79,0,0.05,28
5414,0.97,1,0.113,15
5415,-0.52,0,0.113,3
7548,-0.53,0,0.05,26
7549,0.94,1,0.05,11
5416,0.93,1,0.113,26
7550,0.93,1,0.05,27
5417,0.99,1,0.113,12
7551,0.98,1,0.05,12
5418,0.99,1,0.112,15
5419,0.94,1,0.112,3
7552,0.95,1,0.05,27
5420,0.96,1,0.112,13
7553,0.98,1,0.05,17
7554,0.97,1,0.05,13
5421,-0.5,0,0.112,27
7555,0.98,1,0.05,14
5422,-0.59,0,0.112,20
7556,1.0,1,0.05,19
7557,0.94,1,0.05,17
5423,0.99,1,0.112,19
5424,-0.52,0,0.112,5
7558,0.95,1,0.05,21
5425,0.96,1,0.112,14
7559,0.94,1,0.05,17
5426,0.96,1,0.111,25
7560,0.98,1,0.05,16
5427,0.97,1,0.111,13
7561,1.02,1,0.05,18
7562,0.98,1,0.05,13
7563,0.89,1,0.05,23
5428,0.84,1,0.111,32
7564,0.93,1,0.05,20
7565,0.93,1,0.05,24
5429,0.82,1,0.111,38
7566,0.93,1,0.05,18
5430,-0.57,0,0.111,21
7567,0.97,1,0.05,22
7568,0.97,1,0.05,10
5431,0.96,1,0.11,26
7569,0.98,1,0.05,18
7570,0.97,1,0.05,10
5432,0.96,1,0.11,23
7571,0.99,1,0.05,14
5433,0.88,1,0.11,28
7572,0.98,1,0.05,17
7573,0.94,1,0.05,14
7574,0.95,1,0.05,11
5434,0.93,1,0.11,25
7575,0.92,1,0.05,15
5435,-0.56,0,0.11,13
7576,0.92,1,0.05,15
7577,0.97,1,0.05,15
5436,0.97,1,0.11,24
7578,0.92,1,0.05,15
7579,0.89,1,0.05,10
5437,0.95,1,0.109,25
7580,-0.52,0,0.05,9
5438,0.95,1,0.109,17
7581,-0.66,0,0.05,23
7582,0.91,1,0.05,17
7583,-0.51,0,0.05,4
5439,-0.57,0,0.109,28
7584,0.99,1,0.05,15
7585,0.93,1,0.05,16
5440,0.94,1,0.109,28
7586,-0.5,0,0.05,5
7587,-0.51,0,0.05,4
5441,0.93,1,0.109,14
7588,0.93,1,0.05,11
5442,0.95,1,0.109,12
7589,0.98,1,0.05,15
5443,0.99,1,0.108,15
7590,-0.66,0,0.05,22
5444,0.94,1,0.108,18
7591,0.94,1,0.05,17
7592,-0.5,0,0.05,5
5445,0.94,1,0.108,15
7593,0.95,1,0.05,10
7594,0.98,1,0.05,15
5446,0.96,1,0.108,12
5447,0.97,1,0.108,10
5448,0.96,1,0.108,14
7595,-0.89,0,0.05,50
5449,0.88,1,0.108,22
7596,0.97,1,0.05,14
7597,0.97,1,0.05,11
5450,0.95,1,0.108,21
7598,0.97,1,0.05,15
5451,0.9,1,0.107,14
7599,0.9,1,0.05,27
7600,0.96,1,0.05,8
5452,-0.57,0,0.107,23
7601,0.94,1,0.05,11
7602,0.88,1,0.05,15
5453,0.95,1,0.107,28
7603,0.94,1,0.05,13
5454,0.95,1,0.107,12
7604,0.95,1,0.05,11
7605,0.93,1,0.05,12
5455,0.85,1,0.107,22
7606,0.94,1,0.05,10
7607,0.93,1,0.05,13
7608,0.99,1,0.05,17
5456,0.78,0,0.106,33
7609,0.91,1,0.05,18
7610,0.93,1,0.05,11
5457,0.87,1,0.106,22
5458,0.98,1,0.106,11
7611,0.92,1,0.05,17
5459,-0.55,0,0.106,13
7612,0.98,1,0.05,12
7613,1.0,1,0.05,22
5460,0.92,1,0.106,24
7614,0.93,1,0.05,19
7615,0.95,1,0.05,11
7616,0.91,1,0.05,21
5461,-0.72,0,0.106,47
7617,0.94,1,0.05,12
5462,0.96,1,0.105,9
7618,0.93,1,0.05,12
7619,-0.5,0,0.05,3
7620,0.94,1,0.05,13
7621,0.95,1,0.05,10
5463,-0.58,0,0.105,30
7622,0.95,1,0.05,12
5464,-0.62,0,0.105,29
7623,0.92,1,0.05,27
7624,-0.53,0,0.05,4
5465,0.95,1,0.105,15
7625,0.99,1,0.05,11
5466,-0.57,0,0.105,13
7626,0.99,1,0.05,15
7627,0.97,1,0.05,11
7628,0.97,1,0.05,11
5467,0.89,1,0.105,25
7629,0.92,1,0.05,13
7630,0.93,1,0.05,14
5468,-0.62,0,0.104,21
7631,1.0,1,0.05,27
5469,0.91,1,0.104,29
7632,1.02,1,0.05,32
5470,0.89,1,0.104,23
7633,0.91,1,0.05,18
5471,0.97,1,0.104,23
5472,0.97,1,0.104,13
7634,-0.69,0,0.05,35
5473,-0.55,0,0.104,10
7635,0.97,1,0.05,14
5474,-0.55,0,0.104,9
7636,1.01,1,0.05,25
5475,0.94,1,0.103,15
7637,1.0,1,0.05,21
5476,0.83,1,0.103,28
7638,0.94,1,0.05,19
5477,0.84,1,0.103,26
7639,1.0,1,0.05,27
7640,0.96,1,0.05,22
5478,0.97,1,0.103,21
7641,-0.49,0,0.05,6
7642,0.84,1,0.05,27
5479,-0.53,0,0.103,28
7643,-0.51,0,0.05,21
7644,0.94,1,0.05,9
7645,0.98,1,0.05,26
5480,0.8,0,0.102,60
7646,0.98,1,0.05,20
7647,0.96,1,0.05,10
5481,0.89,1,0.102,38
7648,0.92,1,0.05,22
7649,0.94,1,0.05,16
7650,-0.5,0,0.05,3
5482,0.95,1,0.102,19
7651,-0.51,0,0.05,4
7652,0.93,1,0.05,14
7653,0.89,1,0.05,12
5483,0.95,1,0.101,32
7654,0.92,1,0.05,17
5484,0.94,1,0.101,14
7655,0.94,1,0.05,13
5485,0.95,1,0.101,20
7656,0.93,1,0.05,15
7657,-0.48,0,0.05,3
7658,0.98,1,0.05,21
7659,0.92,1,0.05,15
5486,0.88,1,0.101,33
7660,-0.48,0,0.05,15
7661,0.95,1,0.05,8
5487,0.91,1,0.101,20
7662,0.96,1,0.05,9
5488,-0.58,0,0.101,19
7663,0.93,1,0.05,19
7664,0.91,1,0.05,19
5489,0.92,1,0.1,25
7665,-0.68,0,0.05,35
5490,0.81,1,0.1,35
7666,0.98,1,0.05,19
5491,1.0,1,0.1,16
7667,0.93,1,0.05,23
5492,-0.52,0,0.1,16
7668,0.98,1,0.05,13
7669,0.95,1,0.05,11
5493,0.88,1,0.1,30
7670,0.85,1,0.05,30
7671,0.93,1,0.05,15
5494,0.93,1,0.099,24
5495,-0.61,0,0.099,10
7672,0.98,1,0.05,12
7673,0.99,1,0.05,21
5496,0.9,1,0.099,21
7674,0.99,1,0.05,9
7675,0.95,1,0.05,11
5497,0.97,1,0.099,18
7676,0.99,1,0.05,13
7677,0.98,1,0.05,18
5498,0.82,1,0.099,32
7678,0.92,1,0.05,17
7679,-0.54,0,0.05,11
5499,0.99,1,0.099,19
7680,1.0,1,0.05,25
5500,0.88,1,0.098,23
5501,-0.56,0,0.098,12
7681,0.97,1,0.05,30
5502,0.94,1,0.098,23
7682,0.9,1,0.05,28
7683,0.97,1,0.05,9
5503,0.9,1,0.098,24
7684,0.97,1,0.05,9
7685,0.87,1,0.05,14
5504,1.0,1,0.098,19
7686,0.91,1,0.05,22
5505,-0.62,0,0.098,22
7687,0.89,1,0.05,21
5506,-0.52,0,0.098,13
7688,0.97,1,0.05,11
7689,0.97,1,0.05,18
5507,-0.63,0,0.097,18
7690,0.94,1,0.05,14
7691,0.92,1,0.05,14
7692,0.99,1,0.05,14
7693,-0.51,0,0.05,4
7694,0.95,1,0.05,13
5508,-0.7,0,0.097,51
7695,0.97,1,0.05,9
7696,-0.5,0,0.05,5
7697,-0.5,0,0.05,5
7698,1.0,1,0.05,20
5509,-0.7,0,0.097,45
7699,0.95,1,0.05,17
7700,0.95,1,0.05,12
7701,0.96,1,0.05,8
5510,0.98,1,0.096,26
7702,0.98,1,0.05,13
7703,1.0,1,0.05,15
5511,0.9,1,0.096,19
7704,-0.5,0,0.05,3
7705,0.92,1,0.05,16
5512,0.79,0,0.096,30
7706,0.92,1,0.05,19
7707,0.93,1,0.05,24
5513,-0.55,0,0.096,28
5514,0.93,1,0.096,19
7708,0.95,1,0.05,32
5515,0.97,1,0.096,13
5516,-0.53,0,0.096,16
7709,0.99,1,0.05,33
5517,0.95,1,0.095,14
7710,-0.5,0,0.05,22
5518,-0.55,0,0.095,9
7711,0.98,1,0.05,20
7712,0.93,1,0.05,12
5519,0.93,1,0.095,29
7713,0.91,1,0.05,16
7714,0.97,1,0.05,13
5520,0.86,1,0.095,24
7715,0.92,1,0.05,18
7716,1.0,1,0.05,18
5521,-0.63,0,0.095,32
5522,-0.54,0,0.094,18
7717,0.91,1,0.05,29
7718,0.98,1,0.05,15
7719,0.91,1,0.05,19
5523,0.88,1,0.094,36
7720,0.89,1,0.05,20
7721,0.95,1,0.05,10
5524,0.82,1,0.094,27
7722,0.92,1,0.05,18
7723,0.93,1,0.05,14
5525,0.76,0,0.094,36
7724,0.99,1,0.05,16
7725,0.97,1,0.05,13
5526,0.97,1,0.094,15
7726,-0.52,0,0.05,5
7727,-0.54,0,0.05,12
5527,0.96,1,0.094,10
7728,0.94,1,0.05,14
5528,-0.6,0,0.093,21
7729,0.93,1,0.05,16
7730,0.87,1,0.05,17
5529,0.83,1,0.093,24
7731,0.97,1,0.05,8
5530,-0.5,0,0.093,5
5531,0.99,1,0.093,17
7732,0.91,1,0.05,20
7733,0.96,1,0.05,9
7734,0.93,1,0.05,17
5532,-0.55,0,0.093,22
7735,0.98,1,0.05,16
7736,0.97,1,0.05,9
5533,0.78,0,0.093,38
7737,0.92,1,0.05,18
7738,0.94,1,0.05,15
7739,-0.5,0,0.05,3
7740,-0.51,0,0.05,4
7741,0.99,1,0.05,15
5534,0.84,1,0.092,42
5535,0.95,1,0.092,11
7742,0.97,1,0.05,17
5536,-0.53,0,0.092,9
7743,0.94,1,0.05,21
5537,0.95,1,0.092,12
7744,-0.51,0,0.05,15
5538,0.95,1,0.092,13
5539,-0.62,0,0.092,13
7745,0.96,1,0.05,27
5540,0.94,1,0.092,12
7746,0.94,1,0.05,10
5541,0.95,1,0.092,8
7747,0.91,1,0.05,20
7748,0.92,1,0.05,18
5542,0.9,1,0.091,30
5543,-0.55,0,0.091,3
5544,-0.56,0,0.091,10
7749,0.93,1,0.05,24
5545,0.99,1,0.091,24
7750,0.93,1,0.05,30
7751,0.94,1,0.05,10
5546,0.94,1,0.091,26
7752,0.97,1,0.05,12
7753,0.96,1,0.05,17
7754,0.93,1,0.05,10
5547,0.9,1,0.091,28
7755,0.78,0,0.05,38
5548,0.96,1,0.09,25
7756,0.97,1,0.05,15
5549,0.92,1,0.09,20
7757,0.97,1,0.05,11
5550,0.99,1,0.09,15
7758,0.93,1,0.05,26
7759,0.98,1,0.05,14
5551,0.9,1,0.09,27
7760,0.94,1,0.05,15
5552,-0.56,0,0.09,13
7761,0.92,1,0.05,18
7762,1.0,1,0.05,27
5553,0.89,1,0.09,31
7763,0.96,1,0.05,17
7764,0.94,1,0.05,12
7765,0.95,1,0.05,13
7766,0.91,1,0.05,26
7767,0.9,1,0.05,30
7768,0.94,1,0.05,12
7769,0.89,1,0.05,23
7770,0.96,1,0.05,9
7771,0.98,1,0.05,17
7772,0.96,1,0.05,10
7773,0.89,1,0.05,21
7774,0.95,1,0.05,24
7775,0.92,1,0.05,23
7776,1.02,1,0.05,23
7777,0.97,1,0.05,10
7778,0.93,1,0.05,21
7779,0.94,1,0.05,16
7780,0.93,1,0.05,14
7781,-0.54,0,0.05,22
7782,0.93,1,0.05,18
7783,0.99,1,0.05,9
7784,0.93,1,0.05,13
7785,0.94,1,0.05,23
7786,0.91,1,0.05,22
7787,0.98,1,0.05,19
7788,0.93,1,0.05,12
7789,0.98,1,0.05,17
7790,0.97,1,0.05,11
7791,0.93,1,0.05,12
7792,-0.53,0,0.05,16
7793,0.93,1,0.05,18
7794,0.91,1,0.05,22
7795,0.97,1,0.05,10
7796,0.91,1,0.05,21
7797,0.92,1,0.05,28
5554,0.79,0,0.089,56
5555,0.86,1,0.089,13
5556,0.95,1,0.089,13
5557,0.99,1,0.089,25
5558,-0.52,0,0.089,13
5559,0.94,1,0.088,17
5560,0.95,1,0.088,14
5561,0.9,1,0.088,18
5562,0.98,1,0.088,15
5563,-0.85,0,0.088,61
5564,1.0,1,0.088,15
5565,1.0,1,0.087,15
5566,0.97,1,0.087,33
5567,0.97,1,0.087,10
5568,-0.6,0,0.087,31
5569,0.95,1,0.087,28
5570,0.93,1,0.086,21
5571,0.98,1,0.086,13
5572,0.9,1,0.086,14
5573,0.92,1,0.086,16
5574,0.77,0,0.086,35
5575,0.93,1,0.086,21
5576,-0.58,0,0.085,20
7798,0.92,1,0.05,13
7799,0.96,1,0.05,12
5577,-0.59,0,0.085,19
7800,-0.51,0,0.05,4
7801,0.94,1,0.05,12
7802,-0.51,0,0.05,4
5578,0.93,1,0.085,28
7803,0.92,1,0.05,16
5579,-0.49,0,0.085,4
5580,0.96,1,0.085,16
7804,-0.5,0,0.05,20
5581,-0.55,0,0.085,12
5582,0.9,1,0.085,14
7805,0.88,1,0.05,42
7806,0.92,1,0.05,16
5583,0.96,1,0.085,27
7807,0.88,1,0.05,16
7808,0.92,1,0.05,19
5584,0.97,1,0.084,26
7809,0.96,1,0.05,12
5585,0.94,1,0.084,12
7810,0.92,1,0.05,22
5586,0.97,1,0.084,18
7811,0.93,1,0.05,12
5587,0.96,1,0.084,26
7812,0.93,1,0.05,26
5588,0.89,1,0.084,21
7813,0.93,1,0.05,23
5589,-0.52,0,0.084,10
7814,0.92,1,0.05,28
5590,0.98,1,0.084,16
5591,-0.5,0,0.083,3
7815,0.94,1,0.05,21
5592,0.93,1,0.083,17
7816,-0.48,0,0.05,21
5593,0.98,1,0.083,17
5594,-0.5,0,0.083,5
7817,0.96,1,0.05,22
7818,0.97,1,0.05,13
5595,-0.54,0,0.083,15
7819,0.98,1,0.05,16
5596,0.96,1,0.083,11
7820,0.75,0,0.05,33
7821,0.94,1,0.05,13
5597,0.56,0,0.083,43
5598,-0.51,0,0.083,4
7822,0.87,1,0.05,28
5599,1.0,1,0.082,19
7823,-0.5,0,0.05,5
7824,-0.49,0,0.05,4
7825,-0.46,0,0.05,18
5600,0.96,1,0.082,21
7826,0.96,1,0.05,9
7827,-0.58,0,0.05,19
5601,0.84,1,0.082,28
7828,0.94,1,0.05,12
5602,0.93,1,0.082,23
7829,0.91,1,0.05,23
7830,-0.55,0,0.05,10
5603,0.79,0,0.082,14
5604,0.99,1,0.082,14
7831,0.97,1,0.05,21
7832,0.96,1,0.05,14
5605,0.97,1,0.082,15
7833,0.95,1,0.05,31
7834,0.92,1,0.05,16
7835,-0.5,0,0.05,13
5606,0.62,0,0.081,65
7836,0.92,1,0.05,19
7837,0.91,1,0.05,21
5607,0.91,1,0.081,22
7838,0.93,1,0.05,11
5608,-0.57,0,0.081,16
5609,-0.55,0,0.081,4
7839,0.9,1,0.05,22
7840,-0.5,0,0.05,7
7841,0.97,1,0.05,16
5610,-0.51,0,0.081,17
7842,0.94,1,0.05,23
7843,0.97,1,0.05,9
5611,0.79,0,0.08,32
5612,-0.5,0,0.08,5
7844,0.94,1,0.05,14
7845,0.98,1,0.05,18
5613,0.86,1,0.08,27
7846,0.92,1,0.05,18
5614,0.89,1,0.08,15
7847,0.94,1,0.05,25
5615,0.88,1,0.08,14
7848,0.96,1,0.05,10
7849,0.96,1,0.05,12
7850,0.91,1,0.05,15
5616,0.82,1,0.08,34
5617,-0.6,0,0.08,5
7851,0.94,1,0.05,23
7852,0.89,1,0.05,18
7853,0.94,1,0.05,10
5618,-0.62,0,0.079,41
7854,0.86,1,0.05,32
5619,0.94,1,0.079,24
7855,0.95,1,0.05,11
5620,0.99,1,0.079,21
7856,0.86,1,0.05,23
7857,0.9,1,0.05,10
5621,0.91,1,0.079,17
7858,0.91,1,0.05,21
5622,0.96,1,0.079,11
7859,0.98,1,0.05,18
5623,-0.55,0,0.079,14
5624,0.96,1,0.078,11
7860,0.9,1,0.05,22
7861,0.98,1,0.05,9
5625,0.93,1,0.078,26
7862,0.94,1,0.05,15
7863,0.93,1,0.05,28
5626,0.9,1,0.078,29
7864,0.88,1,0.05,16
5627,0.92,1,0.078,19
7865,-0.54,0,0.05,16
7866,0.97,1,0.05,11
5628,0.97,1,0.078,18
7867,-0.57,0,0.05,19
5629,-0.56,0,0.078,15
7868,0.98,1,0.05,20
5630,0.96,1,0.077,14
7869,0.93,1,0.05,13
5631,0.96,1,0.077,15
7870,0.96,1,0.05,10
5632,0.98,1,0.077,10
7871,0.97,1,0.05,15
7872,0.94,1,0.05,12
7873,0.92,1,0.05,14
5633,0.96,1,0.077,25
7874,0.93,1,0.05,18
5634,0.96,1,0.077,23
7875,0.96,1,0.05,10
7876,0.94,1,0.05,14
5635,0.96,1,0.077,16
7877,-0.53,0,0.05,9
7878,0.95,1,0.05,8
5636,0.96,1,0.077,16
5637,0.96,1,0.077,11
7879,1.0,1,0.05,27
7880,-0.48,0,0.05,16
5638,-0.55,0,0.076,20
7881,0.95,1,0.05,10
7882,0.92,1,0.05,16
5639,-0.63,0,0.076,23
5640,0.95,1,0.076,12
7883,0.88,1,0.05,29
7884,0.85,1,0.05,13
5641,-0.68,0,0.076,36
7885,0.9,1,0.05,27
7886,0.98,1,0.05,19
5642,0.95,1,0.076,25
7887,0.95,1,0.05,21
5643,0.95,1,0.075,14
7888,0.99,1,0.05,20
5644,0.96,1,0.075,21
7889,0.94,1,0.05,27
5645,0.91,1,0.075,22
7890,0.93,1,0.05,14
7891,0.94,1,0.05,12
5646,-0.54,0,0.075,16
5647,0.98,1,0.075,16
7892,0.89,1,0.05,32
5648,0.85,1,0.075,19
7893,0.93,1,0.05,14
7894,0.93,1,0.05,20
5649,0.96,1,0.075,30
7895,-0.52,0,0.05,17
5650,0.94,1,0.074,13
7896,0.94,1,0.05,15
7897,-0.53,0,0.05,11
5651,0.92,1,0.074,31
7898,0.9,1,0.05,27
7899,0.92,1,0.05,10
5652,0.92,1,0.074,26
7901,0.93,1,0.05,15
5653,0.99,1,0.074,17
7902,0.94,1,0.05,23
7903,0.93,1,0.05,15
5654,-0.53,0,0.074,27
5655,0.95,1,0.074,11
7904,0.99,1,0.05,12
7905,0.98,1,0.05,18
5656,0.97,1,0.073,24
7906,0.93,1,0.05,21
7907,0.88,1,0.05,29
5657,0.9,1,0.073,35
7908,0.95,1,0.05,19
7909,0.96,1,0.05,9
5658,0.91,1,0.073,28
7910,1.01,1,0.05,22
5659,-0.54,0,0.073,16
7911,1.0,1,0.05,22
5660,-0.56,0,0.073,27
7912,0.98,1,0.05,15
5661,-0.55,0,0.072,16
7913,0.92,1,0.05,18
7914,0.89,1,0.05,17
5662,0.92,1,0.072,27
7915,0.91,1,0.05,20
5663,0.83,1,0.072,36
7916,0.82,1,0.05,30
5664,0.97,1,0.072,19
7917,0.96,1,0.05,26
7918,0.94,1,0.05,10
5665,-0.54,0,0.072,17
7919,0.91,1,0.05,19
7920,0.94,1,0.05,12
5666,-0.6,0,0.071,27
7921,0.93,1,0.05,11
7922,0.93,1,0.05,13
7923,0.96,1,0.05,9
5667,-0.57,0,0.071,31
7924,-0.5,0,0.05,11
7925,0.9,1,0.05,24
5668,-0.6,0,0.071,25
7926,0.91,1,0.05,15
7927,0.96,1,0.05,10
5669,0.96,1,0.071,23
7928,0.93,1,0.05,12
5670,0.97,1,0.071,26
5671,0.94,1,0.07,20
7929,0.55,0,0.05,60
5672,0.99,1,0.07,20
7930,1.01,1,0.05,20
5673,0.97,1,0.07,20
7931,0.81,1,0.05,46
5674,-0.54,0,0.07,32
7932,0.92,1,0.05,18
5675,0.97,1,0.07,11
7933,0.96,1,0.05,33
7934,0.99,1,0.05,15
5676,0.8,0,0.069,35
5677,1.02,1,0.069,14
7935,0.93,1,0.05,14
7936,-0.62,0,0.05,20
5678,-0.73,0,0.069,45
7937,0.77,0,0.05,31
5679,0.95,1,0.069,23
7938,0.79,0,0.05,23
7939,0.92,1,0.05,20
7940,0.93,1,0.05,12
5680,0.87,1,0.069,36
7941,0.96,1,0.05,10
7942,0.95,1,0.05,19
5681,0.98,1,0.068,28
5682,-0.5,0,0.068,5
7943,0.94,1,0.05,15
5683,0.93,1,0.068,24
7944,0.92,1,0.05,26
7945,-0.57,0,0.05,22
5684,0.94,1,0.068,27
5685,0.98,1,0.068,11
7946,1.0,1,0.05,23
5686,-0.52,0,0.068,10
5687,0.97,1,0.068,13
7947,0.74,0,0.05,40
5688,0.95,1,0.067,12
5689,-0.49,0,0.067,4
7948,0.92,1,0.05,19
5690,0.96,1,0.067,18
7949,0.94,1,0.05,12
5691,-0.55,0,0.067,25
7950,1.01,1,0.05,30
7951,0.94,1,0.05,11
5692,0.93,1,0.067,14
7952,0.97,1,0.05,14
7953,0.99,1,0.05,9
5693,0.91,1,0.067,28
7954,-0.52,0,0.05,19
7955,0.95,1,0.05,10
5694,0.9,1,0.067,23
7956,0.91,1,0.05,30
5695,0.96,1,0.066,17
7957,0.87,1,0.05,23
7958,0.98,1,0.05,11
5696,0.92,1,0.066,32
7959,0.97,1,0.05,10
7960,0.95,1,0.05,15
5697,-0.56,0,0.066,18
7961,0.96,1,0.05,10
5698,0.89,1,0.066,14
5699,0.9,1,0.066,3
7962,0.94,1,0.05,15
7963,1.0,1,0.05,20
5700,0.94,1,0.066,18
7964,0.97,1,0.05,8
7965,-0.52,0,0.05,10
5701,0.97,1,0.066,17
5702,0.93,1,0.066,14
7966,0.9,1,0.05,29
7967,1.0,1,0.05,22
5703,0.96,1,0.065,28
5704,-0.5,0,0.065,5
5705,0.96,1,0.065,9
7968,0.92,1,0.05,22
7969,0.95,1,0.05,15
5706,0.98,1,0.065,20
7970,0.95,1,0.05,13
5707,0.92,1,0.065,19
7971,0.89,1,0.05,23
7972,0.89,1,0.05,20
5708,0.9,1,0.065,31
7973,0.92,1,0.05,20
5709,-0.5,0,0.065,20
7974,1.0,1,0.05,23
7975,0.87,1,0.05,24
5710,0.99,1,0.064,30
7976,0.93,1,0.05,11
5711,0.94,1,0.064,20
7977,0.96,1,0.05,12
7978,1.01,1,0.05,23
5712,0.94,1,0.064,24
7979,0.96,1,0.05,19
5713,0.96,1,0.064,20
7981,0.97,1,0.05,16
7982,0.97,1,0.05,17
5714,0.92,1,0.064,25
7983,0.98,1,0.05,10
5715,0.99,1,0.063,13
7984,0.9,1,0.05,25
5716,0.92,1,0.063,33
7985,0.92,1,0.05,24
5717,0.96,1,0.063,26
7986,0.92,1,0.05,33
7987,1.03,1,0.05,28
5718,0.94,1,0.063,29
7988,0.95,1,0.05,11
7989,0.93,1,0.05,12
5719,0.94,1,0.063,27
7990,0.83,1,0.05,20
7991,0.95,1,0.05,9
5720,0.85,1,0.062,16
5721,-0.54,0,0.062,11
7992,0.94,1,0.05,12
7993,0.95,1,0.05,11
5722,0.96,1,0.062,18
7994,0.93,1,0.05,21
7995,0.98,1,0.05,16
5723,0.81,1,0.062,37
7996,-0.53,0,0.05,23
5724,0.95,1,0.062,12
5725,0.96,1,0.062,14
7997,0.92,1,0.05,33
5726,1.0,1,0.062,15
7998,0.92,1,0.05,17
5727,-0.63,0,0.061,26
7999,0.92,1,0.05,31
8000,0.99,1,0.05,16
5728,0.96,1,0.061,15
8001,0.99,1,0.05,15

8002,0.96,1,0.05,16
5730,-0.53,0,0.061,19
8003,0.98,1,0.05,16
5731,0.96,1,0.061,15
8004,0.99,1,0.05,20
5732,0.9,1,0.061,19
8005,0.92,1,0.05,20
8006,0.9,1,0.05,21
5733,1.01,1,0.061,24
8007,0.97,1,0.05,11
5734,-0.68,0,0.06,16
8008,0.85,1,0.05,17
5735,0.96,1,0.06,24
5736,-0.49,0,0.06,4
8009,0.81,1,0.05,30
5737,0.82,1,0.06,12
8010,0.98,1,0.05,16
8011,0.99,1,0.05,16
5738,0.96,1,0.06,24
8012,0.93,1,0.05,19
5739,0.87,1,0.06,24
8013,-0.82,0,0.05,52
8014,-0.5,0,0.05,5
5740,-0.64,0,0.059,31
8015,0.94,1,0.05,15
5741,0.95,1,0.059,20
8016,0.93,1,0.05,15
5742,0.92,1,0.059,22
8017,0.82,1,0.05,42
5743,0.91,1,0.059,27
8018,1.0,1,0.05,27
8019,-0.5,0,0.05,3
5744,-0.62,0,0.059,16
8020,0.94,1,0.05,19
5745,0.95,1,0.059,19
8021,0.91,1,0.05,23
8022,0.94,1,0.05,13
5746,0.97,1,0.058,22
8023,0.9,1,0.05,17
5747,0.97,1,0.058,13
8024,-0.51,0,0.05,4
5748,0.92,1,0.058,14
8025,1.03,1,0.05,18
8026,0.99,1,0.05,22
5749,0.86,1,0.058,34
8027,0.84,1,0.05,14
8028,0.98,1,0.05,12
5750,0.92,1,0.058,24
8029,0.99,1,0.05,15
5751,0.94,1,0.058,31
8030,0.96,1,0.05,34
5752,0.89,1,0.057,13
8031,0.99,1,0.05,19
5753,-0.49,0,0.057,14
8032,0.94,1,0.05,22
8033,0.99,1,0.05,17
8034,0.93,1,0.05,16
5754,0.78,0,0.057,40
8035,-0.51,0,0.05,4
8036,-0.69,0,0.05,17
5755,0.97,1,0.057,18
8037,0.94,1,0.05,15
8038,0.94,1,0.05,11
5756,0.96,1,0.057,28
8039,-0.51,0,0.05,15
5757,0.97,1,0.057,11
8040,0.98,1,0.05,18
5758,0.98,1,0.056,16
8041,0.99,1,0.05,11
8042,-0.67,0,0.05,12
5759,0.9,1,0.056,18
8043,0.99,1,0.05,12
8044,0.97,1,0.05,9
5760,0.96,1,0.056,24
8045,0.91,1,0.05,21
5761,0.97,1,0.056,10
8046,0.97,1,0.05,9
8047,0.99,1,0.05,12
8048,-0.5,0,0.05,5
5762,0.95,1,0.056,23
8049,0.98,1,0.05,25
8050,0.97,1,0.05,11
5763,0.94,1,0.056,28
8051,0.91,1,0.05,20
5764,0.95,1,0.055,19
8052,0.95,1,0.05,11
5765,0.98,1,0.055,16
8053,0.98,1,0.05,14
5766,0.94,1,0.055,12
8054,0.87,1,0.05,21
8055,-0.5,0,0.05,3
8056,0.9,1,0.05,23
5767,0.94,1,0.055,34
8057,0.9,1,0.05,12
5768,0.91,1,0.055,12
8058,0.97,1,0.05,15
8059,0.93,1,0.05,20
8060,0.92,1,0.05,16
5769,-0.64,0,0.055,37
5770,0.98,1,0.054,10
5771,0.88,1,0.054,13
8061,1.01,1,0.05,23
5772,0.97,1,0.054,10
8062,0.93,1,0.05,18
5773,-0.58,0,0.054,9
8063,0.99,1,0.05,14
8064,1.0,1,0.05,14
5774,0.96,1,0.054,24
8065,0.96,1,0.05,14
5775,0.9,1,0.054,19
8066,0.91,1,0.05,20
8067,0.98,1,0.05,13
5776,0.93,1,0.054,13
8068,0.85,1,0.05,28
8069,0.95,1,0.05,14
5777,0.79,0,0.053,40
8070,-0.63,0,0.05,22
5778,0.99,1,0.053,18
5779,0.92,1,0.053,13
8071,0.94,1,0.05,16
5780,0.84,1,0.053,14
8072,0.89,1,0.05,21
5781,0.94,1,0.053,12
8073,0.98,1,0.05,19
8074,-0.7,0,0.05,25
5782,0.91,1,0.053,31
8075,0.96,1,0.05,20
5783,0.97,1,0.053,28
8076,1.01,1,0.05,19
8077,0.93,1,0.05,14
5784,0.91,1,0.052,13
8078,-0.52,0,0.05,24
5785,-0.6,0,0.052,29
5786,-0.53,0,0.052,14
5787,0.95,1,0.052,19
5788,0.92,1,0.052,16
5789,0.91,1,0.052,26
5790,0.94,1,0.052,3
5791,0.98,1,0.052,15
5792,0.97,1,0.051,10
5793,0.92,1,0.051,15
5794,0.91,1,0.051,20
5795,0.99,1,0.051,25
5796,-0.6,0,0.051,20
5797,0.96,1,0.051,15
5798,0.88,1,0.05,31
5799,0.99,1,0.05,17
5800,-0.68,0,0.05,34
8079,0.87,1,0.05,36
8080,0.89,1,0.05,21
8081,1.0,1,0.05,13
8082,0.96,1,0.05,9
8083,0.99,1,0.05,23
8084,0.98,1,0.05,10
8085,0.88,1,0.05,27
8086,-0.64,0,0.05,14
8087,0.92,1,0.05,22
8088,0.92,1,0.05,33
8089,-0.49,0,0.05,5
8090,0.94,1,0.05,9
8091,0.92,1,0.05,13
8092,1.0,1,0.05,17
8093,0.96,1,0.05,22
8094,-0.53,0,0.05,31
8095,0.99,1,0.05,27
8096,0.92,1,0.05,17
8097,0.93,1,0.05,17
8098,0.97,1,0.05,12
8099,0.9,1,0.05,29
5801,0.98,1,0.05,16
5802,0.97,1,0.05,13
8100,0.99,1,0.05,26
8101,0.94,1,0.05,12
5803,0.94,1,0.05,22
8102,0.98,1,0.05,15
5804,0.97,1,0.05,13
8103,0.99,1,0.05,24
5805,0.96,1,0.05,14
8104,0.97,1,0.05,10
8105,1.0,1,0.05,16
5806,0.9,1,0.05,24
8106,0.98,1,0.05,15
8107,0.97,1,0.05,14
5807,0.9,1,0.05,28
8108,0.99,1,0.05,17
5808,-0.52,0,0.05,10
8109,0.99,1,0.05,14
8110,0.92,1,0.05,15
8111,-0.5,0,0.05,3
8112,-0.53,0,0.05,17
5809,0.82,1,0.05,41
8113,-0.49,0,0.05,4
8114,0.91,1,0.05,20
8115,0.92,1,0.05,29
5810,-0.68,0,0.05,42
8116,0.91,1,0.05,19
5811,-0.55,0,0.05,28
8117,-0.66,0,0.05,14
8118,0.97,1,0.05,9
5812,0.96,1,0.05,14
8119,0.89,1,0.05,29
5813,0.94,1,0.05,19
5814,-0.5,0,0.05,3
8120,0.96,1,0.05,10
5815,-0.54,0,0.05,11
8121,0.87,1,0.05,27
8122,-0.5,0,0.05,3
8123,0.94,1,0.05,12
5816,0.94,1,0.05,21
8124,-0.49,0,0.05,4
8125,0.98,1,0.05,16
5817,0.92,1,0.05,26
8126,0.88,1,0.05,18
5818,0.95,1,0.05,23
8127,0.98,1,0.05,22
8128,0.97,1,0.05,12
5819,0.87,1,0.05,23
8129,0.94,1,0.05,14
5820,0.95,1,0.05,14
8130,0.98,1,0.05,15
8131,0.98,1,0.05,13
5821,0.92,1,0.05,19
8132,-0.52,0,0.05,12
5822,0.97,1,0.05,10
8133,0.97,1,0.05,20
5823,0.99,1,0.05,22
8134,0.92,1,0.05,17
8135,0.9,1,0.05,23
5824,0.97,1,0.05,20
5825,-0.53,0,0.05,25
8136,0.76,0,0.05,42
8137,-0.49,0,0.05,5
5826,0.98,1,0.05,20
8138,0.93,1,0.05,22
8139,0.94,1,0.05,16
5827,0.97,1,0.05,28
8140,0.92,1,0.05,17
5828,0.99,1,0.05,23
8141,0.99,1,0.05,16
8142,1.01,1,0.05,20
5829,0.93,1,0.05,28
8143,0.95,1,0.05,22
5830,0.91,1,0.05,16
8144,-0.63,0,0.05,24
5831,0.94,1,0.05,15
8145,0.92,1,0.05,19
5832,0.94,1,0.05,17
8146,0.93,1,0.05,16
8147,0.92,1,0.05,11
5833,0.96,1,0.05,11
5834,-0.54,0,0.05,13
8148,0.98,1,0.05,11
8149,0.96,1,0.05,16
5835,0.94,1,0.05,19
8150,0.95,1,0.05,22
8151,0.94,1,0.05,20
5836,0.89,1,0.05,28
8152,-0.49,0,0.05,4
5837,-0.66,0,0.05,13
8153,1.0,1,0.05,16
8154,-0.67,0,0.05,26
5838,0.86,1,0.05,29
8155,0.97,1,0.05,8
8156,0.92,1,0.05,15
5839,0.91,1,0.05,24
5840,-0.64,0,0.05,34
8157,0.62,0,0.05,56
8158,0.96,1,0.05,9
8159,0.91,1,0.05,19
5841,0.97,1,0.05,26
5842,0.91,1,0.05,18
8160,0.83,1,0.05,22
8161,0.98,1,0.05,13
5843,0.95,1,0.05,20
8162,0.93,1,0.05,15
8163,-0.52,0,0.05,13
5844,0.96,1,0.05,19
8164,0.89,1,0.05,27
8165,-0.49,0,0.05,4
5845,0.99,1,0.05,26
8166,0.99,1,0.05,19
5846,0.93,1,0.05,20
8167,0.94,1,0.05,15
5847,0.95,1,0.05,12
5848,0.95,1,0.05,12
8168,0.83,1,0.05,26
8169,0.94,1,0.05,12
8170,0.96,1,0.05,12
5849,0.93,1,0.05,28
5850,-0.5,0,0.05,5
8171,0.93,1,0.05,31
5851,0.96,1,0.05,19
8172,-0.5,0,0.05,5
5852,0.97,1,0.05,9
5853,-0.5,0,0.05,4
8173,0.93,1,0.05,17
8174,0.91,1,0.05,21
5854,0.92,1,0.05,30
8175,0.95,1,0.05,19
8176,0.93,1,0.05,17
5855,0.89,1,0.05,19
8177,0.98,1,0.05,10
8178,0.94,1,0.05,10
5856,0.99,1,0.05,24
8179,0.97,1,0.05,33
5857,0.97,1,0.05,20
8180,0.93,1,0.05,13
8181,0.92,1,0.05,16
5858,0.98,1,0.05,29
8182,0.95,1,0.05,11
8183,0.97,1,0.05,16
5859,-0.57,0,0.05,24
8184,0.88,1,0.05,15
8185,0.97,1,0.05,13
8186,-0.5,0,0.05,3
5860,-0.57,0,0.05,24
8187,1.0,1,0.05,22
5861,0.88,1,0.05,37
8188,0.91,1,0.05,23
8189,0.92,1,0.05,24
5862,0.94,1,0.05,21
8190,0.97,1,0.05,10
8191,0.98,1,0.05,11
5863,1.0,1,0.05,21
8192,0.95,1,0.05,16
8193,-0.5,0,0.05,8
5864,0.92,1,0.05,17
8194,0.94,1,0.05,13
5865,0.92,1,0.05,13
8195,-0.55,0,0.05,12
5866,0.94,1,0.05,21
8196,0.93,1,0.05,29
5867,0.95,1,0.05,15
5868,0.9,1,0.05,3
8197,1.0,1,0.05,15
5869,0.98,1,0.05,18
8198,-0.5,0,0.05,19
8199,-0.59,0,0.05,11
5870,0.99,1,0.05,21
8200,0.99,1,0.05,24
8201,0.97,1,0.05,14
5871,0.9,1,0.05,30
8202,0.99,1,0.05,18
5872,0.98,1,0.05,15
8203,0.88,1,0.05,20
8204,0.92,1,0.05,16
5873,0.96,1,0.05,24
8205,0.96,1,0.05,14
5874,0.97,1,0.05,9
5875,0.95,1,0.05,10
8206,0.92,1,0.05,18
5876,0.98,1,0.05,11
8207,0.96,1,0.05,22
8208,0.95,1,0.05,11
5877,0.95,1,0.05,24
8209,0.9,1,0.05,24
8210,0.93,1,0.05,15
8211,0.97,1,0.05,9
5878,0.74,0,0.05,55
5879,0.95,1,0.05,8
8212,0.83,1,0.05,45
5880,0.96,1,0.05,14
8213,0.99,1,0.05,20
5881,0.99,1,0.05,14
8214,0.97,1,0.05,16
5882,0.97,1,0.05,13
8215,0.88,1,0.05,18
5883,0.94,1,0.05,17
8216,1.01,1,0.05,23
5884,0.97,1,0.05,16
8217,0.93,1,0.05,16
5885,0.92,1,0.05,20
8218,0.97,1,0.05,11
8219,0.96,1,0.05,16
5886,0.99,1,0.05,21
8220,-0.49,0,0.05,4
8221,0.99,1,0.05,17
5887,0.94,1,0.05,13
8222,-0.58,0,0.05,19
5888,0.96,1,0.05,14
8223,0.91,1,0.05,21
8224,0.96,1,0.05,9
5889,-0.61,0,0.05,32
8225,0.95,1,0.05,13
8226,0.97,1,0.05,9
5890,0.95,1,0.05,34
8227,0.91,1,0.05,33
8228,0.95,1,0.05,11
8229,0.97,1,0.05,13
5891,0.97,1,0.05,30
8230,0.9,1,0.05,20
5892,0.98,1,0.05,25
8231,0.94,1,0.05,13
5893,0.96,1,0.05,12
8232,0.94,1,0.05,12
5894,-0.48,0,0.05,5
8233,0.98,1,0.05,11
5895,0.88,1,0.05,15
8234,0.93,1,0.05,17
5896,0.94,1,0.05,13
8235,0.97,1,0.05,19
5897,-0.55,0,0.05,15
8236,0.99,1,0.05,19
5898,0.97,1,0.05,19
8237,0.98,1,0.05,30
5899,0.99,1,0.05,18
8238,-0.58,0,0.05,29
5900,0.96,1,0.05,14
8239,-0.5,0,0.05,5
5901,-0.61,0,0.05,13
8240,-0.6,0,0.05,15
5902,0.93,1,0.05,21
5903,0.96,1,0.05,12
8241,0.99,1,0.05,30
8242,0.94,1,0.05,10
5904,0.96,1,0.05,20
8243,0.96,1,0.05,18
8244,0.98,1,0.05,16
8245,-0.48,0,0.05,16
5905,0.98,1,0.05,38
8246,0.99,1,0.05,14
5906,0.95,1,0.05,13
8247,1.03,1,0.05,18
5907,-0.56,0,0.05,10
8248,0.93,1,0.05,25
5908,0.91,1,0.05,20
8249,0.96,1,0.05,15
5909,0.97,1,0.05,19
8250,1.0,1,0.05,30
8251,0.92,1,0.05,15
5910,0.84,1,0.05,35
8252,0.99,1,0.05,17
8253,0.98,1,0.05,13
5911,0.98,1,0.05,20
8254,0.97,1,0.05,13
8255,0.94,1,0.05,11
5912,0.99,1,0.05,27
8256,0.95,1,0.05,11
8257,0.98,1,0.05,16
5913,0.95,1,0.05,19
8258,0.9,1,0.05,25
5914,0.94,1,0.05,20
5915,0.92,1,0.05,16
8259,0.93,1,0.05,24
5916,0.9,1,0.05,3
8260,-0.55,0,0.05,10
8261,0.93,1,0.05,15
5917,0.95,1,0.05,22
8262,0.94,1,0.05,16
5918,0.99,1,0.05,14
8263,0.96,1,0.05,10
8264,0.99,1,0.05,18
5919,0.94,1,0.05,27
8265,-0.54,0,0.05,20
5920,0.91,1,0.05,19
8266,0.93,1,0.05,17
8267,0.94,1,0.05,17
5921,0.92,1,0.05,26
8268,0.9,1,0.05,26
5922,0.98,1,0.05,21
8269,0.91,1,0.05,14
5923,0.97,1,0.05,21
8270,-0.6,0,0.05,22
8271,0.98,1,0.05,17
8272,0.98,1,0.05,14
5924,0.96,1,0.05,31
8273,0.97,1,0.05,11
5925,0.96,1,0.05,13
8274,0.96,1,0.05,21
8275,0.92,1,0.05,25
5926,0.9,1,0.05,36
8276,-0.53,0,0.05,7
8277,0.98,1,0.05,16
5927,0.94,1,0.05,20
8278,0.94,1,0.05,13
8279,0.98,1,0.05,15
5928,0.9,1,0.05,23
8280,0.95,1,0.05,19
5929,0.87,1,0.05,16
8281,0.97,1,0.05,13
5930,-0.62,0,0.05,19
8282,0.98,1,0.05,18
8283,1.0,1,0.05,19
5931,0.91,1,0.05,22
8284,-0.51,0,0.05,8
5932,0.89,1,0.05,29
8285,0.89,1,0.05,46
5933,0.93,1,0.05,26
5934,-0.51,0,0.05,4
8286,0.89,1,0.05,30
8287,0.94,1,0.05,13
5935,0.93,1,0.05,29
5936,-0.61,0,0.05,22
8288,0.71,0,0.05,48
8289,0.98,1,0.05,13
8290,-0.5,0,0.05,5
5937,0.92,1,0.05,23
5938,0.9,1,0.05,26
8291,0.91,1,0.05,33
8292,0.97,1,0.05,18
5939,0.87,1,0.05,25
8293,0.99,1,0.05,17
5940,0.98,1,0.05,12
8294,0.89,1,0.05,17
5941,0.98,1,0.05,18
8295,1.0,1,0.05,21
8296,0.93,1,0.05,18
5942,0.91,1,0.05,24
8297,0.95,1,0.05,14
5943,-0.63,0,0.05,13
8298,0.95,1,0.05,9
8299,-0.52,0,0.05,7
8300,0.94,1,0.05,9
5944,0.93,1,0.05,24
8301,0.98,1,0.05,23
8302,0.99,1,0.05,12
5945,-0.54,0,0.05,21
8303,0.93,1,0.05,11
5946,1.01,1,0.05,19
8304,-0.65,0,0.05,11
5947,0.99,1,0.05,11
8305,0.94,1,0.05,16
5948,0.96,1,0.05,14
8306,0.9,1,0.05,32
5949,0.96,1,0.05,17
8307,0.87,1,0.05,19
8308,0.94,1,0.05,10
5950,0.97,1,0.05,20
8309,0.95,1,0.05,11
8310,0.95,1,0.05,13
5951,-0.59,0,0.05,16
8311,0.98,1,0.05,12
5952,0.97,1,0.05,22
8312,0.93,1,0.05,12
8313,0.95,1,0.05,9
5953,0.95,1,0.05,14
8314,0.98,1,0.05,13
5954,0.98,1,0.05,14
8315,0.92,1,0.05,23
5955,0.94,1,0.05,19
8316,0.99,1,0.05,28
8317,0.9,1,0.05,10
5956,0.92,1,0.05,22
5957,-0.49,0,0.05,4
8318,0.98,1,0.05,12
8319,0.99,1,0.05,13
5958,1.0,1,0.05,26
8320,-0.5,0,0.05,5
8321,0.92,1,0.05,21
8322,0.91,1,0.05,18
5959,0.97,1,0.05,34
8323,0.94,1,0.05,17
5960,-0.59,0,0.05,19
8324,0.92,1,0.05,26
5961,0.96,1,0.05,16
8325,0.97,1,0.05,11
8326,0.97,1,0.05,15
5962,0.97,1,0.05,24
8327,0.92,1,0.05,17
5963,0.95,1,0.05,22
8328,0.91,1,0.05,21
5964,0.95,1,0.05,10
8329,0.92,1,0.05,23
5965,0.88,1,0.05,16
8330,0.98,1,0.05,12
8331,-0.53,0,0.05,14
5966,0.97,1,0.05,28
8332,0.92,1,0.05,17
5967,0.94,1,0.05,12
8333,0.96,1,0.05,12
8334,1.0,1,0.05,16
5968,0.92,1,0.05,19
8335,0.92,1,0.05,18
8336,0.92,1,0.05,16
5969,0.9,1,0.05,27
8337,0.91,1,0.05,20
5970,0.98,1,0.05,10
8338,0.99,1,0.05,29
5971,0.93,1,0.05,25
8339,0.98,1,0.05,16
5972,0.94,1,0.05,11
8340,-0.51,0,0.05,4
8341,0.9,1,0.05,19
5973,0.93,1,0.05,13
8342,0.94,1,0.05,13
5974,0.95,1,0.05,21
8343,-0.53,0,0.05,13
8344,0.95,1,0.05,11
5975,-0.52,0,0.05,13
8345,0.95,1,0.05,12
8346,0.98,1,0.05,12
5976,-0.56,0,0.05,22
8347,0.99,1,0.05,15
8348,0.98,1,0.05,17
5977,0.82,1,0.05,31
8349,1.0,1,0.05,23
5978,0.99,1,0.05,21
8350,0.99,1,0.05,22
5979,-0.55,0,0.05,13
8351,0.99,1,0.05,17
5980,1.0,1,0.05,26
8352,1.0,1,0.05,24
8353,-0.49,0,0.05,4
5981,-0.5,0,0.05,20
8354,0.93,1,0.05,17
5982,0.93,1,0.05,13
5983,1.01,1,0.05,22
8356,0.91,1,0.05,30
5984,-0.53,0,0.05,9
5985,-0.53,0,0.05,14
8357,1.01,1,0.05,27
8358,0.94,1,0.05,12
5986,0.95,1,0.05,16
5987,0.99,1,0.05,15
8359,0.93,1,0.05,28
5988,0.96,1,0.05,11
8360,0.83,1,0.05,24
5989,0.92,1,0.05,24
8361,0.9,1,0.05,24
8362,0.95,1,0.05,19
5990,0.98,1,0.05,25
8363,0.94,1,0.05,17
8364,0.98,1,0.05,10
5991,0.95,1,0.05,24
8365,0.95,1,0.05,16
8366,0.95,1,0.05,12
5992,0.97,1,0.05,24
8367,0.94,1,0.05,22
8368,0.98,1,0.05,14
5993,0.86,1,0.05,26
8369,-0.59,0,0.05,18
5994,0.98,1,0.05,14
8370,1.0,1,0.05,24
8371,1.0,1,0.05,17
5995,0.96,1,0.05,28
5996,0.92,1,0.05,18
5997,0.96,1,0.05,30
5998,0.91,1,0.05,16
5999,0.96,1,0.05,20
6000,-0.62,0,0.05,18
6001,0.95,1,0.05,28
6002,-0.55,0,0.05,24
6003,-0.53,0,0.05,19
6004,0.88,1,0.05,19
6005,0.9,1,0.05,23
6006,-0.54,0,0.05,9
6007,0.99,1,0.05,19
6008,0.97,1,0.05,29
6009,0.94,1,0.05,22
6010,0.91,1,0.05,22
6011,0.94,1,0.05,14
6012,0.98,1,0.05,16
6013,0.96,1,0.05,28
6014,0.89,1,0.05,25
6015,0.96,1,0.05,27
6016,-0.56,0,0.05,24
6017,0.95,1,0.05,14
6018,0.95,1,0.05,16
6019,0.95,1,0.05,16
6020,0.92,1,0.05,20
6021,0.96,1,0.05,14
6022,-0.54,0,0.05,13
6023,-0.61,0,0.05,14
6024,0.91,1,0.05,13
6025,0.86,1,0.05,17
6026,0.98,1,0.05,19
6027,0.97,1,0.05,18
6028,0.87,1,0.05,18
6029,0.93,1,0.05,16
6030,0.98,1,0.05,14
6031,-0.6,0,0.05,22
6032,0.98,1,0.05,15
6033,0.81,1,0.05,18
6034,0.97,1,0.05,29
6035,0.92,1,0.05,17
6036,0.93,1,0.05,15
6037,0.93,1,0.05,23
6038,0.79,0,0.05,32
6039,0.97,1,0.05,21
6040,-0.55,0,0.05,14
6041,0.96,1,0.05,10
6042,0.97,1,0.05,14
8372,0.99,1,0.05,14
8373,0.95,1,0.05,12
6043,0.97,1,0.05,22
8374,0.91,1,0.05,37
8375,-0.49,0,0.05,4
6044,0.99,1,0.05,20
6045,0.95,1,0.05,11
8376,0.82,1,0.05,27
8377,0.99,1,0.05,12
6046,1.0,1,0.05,21
6047,0.98,1,0.05,11
8378,0.99,1,0.05,11
8379,0.98,1,0.05,14
6048,-0.53,0,0.05,12
8380,0.92,1,0.05,17
6049,0.91,1,0.05,16
8381,-0.44,0,0.05,28
6050,0.88,1,0.05,19
8382,0.97,1,0.05,9
6051,0.92,1,0.05,20
8383,-0.52,0,0.05,21
6052,-0.52,0,0.05,10
8384,0.94,1,0.05,11
8385,0.97,1,0.05,8
6053,0.96,1,0.05,23
8386,-0.59,0,0.05,26
6054,-0.62,0,0.05,18
8387,0.94,1,0.05,15
8388,0.96,1,0.05,10
6055,0.97,1,0.05,22
8389,0.98,1,0.05,15
6056,-0.49,0,0.05,3
8390,0.91,1,0.05,22
6057,0.9,1,0.05,23
8391,-0.59,0,0.05,10
8392,0.99,1,0.05,16
6058,0.97,1,0.05,24
8393,0.95,1,0.05,13
8394,0.96,1,0.05,10
8395,-0.62,0,0.05,42
8396,0.97,1,0.05,13
8397,0.94,1,0.05,17
8398,0.92,1,0.05,18
8399,1.01,1,0.05,27
8400,0.96,1,0.05,27
8401,-0.51,0,0.05,4
8402,0.93,1,0.05,13
8403,1.0,1,0.05,19
8404,-0.58,0,0.05,17
8405,-0.53,0,0.05,12
8406,0.93,1,0.05,14
8407,-0.52,0,0.05,5
8408,0.97,1,0.05,15
8409,0.97,1,0.05,25
8410,0.88,1,0.05,17
8411,0.93,1,0.05,26
8412,0.91,1,0.05,19
8413,0.98,1,0.05,15
8414,0.95,1,0.05,13
8415,-0.65,0,0.05,37
8416,0.93,1,0.05,13
8417,0.92,1,0.05,15
8418,0.98,1,0.05,15
8419,0.99,1,0.05,17
8420,0.9,1,0.05,10
8421,0.99,1,0.05,14
8422,1.01,1,0.05,26
8423,0.92,1,0.05,21
8424,0.92,1,0.05,26
8425,0.93,1,0.05,19
8426,0.97,1,0.05,20
8427,0.91,1,0.05,26
8428,1.02,1,0.05,20
8429,0.92,1,0.05,23
8430,0.98,1,0.05,21
8431,0.98,1,0.05,23
8432,0.98,1,0.05,13
8433,0.92,1,0.05,26
8434,0.92,1,0.05,29
8435,0.82,1,0.05,38
8436,0.91,1,0.05,25
6059,0.89,1,0.05,25
8437,0.92,1,0.05,31
6060,0.98,1,0.05,16
8438,0.96,1,0.05,13
8439,0.93,1,0.05,18
6061,0.98,1,0.05,19
8440,0.97,1,0.05,10
8441,-0.49,0,0.05,4
6062,-0.54,0,0.05,18
8442,0.95,1,0.05,18
8443,0.9,1,0.05,22
6063,0.74,0,0.05,29
8444,-0.51,0,0.05,12
8445,0.99,1,0.05,17
6064,-0.59,0,0.05,24
8446,0.98,1,0.05,13
6065,0.96,1,0.05,17
8447,1.0,1,0.05,18
6066,0.95,1,0.05,12
8448,1.0,1,0.05,18
6067,0.97,1,0.05,20
8449,0.92,1,0.05,24
6068,0.92,1,0.05,26
8450,-0.59,0,0.05,33
6069,0.97,1,0.05,17
8451,0.93,1,0.05,14
8452,0.99,1,0.05,14
6070,0.96,1,0.05,20
8453,0.94,1,0.05,12
6071,0.93,1,0.05,28
8454,-0.58,0,0.05,28
6072,0.99,1,0.05,18
8455,0.92,1,0.05,18
6073,0.96,1,0.05,9
8456,-0.57,0,0.05,12
8457,0.97,1,0.05,9
8458,0.98,1,0.05,11
6074,0.86,1,0.05,28
8459,0.92,1,0.05,20
8460,0.96,1,0.05,14
6075,-0.56,0,0.05,29
6076,-0.54,0,0.05,14
8461,0.82,1,0.05,33
6077,0.85,1,0.05,14
8462,0.93,1,0.05,21
8463,-0.5,0,0.05,5
6078,0.98,1,0.05,16
8464,0.95,1,0.05,16
6079,0.97,1,0.05,26
8465,0.93,1,0.05,15
8466,0.95,1,0.05,16
6080,0.96,1,0.05,14
8467,0.97,1,0.05,14
6081,0.93,1,0.05,20
8468,0.99,1,0.05,13
8469,0.92,1,0.05,15
6082,0.87,1,0.05,14
8470,0.98,1,0.05,23
8471,0.99,1,0.05,19
6083,0.8,0,0.05,37
8472,0.98,1,0.05,12
6084,0.94,1,0.05,15
8473,0.99,1,0.05,22
6085,0.94,1,0.05,16
8474,0.96,1,0.05,16
8475,0.93,1,0.05,15
6086,0.99,1,0.05,31
8476,0.94,1,0.05,18
6087,-0.53,0,0.05,25
8478,0.94,1,0.05,13
6088,0.95,1,0.05,12
8479,0.99,1,0.05,14
8480,-0.51,0,0.05,4
6089,0.96,1,0.05,18
8481,0.95,1,0.05,11
8482,0.99,1,0.05,11
6090,0.99,1,0.05,16
6091,-0.48,0,0.05,5
8483,0.98,1,0.05,18
8484,0.98,1,0.05,12
6092,0.92,1,0.05,15
8485,0.94,1,0.05,13
6093,1.0,1,0.05,18
8486,-0.57,0,0.05,13
6094,0.92,1,0.05,13
8487,0.96,1,0.05,11
6095,-0.53,0,0.05,9
8488,0.94,1,0.05,30
6096,0.95,1,0.05,18
6097,0.94,1,0.05,19
8489,0.98,1,0.05,29
8490,0.93,1,0.05,28
6098,0.97,1,0.05,27
8491,0.97,1,0.05,8
8492,0.97,1,0.05,8
6099,0.97,1,0.05,21
8493,0.97,1,0.05,9
8494,0.97,1,0.05,13
8495,0.99,1,0.05,11
6100,0.98,1,0.05,25
8496,0.95,1,0.05,8
8497,-0.54,0,0.05,12
6101,0.97,1,0.05,20
8498,0.89,1,0.05,19
6102,0.95,1,0.05,9
8499,0.95,1,0.05,8
6103,0.99,1,0.05,9
8500,0.92,1,0.05,14
6104,0.94,1,0.05,11
6105,0.97,1,0.05,12
8501,-0.63,0,0.05,23
8502,0.96,1,0.05,12
6106,0.97,1,0.05,13
6107,-0.51,0,0.05,4
8503,-0.58,0,0.05,13
6108,1.0,1,0.05,28
8504,-0.48,0,0.05,28
8505,0.94,1,0.05,13
6109,-0.6,0,0.05,16
6110,0.93,1,0.05,28
8506,0.72,0,0.05,50
6111,0.99,1,0.05,15
8507,-0.56,0,0.05,16
6112,0.86,1,0.05,17
8508,0.97,1,0.05,21
6113,-0.56,0,0.05,19
8509,0.85,1,0.05,28
6114,0.98,1,0.05,13
6115,0.95,1,0.05,11
8510,0.95,1,0.05,19
8511,0.95,1,0.05,21
6116,-0.49,0,0.05,24
8512,0.89,1,0.05,11
6117,0.87,1,0.05,18
8513,0.94,1,0.05,17
6118,0.9,1,0.05,17
8514,0.96,1,0.05,23
8515,0.88,1,0.05,16
6119,-0.55,0,0.05,17
8516,0.95,1,0.05,15
6120,0.92,1,0.05,20
8517,0.95,1,0.05,13
8518,-0.55,0,0.05,4
6121,0.95,1,0.05,17
8519,1.0,1,0.05,24
6122,0.98,1,0.05,15
6123,0.99,1,0.05,22
8520,0.98,1,0.05,34
6124,-0.53,0,0.05,9
6125,-0.51,0,0.05,13
8521,0.93,1,0.05,30
6126,-0.53,0,0.05,9
6127,0.99,1,0.05,15
8522,0.88,1,0.05,31
6128,0.98,1,0.05,15
8523,0.93,1,0.05,27
6129,0.94,1,0.05,18
6130,0.95,1,0.05,10
8524,0.98,1,0.05,18
6131,-0.6,0,0.05,21
8525,0.95,1,0.05,20
8526,0.97,1,0.05,14
8527,-0.58,0,0.05,5
6132,0.99,1,0.05,24
8528,0.85,1,0.05,19
8529,0.93,1,0.05,16
6133,0.97,1,0.05,21
8530,-0.58,0,0.05,17
6134,0.88,1,0.05,27
8531,0.99,1,0.05,14
8532,-0.48,0,0.05,16
6135,0.97,1,0.05,22
8533,0.87,1,0.05,18
6136,0.97,1,0.05,12
8534,0.96,1,0.05,8
6137,0.99,1,0.05,10
6138,0.98,1,0.05,10
8535,0.9,1,0.05,25
8536,-0.6,0,0.05,13
8537,0.92,1,0.05,8
6139,0.98,1,0.05,28
8538,0.97,1,0.05,18
6140,0.96,1,0.05,12
8539,0.99,1,0.05,23
6141,0.91,1,0.05,19
6142,-0.5,0,0.05,3
8540,0.93,1,0.05,13
8541,0.93,1,0.05,16
6143,0.89,1,0.05,22
8542,-0.59,0,0.05,19
6144,0.95,1,0.05,11
6145,0.94,1,0.05,14
8543,0.94,1,0.05,16
6146,0.93,1,0.05,20
8544,0.91,1,0.05,21
8545,0.99,1,0.05,14
6147,0.91,1,0.05,21
8546,0.93,1,0.05,17
6148,0.97,1,0.05,19
8547,0.98,1,0.05,18
6149,0.92,1,0.05,20
8548,0.92,1,0.05,18
6150,0.96,1,0.05,11
8549,0.89,1,0.05,20
6151,-0.51,0,0.05,15
8550,0.97,1,0.05,16
8551,0.99,1,0.05,21
6152,1.0,1,0.05,21
8552,0.97,1,0.05,12
8553,0.95,1,0.05,10
6153,0.95,1,0.05,16
8554,0.99,1,0.05,18
6154,0.95,1,0.05,22
8555,0.89,1,0.05,23
6155,0.99,1,0.05,20
8556,0.99,1,0.05,20
6156,0.97,1,0.05,16
8557,0.87,1,0.05,22
6157,-0.54,0,0.05,9
8558,0.98,1,0.05,13
6158,-0.63,0,0.05,18
6159,-0.5,0,0.05,15
8559,0.83,1,0.05,46
6160,0.97,1,0.05,16
8560,0.98,1,0.05,14
8561,0.93,1,0.05,21
6161,0.87,1,0.05,23
6162,0.92,1,0.05,14
8562,0.99,1,0.05,18
8563,0.93,1,0.05,23
6163,0.95,1,0.05,22
8564,1.0,1,0.05,23
6164,-0.61,0,0.05,18
8565,0.9,1,0.05,30
6165,0.96,1,0.05,25
8566,0.92,1,0.05,16
6166,1.0,1,0.05,15
6167,0.96,1,0.05,9
8567,0.92,1,0.05,16
8568,0.93,1,0.05,12
6168,0.92,1,0.05,15
8569,0.98,1,0.05,13
8570,0.93,1,0.05,15
8571,1.0,1,0.05,16
6169,-0.48,0,0.05,35
8572,0.93,1,0.05,15
6170,0.93,1,0.05,15
6171,-0.54,0,0.05,10
8573,-0.54,0,0.05,17
8574,0.98,1,0.05,12
8575,0.94,1,0.05,12
6172,0.94,1,0.05,26
6173,-0.59,0,0.05,9
8576,0.91,1,0.05,31
6174,0.77,0,0.05,16
8577,1.03,1,0.05,18
8578,0.93,1,0.05,12
6175,0.99,1,0.05,24
8579,0.94,1,0.05,10
6176,0.95,1,0.05,12
6177,0.97,1,0.05,13
8580,-0.57,0,0.05,36
8581,0.98,1,0.05,13
6178,-0.6,0,0.05,24
8582,0.97,1,0.05,11
8583,-0.51,0,0.05,16
6179,1.0,1,0.05,26
8584,0.99,1,0.05,16
8585,0.91,1,0.05,23
6180,0.94,1,0.05,28
8586,0.98,1,0.05,10
8587,-0.51,0,0.05,4
6181,0.92,1,0.05,24
8588,0.91,1,0.05,24
8589,0.98,1,0.05,14
6182,1.0,1,0.05,22
8590,0.94,1,0.05,10
8591,0.99,1,0.05,22
6183,0.94,1,0.05,27
8592,-0.5,0,0.05,5
8593,0.99,1,0.05,11
8594,0.93,1,0.05,12
6184,0.96,1,0.05,24
8595,0.99,1,0.05,13
6185,0.92,1,0.05,21
8596,0.94,1,0.05,13
8597,0.98,1,0.05,12
6186,0.98,1,0.05,16
8598,0.94,1,0.05,12
8599,0.95,1,0.05,11
6187,-0.56,0,0.05,28
8600,0.96,1,0.05,15
8601,1.01,1,0.05,16
6188,1.0,1,0.05,28
8602,0.97,1,0.05,20
8603,0.93,1,0.05,12
6189,0.95,1,0.05,17
8604,0.97,1,0.05,12
6190,0.98,1,0.05,18
8605,0.92,1,0.05,22
6191,0.96,1,0.05,23
8606,0.89,1,0.05,32
8607,0.94,1,0.05,10
6192,0.89,1,0.05,27
8608,0.92,1,0.05,27
6193,0.94,1,0.05,23
8609,-0.6,0,0.05,30
6194,0.83,1,0.05,18
6195,0.98,1,0.05,11
8610,0.89,1,0.05,22
6196,0.94,1,0.05,11
8611,0.98,1,0.05,16
6197,0.84,1,0.05,15
8612,0.96,1,0.05,9
8613,0.91,1,0.05,19
6198,0.91,1,0.05,22
8614,0.95,1,0.05,10
8615,-0.49,0,0.05,4
8616,1.0,1,0.05,24
6199,0.99,1,0.05,31
8617,0.81,1,0.05,31
6200,-0.65,0,0.05,32
8618,0.94,1,0.05,16
6201,0.95,1,0.05,17
8619,0.97,1,0.05,25
6202,0.98,1,0.05,10
8620,0.92,1,0.05,22
8621,-0.53,0,0.05,7
6203,1.0,1,0.05,21
6204,0.97,1,0.05,28
8622,-0.88,0,0.05,52
6205,0.94,1,0.05,13
8623,-0.57,0,0.05,12
8624,0.97,1,0.05,8
6206,0.96,1,0.05,17
8625,0.99,1,0.05,14
6207,0.9,1,0.05,28
8626,0.89,1,0.05,25
8627,0.92,1,0.05,12
8628,-0.5,0,0.05,9
6208,0.94,1,0.05,28
8629,0.94,1,0.05,23
6209,-0.52,0,0.05,12
6210,0.97,1,0.05,14
8630,0.95,1,0.05,16
8631,0.97,1,0.05,11
8632,0.97,1,0.05,11
6211,0.96,1,0.05,20
8633,0.92,1,0.05,15
6212,0.98,1,0.05,13
8634,0.9,1,0.05,28
6213,0.96,1,0.05,22
8635,0.92,1,0.05,17
6214,0.96,1,0.05,14
6215,0.96,1,0.05,14
8636,0.9,1,0.05,21
8637,0.98,1,0.05,11
6216,0.93,1,0.05,30
8638,0.89,1,0.05,38
8639,-0.5,0,0.05,3
6217,0.86,1,0.05,22
8640,0.96,1,0.05,9
6218,0.98,1,0.05,11
8641,0.98,1,0.05,12
8642,0.96,1,0.05,18
6219,-0.48,0,0.05,27
8643,0.95,1,0.05,23
8644,0.97,1,0.05,11
6220,0.91,1,0.05,26
8645,0.89,1,0.05,20
6221,-0.56,0,0.05,22
8646,0.94,1,0.05,22
6222,0.86,1,0.05,16
8647,0.92,1,0.05,18
6223,0.96,1,0.05,14
6224,0.97,1,0.05,13
8648,0.82,1,0.05,28
8649,0.98,1,0.05,13
8650,-0.5,0,0.05,3
6225,0.99,1,0.05,23
8651,0.94,1,0.05,22
8652,0.96,1,0.05,12
6226,0.92,1,0.05,21
6227,0.99,1,0.05,16
8653,0.91,1,0.05,20
6228,0.9,1,0.05,3
8654,0.96,1,0.05,22
6229,0.87,1,0.05,19
8655,-0.56,0,0.05,11
6230,0.96,1,0.05,13
8656,0.95,1,0.05,22
6231,0.91,1,0.05,25
8657,0.94,1,0.05,18
6232,0.95,1,0.05,22
6233,-0.64,0,0.05,21
6234,0.97,1,0.05,16
6235,0.98,1,0.05,18
6236,1.03,1,0.05,28
6237,0.98,1,0.05,13
6238,0.91,1,0.05,23
6239,0.93,1,0.05,15
6240,1.01,1,0.05,31
6241,0.99,1,0.05,15
6242,1.0,1,0.05,22
6243,0.97,1,0.05,12
6244,0.98,1,0.05,10
6245,0.85,1,0.05,15
6246,-0.62,0,0.05,22
6247,0.94,1,0.05,23
6248,0.95,1,0.05,17
6249,0.9,1,0.05,11
6250,0.92,1,0.05,27
6251,-0.53,0,0.05,13
6252,-0.49,0,0.05,4
6253,1.0,1,0.05,15
6254,-0.57,0,0.05,40
6255,0.97,1,0.05,25
6256,0.91,1,0.05,13
6257,1.01,1,0.05,34
6258,0.89,1,0.05,12
6259,0.98,1,0.05,16
6260,0.94,1,0.05,29
6261,0.92,1,0.05,25
6262,0.94,1,0.05,12
6263,-0.52,0,0.05,28
6264,0.96,1,0.05,20
8658,0.94,1,0.05,27
6265,0.98,1,0.05,17
6266,-0.5,0,0.05,3
8659,0.96,1,0.05,9
8660,-0.52,0,0.05,12
6267,-0.5,0,0.05,17
6268,-0.5,0,0.05,3
8661,0.97,1,0.05,13
8662,-0.61,0,0.05,13
6269,0.93,1,0.05,26
8663,0.99,1,0.05,21
8664,-0.51,0,0.05,4
8665,0.91,1,0.05,31
6270,0.84,1,0.05,33
8666,0.99,1,0.05,14
6271,0.92,1,0.05,18
8667,-0.47,0,0.05,17
8668,1.0,1,0.05,15
6272,0.98,1,0.05,25
8669,0.94,1,0.05,11
8670,0.94,1,0.05,10
6273,0.97,1,0.05,22
8671,0.89,1,0.05,18
8672,1.01,1,0.05,24
6274,0.94,1,0.05,28
8673,0.94,1,0.05,12
8674,0.97,1,0.05,9
6275,0.98,1,0.05,20
8675,0.94,1,0.05,12
6276,0.92,1,0.05,21
8676,0.99,1,0.05,25
6277,-0.49,0,0.05,13
8677,0.98,1,0.05,22
8678,0.92,1,0.05,16
6278,0.89,1,0.05,27
8679,-0.5,0,0.05,3
8680,0.94,1,0.05,29
6279,0.93,1,0.05,28
6280,-0.55,0,0.05,4
8681,0.94,1,0.05,18
6281,0.98,1,0.05,11
8682,1.0,1,0.05,24
6282,0.9,1,0.05,21
8683,-0.57,0,0.05,28
6283,0.94,1,0.05,24
8684,0.99,1,0.05,18
6284,0.97,1,0.05,12
8685,-0.55,0,0.05,15
8686,-0.51,0,0.05,4
8687,-0.51,0,0.05,21
6285,0.94,1,0.05,27
8688,-0.55,0,0.05,20
6286,0.92,1,0.05,25
8689,0.95,1,0.05,10
8690,-0.5,0,0.05,12
6287,0.91,1,0.05,20
8691,0.9,1,0.05,21
6288,0.93,1,0.05,19
8692,0.86,1,0.05,21
6289,0.89,1,0.05,18
8693,1.01,1,0.05,20
6290,0.94,1,0.05,17
8694,0.92,1,0.05,15
6291,0.97,1,0.05,15
8695,0.89,1,0.05,24
6292,1.01,1,0.05,31
8696,0.94,1,0.05,33
8697,0.97,1,0.05,14
6293,1.0,1,0.05,20
6294,-0.48,0,0.05,11
8698,0.92,1,0.05,23
6295,0.91,1,0.05,20
8699,0.94,1,0.05,26
6296,0.99,1,0.05,23
8700,1.0,1,0.05,27
6297,0.96,1,0.05,12
8701,0.93,1,0.05,14
6298,0.97,1,0.05,16
8702,-0.53,0,0.05,22
6299,-0.55,0,0.05,20
8703,0.95,1,0.05,31
6300,0.95,1,0.05,10
8704,0.96,1,0.05,12
8705,0.95,1,0.05,14
6301,0.99,1,0.05,33
8706,0.96,1,0.05,23
8707,0.93,1,0.05,13
6302,0.92,1,0.05,18
8708,0.96,1,0.05,21
6303,0.99,1,0.05,17
8709,0.77,0,0.05,19
6304,0.94,1,0.05,21
8710,0.91,1,0.05,11
8711,0.98,1,0.05,13
6305,0.92,1,0.05,19
8712,0.9,1,0.05,20
6306,0.98,1,0.05,10
8713,0.98,1,0.05,18
6307,1.0,1,0.05,20
8714,0.88,1,0.05,32
6308,0.97,1,0.05,26
8715,0.94,1,0.05,20
6309,0.96,1,0.05,16
8716,0.92,1,0.05,25
8717,0.97,1,0.05,10
8718,0.94,1,0.05,15
6310,-0.67,0,0.05,39
8719,0.92,1,0.05,16
8720,-0.56,0,0.05,17
6311,1.01,1,0.05,30
6312,0.95,1,0.05,9
8721,0.94,1,0.05,26
6313,0.99,1,0.05,17
8722,0.96,1,0.05,20
6314,0.82,1,0.05,18
8723,1.0,1,0.05,21
8724,0.88,1,0.05,21
8725,0.95,1,0.05,20
8726,0.92,1,0.05,20
6315,-0.71,0,0.05,53
8727,0.94,1,0.05,14
6316,0.99,1,0.05,15
8728,0.92,1,0.05,13
8729,0.89,1,0.05,21
6317,1.02,1,0.05,30
8730,-0.5,0,0.05,5
8731,0.97,1,0.05,11
6318,0.94,1,0.05,15
8732,-0.6,0,0.05,23
6319,-0.62,0,0.05,21
8733,0.94,1,0.05,10
6320,0.97,1,0.05,21
8734,0.91,1,0.05,21
6321,-0.58,0,0.05,14
8735,0.99,1,0.05,17
6322,0.96,1,0.05,15
8736,0.99,1,0.05,15
6323,0.96,1,0.05,16
8737,-0.61,0,0.05,22
8738,0.98,1,0.05,31
8739,0.91,1,0.05,19
8740,0.97,1,0.05,15
8741,0.94,1,0.05,15
8742,0.95,1,0.05,15
8743,0.97,1,0.05,11
8744,0.94,1,0.05,25
8745,0.96,1,0.05,25
8746,0.99,1,0.05,23
8747,0.94,1,0.05,28
8748,-0.52,0,0.05,16
8749,0.95,1,0.05,11
8750,0.94,1,0.05,12
8751,0.96,1,0.05,24
8752,0.99,1,0.05,12
8753,0.92,1,0.05,26
8754,0.98,1,0.05,13
8755,0.87,1,0.05,23
8756,0.97,1,0.05,15
8757,0.94,1,0.05,11
8758,0.96,1,0.05,17
8759,-0.63,0,0.05,13
8760,0.91,1,0.05,24
8761,-0.6,0,0.05,12
8762,0.99,1,0.05,14
8763,0.93,1,0.05,24
8764,-0.58,0,0.05,20
8765,0.92,1,0.05,24
8766,-0.6,0,0.05,23
8767,0.94,1,0.05,14
8768,-0.54,0,0.05,11
8769,0.93,1,0.05,32
8770,0.97,1,0.05,19
8771,0.94,1,0.05,9
8772,-0.59,0,0.05,21
8773,0.97,1,0.05,11
8774,0.94,1,0.05,18
8775,0.94,1,0.05,18
8776,0.94,1,0.05,11
8777,0.84,1,0.05,24
8778,0.82,1,0.05,19
8779,0.93,1,0.05,18
8780,0.97,1,0.05,12
8781,0.93,1,0.05,14
8782,0.97,1,0.05,8
6324,-0.62,0,0.05,12
8783,0.91,1,0.05,21
6325,0.93,1,0.05,24
8784,0.94,1,0.05,12
8785,0.97,1,0.05,14
6326,0.96,1,0.05,14
8786,-0.53,0,0.05,14
6327,0.95,1,0.05,19
8787,0.99,1,0.05,15
8788,-0.61,0,0.05,21
6328,0.94,1,0.05,22
6329,1.0,1,0.05,20
8789,0.94,1,0.05,34
8790,0.93,1,0.05,13
8791,-0.5,0,0.05,3
6330,1.01,1,0.05,26
8792,0.98,1,0.05,12
8793,0.92,1,0.05,22
8794,-0.55,0,0.05,10
6331,-0.76,0,0.05,45
8795,0.93,1,0.05,32
6332,1.01,1,0.05,17
6333,-0.6,0,0.05,10
8796,0.99,1,0.05,16
6334,-0.53,0,0.05,11
8797,0.94,1,0.05,25
6335,-0.56,0,0.05,22
8798,0.96,1,0.05,14
8799,0.92,1,0.05,20
6336,0.94,1,0.05,30
8800,0.99,1,0.05,20
6337,0.94,1,0.05,17
8801,0.98,1,0.05,15
6338,1.0,1,0.05,21
8802,1.01,1,0.05,25
6339,0.93,1,0.05,12
8803,0.94,1,0.05,15
8804,0.97,1,0.05,30
6340,-0.55,0,0.05,39
8805,0.96,1,0.05,17
6341,0.95,1,0.05,18
8806,0.98,1,0.05,18
8807,0.95,1,0.05,14
6342,-0.58,0,0.05,17
8808,0.92,1,0.05,18
6343,1.0,1,0.05,26
8809,-0.58,0,0.05,13
6344,0.99,1,0.05,15
8810,1.01,1,0.05,25
6345,0.99,1,0.05,17
8811,1.0,1,0.05,28
6346,0.96,1,0.05,13
6347,0.9,1,0.05,3
8812,1.0,1,0.05,18
6348,0.99,1,0.05,12
8813,0.93,1,0.05,13
8814,-0.52,0,0.05,6
6349,0.98,1,0.05,15
8815,0.95,1,0.05,13
6350,0.99,1,0.05,23
8816,0.87,1,0.05,17
6351,-0.5,0,0.05,3
6352,-0.52,0,0.05,11
8817,0.9,1,0.05,18
8818,0.99,1,0.05,19
6353,0.94,1,0.05,19
6354,-0.49,0,0.05,4
8819,0.9,1,0.05,17
6355,0.93,1,0.05,16
8820,0.98,1,0.05,12
8821,0.98,1,0.05,11
6356,1.01,1,0.05,24
8822,-0.54,0,0.05,20
8823,0.98,1,0.05,10
6357,-0.52,0,0.05,15
8824,0.99,1,0.05,24
6358,0.95,1,0.05,24
8825,0.98,1,0.05,13
6359,-0.6,0,0.05,18
8826,0.96,1,0.05,22
8827,-0.54,0,0.05,5
8828,0.95,1,0.05,12
8829,-0.5,0,0.05,3
6360,-0.66,0,0.05,36
8830,0.91,1,0.05,23
8831,0.86,1,0.05,16
6361,-0.52,0,0.05,22
8832,0.98,1,0.05,13
6362,0.89,1,0.05,16
8833,0.95,1,0.05,16
6363,0.94,1,0.05,14
8834,0.99,1,0.05,13
6364,-0.48,0,0.05,11
8835,0.93,1,0.05,20
8836,0.95,1,0.05,13
6365,0.91,1,0.05,26
6366,0.96,1,0.05,9
8837,0.86,1,0.05,33
6367,0.95,1,0.05,13
6368,-0.57,0,0.05,7
8838,0.94,1,0.05,12
6369,0.93,1,0.05,18
8839,0.97,1,0.05,25
6370,0.95,1,0.05,11
8840,0.97,1,0.05,20
6371,0.94,1,0.05,19
8841,-0.65,0,0.05,18
6372,0.92,1,0.05,17
8842,-0.44,0,0.05,22
8843,0.98,1,0.05,13
6373,1.02,1,0.05,27
8844,0.94,1,0.05,18
6374,0.98,1,0.05,23
8845,0.98,1,0.05,26
8846,0.96,1,0.05,16
6375,0.92,1,0.05,27
8847,-0.5,0,0.05,20
6376,-0.52,0,0.05,14
6377,0.95,1,0.05,10
8848,-0.59,0,0.05,21
8849,0.9,1,0.05,14
6378,0.93,1,0.05,16
8850,0.92,1,0.05,18
6379,-0.6,0,0.05,30
8851,0.92,1,0.05,18
8852,0.98,1,0.05,11
6380,-0.53,0,0.05,9
8853,1.0,1,0.05,13
6381,0.93,1,0.05,15
6382,-0.49,0,0.05,4
6383,-0.49,0,0.05,4
8854,0.93,1,0.05,31
6384,-0.55,0,0.05,14
8855,0.93,1,0.05,21
6385,0.97,1,0.05,16
8856,1.0,1,0.05,21
8857,0.96,1,0.05,15
6386,0.81,1,0.05,31
8858,0.97,1,0.05,10
6387,-0.62,0,0.05,6
8859,0.98,1,0.05,14
6388,-0.52,0,0.05,12
6389,-0.55,0,0.05,4
8860,0.94,1,0.05,16
6390,0.97,1,0.05,17
8861,0.91,1,0.05,16
8862,0.98,1,0.05,11
6391,0.94,1,0.05,9
8863,0.95,1,0.05,12
6392,0.97,1,0.05,14
8864,0.97,1,0.05,8
6393,-0.62,0,0.05,10
6394,0.94,1,0.05,15
8865,0.91,1,0.05,22
6395,-0.54,0,0.05,4
8866,0.94,1,0.05,16
6396,-0.54,0,0.05,12
6397,-0.5,0,0.05,5
8867,0.94,1,0.05,16
6398,-0.5,0,0.05,5
6399,0.97,1,0.05,16
8868,0.91,1,0.05,23
6400,0.99,1,0.05,13
8869,0.99,1,0.05,23
6401,0.97,1,0.05,9
6402,0.87,1,0.05,14
8870,0.84,1,0.05,30
8871,-0.5,0,0.05,3
8872,-0.51,0,0.05,6
6403,0.92,1,0.05,25
8873,0.97,1,0.05,24
6404,0.98,1,0.05,13
8874,0.98,1,0.05,18
6405,0.86,1,0.05,22
8875,0.97,1,0.05,21
6406,0.92,1,0.05,17
6407,0.93,1,0.05,13
8876,-0.58,0,0.05,39
6408,1.0,1,0.05,18
8877,0.99,1,0.05,15
8878,0.87,1,0.05,18
6409,0.99,1,0.05,20
8879,0.91,1,0.05,29
6410,0.99,1,0.05,27
8880,0.93,1,0.05,16
6411,0.97,1,0.05,13
8881,0.98,1,0.05,17
6412,0.98,1,0.05,15
8882,0.97,1,0.05,11
6413,0.96,1,0.05,17
8883,0.92,1,0.05,25
6414,0.97,1,0.05,13
8884,0.94,1,0.05,17
6415,1.0,1,0.05,17
8885,0.86,1,0.05,16
6416,0.93,1,0.05,15
8886,0.93,1,0.05,13
8887,0.99,1,0.05,14
6417,0.86,1,0.05,17
8888,0.92,1,0.05,20
6418,0.86,1,0.05,18
8889,0.94,1,0.05,15
8890,0.94,1,0.05,14
6419,-0.54,0,0.05,26
8891,0.99,1,0.05,26
6420,1.01,1,0.05,24
8892,0.96,1,0.05,25
6421,0.92,1,0.05,20
8893,0.92,1,0.05,18
8894,0.99,1,0.05,15
8895,-0.49,0,0.05,4
6422,0.91,1,0.05,29
6423,0.98,1,0.05,10
8896,0.85,1,0.05,25
6424,0.97,1,0.05,16
8897,0.91,1,0.05,22
6425,0.94,1,0.05,14
8898,0.94,1,0.05,17
8899,0.92,1,0.05,16
6426,0.87,1,0.05,20
8900,0.98,1,0.05,13
8901,-0.48,0,0.05,3
6427,0.92,1,0.05,18
8902,0.93,1,0.05,19
6428,-0.51,0,0.05,16
6429,-0.5,0,0.05,3
8903,0.86,1,0.05,23
8904,0.94,1,0.05,13
6430,0.94,1,0.05,29
6431,0.93,1,0.05,17
8905,0.92,1,0.05,30
8906,0.93,1,0.05,28
8907,0.97,1,0.05,20
8908,0.95,1,0.05,16
6432,0.83,1,0.05,66
8909,0.95,1,0.05,18
8910,0.94,1,0.05,11
6433,0.96,1,0.05,22
8911,0.95,1,0.05,11
6434,0.99,1,0.05,16
8912,0.97,1,0.05,18
6435,-0.51,0,0.05,4
8913,0.94,1,0.05,10
8914,0.95,1,0.05,10
6436,0.95,1,0.05,17
8915,0.96,1,0.05,12
6437,-0.52,0,0.05,11
8916,1.0,1,0.05,19
6438,0.97,1,0.05,16
6439,0.98,1,0.05,15
8917,0.93,1,0.05,25
8918,-0.6,0,0.05,22
6440,0.88,1,0.05,20
8919,0.93,1,0.05,29
6441,0.94,1,0.05,28
6442,-0.5,0,0.05,3
8920,0.94,1,0.05,10
6443,-0.51,0,0.05,4
8921,0.93,1,0.05,27
6444,0.88,1,0.05,19
8922,-0.53,0,0.05,17
8923,0.97,1,0.05,9
8924,0.97,1,0.05,12
6445,0.89,1,0.05,29
8925,0.92,1,0.05,17
6446,-0.55,0,0.05,22
8926,0.98,1,0.05,13
8927,0.96,1,0.05,12
6447,0.93,1,0.05,20
8928,-0.52,0,0.05,6
8929,1.0,1,0.05,18
6448,0.9,1,0.05,27
8930,-0.43,0,0.05,29
6449,0.97,1,0.05,17
6450,-0.48,0,0.05,3
8931,0.98,1,0.05,13
6451,-0.5,0,0.05,5
8932,0.97,1,0.05,15
8933,0.96,1,0.05,11
6452,0.96,1,0.05,30
8934,0.92,1,0.05,30
6453,0.93,1,0.05,22
8935,0.94,1,0.05,12
6454,1.0,1,0.05,19
8936,0.91,1,0.05,23
6455,0.98,1,0.05,13
8937,0.98,1,0.05,20
8938,0.97,1,0.05,13
6456,0.96,1,0.05,32
8939,0.96,1,0.05,31
6457,0.87,1,0.05,16
8940,1.02,1,0.05,17
8941,0.98,1,0.05,10
6458,0.93,1,0.05,29
6459,0.89,1,0.05,28
6460,0.96,1,0.05,11
6461,0.97,1,0.05,14
6462,0.92,1,0.05,18
6463,-0.55,0,0.05,8
6464,-0.51,0,0.05,4
6465,-0.49,0,0.05,4
6466,0.95,1,0.05,17
6467,0.98,1,0.05,11
6468,0.92,1,0.05,15
6469,0.93,1,0.05,19
6470,0.95,1,0.05,11
6471,0.92,1,0.05,21
6472,0.99,1,0.05,19
6473,-0.63,0,0.05,41
6474,0.93,1,0.05,17
6475,0.96,1,0.05,16
6476,-0.56,0,0.05,28
6477,0.92,1,0.05,19
6478,-0.56,0,0.05,16
6479,0.92,1,0.05,20
6480,0.97,1,0.05,12
6481,0.89,1,0.05,24
6482,-0.51,0,0.05,4
6483,0.93,1,0.05,24
6484,0.93,1,0.05,15
6485,0.95,1,0.05,10
6486,0.93,1,0.05,17
6487,0.99,1,0.05,11
6488,-0.59,0,0.05,13
6489,0.98,1,0.05,24
6490,0.98,1,0.05,13
6491,-0.56,0,0.05,16
6492,1.02,1,0.05,26
6493,0.91,1,0.05,23
6494,0.96,1,0.05,12
6495,0.92,1,0.05,15
6496,-0.52,0,0.05,13
6497,0.96,1,0.05,12
6498,0.83,1,0.05,14
8942,0.84,1,0.05,50
6499,0.96,1,0.05,15
8943,-0.5,0,0.05,3
8944,1.01,1,0.05,16
6500,0.96,1,0.05,17
8945,0.91,1,0.05,21
8946,0.94,1,0.05,18
6501,-0.56,0,0.05,37
6502,0.9,1,0.05,3
8947,0.99,1,0.05,14
8948,0.96,1,0.05,11
8949,-0.54,0,0.05,16
6503,0.92,1,0.05,26
8950,0.96,1,0.05,16
6504,0.94,1,0.05,16
8951,0.92,1,0.05,16
8952,0.94,1,0.05,9
8953,0.94,1,0.05,14
6505,0.93,1,0.05,26
6506,0.93,1,0.05,11
8954,0.98,1,0.05,13
8955,0.99,1,0.05,12
6507,-0.63,0,0.05,12
8956,-0.51,0,0.05,4
8957,1.0,1,0.05,26
6508,0.9,1,0.05,23
6509,-0.52,0,0.05,12
8958,0.93,1,0.05,17
8959,0.91,1,0.05,19
6510,0.91,1,0.05,19
6511,-0.5,0,0.05,3
6512,-0.53,0,0.05,11
8960,0.94,1,0.05,27
8961,0.99,1,0.05,16
8962,0.91,1,0.05,19
6513,0.89,1,0.05,34
8963,0.97,1,0.05,17
6514,-0.65,0,0.05,18
8964,0.96,1,0.05,21
6515,0.94,1,0.05,15
8965,0.94,1,0.05,12
8966,0.94,1,0.05,19
8967,0.92,1,0.05,21
6516,0.81,1,0.05,45
8968,0.96,1,0.05,33
6517,0.8,0,0.05,29
8969,0.94,1,0.05,13
6518,0.95,1,0.05,21
8970,0.91,1,0.05,23
6519,0.95,1,0.05,20
8971,-0.59,0,0.05,26
6520,0.84,1,0.05,23
8972,0.95,1,0.05,20
6521,-0.58,0,0.05,15
8973,0.92,1,0.05,19
6522,0.98,1,0.05,10
6523,0.94,1,0.05,12
8974,0.89,1,0.05,34
8975,-0.51,0,0.05,5
6524,-0.47,0,0.05,17
8976,-0.55,0,0.05,26
6525,0.92,1,0.05,21
8977,1.02,1,0.05,28
8978,0.97,1,0.05,15
6526,0.88,1,0.05,30
8979,0.93,1,0.05,12
6527,0.9,1,0.05,26
8980,0.99,1,0.05,26
6528,0.95,1,0.05,10
8981,0.98,1,0.05,10
8982,0.95,1,0.05,11
6529,0.92,1,0.05,20
8983,0.97,1,0.05,14
8984,-0.51,0,0.05,3
6530,0.98,1,0.05,10
8985,0.94,1,0.05,14
6531,-0.55,0,0.05,10
8986,0.98,1,0.05,15
6532,0.95,1,0.05,15
8987,0.97,1,0.05,11
6533,-0.52,0,0.05,12
6534,0.98,1,0.05,16
8988,0.91,1,0.05,26
6535,0.98,1,0.05,16
8989,0.9,1,0.05,18
6536,0.94,1,0.05,5
8990,0.93,1,0.05,14
6537,-0.52,0,0.05,12
8991,0.93,1,0.05,12
8992,0.98,1,0.05,13
6538,1.0,1,0.05,21
8993,0.91,1,0.05,15
6539,1.0,1,0.05,21
8994,0.93,1,0.05,24
6540,0.96,1,0.05,7
8995,0.91,1,0.05,19
6541,0.92,1,0.05,24
8996,0.95,1,0.05,10
6542,0.99,1,0.05,21

8998,0.97,1,0.05,9
6543,0.98,1,0.05,12
8999,0.93,1,0.05,15
9000,0.96,1,0.05,11
6544,-0.49,0,0.05,22
9001,1.0,1,0.05,24
6545,0.85,1,0.05,21
9002,0.93,1,0.05,17
9003,0.9,1,0.05,28
6546,0.72,0,0.05,36
6547,0.99,1,0.05,18
9004,0.91,1,0.05,37
6548,0.98,1,0.05,15
9005,0.93,1,0.05,22
6549,-0.57,0,0.05,19
9006,0.98,1,0.05,11
9007,1.0,1,0.05,18
6550,0.98,1,0.05,27
9008,0.93,1,0.05,11
9009,0.99,1,0.05,14
6551,0.87,1,0.05,30
9010,0.89,1,0.05,26
6552,0.89,1,0.05,22
9011,0.88,1,0.05,23
9012,0.93,1,0.05,12
6553,0.99,1,0.05,20
9013,0.98,1,0.05,13
9014,0.93,1,0.05,11
6554,0.92,1,0.05,16
9015,0.99,1,0.05,15
9016,0.97,1,0.05,11
6555,0.78,0,0.05,28
9017,0.99,1,0.05,15
6556,0.94,1,0.05,12
9018,0.92,1,0.05,15
9019,1.01,1,0.05,19
6557,-0.71,0,0.05,30
9020,0.96,1,0.05,13
9021,0.94,1,0.05,12
6558,0.83,1,0.05,29
9022,0.92,1,0.05,30
6559,0.98,1,0.05,26
9023,-0.62,0,0.05,23
6560,0.98,1,0.05,24
9024,0.87,1,0.05,31
6561,0.86,1,0.05,25
6562,0.9,1,0.05,3
9025,0.86,1,0.05,28
6563,0.94,1,0.05,12
9026,0.88,1,0.05,30
6564,0.98,1,0.05,11
9027,0.98,1,0.05,15
6565,-0.55,0,0.05,16
9028,0.97,1,0.05,13
6566,0.98,1,0.05,11
9029,0.97,1,0.05,9
6567,0.96,1,0.05,9
9030,0.98,1,0.05,7
6568,0.94,1,0.05,15
9031,0.93,1,0.05,22
6569,-0.52,0,0.05,10
9032,0.92,1,0.05,15
6570,0.91,1,0.05,26
9033,-0.71,0,0.05,26
9034,0.99,1,0.05,13
9035,0.95,1,0.05,14
9036,0.98,1,0.05,10
6571,0.89,1,0.05,36
9037,0.96,1,0.05,18
6572,0.94,1,0.05,16
9038,0.95,1,0.05,10
6573,-0.49,0,0.05,4
9039,0.97,1,0.05,15
6574,1.0,1,0.05,24
9040,0.92,1,0.05,21
9041,0.93,1,0.05,16
6575,-0.59,0,0.05,26
9042,0.98,1,0.05,17
9043,0.92,1,0.05,9
6576,0.95,1,0.05,11
6577,0.97,1,0.05,18
9044,0.75,0,0.05,25
6578,-0.49,0,0.05,4
6579,-0.52,0,0.05,22
9045,0.71,0,0.05,31
6580,0.93,1,0.05,15
6581,0.98,1,0.05,12
6582,-0.49,0,0.05,4
9046,0.87,1,0.05,37
9047,-0.52,0,0.05,16
9048,0.94,1,0.05,16
6583,1.0,1,0.05,33
6584,0.94,1,0.05,13
9049,0.99,1,0.05,30
9050,0.98,1,0.05,13
6585,-0.56,0,0.05,20
9051,0.98,1,0.05,11
6586,0.95,1,0.05,15
9052,0.94,1,0.05,14
9053,0.95,1,0.05,12
6587,0.94,1,0.05,13
9054,0.91,1,0.05,21
9055,0.98,1,0.05,10
6588,0.94,1,0.05,28
9056,0.92,1,0.05,16
6589,0.91,1,0.05,20
6590,0.98,1,0.05,10
9057,-0.53,0,0.05,30
9058,-0.53,0,0.05,15
6591,0.9,1,0.05,22
9059,0.96,1,0.05,21
6592,0.97,1,0.05,24
9060,-0.55,0,0.05,17
9061,0.96,1,0.05,17
6593,-0.51,0,0.05,19
6594,-0.53,0,0.05,9
9062,0.95,1,0.05,16
6595,-0.55,0,0.05,11
9063,-0.58,0,0.05,18
9064,1.01,1,0.05,16
6596,0.95,1,0.05,20
9065,0.99,1,0.05,19
9066,0.96,1,0.05,8
6597,0.89,1,0.05,25
9067,0.98,1,0.05,13
6598,-0.48,0,0.05,11
6599,0.96,1,0.05,18
9068,0.91,1,0.05,21
9069,0.91,1,0.05,23
6600,0.84,1,0.05,16
9070,-0.55,0,0.05,20
6601,0.97,1,0.05,17
9071,0.89,1,0.05,17
6602,0.98,1,0.05,16
6603,-0.62,0,0.05,14
9072,0.98,1,0.05,20
6604,0.97,1,0.05,12
9073,0.92,1,0.05,22
9074,0.94,1,0.05,16
6605,0.93,1,0.05,28
9075,0.94,1,0.05,11
9076,0.93,1,0.05,16
6606,0.88,1,0.05,27
9077,0.95,1,0.05,26
6607,0.94,1,0.05,13
9078,0.95,1,0.05,9
9079,0.99,1,0.05,14
6608,0.97,1,0.05,18
9080,0.92,1,0.05,16
6609,0.99,1,0.05,17
9081,0.89,1,0.05,27
9082,0.86,1,0.05,42
9083,0.89,1,0.05,21
9084,0.89,1,0.05,25
9085,0.89,1,0.05,26
9086,0.88,1,0.05,24
9087,0.96,1,0.05,26
9088,0.93,1,0.05,11
9089,0.94,1,0.05,23
9090,-0.62,0,0.05,31
9091,1.02,1,0.05,31
9092,0.89,1,0.05,18
9093,0.99,1,0.05,12
9094,0.95,1,0.05,11
9095,0.98,1,0.05,14
9096,-0.52,0,0.05,21
9097,0.91,1,0.05,34
9098,0.93,1,0.05,11
9099,0.97,1,0.05,9
9100,0.96,1,0.05,17
9101,0.97,1,0.05,14
9102,0.98,1,0.05,15
9103,0.95,1,0.05,22
9104,0.91,1,0.05,16
9105,0.91,1,0.05,19
9106,0.88,1,0.05,11
9107,0.94,1,0.05,13
9108,0.99,1,0.05,29
9109,0.97,1,0.05,8
9110,0.97,1,0.05,11
9111,0.95,1,0.05,11
9112,0.96,1,0.05,14
9113,0.94,1,0.05,12
9114,0.93,1,0.05,17
9115,0.95,1,0.05,8
9116,0.99,1,0.05,15
9117,0.98,1,0.05,17
9118,0.9,1,0.05,19
9119,0.93,1,0.05,18
9120,0.93,1,0.05,14
9121,-0.49,0,0.05,4
9122,0.99,1,0.05,12
9123,0.93,1,0.05,19
9124,0.97,1,0.05,8
9125,0.96,1,0.05,28
9126,-0.51,0,0.05,6
9127,0.93,1,0.05,12
6610,-0.64,0,0.05,18
6611,0.91,1,0.05,23
9128,0.92,1,0.05,36
6612,-0.53,0,0.05,13
9129,0.92,1,0.05,19
9130,0.98,1,0.05,16
9131,0.94,1,0.05,16
6613,-0.63,0,0.05,38
6614,0.93,1,0.05,17
9132,0.92,1,0.05,29
9133,0.97,1,0.05,10
6615,0.96,1,0.05,25
9134,0.95,1,0.05,18
9135,1.0,1,0.05,19
6616,0.9,1,0.05,29
9136,1.04,1,0.05,19
9137,0.92,1,0.05,16
6617,0.91,1,0.05,18
9138,0.92,1,0.05,21
6618,0.96,1,0.05,25
9139,1.0,1,0.05,14
6619,0.95,1,0.05,14
9140,0.9,1,0.05,19
6620,0.91,1,0.05,22
9141,0.98,1,0.05,33
9142,-0.63,0,0.05,23
9143,0.94,1,0.05,15
6621,0.78,0,0.05,44
9144,0.94,1,0.05,12
6622,0.92,1,0.05,18
9145,0.98,1,0.05,25
9146,0.89,1,0.05,25
6623,-0.5,0,0.05,30
9147,0.92,1,0.05,15
6624,0.98,1,0.05,21
9148,0.91,1,0.05,15
6625,-0.55,0,0.05,5
6626,0.98,1,0.05,11
9149,0.91,1,0.05,23
9150,0.93,1,0.05,12
6627,-0.62,0,0.05,28
9151,0.92,1,0.05,13
6628,0.95,1,0.05,11
9152,0.96,1,0.05,26
6629,-0.56,0,0.05,19
9153,0.88,1,0.05,30
6630,-0.5,0,0.05,20
9154,1.0,1,0.05,26
6631,0.83,1,0.05,28
9155,1.02,1,0.05,15
9156,-0.53,0,0.05,11
9157,0.94,1,0.05,14
6632,0.92,1,0.05,26
9158,0.98,1,0.05,13
6633,0.88,1,0.05,33
9159,0.91,1,0.05,34
6634,0.98,1,0.05,12
9160,0.98,1,0.05,13
9161,0.99,1,0.05,18
6635,0.95,1,0.05,17
6636,0.96,1,0.05,12
9162,0.92,1,0.05,17
6637,0.91,1,0.05,14
9163,0.96,1,0.05,25
6638,0.96,1,0.05,20
9164,0.98,1,0.05,12
6639,0.96,1,0.05,11
9165,0.88,1,0.05,22
6640,0.93,1,0.05,14
9166,0.94,1,0.05,19
6641,0.99,1,0.05,14
9167,0.92,1,0.05,21
6642,0.98,1,0.05,12
9168,0.92,1,0.05,15
9169,-0.55,0,0.05,4
6643,0.91,1,0.05,18
6644,0.96,1,0.05,11
9170,0.89,1,0.05,22
9171,0.92,1,0.05,14
6645,0.96,1,0.05,9
6646,1.0,1,0.05,14
9172,1.0,1,0.05,19
9173,-0.58,0,0.05,9
6647,0.89,1,0.05,16
9174,-0.52,0,0.05,5
6648,-0.58,0,0.05,18
9175,0.9,1,0.05,29
6649,0.93,1,0.05,16
9176,0.96,1,0.05,17
9177,0.94,1,0.05,10
6650,0.93,1,0.05,16
9178,0.92,1,0.05,22
6651,0.92,1,0.05,22
9179,0.89,1,0.05,21
6652,0.99,1,0.05,17
9180,0.79,0,0.05,28
6653,0.93,1,0.05,18
6654,-0.55,0,0.05,10
9181,-0.82,0,0.05,47
6655,0.91,1,0.05,26
9182,0.95,1,0.05,12
6656,0.95,1,0.05,14
6657,0.95,1,0.05,9
9183,0.96,1,0.05,25
9184,0.95,1,0.05,11
6658,0.93,1,0.05,22
9185,0.87,1,0.05,23
6659,0.97,1,0.05,14
9186,0.93,1,0.05,15
6660,0.93,1,0.05,14
9187,0.92,1,0.05,19
9188,0.9,1,0.05,13
6661,0.98,1,0.05,30
9189,0.96,1,0.05,15
6662,0.99,1,0.05,16
9190,0.98,1,0.05,11
6663,0.97,1,0.05,12
9191,0.99,1,0.05,17
6664,-0.54,0,0.05,13
9192,0.99,1,0.05,13
6665,0.82,1,0.05,16
9193,0.93,1,0.05,14
6666,-0.5,0,0.05,18
6667,0.99,1,0.05,15
9195,0.92,1,0.05,24
6668,-0.49,0,0.05,4
9196,0.95,1,0.05,10
9197,0.96,1,0.05,9
9198,0.99,1,0.05,14
6669,0.89,1,0.05,31
6670,-0.52,0,0.05,18
9199,-0.51,0,0.05,28
6671,0.97,1,0.05,14
9200,0.98,1,0.05,12
9201,0.94,1,0.05,19
6672,0.97,1,0.05,24
9202,0.95,1,0.05,8
6673,0.94,1,0.05,13
9203,1.01,1,0.05,23
6674,0.95,1,0.05,21
9204,0.89,1,0.05,15
9205,0.92,1,0.05,19
6675,0.95,1,0.05,17
9206,0.94,1,0.05,12
6676,-0.51,0,0.05,18
9207,0.92,1,0.05,21
6677,1.0,1,0.05,17
9208,0.91,1,0.05,20
6678,0.99,1,0.05,17
9209,0.91,1,0.05,23
6679,0.99,1,0.05,16
9210,0.94,1,0.05,26
9211,0.99,1,0.05,15
6680,0.96,1,0.05,27
9212,0.95,1,0.05,18
6681,-0.61,0,0.05,16
9213,0.97,1,0.05,12
6682,0.93,1,0.05,13
6683,0.93,1,0.05,13
9214,0.99,1,0.05,31
6684,0.95,1,0.05,20
9215,1.04,1,0.05,19
9216,0.98,1,0.05,13
6685,1.01,1,0.05,21
9217,0.92,1,0.05,18
9218,0.97,1,0.05,9
6686,0.92,1,0.05,17
6687,-0.52,0,0.05,13
9219,0.95,1,0.05,21
6688,0.86,1,0.05,19
9220,0.99,1,0.05,29
6689,0.98,1,0.05,16
9221,0.92,1,0.05,25
6690,0.96,1,0.05,16
6691,0.91,1,0.05,19
6692,0.89,1,0.05,18
6693,0.95,1,0.05,15
6694,0.97,1,0.05,20
6695,-0.54,0,0.05,29
6696,0.96,1,0.05,23
6697,1.0,1,0.05,25
6698,0.94,1,0.05,14
6699,0.91,1,0.05,18
6700,-0.58,0,0.05,18
6701,1.01,1,0.05,23
6702,0.87,1,0.05,20
6703,0.99,1,0.05,15
6704,0.94,1,0.05,15
6705,0.91,1,0.05,31
6706,-0.58,0,0.05,20
6707,0.93,1,0.05,14
6708,0.92,1,0.05,29
6709,0.95,1,0.05,10
6710,0.95,1,0.05,13
6711,-0.56,0,0.05,15
6712,0.87,1,0.05,14
6713,0.95,1,0.05,11
6714,0.94,1,0.05,17
6715,0.98,1,0.05,21
6716,0.95,1,0.05,17
6717,0.99,1,0.05,16
6718,0.88,1,0.05,33
6719,0.96,1,0.05,25
6720,0.98,1,0.05,12
6721,0.99,1,0.05,15
6722,-0.55,0,0.05,11
6723,-0.54,0,0.05,10
6724,0.94,1,0.05,13
6725,0.98,1,0.05,14
6726,0.96,1,0.05,21
9222,1.0,1,0.05,21
9223,0.96,1,0.05,14
6727,0.9,1,0.05,28
9224,0.92,1,0.05,17
9225,0.91,1,0.05,22
9226,0.94,1,0.05,13
6728,0.9,1,0.05,32
9227,0.95,1,0.05,11
6729,-0.59,0,0.05,27
6730,-0.5,0,0.05,5
9228,0.87,1,0.05,32
6731,-0.54,0,0.05,14
9229,0.98,1,0.05,21
9230,0.99,1,0.05,20
6732,-0.58,0,0.05,32
9231,1.02,1,0.05,15
9232,-0.53,0,0.05,12
6733,0.99,1,0.05,14
9233,0.97,1,0.05,14
9234,0.94,1,0.05,14
6734,-0.62,0,0.05,29
9235,-0.58,0,0.05,18
6735,-0.6,0,0.05,16
9236,1.0,1,0.05,13
6736,0.96,1,0.05,18
9237,0.88,1,0.05,30
6737,0.97,1,0.05,18
9238,-0.52,0,0.05,24
6738,0.99,1,0.05,17
9239,0.97,1,0.05,22
9240,-0.53,0,0.05,7
6739,1.0,1,0.05,26
9241,0.88,1,0.05,33
6740,0.98,1,0.05,20
9242,0.9,1,0.05,22
6741,0.94,1,0.05,20
9243,0.96,1,0.05,17
6742,0.93,1,0.05,19
9244,0.99,1,0.05,24
6743,0.94,1,0.05,18
9245,0.97,1,0.05,8
6744,-0.53,0,0.05,13
9246,0.97,1,0.05,15
6745,1.0,1,0.05,11
9247,1.0,1,0.05,19
9248,0.97,1,0.05,8
6746,0.91,1,0.05,20
9249,0.99,1,0.05,17
9250,-0.5,0,0.05,4
6747,1.01,1,0.05,24
9251,0.84,1,0.05,31
6748,0.92,1,0.05,20
9252,0.93,1,0.05,12
9253,0.95,1,0.05,10
9254,0.89,1,0.05,14
9255,0.94,1,0.05,16
6749,-0.57,0,0.05,48
9256,0.92,1,0.05,18
9257,0.99,1,0.05,15
6750,0.99,1,0.05,18
9258,0.95,1,0.05,16
6751,-0.55,0,0.05,19
9259,0.94,1,0.05,10
6752,0.93,1,0.05,8
9260,0.98,1,0.05,11
9261,0.98,1,0.05,10
6753,0.94,1,0.05,24
9262,0.94,1,0.05,14
6754,-0.51,0,0.05,8
9263,0.89,1,0.05,12
9264,0.99,1,0.05,19
6755,1.0,1,0.05,22
9265,0.92,1,0.05,11
9266,0.98,1,0.05,10
6756,0.92,1,0.05,19
9267,0.98,1,0.05,14
6757,0.94,1,0.05,16
9268,0.93,1,0.05,28
9269,0.92,1,0.05,20
6758,0.93,1,0.05,32
9270,-0.49,0,0.05,4
6759,0.97,1,0.05,13
9271,0.94,1,0.05,13
6760,-0.52,0,0.05,10
9272,0.99,1,0.05,12
9273,0.97,1,0.05,12
6761,0.95,1,0.05,15
9274,0.94,1,0.05,14
6762,0.98,1,0.05,13
9275,0.91,1,0.05,20
6763,0.97,1,0.05,28
9276,0.91,1,0.05,20
9277,0.99,1,0.05,14
9278,0.93,1,0.05,12
6764,-0.67,0,0.05,27
9279,0.94,1,0.05,17
6765,0.94,1,0.05,10
6766,0.99,1,0.05,15
9280,0.89,1,0.05,26
9281,0.99,1,0.05,14
6767,-0.58,0,0.05,31
9282,0.92,1,0.05,30
6768,0.92,1,0.05,18
9283,-0.65,0,0.05,16
6769,-0.63,0,0.05,19
9284,0.96,1,0.05,21
6770,0.93,1,0.05,13
9285,0.93,1,0.05,16
9286,0.97,1,0.05,11
6771,0.97,1,0.05,16
9287,0.99,1,0.05,13
6772,0.97,1,0.05,10
9288,0.99,1,0.05,12
9289,-0.54,0,0.05,8
6773,0.99,1,0.05,26
9290,0.96,1,0.05,13
9291,0.92,1,0.05,16
6774,0.98,1,0.05,25
9292,-0.57,0,0.05,13
6775,0.93,1,0.05,11
9293,0.98,1,0.05,12
9294,0.98,1,0.05,13
9295,0.94,1,0.05,17
6777,-0.52,0,0.05,36
9296,0.95,1,0.05,26
9297,0.89,1,0.05,18
6778,0.97,1,0.05,21
9298,0.95,1,0.05,14
9299,0.96,1,0.05,23
6779,-0.55,0,0.05,30
9300,0.94,1,0.05,13
9301,0.92,1,0.05,20
6780,0.93,1,0.05,31
9302,0.92,1,0.05,15
9303,0.97,1,0.05,9
6781,0.91,1,0.05,22
9304,0.91,1,0.05,16
9305,0.94,1,0.05,11
6782,-0.55,0,0.05,31
9306,0.96,1,0.05,29
6783,0.98,1,0.05,16
9307,-0.59,0,0.05,24
6784,-0.56,0,0.05,16
6785,0.97,1,0.05,14
9308,-0.52,0,0.05,23
9309,0.98,1,0.05,14
6786,-0.53,0,0.05,19
9310,0.91,1,0.05,15
9311,0.92,1,0.05,16
6787,1.01,1,0.05,29
6788,-0.49,0,0.05,4
9312,0.97,1,0.05,30
6789,0.98,1,0.05,18
9313,1.0,1,0.05,19
6790,0.94,1,0.05,14
9314,-0.59,0,0.05,15
6791,0.97,1,0.05,11
9315,0.98,1,0.05,13
6792,0.93,1,0.05,10
9316,0.94,1,0.05,15
6793,0.94,1,0.05,15
6794,-0.5,0,0.05,3
9317,0.93,1,0.05,17
6795,0.98,1,0.05,13
9318,0.93,1,0.05,12
9319,0.98,1,0.05,14
9320,0.93,1,0.05,13
6796,0.91,1,0.05,30
9321,0.97,1,0.05,19
6797,0.97,1,0.05,17
9322,-0.56,0,0.05,15
6798,0.94,1,0.05,12
9323,0.98,1,0.05,12
9324,-0.53,0,0.05,6
9325,0.95,1,0.05,10
6799,0.92,1,0.05,19
9326,0.79,0,0.05,26
6800,0.94,1,0.05,21
9327,0.98,1,0.05,18
6801,0.94,1,0.05,19
9328,0.92,1,0.05,20
6802,0.92,1,0.05,15
6803,0.94,1,0.05,8
9329,1.01,1,0.05,17
9330,0.96,1,0.05,9
9331,0.95,1,0.05,11
6804,-0.57,0,0.05,25
9332,0.93,1,0.05,8
9333,-0.57,0,0.05,14
6805,0.93,1,0.05,17
9334,0.95,1,0.05,20
6806,0.92,1,0.05,17
6807,0.95,1,0.05,12
9335,0.94,1,0.05,15
9336,0.95,1,0.05,11
6808,0.82,1,0.05,14
9337,0.98,1,0.05,10
9338,0.91,1,0.05,16
9339,0.97,1,0.05,13
6809,0.8,0,0.05,43
6810,-0.5,0,0.05,5
9340,0.9,1,0.05,25
6811,0.94,1,0.05,15
9341,0.93,1,0.05,16
9342,0.97,1,0.05,8
9343,0.94,1,0.05,11
9344,-0.49,0,0.05,4
9345,0.94,1,0.05,12
6812,0.91,1,0.05,34
9346,0.96,1,0.05,7
6813,-0.54,0,0.05,8
6814,0.94,1,0.05,19
9347,0.89,1,0.05,31
6815,0.98,1,0.05,16
6816,-0.53,0,0.05,21
9348,0.53,0,0.05,57
6817,0.97,1,0.05,19
9349,0.99,1,0.05,11
6818,1.0,1,0.05,19
9350,0.89,1,0.05,24
9351,0.97,1,0.05,16
6819,0.84,1,0.05,22
9352,0.95,1,0.05,15
6820,0.97,1,0.05,11
9353,0.96,1,0.05,16
9354,0.93,1,0.05,16
6821,0.89,1,0.05,25
6822,-0.54,0,0.05,21
9355,0.88,1,0.05,33
6823,0.94,1,0.05,13
9356,0.91,1,0.05,29
6824,0.82,1,0.05,20
9357,0.95,1,0.05,12
9358,-0.52,0,0.05,10
9359,-0.53,0,0.05,9
6825,0.92,1,0.05,21
9360,-0.51,0,0.05,24
6826,0.92,1,0.05,24
9361,0.92,1,0.05,15
9362,-0.53,0,0.05,14
6827,-0.49,0,0.05,27
9363,0.92,1,0.05,28
6828,0.97,1,0.05,19
9364,0.92,1,0.05,17
6829,0.93,1,0.05,18
9365,0.95,1,0.05,32
6830,-0.51,0,0.05,35
9366,0.93,1,0.05,17
9367,0.98,1,0.05,10
6831,0.98,1,0.05,16
6832,-0.49,0,0.05,4
9368,0.98,1,0.05,10
9369,0.92,1,0.05,15
6833,0.95,1,0.05,17
9370,0.99,1,0.05,15
9371,0.98,1,0.05,13
6834,0.94,1,0.05,21
6835,0.9,1,0.05,3
9372,-0.58,0,0.05,14
9373,-0.62,0,0.05,29
6836,0.84,1,0.05,40
9374,0.96,1,0.05,16
6837,0.94,1,0.05,20
9375,0.99,1,0.05,24
6838,0.95,1,0.05,17
9376,0.96,1,0.05,18
9377,0.99,1,0.05,14
9378,0.95,1,0.05,15
6839,1.03,1,0.05,31
9379,-0.57,0,0.05,22
6840,0.83,1,0.05,22
6841,0.96,1,0.05,10
9380,0.86,1,0.05,24
6842,-0.51,0,0.05,4
6843,0.99,1,0.05,12
9381,0.86,1,0.05,19
6844,0.92,1,0.05,15
9382,-0.59,0,0.05,15
9383,0.93,1,0.05,16
6845,0.98,1,0.05,15
6846,0.95,1,0.05,12
9384,0.97,1,0.05,31
6847,-0.52,0,0.05,16
9385,0.96,1,0.05,16
9386,0.94,1,0.05,17
9387,1.0,1,0.05,17
6848,-0.56,0,0.05,47
6849,0.94,1,0.05,12
9388,0.92,1,0.05,27
6850,0.99,1,0.05,13
9389,-0.6,0,0.05,23

9390,0.92,1,0.05,19
6852,0.97,1,0.05,14
6853,0.94,1,0.05,18
9391,0.78,0,0.05,38
6854,0.93,1,0.05,15
9392,0.97,1,0.05,10
9393,0.92,1,0.05,13
6855,-0.5,0,0.05,22
6856,0.95,1,0.05,11
9394,0.94,1,0.05,27
6857,-0.52,0,0.05,11
9395,0.95,1,0.05,13
6858,-0.52,0,0.05,15
9396,0.9,1,0.05,20
9397,0.94,1,0.05,18
6859,0.98,1,0.05,22
9398,0.95,1,0.05,11
6860,0.99,1,0.05,14
9399,0.95,1,0.05,16
6861,0.96,1,0.05,23
9400,-0.76,0,0.05,33
6862,0.94,1,0.05,11
6863,0.94,1,0.05,10
9401,0.92,1,0.05,16
9402,0.93,1,0.05,17
6864,0.94,1,0.05,17
9403,0.93,1,0.05,28
6865,0.9,1,0.05,26
9404,0.94,1,0.05,27
6866,-0.51,0,0.05,18
6867,0.96,1,0.05,10
9405,0.98,1,0.05,13
6868,0.94,1,0.05,12
9406,0.99,1,0.05,18
6869,0.95,1,0.05,9
6870,0.93,1,0.05,13
9407,0.91,1,0.05,27
6871,0.93,1,0.05,12
9408,0.8,0,0.05,34
6872,0.92,1,0.05,20
9409,0.96,1,0.05,10
6873,0.97,1,0.05,14
9410,0.9,1,0.05,22
6874,0.98,1,0.05,13
9411,0.87,1,0.05,18
6875,0.89,1,0.05,29
9412,-0.6,0,0.05,37
6876,0.96,1,0.05,13
9413,0.89,1,0.05,27
6877,0.93,1,0.05,23
9414,0.98,1,0.05,12
6878,0.91,1,0.05,21
9415,0.97,1,0.05,28
6879,-0.51,0,0.05,17
6880,0.95,1,0.05,13
9416,1.0,1,0.05,30
6881,0.95,1,0.05,16
9417,0.95,1,0.05,16
9418,1.01,1,0.05,13
6882,0.99,1,0.05,22
9419,0.91,1,0.05,17
9420,0.97,1,0.05,12
6883,0.9,1,0.05,19
9421,0.93,1,0.05,17
9422,0.98,1,0.05,13
9423,1.0,1,0.05,17
9424,-0.6,0,0.05,13
9425,-0.61,0,0.05,21
9426,0.98,1,0.05,14
9427,0.98,1,0.05,13
9428,0.85,1,0.05,32
9429,0.93,1,0.05,14
9430,0.87,1,0.05,22
9431,-0.5,0,0.05,3
9432,0.93,1,0.05,18
9433,0.93,1,0.05,12
9434,0.98,1,0.05,11
9435,0.92,1,0.05,18
9436,0.85,1,0.05,29
9437,0.97,1,0.05,11
9438,0.99,1,0.05,19
9439,0.98,1,0.05,18
9440,0.98,1,0.05,12
9441,0.91,1,0.05,26
9442,0.92,1,0.05,18
9443,0.91,1,0.05,30
9444,0.92,1,0.05,31
9445,0.98,1,0.05,10
9446,0.99,1,0.05,15
9447,-0.51,0,0.05,5
9448,0.95,1,0.05,12
9449,0.91,1,0.05,18
9450,0.97,1,0.05,8
9451,0.94,1,0.05,31
9452,0.96,1,0.05,15
9453,0.97,1,0.05,26
9454,0.91,1,0.05,19
9455,0.96,1,0.05,23
9456,-0.5,0,0.05,5
9457,0.99,1,0.05,22
9458,0.99,1,0.05,14
9459,0.98,1,0.05,13
9460,-0.61,0,0.05,20
9461,0.94,1,0.05,15
9462,1.01,1,0.05,27
9463,0.98,1,0.05,12
9464,0.98,1,0.05,18
9465,0.93,1,0.05,33
9466,0.98,1,0.05,14
9467,0.88,1,0.05,20
9468,-0.63,0,0.05,28
9469,0.95,1,0.05,12
9470,0.94,1,0.05,10
6884,0.89,1,0.05,28
9471,-0.55,0,0.05,14
6885,0.96,1,0.05,14
9472,0.97,1,0.05,14
6886,0.98,1,0.05,14
9473,0.93,1,0.05,16
9474,0.98,1,0.05,16
9475,0.92,1,0.05,15
6887,-0.54,0,0.05,31
9476,0.94,1,0.05,10
6888,-0.53,0,0.05,9
9477,1.0,1,0.05,21
9478,0.98,1,0.05,12
6889,-0.58,0,0.05,26
9479,0.92,1,0.05,24
6890,0.96,1,0.05,32
9480,0.97,1,0.05,22
9481,0.95,1,0.05,17
6891,0.92,1,0.05,24
9482,0.93,1,0.05,13
6892,-0.55,0,0.05,11
9483,0.94,1,0.05,18
6893,0.93,1,0.05,13
6894,0.98,1,0.05,15
9484,0.92,1,0.05,32
6895,0.97,1,0.05,12
9485,0.89,1,0.05,21
6896,0.97,1,0.05,24
9486,0.99,1,0.05,29
9487,0.98,1,0.05,13
9488,0.95,1,0.05,13
6897,0.91,1,0.05,35
9489,-0.59,0,0.05,18
9490,-0.55,0,0.05,19
6898,0.91,1,0.05,28
9491,0.99,1,0.05,15
9492,-0.49,0,0.05,4
6899,-0.69,0,0.05,36
9493,0.81,1,0.05,28
9494,0.97,1,0.05,10
6900,-0.66,0,0.05,12
6901,-0.5,0,0.05,3
9495,0.98,1,0.05,12
6902,0.94,1,0.05,23
9496,-0.62,0,0.05,25
6903,0.98,1,0.05,10
9497,0.9,1,0.05,31
6904,1.01,1,0.05,22
6905,-0.57,0,0.05,22
9498,-0.53,0,0.05,45
9499,0.98,1,0.05,11
6906,0.97,1,0.05,20
9500,0.97,1,0.05,8
6907,0.93,1,0.05,16
9501,0.88,1,0.05,29
6908,-0.44,0,0.05,21
9502,0.95,1,0.05,23
6909,0.98,1,0.05,15
9503,0.91,1,0.05,14
6910,0.94,1,0.05,11
9504,0.96,1,0.05,25
6911,0.92,1,0.05,20
9505,0.88,1,0.05,13
9506,0.92,1,0.05,16
6912,0.85,1,0.05,18
9507,-0.52,0,0.05,6
6913,-0.46,0,0.05,31
6914,0.98,1,0.05,26
6915,0.96,1,0.05,11
6916,0.97,1,0.05,9
6917,0.97,1,0.05,14
6918,0.98,1,0.05,18
6919,0.93,1,0.05,12
6920,0.94,1,0.05,13
6921,0.94,1,0.05,12
6922,0.95,1,0.05,19
6923,1.0,1,0.05,13
6924,0.95,1,0.05,18
6925,0.89,1,0.05,27
6926,-0.66,0,0.05,28
6927,-0.54,0,0.05,22
6928,0.91,1,0.05,24
6929,0.87,1,0.05,29
6930,-0.53,0,0.05,17
6931,0.89,1,0.05,17
6932,-0.52,0,0.05,21
6933,-0.59,0,0.05,12
6934,0.9,1,0.05,25
6935,0.96,1,0.05,13
6936,0.99,1,0.05,18
6937,0.91,1,0.05,23
6938,0.99,1,0.05,12
6939,0.99,1,0.05,11
6940,-0.61,0,0.05,21
6941,-0.51,0,0.05,16
6942,-0.54,0,0.05,31
6943,0.9,1,0.05,17
6944,0.88,1,0.05,15
6945,0.99,1,0.05,21
6946,0.94,1,0.05,15
6947,-0.53,0,0.05,13
6948,0.93,1,0.05,17
6949,0.85,1,0.05,21
9508,0.91,1,0.05,24
9509,0.94,1,0.05,15
6950,0.96,1,0.05,28
9510,0.9,1,0.05,20
6951,0.98,1,0.05,19
9511,0.95,1,0.05,21
6952,0.94,1,0.05,15
6953,-0.51,0,0.05,4
9512,-0.69,0,0.05,19
9513,0.94,1,0.05,16
9514,0.92,1,0.05,17
6954,-0.62,0,0.05,32
9515,-0.49,0,0.05,15
6955,0.94,1,0.05,16
9516,0.98,1,0.05,14
9517,0.95,1,0.05,12
6956,0.93,1,0.05,16
9518,0.96,1,0.05,9
6957,0.93,1,0.05,16
9519,1.0,1,0.05,23
6958,0.98,1,0.05,16
9520,0.87,1,0.05,24
9521,1.0,1,0.05,15
6959,-0.48,0,0.05,27
6960,0.95,1,0.05,11
9522,0.99,1,0.05,15
9523,0.93,1,0.05,13
6961,-0.63,0,0.05,21
6962,0.97,1,0.05,15
6963,-0.51,0,0.05,4
9524,0.9,1,0.05,34
9525,0.97,1,0.05,12
6964,0.94,1,0.05,16
9526,0.95,1,0.05,14
6965,0.98,1,0.05,13
9527,0.96,1,0.05,15
9528,0.94,1,0.05,27
9529,1.0,1,0.05,16
9530,0.96,1,0.05,9
6966,-0.41,0,0.05,48
9531,0.96,1,0.05,14
9532,0.87,1,0.05,22
6967,-0.61,0,0.05,37
9533,0.95,1,0.05,16
6968,0.99,1,0.05,20
9534,0.91,1,0.05,27
6969,0.92,1,0.05,15
9535,0.87,1,0.05,24
6970,0.98,1,0.05,17
6971,0.9,1,0.05,14
9536,0.93,1,0.05,24
6972,-0.56,0,0.05,12
6973,-0.49,0,0.05,4
9537,0.99,1,0.05,26
6974,0.96,1,0.05,14
9538,0.98,1,0.05,11
6975,1.02,1,0.05,24
9539,0.96,1,0.05,24
9540,0.97,1,0.05,13
6976,0.94,1,0.05,16
6977,-0.5,0,0.05,3
9541,0.94,1,0.05,13
6978,1.0,1,0.05,24
9542,0.92,1,0.05,27
6979,-0.49,0,0.05,4
9543,0.99,1,0.05,19
6980,0.89,1,0.05,15
9544,-0.52,0,0.05,12
9545,0.93,1,0.05,12
6981,-0.58,0,0.05,27
9546,0.81,1,0.05,37
9547,0.95,1,0.05,22
6982,-0.66,0,0.05,41
9548,0.82,1,0.05,31
6983,-0.62,0,0.05,31
6984,-0.51,0,0.05,3
9549,0.98,1,0.05,10
9550,0.95,1,0.05,18
6985,0.92,1,0.05,19
9551,0.99,1,0.05,17
6986,0.99,1,0.05,17
9552,0.93,1,0.05,14
9553,0.92,1,0.05,15
9554,0.96,1,0.05,30
6987,-0.52,0,0.05,49
6988,0.94,1,0.05,13
9555,0.98,1,0.05,22
6989,-0.5,0,0.05,5
6990,-0.51,0,0.05,4
9556,1.0,1,0.05,18
9557,-0.53,0,0.05,15
6991,0.92,1,0.05,17
9558,0.94,1,0.05,16
6992,0.97,1,0.05,11
6993,0.94,1,0.05,14
9559,0.96,1,0.05,25
6994,0.97,1,0.05,13
9560,0.99,1,0.05,14
6995,0.94,1,0.05,19
9561,0.94,1,0.05,25
9562,0.92,1,0.05,25
6996,1.03,1,0.05,31
9563,0.91,1,0.05,29
6997,-0.56,0,0.05,25
9564,0.93,1,0.05,14
6998,0.94,1,0.05,27
9565,0.88,1,0.05,29
6999,0.92,1,0.05,13
9566,0.92,1,0.05,22
7000,-0.52,0,0.05,33
9567,0.87,1,0.05,29
9568,0.99,1,0.05,20
7001,0.88,1,0.05,23
9569,0.97,1,0.05,11
9570,0.93,1,0.05,14
7002,0.92,1,0.05,23
9571,0.93,1,0.05,23
7003,0.93,1,0.05,19
9572,0.98,1,0.05,11
9573,0.95,1,0.05,16
7004,0.92,1,0.05,23
9574,1.01,1,0.05,22
9575,0.93,1,0.05,18
7005,0.9,1,0.05,27
7006,0.97,1,0.05,16
9576,0.88,1,0.05,29
7007,0.9,1,0.05,21
9577,1.0,1,0.05,16
9578,0.95,1,0.05,21
9579,0.99,1,0.05,13
7008,0.9,1,0.05,32
9580,-0.47,0,0.05,16
7009,0.94,1,0.05,12
9581,0.94,1,0.05,12
7010,0.97,1,0.05,12
9582,0.95,1,0.05,14
7011,0.92,1,0.05,22
9583,0.91,1,0.05,23
7012,0.97,1,0.05,9
9584,0.88,1,0.05,15
7013,-0.52,0,0.05,14
9585,-0.57,0,0.05,16
7014,0.94,1,0.05,24
9586,0.94,1,0.05,27
7015,0.92,1,0.05,15
9587,-0.52,0,0.05,29
9588,0.92,1,0.05,20
7016,0.81,1,0.05,44
9589,0.97,1,0.05,16
7017,-0.53,0,0.05,10
9590,1.02,1,0.05,28
7018,0.93,1,0.05,19
9591,0.93,1,0.05,28
7019,0.98,1,0.05,17
9592,0.98,1,0.05,10
9593,0.97,1,0.05,8
7020,-0.61,0,0.05,18
9594,0.99,1,0.05,15
9595,-0.54,0,0.05,14
7021,0.91,1,0.05,27
9596,0.96,1,0.05,23
7022,0.93,1,0.05,19
9597,0.92,1,0.05,16
9598,-0.56,0,0.05,14
7023,0.81,1,0.05,34
9599,0.95,1,0.05,13
7024,0.94,1,0.05,12
9600,0.92,1,0.05,18
7025,0.97,1,0.05,9
7026,0.93,1,0.05,14
9601,0.85,1,0.05,28
9602,0.95,1,0.05,12

9603,0.91,1,0.05,20
7028,-0.58,0,0.05,37
9604,0.97,1,0.05,25
7029,0.87,1,0.05,20
9605,0.99,1,0.05,32
9606,0.97,1,0.05,11
7030,-0.5,0,0.05,20
9607,0.93,1,0.05,15
9608,0.93,1,0.05,15
7031,0.99,1,0.05,27
9609,0.94,1,0.05,16
7032,0.93,1,0.05,17
9610,0.92,1,0.05,20
7033,-0.61,0,0.05,34
9611,-0.53,0,0.05,29
7034,-0.53,0,0.05,9
9612,1.02,1,0.05,25
7035,-0.57,0,0.05,25
9613,-0.54,0,0.05,21
9614,0.98,1,0.05,12
7036,0.88,1,0.05,16
7037,0.94,1,0.05,17
9615,0.94,1,0.05,29
9616,0.99,1,0.05,16
7038,0.89,1,0.05,30
9617,-0.58,0,0.05,18
9618,0.89,1,0.05,34
9619,-0.5,0,0.05,3
7039,-0.64,0,0.05,40
9620,0.97,1,0.05,26
7040,0.9,1,0.05,24
9621,0.93,1,0.05,13
9622,0.97,1,0.05,9
9623,0.92,1,0.05,15
7041,0.87,1,0.05,38
9624,0.97,1,0.05,14
9625,0.93,1,0.05,18
7042,0.94,1,0.05,27
9626,1.0,1,0.05,22
9627,0.99,1,0.05,25
9628,0.89,1,0.05,20
7043,-0.59,0,0.05,51
9629,0.94,1,0.05,10
9630,1.01,1,0.05,19
7044,0.93,1,0.05,20
9631,-0.63,0,0.05,18
7045,-0.57,0,0.05,23
9632,1.0,1,0.05,19
7046,0.92,1,0.05,17
9633,-0.63,0,0.05,27
7047,0.91,1,0.05,22
7048,-0.51,0,0.05,5
9634,0.95,1,0.05,28
9635,0.89,1,0.05,10
7049,-0.56,0,0.05,17
9636,0.93,1,0.05,22
9637,0.95,1,0.05,11
9638,0.96,1,0.05,15
9639,0.94,1,0.05,10
7050,-0.63,0,0.05,64
9640,0.92,1,0.05,18
9641,0.98,1,0.05,13
9642,-0.52,0,0.05,6
7051,-0.56,0,0.05,28
9643,0.98,1,0.05,12
7052,-0.51,0,0.05,4
7053,-0.54,0,0.05,16
9644,0.96,1,0.05,25
9645,-0.58,0,0.05,16
7054,-0.47,0,0.05,27
9646,0.8,0,0.05,32
7055,0.93,1,0.05,18
7056,-0.53,0,0.05,4
9647,0.99,1,0.05,16
9648,0.98,1,0.05,15
7057,0.96,1,0.05,28
9649,0.98,1,0.05,15
7058,0.97,1,0.05,15
9650,0.9,1,0.05,23
7059,0.92,1,0.05,15
9651,-0.52,0,0.05,20
9652,0.95,1,0.05,11
7060,0.95,1,0.05,20
9653,0.95,1,0.05,13
9654,0.98,1,0.05,13
7061,-0.61,0,0.05,42
9655,0.93,1,0.05,30
9656,0.89,1,0.05,23
7062,0.95,1,0.05,22
9657,0.91,1,0.05,23
9658,0.98,1,0.05,12
7063,-0.57,0,0.05,29
9659,0.93,1,0.05,12
9660,0.94,1,0.05,11
7064,0.99,1,0.05,27
9661,0.93,1,0.05,15
7065,0.96,1,0.05,11
9662,0.98,1,0.05,15
7066,0.94,1,0.05,15
9663,0.99,1,0.05,18
9664,0.98,1,0.05,25
7067,0.92,1,0.05,27
7068,0.87,1,0.05,23
9665,0.89,1,0.05,30
9666,-0.56,0,0.05,28
9667,0.97,1,0.05,19
7069,-0.55,0,0.05,40
9668,0.92,1,0.05,27
7070,0.92,1,0.05,26
7071,0.9,1,0.05,19
9669,0.96,1,0.05,27
9670,-0.57,0,0.05,8
9671,0.96,1,0.05,14
7072,0.9,1,0.05,23
7073,0.98,1,0.05,13
9672,-0.66,0,0.05,23
7074,0.98,1,0.05,12
9673,0.95,1,0.05,11
9674,0.91,1,0.05,32
7075,-0.59,0,0.05,37
9675,0.98,1,0.05,17
9676,0.99,1,0.05,18
9677,0.98,1,0.05,11
7076,-0.59,0,0.05,33
9678,0.93,1,0.05,18
7077,-0.61,0,0.05,24
9679,0.93,1,0.05,17
7078,0.9,1,0.05,16
9680,0.9,1,0.05,23
7079,0.93,1,0.05,12
9681,0.92,1,0.05,15
7080,0.97,1,0.05,18
9682,0.92,1,0.05,19
9683,0.9,1,0.05,27
7081,0.9,1,0.05,45
9684,0.93,1,0.05,30
7082,0.98,1,0.05,13
9685,-0.56,0,0.05,19
7083,0.92,1,0.05,16
9686,0.95,1,0.05,11
9687,0.9,1,0.05,29
7084,-0.6,0,0.05,30
7085,-0.62,0,0.05,19
9688,0.87,1,0.05,23
7086,0.97,1,0.05,23
9689,0.89,1,0.05,31
7087,0.97,1,0.05,15
9690,0.93,1,0.05,24
9691,0.93,1,0.05,13
7088,0.92,1,0.05,23
7089,0.98,1,0.05,15
9692,0.92,1,0.05,22
9693,0.97,1,0.05,9
7090,0.91,1,0.05,23
9694,0.99,1,0.05,19
9695,0.98,1,0.05,15
9696,0.98,1,0.05,12
7091,-0.5,0,0.05,25
7092,0.98,1,0.05,11
9697,0.92,1,0.05,19
7093,-0.59,0,0.05,23
9698,0.87,1,0.05,32
9699,0.96,1,0.05,13
7094,0.93,1,0.05,11
9700,0.93,1,0.05,12
7095,0.93,1,0.05,14
9701,0.96,1,0.05,12
7096,0.84,1,0.05,18
9702,0.92,1,0.05,17
9703,0.84,1,0.05,17
7097,0.93,1,0.05,33
9704,-0.63,0,0.05,26
9705,-0.54,0,0.05,5
7098,0.9,1,0.05,19
9706,0.95,1,0.05,16
9707,1.02,1,0.05,15
7099,0.94,1,0.05,27
9708,0.96,1,0.05,15
7100,0.93,1,0.05,16
9709,0.94,1,0.05,17
7101,0.99,1,0.05,15
9710,0.91,1,0.05,17
7102,0.97,1,0.05,10
7103,-0.5,0,0.05,3
7104,-0.5,0,0.05,3
9711,0.96,1,0.05,22
7105,-0.48,0,0.05,3
9712,0.97,1,0.05,14
7106,0.95,1,0.05,17
9713,0.96,1,0.05,14
7107,0.92,1,0.05,17
9714,0.92,1,0.05,17
9715,0.92,1,0.05,18
9716,-0.56,0,0.05,4
7108,-0.54,0,0.05,35
9717,0.92,1,0.05,19
7109,0.94,1,0.05,13
9718,0.93,1,0.05,13
9719,0.92,1,0.05,15
7110,-0.56,0,0.05,32
9720,0.95,1,0.05,21
7111,0.95,1,0.05,11
9721,-0.51,0,0.05,24
9722,0.97,1,0.05,11
7112,-0.51,0,0.05,32
9723,0.94,1,0.05,25
9724,0.98,1,0.05,11
7113,0.93,1,0.05,21
9725,0.98,1,0.05,21
9726,0.99,1,0.05,11
7114,0.82,1,0.05,33
9727,0.98,1,0.05,12
9728,0.92,1,0.05,11
7115,0.88,1,0.05,29
9729,0.91,1,0.05,26
7116,-0.5,0,0.05,5
9730,-0.54,0,0.05,16
9731,-0.5,0,0.05,4
7117,0.97,1,0.05,21
9732,0.97,1,0.05,13
7118,0.97,1,0.05,16
9733,0.95,1,0.05,10
9734,-0.63,0,0.05,27
7119,0.92,1,0.05,27
9735,0.93,1,0.05,15
7120,0.95,1,0.05,20
9736,0.93,1,0.05,17
9737,-0.59,0,0.05,21
9738,0.97,1,0.05,17
7121,-0.63,0,0.05,40
9739,0.91,1,0.05,18
7122,0.94,1,0.05,17
9740,-0.5,0,0.05,5
9741,0.96,1,0.05,8
7123,0.96,1,0.05,16
9742,0.99,1,0.05,9
7124,0.93,1,0.05,11
9743,0.91,1,0.05,21
7125,-0.55,0,0.05,19
9744,0.84,1,0.05,27
9745,0.96,1,0.05,12
9746,-0.5,0,0.05,5
7126,0.97,1,0.05,32
9747,0.97,1,0.05,21
7127,-0.53,0,0.05,21
7128,-0.51,0,0.05,4
7129,-0.5,0,0.05,5
9748,0.94,1,0.05,29
7130,0.94,1,0.05,5
9749,0.96,1,0.05,12
7131,-0.51,0,0.05,17
9750,1.01,1,0.05,28
7132,0.97,1,0.05,28
9751,0.95,1,0.05,26
7133,0.98,1,0.05,12
9752,0.92,1,0.05,18
9753,0.9,1,0.05,23
7134,0.85,1,0.05,27
7135,-0.61,0,0.05,10
9754,0.92,1,0.05,25
9755,0.92,1,0.05,25
9756,1.0,1,0.05,30
9757,0.9,1,0.05,17
9758,0.94,1,0.05,13
9759,-0.51,0,0.05,14
9760,0.93,1,0.05,11
9761,-0.53,0,0.05,15
9762,0.98,1,0.05,15
9763,0.95,1,0.05,22
9764,0.9,1,0.05,24
9765,0.95,1,0.05,19
9766,-0.51,0,0.05,3
9767,1.01,1,0.05,12
9768,0.91,1,0.05,19
9769,0.99,1,0.05,15
9770,0.94,1,0.05,12
9771,0.9,1,0.05,19
9772,0.95,1,0.05,25
9773,0.98,1,0.05,11
9774,0.98,1,0.05,15
9775,0.94,1,0.05,18
9776,0.99,1,0.05,18
9777,0.98,1,0.05,13
9778,0.95,1,0.05,16
9779,0.93,1,0.05,15
9780,1.0,1,0.05,19
9781,0.9,1,0.05,29
9782,0.94,1,0.05,11
7136,0.93,1,0.05,29
7137,0.91,1,0.05,23
7138,0.92,1,0.05,15
7139,-0.56,0,0.05,40
7140,-0.48,0,0.05,24
7141,0.95,1,0.05,12
7142,-0.55,0,0.05,13
7143,0.9,1,0.05,21
7144,-0.56,0,0.05,3
7145,0.93,1,0.05,24
7146,-0.51,0,0.05,18
7147,-0.51,0,0.05,4
7148,-0.59,0,0.05,20
7149,0.9,1,0.05,24
7150,-0.53,0,0.05,9
7151,0.87,1,0.05,33
7152,0.92,1,0.05,18
7153,0.86,1,0.05,18
7154,0.94,1,0.05,19
9783,0.92,1,0.05,25
7155,-0.4,0,0.05,42
9784,0.93,1,0.05,16
9785,0.99,1,0.05,12
9786,0.99,1,0.05,15
7156,-0.48,0,0.05,29
9787,0.97,1,0.05,8
9788,0.95,1,0.05,13
7157,0.9,1,0.05,26
9789,-0.68,0,0.05,22
7158,0.93,1,0.05,14
9790,1.0,1,0.05,26
7159,0.95,1,0.05,26
9791,0.95,1,0.05,16
9792,0.97,1,0.05,15
7160,0.91,1,0.05,19
9793,0.94,1,0.05,17
7161,0.92,1,0.05,19
9794,0.99,1,0.05,17
7162,0.93,1,0.05,16
9795,0.98,1,0.05,20
7163,0.9,1,0.05,26
9796,0.98,1,0.05,17
9797,0.94,1,0.05,13
7164,-0.48,0,0.05,15
9798,0.99,1,0.05,19
9799,-0.49,0,0.05,4
7165,0.92,1,0.05,15
7166,0.92,1,0.05,15
9800,0.9,1,0.05,22
9801,0.97,1,0.05,10
7167,0.92,1,0.05,17
7168,0.84,1,0.05,23
9802,-0.63,0,0.05,41
7169,0.98,1,0.05,16
9803,0.96,1,0.05,19
7170,-0.53,0,0.05,15
9804,0.93,1,0.05,13
9805,0.95,1,0.05,8
7171,-0.51,0,0.05,17
9806,0.93,1,0.05,14
9807,0.97,1,0.05,11
9808,0.9,1,0.05,3
7172,0.97,1,0.05,19
9809,0.98,1,0.05,15
9810,0.94,1,0.05,13
7173,0.96,1,0.05,16
9811,0.97,1,0.05,15
9812,0.92,1,0.05,13
7174,0.91,1,0.05,26
9813,0.98,1,0.05,13
9814,-0.5,0,0.05,3
7175,0.96,1,0.05,19
9815,0.87,1,0.05,26
7176,-0.56,0,0.05,25
9816,0.97,1,0.05,20
9817,0.98,1,0.05,28
7177,0.9,1,0.05,36
9818,0.89,1,0.05,14
9819,0.93,1,0.05,9
7178,0.95,1,0.05,22
9820,0.99,1,0.05,15
7179,0.97,1,0.05,12
9821,0.98,1,0.05,14
7180,0.94,1,0.05,15
9822,1.0,1,0.05,21
9823,-0.62,0,0.05,23
7181,-0.57,0,0.05,33
9824,-0.59,0,0.05,30
7182,-0.53,0,0.05,26
7183,0.99,1,0.05,13
9825,-0.69,0,0.05,53
7184,0.84,1,0.05,29
7185,0.93,1,0.05,19
9826,0.87,1,0.05,47
7186,-0.55,0,0.05,18
9827,0.97,1,0.05,16
7187,-0.54,0,0.05,20
9828,0.91,1,0.05,20
9829,0.92,1,0.05,16
7188,0.89,1,0.05,16
9830,0.88,1,0.05,16
9831,0.91,1,0.05,23
7189,0.98,1,0.05,34
7190,0.96,1,0.05,16
9832,1.0,1,0.05,20
9833,0.97,1,0.05,13
7191,0.92,1,0.05,20
9835,0.94,1,0.05,13
9836,0.99,1,0.05,16
7192,0.92,1,0.05,26
7193,0.9,1,0.05,17
9837,0.98,1,0.05,32
7194,0.92,1,0.05,18
9838,0.99,1,0.05,16
9839,0.89,1,0.05,18
7195,-0.53,0,0.05,30
7196,0.94,1,0.05,13
9840,0.8,0,0.05,43
7197,0.95,1,0.05,13
9841,0.98,1,0.05,14
7198,-0.51,0,0.05,14
7199,-0.51,0,0.05,4
9842,0.89,1,0.05,27
7200,0.92,1,0.05,15
7201,0.92,1,0.05,12
9843,-0.61,0,0.05,16
9844,-0.51,0,0.05,4
9845,0.98,1,0.05,13
7202,-0.51,0,0.05,28
9846,-0.56,0,0.05,17
9847,0.98,1,0.05,14
7203,-0.52,0,0.05,20
9848,0.97,1,0.05,17
7204,0.94,1,0.05,12
7205,0.95,1,0.05,18
9849,0.85,1,0.05,35
7206,-0.51,0,0.05,17
9850,0.94,1,0.05,20
9851,0.91,1,0.05,25
7207,-0.52,0,0.05,26
9852,0.93,1,0.05,16
9853,0.98,1,0.05,12
9854,0.92,1,0.05,20
7208,0.92,1,0.05,34
7209,-0.5,0,0.05,3
9855,0.88,1,0.05,18
7210,0.92,1,0.05,26
9856,0.93,1,0.05,23
9857,0.95,1,0.05,23
7211,-0.52,0,0.05,30
9858,0.9,1,0.05,20
9859,0.98,1,0.05,18
7212,-0.54,0,0.05,39
9860,0.99,1,0.05,23
9861,0.93,1,0.05,19
7213,-0.55,0,0.05,30
9862,-0.52,0,0.05,14
9863,0.92,1,0.05,22
7214,0.89,1,0.05,18
9864,0.96,1,0.05,19
7215,0.95,1,0.05,28
9865,0.91,1,0.05,21
7216,0.88,1,0.05,21
9866,0.88,1,0.05,23
7217,0.94,1,0.05,14
9867,0.94,1,0.05,14
9868,0.81,1,0.05,22
7218,0.93,1,0.05,24
7219,-0.48,0,0.05,5
9869,0.99,1,0.05,17
7220,0.94,1,0.05,21
9870,0.96,1,0.05,34
9871,0.99,1,0.05,15
7221,0.93,1,0.05,30
9872,0.98,1,0.05,15
7222,0.93,1,0.05,14
9873,0.83,1,0.05,33
7223,0.89,1,0.05,20
9874,0.9,1,0.05,21
7224,0.92,1,0.05,19
9875,0.99,1,0.05,22
7225,0.96,1,0.05,9
9876,0.96,1,0.05,12
7226,0.91,1,0.05,26
9877,0.91,1,0.05,23
7227,0.94,1,0.05,17
9878,0.95,1,0.05,26
9879,0.95,1,0.05,15
7228,-0.7,0,0.05,22
9880,0.92,1,0.05,26
7229,-0.54,0,0.05,24
9881,0.97,1,0.05,20
7230,0.93,1,0.05,17
7231,-0.5,0,0.05,3
9882,0.92,1,0.05,13
7232,-0.51,0,0.05,5
7233,0.95,1,0.05,10
9883,0.97,1,0.05,19
7234,-0.59,0,0.05,10
9884,-0.56,0,0.05,13
7235,-0.59,0,0.05,18
9885,1.0,1,0.05,17
7236,0.99,1,0.05,23
7237,0.98,1,0.05,16
9886,-0.57,0,0.05,63
7238,0.96,1,0.05,15
9887,-0.64,0,0.05,33
7239,-0.59,0,0.05,28
9888,0.89,1,0.05,22
9889,0.97,1,0.05,9
7240,-0.52,0,0.05,28
9890,0.97,1,0.05,23
9891,0.9,1,0.05,21

9892,0.98,1,0.05,16
7242,0.93,1,0.05,24
9893,1.0,1,0.05,26
9894,0.92,1,0.05,15
7243,-0.56,0,0.05,27
9895,0.93,1,0.05,28
7244,1.03,1,0.05,28
9896,0.95,1,0.05,9
7245,-0.5,0,0.05,12
9897,0.99,1,0.05,13
9898,0.98,1,0.05,16
7246,0.93,1,0.05,22
9899,-0.66,0,0.05,15
9900,-0.48,0,0.05,17
7247,0.85,1,0.05,46
9901,0.96,1,0.05,29
9902,0.93,1,0.05,14
7248,0.99,1,0.05,17
9903,0.97,1,0.05,18
7249,0.87,1,0.05,20
9904,0.95,1,0.05,29
7250,0.94,1,0.05,14
9905,-0.51,0,0.05,17
7251,0.95,1,0.05,14
7252,0.94,1,0.05,13
9906,0.91,1,0.05,22
7253,-0.5,0,0.05,3
7254,0.97,1,0.05,12
9907,0.92,1,0.05,19
9908,0.95,1,0.05,9
7255,-0.55,0,0.05,27
9909,1.0,1,0.05,18
9910,1.01,1,0.05,14
7256,0.93,1,0.05,15
9911,-0.52,0,0.05,28
7257,0.91,1,0.05,22
7258,0.94,1,0.05,5
9912,0.92,1,0.05,25
7259,0.93,1,0.05,20
9913,0.92,1,0.05,18
7260,0.93,1,0.05,20
9914,0.93,1,0.05,17
7261,-0.54,0,0.05,18
9915,0.87,1,0.05,20
7262,-0.57,0,0.05,15
9916,1.0,1,0.05,19
7263,0.95,1,0.05,12
9917,0.94,1,0.05,18
9918,0.96,1,0.05,13
7264,0.92,1,0.05,19
9919,1.0,1,0.05,15
9920,0.94,1,0.05,21
7265,0.89,1,0.05,31
9921,0.99,1,0.05,24
7266,0.94,1,0.05,20
9922,-0.55,0,0.05,10
7267,0.92,1,0.05,23
9923,1.0,1,0.05,22
9924,1.02,1,0.05,22
7268,0.98,1,0.05,30
9925,0.94,1,0.05,18
7269,0.95,1,0.05,16
9926,0.85,1,0.05,26
7270,0.97,1,0.05,12
9927,0.93,1,0.05,14
9928,0.92,1,0.05,17
7271,-0.65,0,0.05,41
9929,-0.56,0,0.05,26
7272,0.99,1,0.05,17
9930,1.01,1,0.05,23
7273,0.98,1,0.05,18
7274,-0.49,0,0.05,4
9931,0.94,1,0.05,29
9932,0.98,1,0.05,14
7275,0.95,1,0.05,24
9933,1.0,1,0.05,16
7276,0.98,1,0.05,11
9934,0.94,1,0.05,9
9935,0.96,1,0.05,19
7277,0.93,1,0.05,23
7278,0.98,1,0.05,16
9936,-0.62,0,0.05,20
9937,-0.57,0,0.05,29
7279,0.95,1,0.05,26
9938,0.95,1,0.05,13
7280,0.95,1,0.05,13
9939,0.84,1,0.05,15
7281,0.96,1,0.05,10
9940,0.98,1,0.05,13
7282,-0.52,0,0.05,15
9941,0.92,1,0.05,12
7283,-0.7,0,0.05,23
9942,-0.58,0,0.05,30
9943,-0.5,0,0.05,3
7284,0.95,1,0.05,13
9944,0.97,1,0.05,23
7285,0.99,1,0.05,24
9945,0.94,1,0.05,26
7286,0.95,1,0.05,17
9946,0.95,1,0.05,15
7287,0.93,1,0.05,19
9947,1.0,1,0.05,19
7288,-0.5,0,0.05,3
7289,0.92,1,0.05,14
9948,0.94,1,0.05,26
7290,-0.53,0,0.05,12
9949,0.92,1,0.05,15
9950,0.89,1,0.05,14
7291,0.99,1,0.05,17
7292,0.99,1,0.05,17
7293,0.91,1,0.05,18
7294,0.77,0,0.05,40
7295,-0.48,0,0.05,5
7296,0.92,1,0.05,20
9951,0.74,0,0.05,148
9952,-0.51,0,0.05,3
7297,0.94,1,0.05,21
9953,0.99,1,0.05,16
9954,-0.5,0,0.05,3
7298,0.94,1,0.05,13
9955,0.95,1,0.05,27
7299,0.96,1,0.05,22
7300,1.02,1,0.05,17
9956,0.86,1,0.05,25
9957,0.98,1,0.05,12
9958,0.93,1,0.05,16
7301,0.95,1,0.05,25
9959,0.93,1,0.05,17
7302,-0.51,0,0.05,24
9960,0.9,1,0.05,25
7303,0.97,1,0.05,30
9961,0.92,1,0.05,30
7304,0.95,1,0.05,9
7305,-0.59,0,0.05,18
9962,0.96,1,0.05,35
9963,0.94,1,0.05,23
7306,0.96,1,0.05,33
9964,0.93,1,0.05,28
9965,-0.7,0,0.05,12
7307,0.94,1,0.05,26
9966,0.92,1,0.05,13
9967,0.93,1,0.05,13

9968,0.92,1,0.05,25
7309,0.96,1,0.05,30
9969,0.94,1,0.05,10
9970,0.95,1,0.05,11
7310,-0.55,0,0.05,17
9971,1.0,1,0.05,20
7311,0.95,1,0.05,19
9972,0.97,1,0.05,12
7312,0.95,1,0.05,23
9973,0.92,1,0.05,27
9974,0.97,1,0.05,12
7313,0.95,1,0.05,16
9975,0.93,1,0.05,14
7314,0.98,1,0.05,17
7315,0.97,1,0.05,15
9976,-0.64,0,0.05,48
7316,0.95,1,0.05,22
9977,0.85,1,0.05,14
7317,0.95,1,0.05,14
9978,1.02,1,0.05,14
9979,0.96,1,0.05,24
7318,0.82,1,0.05,43
9980,0.87,1,0.05,26
7319,0.93,1,0.05,15
7320,-0.49,0,0.05,4
9981,-0.56,0,0.05,22
9982,0.98,1,0.05,18
7321,0.95,1,0.05,23
9983,0.95,1,0.05,20
9984,0.95,1,0.05,8
7322,0.95,1,0.05,21
7323,0.91,1,0.05,11
9985,0.96,1,0.05,26
9986,0.88,1,0.05,25
7324,0.86,1,0.05,36
9987,0.84,1,0.05,30
7325,0.86,1,0.05,20
9988,0.93,1,0.05,11
9989,0.89,1,0.05,24
7326,0.92,1,0.05,26
9990,0.93,1,0.05,14
9991,-0.55,0,0.05,16
7327,-0.54,0,0.05,35
9992,0.94,1,0.05,14
9993,0.94,1,0.05,10
7328,0.93,1,0.05,15
7329,0.98,1,0.05,13
9994,-0.52,0,0.05,27
9995,0.96,1,0.05,13
7330,0.95,1,0.05,14
9996,0.98,1,0.05,12
7331,0.85,1,0.05,20
9997,0.97,1,0.05,11
9998,0.91,1,0.05,20
7332,0.96,1,0.05,22
7333,-0.53,0,0.05,12
9999,1.01,1,0.05,20
7334,0.95,1,0.05,16
10000,0.93,1,0.05,32
7335,0.96,1,0.05,15
10001,0.94,1,0.05,17
7336,0.92,1,0.05,16
10002,0.86,1,0.05,27
10003,0.9,1,0.05,3
7337,-0.65,0,0.05,24
10004,0.94,1,0.05,13
7338,-0.47,0,0.05,11
10005,0.96,1,0.05,16
10006,-0.51,0,0.05,5
7339,-0.47,0,0.05,12
10007,0.99,1,0.05,17
7340,0.97,1,0.05,17
10008,0.99,1,0.05,15
7341,0.92,1,0.05,22
10009,-0.53,0,0.05,18
10010,-0.57,0,0.05,10
7342,0.92,1,0.05,22
10011,0.96,1,0.05,18
7343,0.98,1,0.05,10
10012,0.96,1,0.05,20
7344,0.95,1,0.05,12
7345,-0.56,0,0.05,23
10013,0.87,1,0.05,41
7346,0.96,1,0.05,13
10014,0.93,1,0.05,16
7347,0.94,1,0.05,21
10015,0.91,1,0.05,23
10016,0.98,1,0.05,10
10017,0.94,1,0.05,25
7348,0.83,1,0.05,40
10018,0.93,1,0.05,23
10019,-0.52,0,0.05,6
7349,0.92,1,0.05,28
10020,0.99,1,0.05,15
7350,0.89,1,0.05,15
10021,0.97,1,0.05,13
10022,0.93,1,0.05,18
7351,1.0,1,0.05,30
10023,0.92,1,0.05,17
10024,0.93,1,0.05,26
7352,0.92,1,0.05,28
10025,0.95,1,0.05,23
7353,0.93,1,0.05,17
10026,-0.53,0,0.05,18
7354,0.93,1,0.05,18
7355,0.98,1,0.05,12

7356,0.98,1,0.05,12
10028,0.93,1,0.05,17
7357,0.92,1,0.05,17
10029,0.98,1,0.05,24
7358,-0.51,0,0.05,4
10030,0.89,1,0.05,24
7359,0.93,1,0.05,35
10031,0.9,1,0.05,19
10032,0.98,1,0.05,18
10033,0.89,1,0.05,22
7360,-0.52,0,0.05,39
10034,0.84,1,0.05,18
7361,-0.53,0,0.05,16
7362,0.98,1,0.05,23
10035,0.92,1,0.05,34
7363,0.9,1,0.05,21
10036,-0.65,0,0.05,24
10037,0.97,1,0.05,12
10038,-0.56,0,0.05,13
7364,0.91,1,0.05,21
10039,0.9,1,0.05,25
7365,0.95,1,0.05,28
7366,0.98,1,0.05,18
7367,0.88,1,0.05,23
7368,0.96,1,0.05,19
7369,0.93,1,0.05,19
7370,0.92,1,0.05,20
7371,-0.54,0,0.05,29
7372,0.94,1,0.05,29
7373,0.96,1,0.05,14
7374,0.98,1,0.05,9
7375,0.99,1,0.05,22
7376,0.98,1,0.05,16
7377,0.93,1,0.05,15
7378,0.97,1,0.05,21
7379,0.97,1,0.05,22
7380,0.94,1,0.05,33
7381,0.94,1,0.05,11
7382,0.95,1,0.05,11
7383,0.97,1,0.05,13
7384,0.98,1,0.05,16
7385,-0.54,0,0.05,10
7386,0.96,1,0.05,20
7387,0.9,1,0.05,34
7388,0.96,1,0.05,25
7389,0.92,1,0.05,14
7390,0.88,1,0.05,18
10040,0.93,1,0.05,27
10041,0.98,1,0.05,11
10042,0.94,1,0.05,21
10043,0.92,1,0.05,16
10044,0.99,1,0.05,15
10045,0.92,1,0.05,14
10046,0.96,1,0.05,14
10047,0.97,1,0.05,9
10048,0.96,1,0.05,13
10049,0.97,1,0.05,12
10050,0.95,1,0.05,10
10051,0.84,1,0.05,16
10052,0.92,1,0.05,15
10053,0.98,1,0.05,25
10054,0.99,1,0.05,18
10055,0.86,1,0.05,18
10056,0.91,1,0.05,20
10057,0.93,1,0.05,18
10058,-0.62,0,0.05,22
10059,0.91,1,0.05,25
10060,0.98,1,0.05,18
10061,0.92,1,0.05,17
10062,0.93,1,0.05,19
10063,0.98,1,0.05,13
10064,-0.53,0,0.05,11
10065,0.95,1,0.05,16
10066,0.92,1,0.05,16
10067,-0.54,0,0.05,15
10068,0.9,1,0.05,21
10069,0.95,1,0.05,28
10070,0.99,1,0.05,19
10071,0.99,1,0.05,22
10072,0.92,1,0.05,34
10073,-0.51,0,0.05,14
10074,0.97,1,0.05,9
10075,0.92,1,0.05,33
7391,-0.54,0,0.05,18
10076,0.93,1,0.05,24
7392,0.92,1,0.05,12
10077,0.91,1,0.05,21
7393,1.01,1,0.05,17
7394,0.95,1,0.05,11
10078,1.01,1,0.05,20
10079,0.98,1,0.05,13
7395,1.0,1,0.05,21
10080,0.98,1,0.05,13
7396,0.93,1,0.05,27
10081,0.94,1,0.05,35
7397,0.9,1,0.05,22
10082,0.96,1,0.05,23
10083,0.99,1,0.05,19
7398,0.98,1,0.05,18
7399,0.98,1,0.05,15
10084,0.98,1,0.05,13
10085,0.98,1,0.05,20
7400,-0.53,0,0.05,22
10086,0.86,1,0.05,31
7401,0.97,1,0.05,20
10087,0.94,1,0.05,20
7402,0.94,1,0.05,20
10088,1.0,1,0.05,18
7403,-0.57,0,0.05,31
7404,0.93,1,0.05,17
10089,0.85,1,0.05,51
7405,-0.5,0,0.05,5
10090,0.93,1,0.05,10
7406,0.96,1,0.05,26
10091,1.0,1,0.05,34
7407,0.96,1,0.05,21
10092,0.99,1,0.05,16
7408,0.97,1,0.05,19
10093,0.98,1,0.05,23
7409,0.95,1,0.05,21
10094,0.93,1,0.05,29
7410,0.94,1,0.05,16
10095,0.98,1,0.05,19
10096,0.93,1,0.05,15
10097,0.94,1,0.05,10
7411,0.88,1,0.05,34
10098,0.94,1,0.05,12
10099,-0.54,0,0.05,13
7412,0.94,1,0.05,19
10100,0.99,1,0.05,16
10101,0.92,1,0.05,15
7413,0.95,1,0.05,14
10102,0.97,1,0.05,10
10103,0.93,1,0.05,14
7414,0.94,1,0.05,20
7415,0.95,1,0.05,10
10104,0.98,1,0.05,15
10105,0.97,1,0.05,12
7416,0.88,1,0.05,18
10106,0.97,1,0.05,17
7417,0.93,1,0.05,14
10107,0.98,1,0.05,16
7418,0.96,1,0.05,12
10108,0.95,1,0.05,12
7419,0.98,1,0.05,13
10109,0.97,1,0.05,8
10110,0.99,1,0.05,15
7420,0.97,1,0.05,30
10111,0.96,1,0.05,22
7421,0.96,1,0.05,12
10112,0.98,1,0.05,14
10113,0.94,1,0.05,11
7422,0.95,1,0.05,11
7423,-0.49,0,0.05,4
10114,-0.55,0,0.05,9
10115,0.98,1,0.05,12
7424,0.91,1,0.05,16
10116,0.92,1,0.05,16
7425,0.99,1,0.05,12
10117,0.95,1,0.05,21
10118,0.95,1,0.05,6
7426,0.93,1,0.05,27
10119,0.99,1,0.05,18
7427,0.92,1,0.05,17
10120,0.97,1,0.05,23
7428,0.93,1,0.05,18
10121,0.92,1,0.05,14
10122,0.99,1,0.05,25
7429,0.94,1,0.05,27
10123,0.97,1,0.05,8
7430,0.98,1,0.05,11
7431,-0.55,0,0.05,5
10124,0.95,1,0.05,16
7432,-0.6,0,0.05,26
10125,0.95,1,0.05,27
10126,0.91,1,0.05,15
7433,0.95,1,0.05,20
10127,0.99,1,0.05,17
7434,0.98,1,0.05,10
10128,0.93,1,0.05,16
10129,0.9,1,0.05,3
7435,0.95,1,0.05,23
10130,0.93,1,0.05,17
10131,-0.54,0,0.05,10
7436,-0.54,0,0.05,15
10132,0.97,1,0.05,9
7437,-0.51,0,0.05,5
10133,0.89,1,0.05,23
7438,0.87,1,0.05,30
10134,0.91,1,0.05,23
7439,0.84,1,0.05,18
10135,-0.56,0,0.05,18
7440,0.88,1,0.05,15
7441,0.95,1,0.05,11
10136,-0.64,0,0.05,30
7442,0.98,1,0.05,10
10137,0.94,1,0.05,11
10138,0.93,1,0.05,15
10139,0.98,1,0.05,10
7443,0.96,1,0.05,26
10140,0.91,1,0.05,17
7444,-0.53,0,0.05,21
10141,0.98,1,0.05,16
7445,0.95,1,0.05,16
10142,-0.52,0,0.05,16
10143,0.91,1,0.05,21
10144,0.93,1,0.05,15
7446,-0.68,0,0.05,34
10145,0.97,1,0.05,19
7447,0.94,1,0.05,21
10146,0.99,1,0.05,12
10147,0.95,1,0.05,10
7448,0.91,1,0.05,26
10148,0.97,1,0.05,14
10149,-0.56,0,0.05,3
10150,0.94,1,0.05,13
7449,1.0,1,0.05,26
10151,1.0,1,0.05,22
7450,0.94,1,0.05,12
10152,-0.51,0,0.05,3
10153,0.91,1,0.05,20
7451,0.96,1,0.05,28
10154,0.94,1,0.05,17
10155,0.95,1,0.05,8
10156,0.98,1,0.05,12
7452,0.91,1,0.05,20
10157,-0.49,0,0.05,4
7453,-0.48,0,0.05,12
10158,0.97,1,0.05,14
7454,0.89,1,0.05,16
10159,0.94,1,0.05,22
7455,-0.49,0,0.05,11
10160,0.92,1,0.05,17
7456,0.96,1,0.05,13
10161,0.96,1,0.05,10
10162,0.9,1,0.05,19
7457,0.87,1,0.05,25
10163,0.95,1,0.05,8
7458,0.92,1,0.05,12
10164,0.93,1,0.05,25
7459,0.96,1,0.05,14
10165,0.93,1,0.05,27
7460,-0.55,0,0.05,28
7461,0.99,1,0.05,16
10166,0.95,1,0.05,28
7462,0.95,1,0.05,10
10167,0.99,1,0.05,16
10168,0.92,1,0.05,15
7463,0.93,1,0.05,32
10169,0.98,1,0.05,17
7464,0.95,1,0.05,15
10170,1.01,1,0.05,20
10171,0.9,1,0.05,20
7465,0.88,1,0.05,18
10172,0.93,1,0.05,17
7466,0.96,1,0.05,19
10173,0.93,1,0.05,18
7467,0.95,1,0.05,21
10174,0.98,1,0.05,18
7468,0.92,1,0.05,13
10175,0.89,1,0.05,17
10176,0.98,1,0.05,11
7469,0.91,1,0.05,19
7470,-0.51,0,0.05,5
10177,0.91,1,0.05,18
7471,0.94,1,0.05,12
10178,-0.57,0,0.05,22
10179,0.95,1,0.05,11
10180,1.0,1,0.05,15
7472,0.81,1,0.05,51
10181,0.9,1,0.05,27
10182,0.98,1,0.05,11
7473,0.98,1,0.05,18
7474,0.96,1,0.05,16
10183,0.97,1,0.05,29
10184,-0.56,0,0.05,13
7475,-0.66,0,0.05,38
10186,0.93,1,0.05,13
10187,0.88,1,0.05,25
7476,-0.49,0,0.05,29
7477,0.96,1,0.05,10
10188,0.98,1,0.05,14
10189,-0.55,0,0.05,9
7478,0.95,1,0.05,13
10190,0.95,1,0.05,10
7479,0.94,1,0.05,20
10191,0.87,1,0.05,24
7480,0.91,1,0.05,25
10192,0.93,1,0.05,30
10193,0.94,1,0.05,12
7481,0.92,1,0.05,31
10194,1.0,1,0.05,20
7482,0.9,1,0.05,21
10195,0.92,1,0.05,24
10196,0.96,1,0.05,19
7483,0.96,1,0.05,28
7484,0.9,1,0.05,14
10197,0.86,1,0.05,30
10198,0.94,1,0.05,16
7485,-0.58,0,0.05,19
7486,0.89,1,0.05,20
10199,0.88,1,0.05,33
10200,0.98,1,0.05,12
7487,0.91,1,0.05,25
10201,0.96,1,0.05,28
7488,0.9,1,0.05,16
10202,0.94,1,0.05,14
10203,0.97,1,0.05,8
10204,0.98,1,0.05,10
7489,0.94,1,0.05,31
10205,0.96,1,0.05,11
10206,0.96,1,0.05,17
7490,0.77,0,0.05,31
10207,0.94,1,0.05,28
7491,0.96,1,0.05,16
10208,0.82,1,0.05,22
7492,0.94,1,0.05,19
10209,0.87,1,0.05,18
10210,0.97,1,0.05,8
10211,0.97,1,0.05,12
7493,0.95,1,0.05,29
7494,0.97,1,0.05,16
10212,0.83,1,0.05,33
7495,0.94,1,0.05,17
10213,0.85,1,0.05,24
7496,0.99,1,0.05,23
10214,0.94,1,0.05,34
7497,0.98,1,0.05,30
10215,0.98,1,0.05,15
7498,1.0,1,0.05,14
10216,0.89,1,0.05,26
7499,0.89,1,0.05,24
10217,0.96,1,0.05,24
10218,0.97,1,0.05,24
7500,0.97,1,0.05,23
10219,0.96,1,0.05,11
7501,0.97,1,0.05,13
7502,-0.59,0,0.05,12
10220,0.9,1,0.05,21
10221,0.94,1,0.05,12
7503,0.96,1,0.05,17
7504,-0.57,0,0.05,9
10222,0.9,1,0.05,20
10223,1.03,1,0.05,22
7505,0.87,1,0.05,25
10224,0.99,1,0.05,11
10225,0.91,1,0.05,30
7506,0.88,1,0.05,38
10226,0.93,1,0.05,26
10227,0.98,1,0.05,13
10228,0.95,1,0.05,10
7507,0.91,1,0.05,43
7508,0.9,1,0.05,8
10229,0.93,1,0.05,20
10230,-0.5,0,0.05,4
7509,-0.55,0,0.05,11
10231,0.98,1,0.05,17
10232,0.93,1,0.05,14
10233,0.93,1,0.05,14
7510,0.83,1,0.05,35
10234,-0.53,0,0.05,14
7511,0.94,1,0.05,14
10235,0.95,1,0.05,13
7512,0.94,1,0.05,12
10236,0.92,1,0.05,18
7513,-0.48,0,0.05,11
10237,1.02,1,0.05,18
10238,0.94,1,0.05,14
7514,0.9,1,0.05,28
10239,0.97,1,0.05,13
7515,0.94,1,0.05,16
10240,0.92,1,0.05,28
7516,0.94,1,0.05,16
10241,0.97,1,0.05,9
7517,0.98,1,0.05,11
10242,-0.53,0,0.05,17
7518,0.97,1,0.05,12
10243,0.93,1,0.05,15
7519,0.94,1,0.05,22
10244,0.93,1,0.05,24
7520,0.98,1,0.05,13
10245,1.0,1,0.05,17
7521,0.95,1,0.05,20
10246,0.96,1,0.05,15
10247,1.01,1,0.05,17
7522,0.95,1,0.05,20
10248,0.97,1,0.05,13
10249,0.94,1,0.05,14
7523,0.87,1,0.05,22
10250,0.89,1,0.05,18
7524,0.98,1,0.05,14
10251,0.91,1,0.05,27
10252,0.99,1,0.05,15
7525,-0.51,0,0.05,42
10253,-0.55,0,0.05,27
7526,0.89,1,0.05,25
10254,0.87,1,0.05,16
10255,0.98,1,0.05,10
7527,0.85,1,0.05,32
10256,0.92,1,0.05,26
7528,-0.54,0,0.05,12
7529,0.95,1,0.05,30
10257,0.97,1,0.05,11
10258,0.9,1,0.05,22
7530,0.88,1,0.05,30
10259,0.81,1,0.05,32
7531,-0.64,0,0.05,32
7532,0.9,1,0.05,20
10260,-0.59,0,0.05,28
7533,0.96,1,0.05,22
10261,0.89,1,0.05,22
10262,0.95,1,0.05,13
7535,0.95,1,0.05,14
10263,0.97,1,0.05,20
10264,0.95,1,0.05,17
10265,-0.54,0,0.05,5
7536,0.84,1,0.05,38
10266,0.93,1,0.05,25
7537,-0.56,0,0.05,22
10267,0.86,1,0.05,24
7538,-0.49,0,0.05,4
10268,-0.56,0,0.05,18
7539,0.96,1,0.05,34
10269,0.95,1,0.05,26
10270,0.98,1,0.05,12
7540,-0.55,0,0.05,26
10271,0.9,1,0.05,25
10272,-0.55,0,0.05,12
10273,-0.54,0,0.05,11
7541,0.95,1,0.05,31
10274,0.93,1,0.05,14
7542,0.96,1,0.05,33
10275,0.9,1,0.05,28
10276,0.92,1,0.05,17
7543,0.96,1,0.05,24
10277,0.93,1,0.05,16
7544,0.92,1,0.05,27
10278,0.84,1,0.05,51
7545,-0.53,0,0.05,27
10279,0.99,1,0.05,28
7546,0.91,1,0.05,22
7547,0.94,1,0.05,17
10280,0.87,1,0.05,32
7548,0.96,1,0.05,19
10281,0.92,1,0.05,22
7549,0.92,1,0.05,14
10282,0.95,1,0.05,18
7550,0.95,1,0.05,11
10283,-0.55,0,0.05,8
10284,0.98,1,0.05,11
7551,0.95,1,0.05,11
10285,0.82,1,0.05,31
10286,0.93,1,0.05,19
7552,-0.59,0,0.05,56
10287,0.9,1,0.05,24
10288,0.93,1,0.05,13
7553,0.76,0,0.05,34
10289,0.95,1,0.05,19
10290,0.98,1,0.05,18
7554,-0.54,0,0.05,27
10291,0.95,1,0.05,18
7555,-0.52,0,0.05,11
10292,0.98,1,0.05,15
10293,-0.51,0,0.05,5
7556,0.98,1,0.05,15
10294,0.93,1,0.05,14
10295,0.96,1,0.05,15
7557,0.97,1,0.05,16
7558,0.97,1,0.05,14
10296,0.91,1,0.05,28
10297,0.97,1,0.05,12
7559,0.95,1,0.05,26
10298,0.93,1,0.05,16
7560,0.96,1,0.05,12
7561,0.9,1,0.05,18
10299,-0.64,0,0.05,35
10300,0.88,1,0.05,26
7562,0.89,1,0.05,29
10301,0.99,1,0.05,11
10302,-0.53,0,0.05,24
7563,0.93,1,0.05,26
10303,0.93,1,0.05,18
7564,0.93,1,0.05,13
10304,0.94,1,0.05,12
7565,0.86,1,0.05,18
10305,0.91,1,0.05,16
7566,-0.53,0,0.05,14
10306,0.96,1,0.05,31
10307,0.94,1,0.05,12
7567,0.94,1,0.05,28
7568,0.93,1,0.05,14
10308,0.9,1,0.05,25
10309,-0.61,0,0.05,15
10310,0.97,1,0.05,24
10311,0.91,1,0.05,16
10312,1.0,1,0.05,19
7569,0.63,0,0.05,68
10313,0.92,1,0.05,19
7570,-0.57,0,0.05,26
10314,0.91,1,0.05,20
7571,0.92,1,0.05,10
7572,0.93,1,0.05,11
10315,0.94,1,0.05,23
10316,0.89,1,0.05,22
7573,-0.61,0,0.05,25
10317,0.93,1,0.05,14
7574,0.91,1,0.05,13
7575,0.9,1,0.05,26
7576,0.9,1,0.05,32
7577,0.91,1,0.05,22
7578,0.94,1,0.05,18
7579,0.93,1,0.05,14
7580,0.93,1,0.05,15
7581,0.91,1,0.05,19
7582,-0.6,0,0.05,41
7583,0.94,1,0.05,11
7584,0.91,1,0.05,25
7585,0.91,1,0.05,17
7586,0.88,1,0.05,28
7587,0.93,1,0.05,14
7588,0.9,1,0.05,18
7589,0.97,1,0.05,9
7590,0.94,1,0.05,13
7591,1.01,1,0.05,31
7592,0.94,1,0.05,12
7593,0.92,1,0.05,17
7594,0.8,0,0.05,41
7595,0.97,1,0.05,11
7596,0.93,1,0.05,15
7597,0.96,1,0.05,11
7598,0.96,1,0.05,17
7599,0.9,1,0.05,15
7600,0.87,1,0.05,25
7601,0.96,1,0.05,13
7602,0.93,1,0.05,13
7603,0.88,1,0.05,28
7604,0.96,1,0.05,15
7605,0.95,1,0.05,13
7606,0.91,1,0.05,20
7607,-0.6,0,0.05,18
7608,-0.64,0,0.05,34
7609,0.96,1,0.05,22
7610,0.98,1,0.05,21
10318,-0.71,0,0.05,59
7611,0.94,1,0.05,12
7612,0.92,1,0.05,16
10319,0.94,1,0.05,29
10320,-0.58,0,0.05,32
7613,0.88,1,0.05,34
10321,0.94,1,0.05,12
7614,-0.6,0,0.05,15
10322,0.98,1,0.05,14
7615,0.92,1,0.05,19
10323,0.96,1,0.05,21
10324,0.98,1,0.05,18
7616,0.85,1,0.05,24
10325,0.94,1,0.05,28
7617,0.94,1,0.05,20
10326,1.0,1,0.05,21
7618,0.92,1,0.05,24
10327,0.97,1,0.05,24
7619,-0.53,0,0.05,19
10328,0.92,1,0.05,27
7620,0.9,1,0.05,21
10329,0.95,1,0.05,19
10330,0.97,1,0.05,26
10331,0.95,1,0.05,9
7621,0.84,1,0.05,33
10332,0.97,1,0.05,9
7622,0.98,1,0.05,12
10333,0.93,1,0.05,12
7623,0.92,1,0.05,14
10334,1.0,1,0.05,16
7624,0.9,1,0.05,21
10335,0.99,1,0.05,18
10336,0.88,1,0.05,21
7625,0.92,1,0.05,19
10337,0.93,1,0.05,11
10338,0.92,1,0.05,15
7626,0.96,1,0.05,28
7627,-0.6,0,0.05,12
10339,0.93,1,0.05,30
10340,0.92,1,0.05,13
7628,0.9,1,0.05,21
10341,0.95,1,0.05,13
7629,0.98,1,0.05,10
10342,0.97,1,0.05,11
10343,0.93,1,0.05,14
7630,0.96,1,0.05,19
10344,0.99,1,0.05,11
7631,0.96,1,0.05,14
10345,0.98,1,0.05,12
10346,0.94,1,0.05,12
7632,0.95,1,0.05,16
10347,0.97,1,0.05,19
7633,0.92,1,0.05,18
10348,0.98,1,0.05,10
7634,0.92,1,0.05,15
10349,0.94,1,0.05,12
7635,0.97,1,0.05,12
10350,0.94,1,0.05,12
10351,0.97,1,0.05,11
7636,0.95,1,0.05,17
10352,0.93,1,0.05,17
10353,-0.54,0,0.05,4
7637,0.91,1,0.05,25
10354,0.9,1,0.05,23
10355,0.94,1,0.05,11
7638,0.91,1,0.05,17
10356,0.98,1,0.05,11
7639,0.93,1,0.05,16
10357,0.88,1,0.05,26
7640,0.96,1,0.05,24
10358,0.96,1,0.05,24
10359,-0.56,0,0.05,23
10360,0.94,1,0.05,13
10361,0.95,1,0.05,29
10362,0.94,1,0.05,11
10363,0.97,1,0.05,12
10364,0.99,1,0.05,20
10365,-0.54,0,0.05,18
10366,-0.55,0,0.05,19
10367,0.93,1,0.05,15
10368,1.0,1,0.05,17
10369,0.94,1,0.05,13
10370,0.91,1,0.05,21
10371,0.94,1,0.05,14
10372,0.95,1,0.05,12
10373,0.94,1,0.05,23
10374,0.93,1,0.05,30
10375,0.93,1,0.05,24
10376,0.96,1,0.05,23
10377,0.97,1,0.05,16
10378,0.91,1,0.05,29
10379,0.98,1,0.05,10
10380,0.95,1,0.05,8
10381,0.94,1,0.05,27
10382,0.98,1,0.05,14
10383,0.91,1,0.05,19
10384,0.93,1,0.05,25
10385,0.88,1,0.05,38
10386,0.92,1,0.05,23
10387,0.92,1,0.05,22
10388,0.87,1,0.05,29
10389,0.94,1,0.05,14
10390,0.99,1,0.05,18
10391,0.91,1,0.05,27
10392,0.87,1,0.05,31
10393,0.94,1,0.05,9
10394,0.9,1,0.05,26
10395,0.94,1,0.05,22
10396,0.98,1,0.05,30
10397,0.9,1,0.05,15
10398,0.98,1,0.05,13
10399,0.89,1,0.05,22
10400,0.9,1,0.05,24
10401,-0.52,0,0.05,5
10402,0.93,1,0.05,22
10403,0.98,1,0.05,24
10404,-0.61,0,0.05,20
10405,0.95,1,0.05,16
10406,-0.6,0,0.05,29
10407,0.95,1,0.05,20
10408,0.94,1,0.05,11
10409,0.96,1,0.05,16
10410,-0.48,0,0.05,3
10411,0.92,1,0.05,27
10412,0.96,1,0.05,10
10413,0.85,1,0.05,29
10414,0.93,1,0.05,21
10415,0.94,1,0.05,26
10416,0.97,1,0.05,8
10417,0.95,1,0.05,18
10418,0.81,1,0.05,16
7641,0.93,1,0.05,14
10419,0.93,1,0.05,18
7642,0.94,1,0.05,11
7643,0.92,1,0.05,16
10420,0.89,1,0.05,32
7644,0.95,1,0.05,18
10421,0.89,1,0.05,22
7645,0.99,1,0.05,14
10422,0.98,1,0.05,22
10423,0.97,1,0.05,20
7646,0.88,1,0.05,31
10424,1.04,1,0.05,23
10425,0.92,1,0.05,16
7647,0.94,1,0.05,34
10426,0.89,1,0.05,27
7648,-0.59,0,0.05,20
10427,0.98,1,0.05,12
7649,0.93,1,0.05,19
10428,0.89,1,0.05,31
10429,0.94,1,0.05,16
7650,0.94,1,0.05,25
10430,0.97,1,0.05,12
7651,-0.53,0,0.05,15
10431,0.94,1,0.05,12
10432,0.92,1,0.05,30
7652,0.91,1,0.05,33
10433,0.94,1,0.05,12
7653,0.97,1,0.05,14
7654,0.92,1,0.05,11
10434,0.93,1,0.05,33
7655,0.93,1,0.05,15
10435,1.01,1,0.05,16
7656,0.89,1,0.05,37
10436,0.75,0,0.05,39
10437,0.98,1,0.05,12
7657,0.95,1,0.05,18
10438,0.96,1,0.05,12
7658,0.9,1,0.05,15
10439,0.99,1,0.05,17
7659,0.79,0,0.05,15
10440,0.94,1,0.05,10
7660,-0.5,0,0.05,9
7661,0.93,1,0.05,13
10441,0.96,1,0.05,23
7662,0.91,1,0.05,9
10442,0.91,1,0.05,15
7663,-0.5,0,0.05,4
10443,0.98,1,0.05,15
7664,0.93,1,0.05,8
10444,0.93,1,0.05,24
7665,0.92,1,0.05,22
10445,0.94,1,0.05,13
10446,-0.54,0,0.05,19
7666,0.78,0,0.05,37
7667,-0.49,0,0.05,5
10447,0.94,1,0.05,21
10448,0.98,1,0.05,10
7668,0.89,1,0.05,20
10449,0.92,1,0.05,13
10450,0.94,1,0.05,16
7669,0.94,1,0.05,23
10451,0.9,1,0.05,18
7670,0.9,1,0.05,14
10452,0.99,1,0.05,12
7671,0.91,1,0.05,8
10453,-0.6,0,0.05,17
7672,-0.61,0,0.05,12
10454,-0.57,0,0.05,13
7673,0.97,1,0.05,24
7674,0.95,1,0.05,13
10455,0.77,0,0.05,46
7675,0.91,1,0.05,20
10456,0.88,1,0.05,27
10457,0.94,1,0.05,10
7676,0.96,1,0.05,25
10458,0.97,1,0.05,21
7677,0.99,1,0.05,19
10459,0.93,1,0.05,20
10460,0.92,1,0.05,14
7678,0.88,1,0.05,29
10461,0.95,1,0.05,22
7679,0.94,1,0.05,14
10462,-0.54,0,0.05,22
10463,0.95,1,0.05,19
7680,0.9,1,0.05,33
10464,0.94,1,0.05,13
7681,0.89,1,0.05,18
10465,0.86,1,0.05,31
7682,0.98,1,0.05,24
10466,0.99,1,0.05,27
7683,-0.54,0,0.05,21
10467,0.94,1,0.05,15
10468,0.98,1,0.05,10
7684,0.97,1,0.05,14
7685,0.9,1,0.05,10
10469,1.0,1,0.05,20
7686,0.96,1,0.05,12
10470,0.91,1,0.05,23
10471,-0.49,0,0.05,4
10472,0.98,1,0.05,14
7687,0.8,0,0.05,37
10473,0.91,1,0.05,17
7688,0.91,1,0.05,13
10474,0.99,1,0.05,14
7689,0.93,1,0.05,16
10475,0.94,1,0.05,16
7690,0.96,1,0.05,14
10476,0.88,1,0.05,28
7691,0.94,1,0.05,15
10477,0.97,1,0.05,25
10478,0.96,1,0.05,14
7692,0.85,1,0.05,24
7693,0.93,1,0.05,23
10479,0.98,1,0.05,25
7694,0.92,1,0.05,12
10480,0.98,1,0.05,13
7695,0.92,1,0.05,21
10481,0.88,1,0.05,29
7696,0.94,1,0.05,13
10482,0.95,1,0.05,19
7697,0.87,1,0.05,24
10483,0.9,1,0.05,28
7698,0.94,1,0.05,22
10484,0.84,1,0.05,24
7699,0.93,1,0.05,23
10485,-0.61,0,0.05,44
7700,0.93,1,0.05,21
10486,0.8,0,0.05,28
7701,0.96,1,0.05,20
10487,0.92,1,0.05,22
7702,0.94,1,0.05,24
10488,0.92,1,0.05,16
7703,0.95,1,0.05,16
10489,0.99,1,0.05,16
7704,0.96,1,0.05,17
10490,0.92,1,0.05,29
7705,-0.54,0,0.05,14
10491,0.99,1,0.05,9
7706,0.89,1,0.05,12
10492,0.97,1,0.05,15
10493,0.93,1,0.05,12
7707,0.96,1,0.05,25
10494,1.01,1,0.05,21
7708,0.94,1,0.05,24
10495,0.94,1,0.05,27
10496,0.89,1,0.05,19
7709,0.92,1,0.05,17
10497,0.93,1,0.05,14
7710,0.91,1,0.05,26
10498,0.94,1,0.05,26
10499,0.94,1,0.05,11
7711,-0.54,0,0.05,33
10500,-0.54,0,0.05,13
10501,-0.59,0,0.05,17
7712,0.91,1,0.05,21
10502,-0.56,0,0.05,12
10503,-0.48,0,0.05,4
7713,0.94,1,0.05,10
10504,-0.5,0,0.05,4
10505,0.97,1,0.05,22
7714,0.94,1,0.05,23
10506,0.91,1,0.05,18
10507,0.93,1,0.05,13
7715,-0.55,0,0.05,19
7716,0.97,1,0.05,19
10508,0.97,1,0.05,20
10509,0.92,1,0.05,21
7717,-0.48,0,0.05,20
10510,0.94,1,0.05,13
7718,0.94,1,0.05,13
10511,0.94,1,0.05,12
7719,1.01,1,0.05,20
10512,0.92,1,0.05,30
7720,0.97,1,0.05,13
10513,0.96,1,0.05,12
7721,0.9,1,0.05,3
7722,0.93,1,0.05,14
10514,-0.6,0,0.05,28
10515,0.98,1,0.05,12
7723,-0.56,0,0.05,30
10516,0.91,1,0.05,22
7724,0.85,1,0.05,34
10517,0.94,1,0.05,29
10518,0.93,1,0.05,17
7725,0.85,1,0.05,22
7726,0.92,1,0.05,17
10519,0.84,1,0.05,37
7727,0.91,1,0.05,14
10520,0.94,1,0.05,17
7728,0.93,1,0.05,10
7729,0.93,1,0.05,11
10521,0.9,1,0.05,26
10522,0.94,1,0.05,11
7730,0.85,1,0.05,23
10523,-0.58,0,0.05,11
10524,0.96,1,0.05,12
7731,-0.57,0,0.05,23
10525,0.87,1,0.05,15
10526,0.94,1,0.05,11
7732,0.95,1,0.05,11
7733,0.97,1,0.05,18
10527,0.93,1,0.05,23
10528,0.92,1,0.05,21
7734,0.91,1,0.05,23
10529,0.98,1,0.05,10
7735,0.96,1,0.05,17
10530,0.92,1,0.05,15
10531,0.97,1,0.05,8
7736,0.95,1,0.05,23
10532,0.87,1,0.05,29
10533,0.95,1,0.05,11
7737,0.9,1,0.05,23
10534,0.94,1,0.05,10
7738,0.93,1,0.05,19
10535,0.98,1,0.05,17
10536,0.98,1,0.05,8
7739,0.93,1,0.05,15
10537,0.96,1,0.05,12
7740,0.93,1,0.05,14
10538,0.96,1,0.05,18
10539,-0.48,0,0.05,3
10540,0.9,1,0.05,3
10541,0.95,1,0.05,18
7741,0.97,1,0.05,25
10542,1.01,1,0.05,25
7742,0.94,1,0.05,23
10543,0.95,1,0.05,16
7743,0.92,1,0.05,25
10544,0.91,1,0.05,30
7744,-0.54,0,0.05,17
7745,-0.49,0,0.05,4
10546,-0.58,0,0.05,13
7746,0.93,1,0.05,10
10547,0.99,1,0.05,25
7747,0.84,1,0.05,25
10548,1.0,1,0.05,16
7748,0.94,1,0.05,22
10549,0.89,1,0.05,23
10550,-0.51,0,0.05,5
10551,0.94,1,0.05,16
7749,0.88,1,0.05,26
10552,0.93,1,0.05,18
10553,0.92,1,0.05,16
7750,0.9,1,0.05,25
10554,0.94,1,0.05,25
7751,0.89,1,0.05,28
10555,-0.48,0,0.05,31
7752,0.93,1,0.05,14
10556,0.98,1,0.05,11
7753,-0.56,0,0.05,13
10557,0.93,1,0.05,13
10558,0.92,1,0.05,19
7754,0.99,1,0.05,28
10559,0.92,1,0.05,9
10560,1.0,1,0.05,19
7755,0.71,0,0.05,28
10561,0.98,1,0.05,15
7756,0.88,1,0.05,17
10562,0.9,1,0.05,31
7757,0.86,1,0.05,18
7758,0.92,1,0.05,16
7759,0.92,1,0.05,18
10563,0.7,0,0.05,54
10564,0.96,1,0.05,9
10565,0.9,1,0.05,3
7760,0.94,1,0.05,18
10566,0.97,1,0.05,21
10567,0.92,1,0.05,14
7761,0.93,1,0.05,31
7762,0.98,1,0.05,13
10568,0.99,1,0.05,21
7763,0.94,1,0.05,16
10569,0.85,1,0.05,21
7764,0.93,1,0.05,12
7765,0.93,1,0.05,14
10570,0.92,1,0.05,31
10571,0.98,1,0.05,13
7766,0.94,1,0.05,17
10572,0.93,1,0.05,30
7767,0.93,1,0.05,27
10573,0.94,1,0.05,10
10574,1.0,1,0.05,25
10575,1.0,1,0.05,21
7768,0.87,1,0.05,53
10576,0.99,1,0.05,17
7769,0.92,1,0.05,16
10577,0.91,1,0.05,18
10578,0.97,1,0.05,8
10579,-0.5,0,0.05,3
7770,0.94,1,0.05,24
10580,0.93,1,0.05,38
7771,0.95,1,0.05,21
10581,0.98,1,0.05,17
7772,0.93,1,0.05,16
10582,0.98,1,0.05,28
7773,0.95,1,0.05,21
10583,0.86,1,0.05,31
7774,0.94,1,0.05,26
10584,0.91,1,0.05,20
7775,0.95,1,0.05,17
7776,-0.58,0,0.05,44
7777,0.9,1,0.05,21
7778,0.97,1,0.05,19
7779,-0.49,0,0.05,17
7780,0.93,1,0.05,23
7781,-0.54,0,0.05,13
7782,0.94,1,0.05,17
7783,0.94,1,0.05,13
7784,-0.55,0,0.05,15
7785,0.94,1,0.05,18
7786,0.89,1,0.05,25
7787,0.84,1,0.05,27
7788,0.89,1,0.05,34
7789,0.96,1,0.05,25
7790,0.98,1,0.05,15
7791,0.92,1,0.05,23
7792,0.91,1,0.05,13
7793,0.91,1,0.05,18
7794,0.95,1,0.05,17
7795,0.97,1,0.05,14
7796,0.98,1,0.05,13
7797,0.93,1,0.05,20
7798,0.91,1,0.05,15
7799,0.84,1,0.05,51
7800,0.9,1,0.05,19
7801,0.86,1,0.05,19
7802,0.98,1,0.05,24
7803,0.91,1,0.05,23
7804,0.92,1,0.05,28
7805,-0.59,0,0.05,22
7806,0.93,1,0.05,18
7807,0.9,1,0.05,19
7808,0.94,1,0.05,16
7809,0.94,1,0.05,18
7810,0.93,1,0.05,13
7811,0.91,1,0.05,16
7812,-0.61,0,0.05,26
7813,0.92,1,0.05,16
7814,0.84,1,0.05,61
7815,0.92,1,0.05,19
7816,0.94,1,0.05,15
7817,0.96,1,0.05,19
7818,0.78,0,0.05,30
7819,0.99,1,0.05,12
7820,0.92,1,0.05,12
7821,0.92,1,0.05,13
7822,0.93,1,0.05,27
7823,0.88,1,0.05,15
7824,0.93,1,0.05,22
7825,0.87,1,0.05,29
7826,0.95,1,0.05,13
7827,0.98,1,0.05,10
7828,-0.57,0,0.05,24
7829,0.88,1,0.05,15
7830,-0.54,0,0.05,23
7831,0.93,1,0.05,13
7832,0.86,1,0.05,30
7833,0.86,1,0.05,30
7834,-0.58,0,0.05,15
7835,0.94,1,0.05,22
7836,0.89,1,0.05,24
7837,0.93,1,0.05,13
7838,0.97,1,0.05,11
7839,0.94,1,0.05,18
7840,0.94,1,0.05,20
7841,0.94,1,0.05,23
7842,0.96,1,0.05,12
7843,0.9,1,0.05,3
7844,0.93,1,0.05,24
7845,0.92,1,0.05,21
7846,-0.57,0,0.05,16
