episode,total_reward,win,epsilon,steps
1683,1045.64,1,0.562,51
1684,1047.91,1,0.562,24
1685,1047.67,1,0.562,28
1686,-1052.33,0,0.561,28
1687,-1056.83,0,0.561,48
1688,-1051.39,0,0.561,14
1689,-1051.66,0,0.561,21
1690,-1050.04,0,0.56,9
1691,-1052.4,0,0.56,25
1692,-1050.37,0,0.56,7
1693,-1050.59,0,0.56,14
1694,-1053.83,0,0.56,28
1695,-1052.68,0,0.559,33
1696,-1054.56,0,0.559,41
1697,-1053.67,0,0.558,42
1698,-1050.7,0,0.558,15
1699,-1051.58,0,0.558,18
1700,1048.68,1,0.558,17
1701,-1052.02,0,0.558,22
1702,-1063.6,0,0.556,110
1703,-1051.25,0,0.556,15
1704,-1053.15,0,0.556,30
1705,-1051.24,0,0.556,14
1706,1049.23,1,0.556,12
1707,-1050.74,0,0.556,14
1708,-1058.96,0,0.555,91
1709,-1050.22,0,0.555,7
1710,-1053.64,0,0.554,39
1711,-1051.77,0,0.554,22
1712,-1050.8,0,0.554,5
1713,-1051.53,0,0.554,13
1714,-1051.58,0,0.554,18
1715,-1050.82,0,0.553,12
1716,-1052.42,0,0.553,22
1717,-1053.41,0,0.553,36
1718,-1052.0,0,0.552,30
1719,1046.44,1,0.552,31
1720,1045.45,1,0.552,40
1721,-1053.34,0,0.551,24
1722,-1050.47,0,0.551,12
1723,1047.17,1,0.551,28
1724,-1055.69,0,0.55,59
1725,-1052.58,0,0.55,23
1726,-1051.78,0,0.55,23
1727,-1051.55,0,0.55,15
1728,1047.06,1,0.549,29
1729,-1051.12,0,0.549,22
1730,-1.38,0,0.549,18
1731,-6.03,0,0.548,63
1732,-1055.24,0,0.548,44
1733,1047.55,1,0.548,25
1734,-1050.76,0,0.548,6
1735,-1056.42,0,0.547,62
1736,-1051.39,0,0.547,14
1737,-1053.43,0,0.546,33
1738,-1051.45,0,0.546,15
1739,-1050.55,0,0.546,10
1740,-1052.27,0,0.546,27
1741,-1053.12,0,0.546,32
1742,-1063.49,0,0.544,114
1743,1045.48,1,0.544,57
1744,-1053.37,0,0.543,37
1745,-1052.27,0,0.543,17
1746,-1051.56,0,0.543,21
1747,-1052.33,0,0.543,23
1748,-1050.85,0,0.543,10
1,-1050.34,0,1.0,4
2,-1054.23,0,1.0,33
3,-1051.21,0,0.999,16
4,-1052.16,0,0.999,21
5,-1051.78,0,0.999,23
6,-1055.16,0,0.998,46
7,-1051.51,0,0.998,21
8,-1050.8,0,0.998,10
9,-1051.77,0,0.998,12
10,-1055.64,0,0.998,49
11,-1051.02,0,0.997,12
12,-1050.7,0,0.997,5
13,-1052.85,0,0.997,30
1749,-1054.73,0,0.542,48
14,-1052.12,0,0.997,27
15,-1050.82,0,0.997,12
16,-1051.0,0,0.996,10
17,-1052.75,0,0.996,25
18,-1053.2,0,0.996,30
19,1046.24,1,0.995,41
20,-1051.5,0,0.995,15
1750,-1053.83,0,0.542,33
21,-1051.1,0,0.995,5
22,-1053.27,0,0.995,22
23,1046.27,1,0.995,33
24,-1051.18,0,0.995,13
25,-1052.61,0,0.994,26
26,-1051.42,0,0.994,17
27,-1054.19,0,0.994,34
1751,-1051.88,0,0.541,28
28,-1053.42,0,0.993,32
29,-1055.39,0,0.993,39
30,-1051.88,0,0.993,18
1752,-1051.29,0,0.541,14
31,-1052.06,0,0.993,21
32,-1054.9,0,0.992,40
33,1048.85,1,0.992,15
34,-1057.65,0,0.991,65
35,-1052.23,0,0.991,23
36,-1064.64,0,0.99,104
1753,-1054.91,0,0.541,46
37,1045.04,1,0.99,41
1754,-1051.23,0,0.541,13
1755,1048.61,1,0.54,19
39,-1053.63,0,0.989,28
1756,-1054.83,0,0.54,28
40,-1051.77,0,0.989,17
1757,-1051.36,0,0.54,21
41,-1051.29,0,0.988,19
1758,-1054.36,0,0.54,21
42,-1051.75,0,0.988,15
1759,-1050.96,0,0.54,11
43,-1051.63,0,0.988,18
44,-1052.61,0,0.988,26
45,-1050.68,0,0.988,8
1760,-2.27,0,0.539,37
46,-1051.58,0,0.988,18
47,-1053.05,0,0.987,25
48,-1051.66,0,0.987,16
49,-1051.24,0,0.987,14
1761,-1058.53,0,0.539,68
50,-1051.64,0,0.987,14
1762,-1051.28,0,0.538,13
1763,-1050.68,0,0.538,8
1764,-1051.59,0,0.538,19
51,-1055.84,0,0.986,44
52,-1053.19,0,0.986,24
1765,-1052.88,0,0.538,33
53,-1052.21,0,0.986,21
1766,-2.29,0,0.537,24
54,-1052.98,0,0.986,28
1767,1047.29,1,0.537,21
1768,-1051.44,0,0.537,9
55,-1052.88,0,0.985,23
1769,-1050.7,0,0.537,10
1770,-1051.53,0,0.537,18
56,-1053.23,0,0.985,28
1771,1049.37,1,0.537,13
57,-1054.09,0,0.985,29
58,-1050.98,0,0.985,13
1772,-1051.68,0,0.537,23
59,-1052.37,0,0.984,22
1773,-1052.41,0,0.536,26
60,1047.53,1,0.984,12
1774,-1051.21,0,0.536,16
61,-1052.06,0,0.984,21
1775,-1052.91,0,0.536,26
1776,-1050.35,0,0.536,5
62,1047.62,1,0.984,28
63,-1053.8,0,0.983,25
1777,-1053.27,0,0.535,27
1778,-1053.09,0,0.535,29
65,-1053.4,0,0.983,30
1779,-1052.13,0,0.535,33
66,1041.58,1,0.982,47
1780,-1052.72,0,0.534,32
1781,-1051.59,0,0.534,14
67,-1053.02,0,0.982,27
68,-1052.48,0,0.982,23
69,-1052.76,0,0.982,16
70,-1050.64,0,0.982,9
1782,-1054.53,0,0.534,48
1783,-1050.7,0,0.534,5
1784,1048.55,1,0.534,20
1785,-1054.72,0,0.533,27
71,-1058.92,0,0.981,72
1786,-1052.56,0,0.533,31
72,-1058.01,0,0.98,46
1787,1047.31,1,0.533,29
1788,-1052.7,0,0.532,30
1789,-1051.38,0,0.532,18
1790,1049.37,1,0.532,13
73,-1067.45,0,0.979,115
74,-1050.86,0,0.979,11
1791,1047.43,1,0.532,32
75,-1052.86,0,0.979,31
76,-1055.07,0,0.978,47
1792,-1056.03,0,0.531,58
77,-1051.35,0,0.978,20
78,-1052.07,0,0.978,17
1793,-1052.77,0,0.531,37
1794,-1050.27,0,0.531,7
79,-1052.78,0,0.977,28
80,-1051.49,0,0.977,14
81,-1051.0,0,0.977,10
82,-1052.35,0,0.977,20
1795,-1054.51,0,0.53,51
1796,-1051.06,0,0.53,11
83,1046.6,1,0.977,30
1797,-1050.2,0,0.53,5
1798,-1050.94,0,0.53,9
1799,-1051.58,0,0.53,23
1800,-1051.36,0,0.529,21
1801,-1051.03,0,0.529,18
84,-1066.6,0,0.975,115
1802,1047.37,1,0.529,33
85,-1050.74,0,0.975,9
1803,-1050.89,0,0.529,14
1804,-1.0,0,0.529,10
86,-1053.61,0,0.975,36
1805,-1051.74,0,0.528,19
87,-1051.42,0,0.975,12
88,-1050.52,0,0.975,7
89,-1051.61,0,0.975,11
90,-1054.83,0,0.974,38
91,-1051.57,0,0.974,17
92,-1050.44,0,0.974,4
1806,1041.42,1,0.527,88
93,-1052.85,0,0.974,25
1807,1047.93,1,0.527,22
94,-1052.89,0,0.973,29
95,-1052.58,0,0.973,23
1808,-1053.97,0,0.527,42
96,-1055.99,0,0.973,54
97,-1051.62,0,0.972,17
1809,1044.31,1,0.526,59
1810,-1050.43,0,0.526,8
98,-1052.16,0,0.972,26
99,-1054.7,0,0.972,45
1811,-1054.92,0,0.526,47
1812,-1051.21,0,0.525,11
100,-1051.66,0,0.972,16
101,-1051.41,0,0.971,11
102,-1051.04,0,0.971,14
103,-1051.35,0,0.971,15
1813,-1053.67,0,0.525,37
104,-1054.72,0,0.971,32
105,-1055.27,0,0.97,47
106,-1052.52,0,0.97,27
107,-1051.57,0,0.97,12
108,-1052.52,0,0.97,22
109,-1056.99,0,0.969,59
110,-1053.26,0,0.969,41
111,-1052.77,0,0.968,32
112,-1052.71,0,0.968,31
113,-1052.35,0,0.968,30
114,-1056.17,0,0.967,57
115,-1050.86,0,0.967,11
116,-1054.56,0,0.966,46
117,-1053.13,0,0.966,33
118,1047.09,1,0.966,31
119,-1053.83,0,0.965,28
120,-1052.89,0,0.965,24
121,-1050.19,0,0.965,4
122,-1050.72,0,0.965,7
123,-1053.11,0,0.965,21
124,1046.95,1,0.965,30
125,-1051.93,0,0.964,18
126,-1054.95,0,0.964,40
127,-1053.44,0,0.964,29
128,-1055.88,0,0.963,43
129,-1051.11,0,0.963,11
130,-1050.69,0,0.963,9
131,-1052.05,0,0.963,25
1814,-1057.78,0,0.525,33
132,-1057.7,0,0.962,60
1815,1045.08,1,0.524,42
133,-1054.23,0,0.962,38
134,-1052.16,0,0.961,16
1816,1048.19,1,0.524,21
1817,-1051.68,0,0.524,23
135,-1053.65,0,0.961,35
1818,-1051.81,0,0.524,21
1819,1048.97,1,0.523,13
1820,-1052.84,0,0.523,29
136,-1065.08,0,0.96,98
1821,-1052.03,0,0.523,23
137,-1051.01,0,0.96,11
1822,-1051.23,0,0.523,8
1823,-1053.2,0,0.522,35
1824,-1050.78,0,0.522,8
138,1039.61,1,0.959,54
139,-1050.85,0,0.959,10
1825,1048.02,1,0.522,23
140,-1051.35,0,0.959,15
141,-1051.83,0,0.959,23
142,-1051.99,0,0.959,19
143,-1052.24,0,0.958,19
1826,-1057.28,0,0.521,68
144,-1054.32,0,0.958,27
1827,1047.93,1,0.521,27
1828,-1051.09,0,0.521,14
145,-1054.32,0,0.958,42
1829,1048.87,1,0.521,13
146,-1051.44,0,0.958,14
147,-1.39,0,0.957,14
148,-1052.36,0,0.957,16
149,-1052.56,0,0.957,21
1830,-7.41,0,0.52,61
1831,-1052.16,0,0.52,31
150,-1055.78,0,0.957,48
1832,-1050.6,0,0.52,5
151,-1050.94,0,0.956,9
1833,-1051.06,0,0.52,16
152,-1052.45,0,0.956,20
153,-1052.52,0,0.956,17
154,-1051.01,0,0.956,16
155,1048.59,1,0.956,16
1834,-1057.77,0,0.519,62
156,-1051.56,0,0.956,16
157,-1052.57,0,0.955,22
1835,1045.09,1,0.518,46
158,-1053.86,0,0.955,26
159,-1051.56,0,0.955,16
1836,1048.21,1,0.518,24
160,-1052.14,0,0.955,19
1837,-1052.72,0,0.518,32
161,-1052.78,0,0.954,23
1838,-1051.11,0,0.518,11
162,1047.09,1,0.954,26
1839,-1051.61,0,0.518,16
163,-1053.25,0,0.954,25
1840,-1051.67,0,0.517,22
164,-1050.45,0,0.954,15
1841,-1051.83,0,0.517,28
1842,-1052.18,0,0.517,23
165,-1056.85,0,0.953,60
166,-1051.38,0,0.953,13
167,-1054.09,0,0.953,29
1843,-1058.82,0,0.516,52
168,-1051.29,0,0.953,14
1844,-1051.86,0,0.516,26
169,-1053.32,0,0.952,32
1845,-1051.76,0,0.516,26
1846,-1051.05,0,0.516,15
170,-1052.7,0,0.952,30
171,-1052.12,0,0.952,22
172,-1051.18,0,0.951,13
173,-1051.23,0,0.951,13
1847,1043.56,1,0.515,69
174,-1052.46,0,0.951,26
1848,-1051.0,0,0.515,10
175,-1053.37,0,0.951,27
1849,-1.81,0,0.514,21
1850,-1050.64,0,0.514,4
176,-1050.77,0,0.951,12
1851,-1051.53,0,0.514,23
177,-1055.06,0,0.95,26
178,-1051.35,0,0.95,15
1852,1047.46,1,0.514,24
1853,-0.99,0,0.514,14
179,-1052.72,0,0.95,27
1854,-1051.51,0,0.514,21
180,-1054.67,0,0.95,32
1855,-1052.59,0,0.513,24
181,-1051.99,0,0.949,24
182,-1051.17,0,0.949,12
1856,-1052.29,0,0.513,24
183,-1051.8,0,0.949,20
184,-1050.7,0,0.949,10
1857,-1052.99,0,0.513,24
185,-1052.97,0,0.949,27
1858,-1052.83,0,0.512,33
186,-1051.93,0,0.948,18
187,-1051.42,0,0.948,12
188,-1050.95,0,0.948,10
189,-1058.37,0,0.948,62
1859,-1059.29,0,0.512,79
190,-1052.66,0,0.947,26
1860,-1052.08,0,0.511,23
1861,-1056.82,0,0.511,57
1862,-1050.76,0,0.511,11
1863,-1051.71,0,0.51,26
1864,-1050.27,0,0.51,7
1865,-1050.91,0,0.51,21
1866,-1053.15,0,0.51,30
1867,-1052.0,0,0.509,30
1868,-1053.26,0,0.509,41
1869,-1050.67,0,0.509,12
1870,-1052.14,0,0.509,24
1871,-1051.59,0,0.508,19
1872,1048.91,1,0.508,19
1873,-1052.04,0,0.508,24
1874,-1051.08,0,0.508,13
1875,-1052.42,0,0.508,22
1876,-1051.07,0,0.507,17
1877,-1052.32,0,0.507,32
1878,-1050.59,0,0.507,9
1879,-1051.64,0,0.507,19
1880,-1049.89,0,0.507,4
1881,-1054.17,0,0.506,52
1882,-1051.61,0,0.506,21
1883,-1050.36,0,0.506,6
1884,-1052.01,0,0.506,21
1885,-1051.52,0,0.506,17
1886,-1051.26,0,0.505,16
1887,-1051.6,0,0.505,20
1888,1048.41,1,0.505,24
1889,-1051.32,0,0.505,22
1890,-1050.03,0,0.505,3
1891,-0.75,0,0.505,10
1892,-1051.9,0,0.504,25
1893,-1052.84,0,0.504,34
1894,-1050.96,0,0.504,11
191,1043.43,1,0.947,42
1895,-1051.35,0,0.504,20
192,-1051.85,0,0.947,20
193,-1051.89,0,0.947,14
1896,1048.45,1,0.503,20
1897,-1052.02,0,0.503,17
194,-1054.5,0,0.946,30
1898,-1053.44,0,0.503,29
1899,-1050.81,0,0.503,11
1900,-1051.65,0,0.503,15
195,1042.75,1,0.946,55
196,-1049.99,0,0.946,4
1901,-1052.12,0,0.502,22
197,-1054.45,0,0.945,40
198,-1052.18,0,0.945,18
199,-1051.94,0,0.945,14
200,-1051.8,0,0.945,20
201,1049.41,1,0.944,9
1902,-1059.63,0,0.502,83
202,-1050.57,0,0.944,7
1903,-1051.28,0,0.501,18
203,-1054.65,0,0.944,40
1904,-1052.25,0,0.501,30
1905,-1050.34,0,0.501,4
1906,-1053.1,0,0.501,15
204,-1055.54,0,0.943,49
1907,-1050.08,0,0.501,13
205,-1050.93,0,0.943,8
206,1046.03,1,0.943,32
1908,-1052.9,0,0.5,35
207,-1051.27,0,0.943,17
1909,-1052.53,0,0.5,28
208,-1053.3,0,0.943,30
1910,-1051.51,0,0.5,21
209,-1051.26,0,0.942,16
210,-1051.38,0,0.942,18
1911,-1051.79,0,0.5,24
1912,-1050.51,0,0.499,11
211,-1052.8,0,0.942,30
212,-1053.04,0,0.942,29
1913,-1055.92,0,0.499,42
1914,-1050.67,0,0.499,7
213,-1052.52,0,0.941,27
1915,-1.86,0,0.499,31
1916,-1050.1,0,0.499,5
214,-1053.48,0,0.941,28
1917,1047.59,1,0.498,26
1918,-1051.13,0,0.498,18
215,-1058.79,0,0.94,54
1919,-1051.03,0,0.498,23
216,-1054.66,0,0.94,41
1920,-1051.08,0,0.498,18
217,-1052.58,0,0.94,28
1921,-1052.35,0,0.497,25
218,-1050.55,0,0.94,10
1922,-1051.79,0,0.497,24
219,-2.96,0,0.939,26
220,-1050.63,0,0.939,8
1923,-1052.91,0,0.497,26
221,-1051.54,0,0.939,14
1924,-1050.98,0,0.497,13
1925,-1050.7,0,0.497,10
222,-1053.21,0,0.939,31
1926,-1051.52,0,0.496,22
1927,-1050.71,0,0.496,6
223,-1054.42,0,0.938,32
224,-1051.48,0,0.938,18
1928,-1053.42,0,0.496,27
1929,1048.11,1,0.496,19
225,-1053.83,0,0.938,38
226,-1050.7,0,0.938,5
1930,-0.79,0,0.496,14
227,-1051.36,0,0.938,16
228,-1050.81,0,0.937,11
1931,-1054.5,0,0.495,50
229,-5.39,0,0.937,44
1932,-2.13,0,0.495,28
1933,-1052.45,0,0.495,25
1934,1046.35,1,0.494,35
230,1031.91,1,0.936,124
1935,-1053.07,0,0.494,32
1936,-1051.21,0,0.494,16
231,-1054.65,0,0.935,40
1937,-1051.69,0,0.494,19
1938,-1052.24,0,0.493,24
232,-1054.56,0,0.935,41
233,-1053.06,0,0.935,31
1939,1046.41,1,0.493,39
234,-1051.58,0,0.934,18
235,-1052.28,0,0.934,18
1940,-1051.53,0,0.493,23
236,-1051.32,0,0.934,12
1941,1047.99,1,0.492,16
237,-1051.18,0,0.934,13
238,-1051.59,0,0.934,14
1942,-1052.27,0,0.492,22
239,-1054.42,0,0.933,42
1943,-2.64,0,0.492,34
1944,-1051.84,0,0.492,19
1945,-1052.1,0,0.491,15
240,-1054.79,0,0.933,54
241,-1050.89,0,0.933,14
1946,-1052.0,0,0.491,30
1947,-1050.81,0,0.491,16
1948,1046.36,1,0.491,34
242,-1059.1,0,0.932,75
1949,-1051.09,0,0.49,14
243,-1052.53,0,0.932,23
1950,-1051.7,0,0.49,25
244,-1053.54,0,0.931,24
1951,-1051.03,0,0.49,18
1952,-1051.35,0,0.49,20
245,-1055.36,0,0.931,56
1953,1048.14,1,0.49,26
246,-1052.19,0,0.931,19
247,-1050.3,0,0.93,5
1954,-1050.28,0,0.489,8
248,-1053.12,0,0.93,22
1955,-1053.91,0,0.489,36
249,-1052.93,0,0.93,23
250,-1052.13,0,0.93,13
1956,-1052.03,0,0.489,23
251,-1051.92,0,0.93,22
1957,-1050.6,0,0.489,5
1958,1048.67,1,0.489,13
1959,-1050.99,0,0.489,4
252,-1055.46,0,0.929,41
253,-1053.34,0,0.929,24
1960,-1054.59,0,0.488,44
254,-1052.41,0,0.929,26
1961,-1052.81,0,0.488,26
1962,-1051.16,0,0.488,16
255,-1052.77,0,0.928,27
1963,-1051.09,0,0.488,9
1964,-1052.31,0,0.487,16
256,-1052.94,0,0.928,29
1965,-1050.63,0,0.487,18
1966,-1050.09,0,0.487,4
257,-1054.68,0,0.928,38
1967,-1.78,0,0.487,23
258,-1052.61,0,0.927,26
259,-1050.44,0,0.927,4
1968,-1051.97,0,0.487,22
260,-1051.58,0,0.927,18
1969,-1051.82,0,0.486,22
261,-1050.8,0,0.927,5
1970,1048.82,1,0.486,18
262,-1054.35,0,0.927,25
1971,-1050.45,0,0.486,5
263,-1052.92,0,0.927,22
1972,-1052.04,0,0.486,24
1973,-1051.49,0,0.486,19
264,-1052.75,0,0.926,30
1974,-1051.98,0,0.485,33
265,-1054.57,0,0.926,37
266,1049.56,1,0.926,4
1975,-1052.08,0,0.485,18
267,-1051.72,0,0.926,17
1976,-1051.66,0,0.485,21
268,-1053.07,0,0.925,37
1977,-1051.73,0,0.485,18
269,-1051.74,0,0.925,19
1978,-1051.26,0,0.485,21
270,-1052.53,0,0.925,23
1979,-1051.69,0,0.484,29
271,-1053.18,0,0.925,28
1980,-1051.52,0,0.484,22
272,-1055.04,0,0.924,39
273,-1050.28,0,0.924,3
274,-1051.45,0,0.924,15
1981,-1056.77,0,0.483,57
275,-1052.69,0,0.924,29
1982,-1051.06,0,0.483,21
276,1044.8,1,0.923,50
1983,-1053.57,0,0.483,37
277,-1051.42,0,0.923,12
1984,1048.94,1,0.483,16
278,1049.42,1,0.923,8
279,-1052.72,0,0.923,27
1985,-1053.79,0,0.482,34
1986,1049.07,1,0.482,13
1987,-1050.44,0,0.482,9
280,-1053.42,0,0.922,37
1988,-1051.34,0,0.482,14
281,-1052.34,0,0.922,29
1989,1048.27,1,0.482,23
1990,-1051.07,0,0.482,12
1991,-1050.88,0,0.481,13
282,-1054.36,0,0.921,46
1992,-1051.21,0,0.481,11
1993,-1051.46,0,0.481,16
1994,-1051.73,0,0.481,23
283,-1056.18,0,0.921,53
284,1047.06,1,0.921,19
1995,-1052.71,0,0.481,26
285,-1054.58,0,0.92,38
1996,1046.01,1,0.48,44
286,-1051.83,0,0.92,18
1997,-1050.76,0,0.48,11
287,-1052.53,0,0.92,23
1998,-1051.82,0,0.48,32
1999,-1050.5,0,0.48,15
288,-1053.98,0,0.919,38
289,-1051.91,0,0.919,21
2000,-1053.26,0,0.479,41
2001,-1051.78,0,0.479,23
290,-1055.25,0,0.919,45
291,-1051.77,0,0.919,17
2002,-1051.22,0,0.479,22
292,-1051.21,0,0.918,16
293,-1051.98,0,0.918,13
2003,-1051.6,0,0.478,25
294,-1056.17,0,0.918,47
2004,-1053.89,0,0.478,44
295,-1051.43,0,0.918,13
2005,-1051.96,0,0.478,21
296,-1055.31,0,0.917,31
297,1049.37,1,0.917,3
298,-1051.07,0,0.917,12
2006,-1052.97,0,0.477,27
2007,-1052.14,0,0.477,24
299,-1053.83,0,0.917,33
2008,-1051.66,0,0.477,21
2009,-1052.05,0,0.477,25
300,-1055.82,0,0.916,52
301,-1050.05,0,0.916,5
2010,-1053.26,0,0.476,31
302,-1053.35,0,0.916,35
2011,-1051.8,0,0.476,20
303,-1050.55,0,0.916,10
304,-1051.53,0,0.916,18
2012,-1052.62,0,0.476,27
2013,-1050.97,0,0.476,12
305,-1052.46,0,0.915,26
306,-1051.46,0,0.915,16
2014,-1052.04,0,0.476,19
307,-1053.46,0,0.915,31
2015,1048.29,1,0.475,26
308,-1051.22,0,0.915,17
2016,-1052.1,0,0.475,25
309,-1054.77,0,0.914,32
2017,-1052.19,0,0.475,24
310,-1051.27,0,0.914,17
2018,-1052.18,0,0.474,28
311,-1052.64,0,0.914,29
2019,-1052.56,0,0.474,26
2020,-1052.14,0,0.474,24
312,1043.11,1,0.913,54
313,-1050.86,0,0.913,11
314,-1053.32,0,0.913,37
315,-1051.47,0,0.913,12
2021,1041.54,1,0.473,81
2022,-1050.95,0,0.473,20
316,-1054.52,0,0.912,42
317,-1051.71,0,0.912,16
2023,-1051.5,0,0.473,20
318,-2.96,0,0.912,26
2024,-1051.69,0,0.472,24
319,1047.42,1,0.911,28
320,-1052.79,0,0.911,24
321,-1051.41,0,0.911,16
322,-1052.86,0,0.911,11
323,-1054.16,0,0.91,31
324,-1052.66,0,0.91,26
325,-1054.81,0,0.91,46
326,-1052.11,0,0.91,21
327,-1051.85,0,0.909,20
328,-1051.66,0,0.909,16
329,-1.0,0,0.909,15
330,-1055.01,0,0.908,46
331,-1056.15,0,0.908,50
332,-1052.63,0,0.908,23
333,-1052.32,0,0.908,7
334,-1053.2,0,0.907,30
335,-1052.02,0,0.907,17
336,-1058.21,0,0.907,56
337,-1050.55,0,0.906,5
338,-1050.91,0,0.906,6
339,-1054.13,0,0.906,33
340,-1055.33,0,0.906,48
341,-1052.91,0,0.905,31
342,-1050.22,0,0.905,7
343,-1052.54,0,0.905,29
344,-1053.1,0,0.904,35
345,-1051.96,0,0.904,16
346,-1056.78,0,0.904,43
347,-1053.2,0,0.904,30
348,-1051.12,0,0.903,12
349,-1050.96,0,0.903,6
350,-1055.75,0,0.903,45
351,-1053.32,0,0.903,22
352,-1050.66,0,0.903,6
353,-1050.49,0,0.903,4
2025,1044.71,1,0.472,44
354,-1051.32,0,0.902,12
355,-1052.72,0,0.902,32
2026,1045.47,1,0.472,38
2027,-1052.79,0,0.471,29
356,-1055.16,0,0.902,51
2028,-1051.97,0,0.471,12
357,-1051.91,0,0.901,21
2029,1048.36,1,0.471,24
358,-1051.15,0,0.901,10
2030,1048.77,1,0.471,23
359,-1057.02,0,0.901,47
2031,-1053.88,0,0.47,28
360,-1051.22,0,0.901,12
2032,-1052.24,0,0.47,29
361,-2.77,0,0.9,32
2033,1048.78,1,0.47,12
362,-1051.61,0,0.9,16
363,-1049.85,0,0.9,5
2034,-1051.86,0,0.47,21
364,-1051.27,0,0.9,12
2035,-1051.29,0,0.469,14
365,1046.87,1,0.9,28
2036,1049.28,1,0.469,17
366,-1053.76,0,0.899,31
2037,-1051.94,0,0.469,24
367,-1051.8,0,0.899,20
368,-1052.63,0,0.899,13
2038,-1055.03,0,0.469,48
369,-1053.8,0,0.899,40
2039,-1051.81,0,0.468,21
370,-1050.86,0,0.898,11
2040,-1052.24,0,0.468,19
371,-1052.33,0,0.898,23
372,-1051.35,0,0.898,15
2041,-1057.37,0,0.468,47
373,1042.43,1,0.897,52
374,1045.08,1,0.897,27
375,1047.76,1,0.897,29
2042,-1056.81,0,0.467,81
2043,-1052.58,0,0.467,23
376,-1053.27,0,0.896,37
377,-1051.25,0,0.896,15
2044,-1050.96,0,0.466,16
378,-0.39,0,0.896,4
2045,-1053.52,0,0.466,22
379,-1052.16,0,0.896,21
380,-1053.29,0,0.896,29
2046,-1057.66,0,0.466,56
381,-1053.48,0,0.895,28
2047,-1051.33,0,0.465,13
382,-1055.55,0,0.895,45
2048,-1057.16,0,0.465,46
383,1046.57,1,0.895,33
2049,-1054.36,0,0.465,31
2050,-1053.13,0,0.464,33
2051,1047.93,1,0.464,27
2052,-1051.69,0,0.464,24
2053,1048.19,1,0.463,26
2054,-1052.75,0,0.463,35
2055,-1051.13,0,0.463,23
2056,-1052.65,0,0.463,30
2057,1045.51,1,0.462,34
2058,-1052.68,0,0.462,28
2059,-1052.51,0,0.462,31
2060,-2.24,0,0.461,24
2061,-1052.31,0,0.461,26
2062,-1052.88,0,0.461,33
2063,-1054.59,0,0.46,54
2064,-1052.08,0,0.46,23
2065,-1052.21,0,0.46,21
2066,-1055.94,0,0.459,49
2067,-1050.91,0,0.459,16
2068,-1055.14,0,0.458,39
2069,-1053.01,0,0.458,26
2070,1048.48,1,0.458,22
2071,-1051.75,0,0.458,25
2072,1048.18,1,0.458,22
384,-1053.36,0,0.894,26
385,-1052.68,0,0.894,23
2073,-1054.89,0,0.457,54
386,-1052.64,0,0.894,24
2074,-1050.93,0,0.457,23
387,-1051.74,0,0.894,14
388,-1052.75,0,0.894,20
389,-1053.26,0,0.893,36
2075,-1056.82,0,0.456,62
390,1048.21,1,0.893,24
391,-1052.23,0,0.893,23
392,-1051.16,0,0.893,11
393,1046.53,1,0.892,32
2076,1040.53,1,0.455,102
394,-3.15,0,0.892,30
395,-1051.76,0,0.892,16
396,-1051.61,0,0.892,11
397,-1054.13,0,0.891,38
2077,-1057.4,0,0.454,75
2078,-1050.65,0,0.454,5
398,-1055.01,0,0.891,36
399,-1051.93,0,0.891,18
2079,1047.07,1,0.454,38
400,-1052.11,0,0.89,21
2080,-1051.88,0,0.453,23
401,-1051.82,0,0.89,17
402,-1052.16,0,0.89,21
2081,-1051.95,0,0.453,30
403,-1051.03,0,0.89,18
2082,-1051.05,0,0.453,20
404,-1052.4,0,0.89,25
405,-1052.84,0,0.889,9
406,-1051.38,0,0.889,13
2083,-1052.89,0,0.453,29
407,-1052.42,0,0.889,22
408,-1051.59,0,0.889,14
2084,-1052.56,0,0.452,36
2085,-1050.83,0,0.452,8
409,-1052.4,0,0.889,25
2086,-1050.63,0,0.452,8
410,-1050.76,0,0.889,6
2087,-1051.23,0,0.452,13
411,-1056.02,0,0.888,22
2088,-1051.96,0,0.452,26
412,-1054.84,0,0.888,39
2089,-1052.17,0,0.451,27
413,-1052.52,0,0.888,27
2090,-1052.7,0,0.451,30
414,-1050.87,0,0.888,12
2091,1046.99,1,0.451,41
415,-1055.75,0,0.887,55
416,-1051.7,0,0.887,20
2092,-1053.69,0,0.45,39
417,-1052.12,0,0.887,17
418,-1050.45,0,0.887,5
419,-1052.61,0,0.886,31
2093,-1054.92,0,0.45,47
420,1043.64,1,0.886,51
421,-1051.59,0,0.885,14
2094,1044.31,1,0.449,54
422,-1052.43,0,0.885,28
2095,-1053.13,0,0.449,38
423,-1053.28,0,0.885,28
2096,-1051.38,0,0.449,13
424,-1052.4,0,0.885,20
2097,1044.07,1,0.448,63
425,-1055.64,0,0.884,44
2098,-1051.79,0,0.448,19
426,1045.8,1,0.884,35
2099,-1055.32,0,0.447,37
427,1045.81,1,0.884,34
428,-1051.2,0,0.883,10
2100,-1056.4,0,0.447,40
429,-1051.67,0,0.883,22
430,1049.76,1,0.883,4
2101,-1050.71,0,0.447,11
431,-1050.45,0,0.883,5
2102,-1052.76,0,0.447,26
432,-1052.99,0,0.883,29
2103,-1050.65,0,0.446,20
433,-1054.21,0,0.882,31
434,-1050.66,0,0.882,6
435,-1050.73,0,0.882,8
436,-1050.48,0,0.882,3
437,-1051.46,0,0.882,16
2104,-1054.51,0,0.446,46
438,-1051.42,0,0.882,12
439,1049.26,1,0.882,4
440,-1052.96,0,0.882,26
441,-1051.61,0,0.881,16
442,-1052.94,0,0.881,19
443,-1052.42,0,0.881,22
2105,-1061.87,0,0.445,112
444,-1053.32,0,0.881,32
445,-1050.8,0,0.881,10
2106,-1052.19,0,0.444,29
446,-1052.64,0,0.88,24
447,-1052.48,0,0.88,23
448,-1051.78,0,0.88,18
2107,-1056.41,0,0.444,56
449,-1052.17,0,0.88,22
2108,-1052.77,0,0.444,22
450,-1051.84,0,0.879,19
2109,-1051.45,0,0.443,15
451,-1052.03,0,0.879,23
2110,-1052.96,0,0.443,21
2111,-1052.28,0,0.443,23
452,-1054.3,0,0.879,45
2112,-1051.37,0,0.443,17
453,-1051.17,0,0.879,12
454,-1052.58,0,0.878,23
2113,1046.21,1,0.442,34
455,1047.87,1,0.878,18
2114,-1055.47,0,0.442,52
2115,-1050.65,0,0.442,10
2116,-1053.36,0,0.442,16
456,-1058.8,0,0.877,80
2117,1049.55,1,0.441,15
457,-1053.26,0,0.877,26
458,-1050.95,0,0.877,10
2118,-1051.37,0,0.441,22
459,-1052.01,0,0.877,26
460,-1050.44,0,0.877,4
2119,-1053.4,0,0.441,35
461,-1051.84,0,0.876,19
462,-1052.25,0,0.876,15
463,-1052.65,0,0.876,20
2120,-1056.13,0,0.44,53
464,-1052.21,0,0.876,21
465,-1051.71,0,0.876,21
2121,-1053.23,0,0.44,38
466,-1053.86,0,0.875,31
2122,-1051.23,0,0.44,18
467,-1052.69,0,0.875,24
2123,-1053.72,0,0.439,37
468,1046.21,1,0.875,39
469,-1050.91,0,0.875,11
470,-1051.61,0,0.874,16
2124,-1054.18,0,0.439,43
2125,-1050.63,0,0.439,8
471,-1051.82,0,0.874,17
2126,-1050.86,0,0.439,16
2127,-1050.65,0,0.438,10
472,-1054.68,0,0.874,28
473,-1053.46,0,0.874,36
2128,-1054.56,0,0.438,51
474,1047.87,1,0.873,23
475,-1051.54,0,0.873,14
476,-1053.5,0,0.873,35
2129,-1057.98,0,0.437,63
477,-1051.59,0,0.873,19
478,-1050.63,0,0.873,3
479,-1051.47,0,0.872,17
2130,-1052.9,0,0.437,35
480,-1051.29,0,0.872,14
481,-1051.15,0,0.872,10
2131,-1050.9,0,0.437,15
482,-1050.71,0,0.872,6
483,-1051.01,0,0.872,11
484,-1051.02,0,0.872,12
485,-1050.13,0,0.872,3
486,-1051.64,0,0.871,24
487,-1053.63,0,0.871,18
2132,-1059.62,0,0.436,82
488,1049.28,1,0.871,12
489,-1051.22,0,0.871,17
2133,-1056.56,0,0.435,46
490,-1054.34,0,0.871,29
491,-1051.21,0,0.871,11
2134,-1053.18,0,0.435,28
492,-1051.5,0,0.87,15
493,-1053.38,0,0.87,33
2135,-1055.48,0,0.435,48
494,-1052.79,0,0.87,29
495,-1050.56,0,0.87,6
2136,1048.56,1,0.434,19
2137,-1053.52,0,0.434,32
496,-1056.43,0,0.869,58
497,-1053.45,0,0.869,35
2138,-1055.57,0,0.433,62
498,-1050.46,0,0.869,6
499,-1052.1,0,0.868,20
2139,-1051.88,0,0.433,23
2140,-1050.86,0,0.433,6
2141,-1051.22,0,0.433,12
2142,-1054.23,0,0.433,23
500,-1057.69,0,0.868,44
501,1047.97,1,0.868,23
502,-1050.65,0,0.868,5
2143,-1053.77,0,0.432,32
2144,-1050.49,0,0.432,4
503,-1055.04,0,0.867,24
2145,-1051.21,0,0.432,16
504,-1052.16,0,0.867,21
505,-1051.8,0,0.867,20
2146,1046.63,1,0.432,37
506,-1050.58,0,0.867,8
2147,-1050.28,0,0.432,8
507,-1051.22,0,0.867,12
508,-1050.66,0,0.867,6
2148,-1051.73,0,0.431,23
509,-1052.84,0,0.866,24
510,-1051.86,0,0.866,16
2149,-1052.25,0,0.431,30
511,-1050.5,0,0.866,10
2150,-1050.32,0,0.431,12
512,-1051.15,0,0.866,15
513,-1051.59,0,0.866,14
514,-1050.75,0,0.866,10
515,-1052.58,0,0.866,23
516,-1053.99,0,0.865,44
2151,-1058.52,0,0.43,97
517,-1050.97,0,0.865,12
518,-1052.13,0,0.865,18
2152,1039.11,1,0.43,29
519,-1050.85,0,0.865,10
2153,-1051.92,0,0.429,22
520,1045.29,1,0.864,41
2154,-1059.74,0,0.429,54
521,-1053.97,0,0.864,42
522,-1051.12,0,0.864,12
2155,-1054.41,0,0.429,26
2156,-1050.49,0,0.428,9
523,-1056.91,0,0.863,61
2157,-1055.15,0,0.428,60
524,-1052.88,0,0.863,33
2158,-1053.06,0,0.428,16
2159,-1051.06,0,0.428,11
525,-1056.84,0,0.862,59
2160,1047.36,1,0.427,29
526,-1055.07,0,0.862,37
527,-1050.51,0,0.862,11
2161,-1053.78,0,0.427,48
528,-1052.37,0,0.861,27
2162,-1051.99,0,0.427,19
529,-1051.9,0,0.861,15
530,-1050.52,0,0.861,7
531,-1051.38,0,0.861,13
532,-1051.52,0,0.861,17
533,-1050.24,0,0.861,4
2163,-1056.83,0,0.426,58
534,-1051.55,0,0.86,15
2164,-1051.72,0,0.426,12
535,-1051.99,0,0.86,19
536,-1050.95,0,0.86,15
2165,-1052.58,0,0.425,43
537,-1052.25,0,0.86,25
2166,-1051.32,0,0.425,17
2167,-1050.64,0,0.425,4
538,-1052.57,0,0.86,22
2168,-1050.89,0,0.425,9
539,-1051.35,0,0.859,15
540,-1051.4,0,0.859,15
2169,-1052.86,0,0.425,36
541,-1053.48,0,0.859,33
542,-1052.1,0,0.859,25
543,-1053.96,0,0.858,31
2170,-7.94,0,0.424,69
544,-1053.68,0,0.858,38
2171,-1055.79,0,0.423,54
545,-1054.46,0,0.858,36
546,-1051.94,0,0.857,19
547,-1051.51,0,0.857,21
2172,-1053.29,0,0.423,39
548,-1051.37,0,0.857,17
549,1047.04,1,0.857,26
2173,1046.98,1,0.423,37
550,-1052.11,0,0.857,16
551,-1053.55,0,0.856,35
2174,1041.47,1,0.422,53
552,-1051.3,0,0.856,15
553,-1051.81,0,0.856,16
2175,-1056.32,0,0.421,52
554,1045.9,1,0.855,45
555,-1050.99,0,0.855,9
2176,-1051.3,0,0.421,20
556,-1054.2,0,0.855,40
2177,-1054.57,0,0.421,42
557,-1053.77,0,0.854,37
558,-1053.28,0,0.854,38
559,-1051.92,0,0.854,22
2178,-1057.11,0,0.42,91
560,-1051.66,0,0.854,11
561,-1052.87,0,0.853,27
562,-1052.33,0,0.853,18
563,-1051.81,0,0.853,16
564,-1050.89,0,0.853,9
565,-1052.52,0,0.853,27
566,-1052.76,0,0.852,21
567,-1052.01,0,0.852,21
568,-1050.23,0,0.852,3
569,-1051.24,0,0.852,19
570,-1063.9,0,0.851,75
571,-1053.61,0,0.851,31
572,-1052.83,0,0.851,28
573,-1051.35,0,0.85,15
574,-1053.13,0,0.85,28
575,-1054.78,0,0.85,38
576,-1050.87,0,0.85,12
577,-1053.28,0,0.849,33
578,-1051.47,0,0.849,17
579,-1050.29,0,0.849,4
580,-1053.1,0,0.849,30
581,-1052.07,0,0.849,17
582,-1053.14,0,0.848,29
583,-1051.69,0,0.848,19
584,-1050.63,0,0.848,8
585,-1054.99,0,0.848,39
586,-1051.21,0,0.847,11
587,-1054.36,0,0.847,26
588,-1051.93,0,0.847,23
589,-1052.33,0,0.847,23
590,-1051.87,0,0.847,17
591,-1051.62,0,0.846,17
592,-1062.86,0,0.845,96
593,-1051.61,0,0.845,21
594,-1051.65,0,0.845,15
595,-1051.54,0,0.845,14
596,-1050.84,0,0.845,4
597,-1054.08,0,0.844,33
598,-1051.76,0,0.844,16
599,-1051.49,0,0.844,14
600,-3.9,0,0.844,35
601,1043.49,1,0.843,61
602,-1058.62,0,0.842,67
603,-1051.32,0,0.842,17
604,-1053.3,0,0.842,30
605,-1049.93,0,0.842,3
2179,-1069.76,0,0.418,166
2180,-1057.3,0,0.418,40
2181,1046.78,1,0.417,32
2182,1049.12,1,0.417,23
2183,-1056.85,0,0.417,55
2184,-1051.51,0,0.416,21
2185,-1056.61,0,0.416,41
2186,-1051.45,0,0.416,15
2187,-1056.51,0,0.415,66
2188,1044.06,1,0.414,59
2189,-1056.24,0,0.414,64
2190,-1051.15,0,0.414,15
2191,1035.98,1,0.413,92
2192,-1051.42,0,0.412,17
2193,1047.68,1,0.412,27
2194,-1050.76,0,0.412,6
2195,-1052.08,0,0.412,28
2196,1048.85,1,0.412,15
2197,1047.72,1,0.411,38
2198,-1050.72,0,0.411,12
2199,-1051.52,0,0.411,12
606,1047.1,1,0.842,25
607,-1051.27,0,0.841,12
608,-1052.43,0,0.841,28
609,-1051.5,0,0.841,15
2200,-1058.44,0,0.41,89
610,-1053.23,0,0.841,28
2201,-1052.69,0,0.41,29
611,-1052.48,0,0.84,28
612,-0.49,0,0.84,4
2202,-1052.53,0,0.409,28
613,-1054.06,0,0.84,36
2203,-1053.6,0,0.409,25
614,-1050.72,0,0.84,7
2204,-0.95,0,0.409,15
2205,1045.32,1,0.409,43
615,-1061.37,0,0.839,77
2206,1046.4,1,0.408,40
616,-1055.29,0,0.839,39
617,-1050.33,0,0.839,8
2207,1047.76,1,0.408,24
618,-1052.79,0,0.838,29
619,-1051.59,0,0.838,19
2208,-1054.8,0,0.407,40
620,-1052.12,0,0.838,22
621,-1051.31,0,0.838,16
2209,1047.41,1,0.407,34
622,-1053.74,0,0.837,39
2210,-1052.06,0,0.407,26
623,-1053.88,0,0.837,38
2211,-1052.3,0,0.406,35
624,-1050.75,0,0.837,5
2212,-1050.8,0,0.406,5
625,-1052.29,0,0.837,19
2213,-1053.94,0,0.406,39
626,-1054.56,0,0.836,36
2214,-1051.91,0,0.406,21
627,-1052.02,0,0.836,17
2215,-1050.6,0,0.406,10
2216,-1050.92,0,0.406,12
628,-1053.19,0,0.836,34
629,-1050.65,0,0.836,5

630,-1054.28,0,0.835,28
2218,-1052.76,0,0.405,26
631,-1051.44,0,0.835,14
2219,-1052.41,0,0.405,21
632,-1051.98,0,0.835,23
633,-1050.48,0,0.835,3
634,1049.56,1,0.835,4
2220,1046.69,1,0.404,26
635,-1052.13,0,0.835,23
2221,-2.67,0,0.404,32
636,-1056.08,0,0.834,48
637,-1051.58,0,0.834,18
638,-1055.31,0,0.833,46
639,-1051.77,0,0.833,17
2222,-1060.79,0,0.403,114
640,1045.97,1,0.833,38
641,-1050.48,0,0.833,3
642,-2.32,0,0.833,27
2223,-1056.82,0,0.402,57
643,-1052.34,0,0.832,19
644,-1050.65,0,0.832,5
645,-1050.38,0,0.832,8
2224,-1053.76,0,0.402,36
646,-1053.08,0,0.832,28
647,-1053.02,0,0.832,27
2225,-1053.23,0,0.402,38
2226,-1053.72,0,0.401,17
648,-1053.37,0,0.831,37
649,-1051.99,0,0.831,19
650,-1052.6,0,0.831,25
2227,-1057.13,0,0.401,73
651,-1052.28,0,0.831,23
2228,-1051.33,0,0.4,18
652,-1053.31,0,0.83,31
653,-1051.24,0,0.83,9
654,-1052.06,0,0.83,26
2229,-1055.07,0,0.4,47
2230,-1053.52,0,0.4,37
655,-1054.43,0,0.829,48
2231,-1050.2,0,0.399,10
656,-1050.65,0,0.829,5
657,-1050.45,0,0.829,5
658,-1052.84,0,0.829,29
659,-1052.41,0,0.829,31
2232,-1059.25,0,0.399,60
2233,-1052.05,0,0.399,20
660,-1052.91,0,0.828,26
661,-1051.12,0,0.828,12
2234,-1051.07,0,0.398,17
662,-1062.6,0,0.828,60
663,-1051.86,0,0.827,16
664,-1050.34,0,0.827,4
665,-1051.04,0,0.827,9
2235,-1062.56,0,0.397,91
666,-1054.09,0,0.827,39
2236,-1051.65,0,0.397,25
667,-1052.68,0,0.827,23
668,-1052.4,0,0.826,25
2237,-1053.21,0,0.397,31
669,-1050.94,0,0.826,9
2238,-1050.39,0,0.397,9
2239,-1055.88,0,0.396,28
671,-1051.95,0,0.826,20
2240,-1051.86,0,0.396,26
672,-1051.48,0,0.825,18
673,-1051.17,0,0.825,12
2241,1047.38,1,0.396,32
674,-1052.2,0,0.825,20
675,-1051.83,0,0.825,18
2242,-1053.48,0,0.396,33
676,-1051.35,0,0.825,15
677,-1052.6,0,0.825,25
2243,-1052.5,0,0.395,35
678,-1052.35,0,0.824,25
679,-1052.29,0,0.824,24
680,-1050.72,0,0.824,7
681,-1050.58,0,0.824,8
2244,-1056.38,0,0.395,58
682,-1052.23,0,0.824,28
683,-1051.57,0,0.823,17
2245,-4.06,0,0.394,41
2246,-1050.56,0,0.394,6
684,-1050.5,0,0.823,5
2247,-1050.5,0,0.394,5
685,-1051.0,0,0.823,10
686,-1050.8,0,0.823,5
687,-1051.89,0,0.823,24
688,-1053.02,0,0.823,27
689,-1052.72,0,0.822,22
2248,-1058.62,0,0.393,92
690,-1051.85,0,0.822,20
691,1048.34,1,0.822,16
2249,-1052.97,0,0.393,32
2250,-1051.06,0,0.393,16
692,-1052.2,0,0.822,25
693,1046.56,1,0.821,34
694,1048.81,1,0.821,14
2251,-1057.03,0,0.392,68
695,-1052.14,0,0.821,24
2252,-2.42,0,0.392,27
2253,-1050.68,0,0.391,13
696,-1053.02,0,0.821,32
2254,-1052.97,0,0.391,27
697,-1056.17,0,0.82,42
2255,-1054.89,0,0.391,29
698,-1052.22,0,0.82,22
699,-1051.81,0,0.82,16
700,-1052.23,0,0.82,18
701,-1050.64,0,0.82,9
702,-1051.56,0,0.819,21
2256,-1058.88,0,0.39,68
2257,-1053.76,0,0.39,31
703,1042.67,1,0.819,63
2258,-1053.84,0,0.39,24
2259,-1050.71,0,0.389,11
704,-1053.88,0,0.818,28
705,-1052.6,0,0.818,20
706,-1051.78,0,0.818,23
707,-1051.9,0,0.818,30
2260,-1063.21,0,0.388,96
708,-1052.87,0,0.817,27
2261,-1051.23,0,0.388,18
2262,-1050.65,0,0.388,5
709,-2.56,0,0.817,26
2263,-1053.47,0,0.388,32
710,-1052.31,0,0.817,21
711,-1050.19,0,0.817,4
712,1048.11,1,0.817,24
2264,-3.25,0,0.387,40
2265,-1050.8,0,0.387,10
713,-1053.66,0,0.816,31
714,-1052.36,0,0.816,21
2266,1046.64,1,0.387,46
715,-1053.14,0,0.816,34
2267,-1055.74,0,0.386,34
716,-1053.15,0,0.815,30
2268,1048.31,1,0.386,19
717,-1052.5,0,0.815,25
718,-1053.59,0,0.815,24
719,-1051.76,0,0.815,21
2269,-1057.34,0,0.385,74
720,-1053.53,0,0.814,38
721,-1051.51,0,0.814,21
2270,1044.69,1,0.385,41
722,1049.05,1,0.814,15
2271,-1051.14,0,0.385,19
723,-1052.21,0,0.814,16
2272,-1050.69,0,0.385,4
724,1048.68,1,0.813,17
725,-1052.13,0,0.813,23
726,-1053.21,0,0.813,26

727,-1053.19,0,0.813,34
2274,-1052.25,0,0.384,30
2275,-1056.15,0,0.383,55
728,-1057.77,0,0.812,67
729,-1051.46,0,0.812,16
2276,-1055.25,0,0.382,65
2277,-1051.19,0,0.382,14
730,-1065.02,0,0.811,82
731,-1052.14,0,0.811,19
732,-1051.51,0,0.81,11
733,-1050.63,0,0.81,8
734,-1053.42,0,0.81,32
2278,1040.69,1,0.381,86
735,-1050.65,0,0.81,10
2279,-1051.48,0,0.381,18
736,-1050.82,0,0.81,12
2280,-1050.8,0,0.381,15
737,-1051.75,0,0.81,20
738,-1051.78,0,0.809,18
2281,-1051.54,0,0.381,19
739,-1051.16,0,0.809,6
2282,-1052.9,0,0.381,35
740,-1053.53,0,0.809,28
741,-1054.21,0,0.809,41
2283,-1054.72,0,0.38,47
742,-1051.34,0,0.808,14
2284,-1053.26,0,0.38,36
743,-1054.78,0,0.808,43
2285,-1051.19,0,0.38,14
2286,-1052.68,0,0.379,18
744,-1055.26,0,0.807,51
2287,-1052.7,0,0.379,30
2288,-1052.55,0,0.379,30
745,-1054.46,0,0.807,36
2289,-1050.77,0,0.379,12
746,-1053.7,0,0.807,30
2290,1045.53,1,0.378,37
747,-1051.32,0,0.807,17
2291,-1050.81,0,0.378,11
748,-1050.7,0,0.806,10
749,-1053.13,0,0.806,33
2292,-1055.41,0,0.377,56
750,-1052.63,0,0.806,28
751,-1051.8,0,0.806,15
2293,-1051.94,0,0.377,19
752,-1052.19,0,0.805,24
753,-1050.95,0,0.805,10
2294,-1055.4,0,0.377,35
754,-1051.11,0,0.805,11
2295,-1050.65,0,0.377,15
755,-1051.46,0,0.805,16
2296,-1051.71,0,0.377,16
756,-1051.0,0,0.805,10
757,-1051.85,0,0.805,20
758,-1050.42,0,0.805,12
2297,-1054.97,0,0.376,37
2298,-1051.19,0,0.376,9
759,-1050.74,0,0.804,14
760,-1051.28,0,0.804,13
761,-1051.02,0,0.804,12
2299,-1054.34,0,0.376,44
762,-1052.99,0,0.804,29
2300,-1052.01,0,0.375,21
763,1047.46,1,0.804,24
764,-1052.38,0,0.803,18
2301,-1053.59,0,0.375,39
765,-1051.43,0,0.803,18
766,-1050.46,0,0.803,6
2302,-1053.31,0,0.375,41
767,-1053.48,0,0.803,38
2303,-1051.36,0,0.374,26
768,-1052.83,0,0.802,28
2304,-1053.82,0,0.374,27
769,-1053.28,0,0.802,33
2305,-1051.5,0,0.374,25
2306,-1050.41,0,0.374,6
770,-1052.63,0,0.802,23
2307,-1051.21,0,0.374,11
771,-1051.03,0,0.802,13
2308,-1053.58,0,0.373,38
772,-1055.32,0,0.801,52
773,-1051.91,0,0.801,26
774,-1053.01,0,0.801,21
2309,1043.39,1,0.372,71
775,-1052.37,0,0.8,22
2310,-1050.54,0,0.372,14
776,-1051.17,0,0.8,12
2311,-1051.15,0,0.372,20
777,-1051.92,0,0.8,27
778,-1057.28,0,0.8,33
2312,-1055.52,0,0.371,52
779,-1053.97,0,0.799,37
780,-1050.95,0,0.799,10
781,-1053.64,0,0.799,24
2313,1040.81,1,0.371,74
782,-1051.24,0,0.799,14
783,-1051.12,0,0.799,12
2314,-3.24,0,0.37,44
784,-1052.5,0,0.798,25
2315,-1051.45,0,0.37,20
785,-1053.37,0,0.798,42
786,-1052.75,0,0.798,25
787,-1051.58,0,0.798,13
788,-1049.78,0,0.798,3
789,-1052.4,0,0.797,25
790,-1052.46,0,0.797,26
2316,1039.2,1,0.369,110
791,-1054.78,0,0.797,38
2317,1045.53,1,0.368,42
792,-1053.08,0,0.796,18
2318,-1050.97,0,0.368,17
793,-1050.48,0,0.796,8
2319,-1051.58,0,0.368,28
794,-1052.49,0,0.796,29
795,-1052.71,0,0.796,26
2320,-1052.96,0,0.368,26
796,-1050.77,0,0.796,7
797,-1051.3,0,0.796,10
798,-1050.74,0,0.796,4
2321,1048.37,1,0.367,28
799,-1051.82,0,0.795,17
2322,1046.93,1,0.367,27
800,-1052.1,0,0.795,20
801,-1051.11,0,0.795,11
2323,-1053.47,0,0.367,22
802,-1052.41,0,0.795,21
2324,-1052.18,0,0.367,18
803,-1051.0,0,0.795,15
804,-1050.78,0,0.795,8
805,-1052.32,0,0.794,32
806,-1052.93,0,0.794,28
807,-1051.61,0,0.794,16
808,-1051.89,0,0.794,19
809,-1052.86,0,0.793,26
810,-1051.91,0,0.793,21
811,-1052.59,0,0.793,24
812,-1053.08,0,0.793,28
813,-1051.53,0,0.792,18
814,-1053.1,0,0.792,35
815,-1054.64,0,0.792,34
816,-1056.15,0,0.791,50
817,-1053.43,0,0.791,28
818,-1053.74,0,0.791,24
819,-1050.68,0,0.79,8
820,-1052.0,0,0.79,25
821,-1051.09,0,0.79,9
822,-1052.49,0,0.79,24
823,-1050.85,0,0.79,10
824,-1052.74,0,0.789,34
825,-1051.98,0,0.789,18
826,-1051.6,0,0.789,15
2325,-1055.52,0,0.366,52
2326,1040.93,1,0.365,97
2327,-1050.5,0,0.365,20
2328,-1.89,0,0.365,19
2329,1048.09,1,0.364,21
2330,-1050.54,0,0.364,14
2331,1045.26,1,0.364,49
2332,-1053.71,0,0.363,41
2333,-1052.52,0,0.363,42
2334,-1052.81,0,0.362,41
2335,-1052.32,0,0.362,32
2336,1046.32,1,0.362,38
2337,1048.38,1,0.362,22
2338,1033.83,1,0.36,157
2339,-1050.61,0,0.36,6
827,-1052.53,0,0.789,18
2340,1048.93,1,0.36,17
828,-1052.4,0,0.789,20
829,-1052.76,0,0.788,26
2341,1047.57,1,0.359,28
830,-1052.42,0,0.788,27
2342,-1053.19,0,0.359,34
831,-1053.46,0,0.788,31
832,-1051.79,0,0.788,19
833,-1053.4,0,0.787,30
834,1046.63,1,0.787,37
2343,-1062.59,0,0.358,139
835,-1056.25,0,0.786,55
2344,-1051.65,0,0.357,35
2345,-1053.0,0,0.357,35
836,-1056.93,0,0.786,58
2346,-1050.6,0,0.357,5
837,-1053.73,0,0.785,38
2347,-1053.18,0,0.356,33
2348,-1050.49,0,0.356,4
838,-1051.52,0,0.785,17
2349,-1050.39,0,0.356,9
839,-1051.54,0,0.785,14
2350,-1052.81,0,0.356,31
840,-1051.38,0,0.785,13
2351,-1050.45,0,0.356,10
841,-1051.87,0,0.785,22
2352,-1050.44,0,0.356,14
842,-1054.29,0,0.784,34
2353,1046.06,1,0.355,39
843,-1051.77,0,0.784,22
2354,-1051.53,0,0.355,18
2355,-1050.24,0,0.355,9
844,-1053.6,0,0.784,35
845,-1050.44,0,0.784,4
2356,-1051.57,0,0.355,17
846,-1051.33,0,0.783,18
847,1046.81,1,0.783,34
2357,1045.36,1,0.354,54
848,-1053.08,0,0.783,28
2358,-1052.82,0,0.354,32
2359,-1050.6,0,0.354,5
849,1048.33,1,0.782,22
2360,-1050.46,0,0.354,11
850,-1052.05,0,0.782,20
2361,-1052.66,0,0.353,26
851,-1051.91,0,0.782,21
2362,-1050.3,0,0.353,15
852,-1052.91,0,0.782,26
2363,-1051.78,0,0.353,23
853,-1050.9,0,0.782,10
854,-1051.92,0,0.781,17
855,1047.6,1,0.781,25
2364,-1053.22,0,0.353,47
2365,-1054.69,0,0.352,19
856,-1053.32,0,0.781,37
857,-1051.09,0,0.781,14
858,-1051.84,0,0.78,19
2366,-1056.06,0,0.352,56
859,-1053.0,0,0.78,30
860,-1051.52,0,0.78,17
2367,-1050.86,0,0.352,21
2368,-1050.97,0,0.351,17
861,-1052.93,0,0.78,28
2369,1048.16,1,0.351,29
862,-1054.21,0,0.779,21
2370,-1050.24,0,0.351,9
863,-1055.6,0,0.779,45
2371,-1054.87,0,0.35,57
864,1047.95,1,0.779,20
2372,-0.59,0,0.35,14
865,-1054.11,0,0.778,36
2373,-1054.27,0,0.35,27
2374,-1050.86,0,0.35,6
866,-1052.06,0,0.778,26
867,-1052.14,0,0.778,24
2375,-1053.13,0,0.349,38
2376,-1050.33,0,0.349,18
868,-1052.6,0,0.778,30
869,-1050.59,0,0.777,9
870,1040.95,1,0.777,65
871,-1052.16,0,0.776,26
872,-1051.31,0,0.776,21
873,-1053.17,0,0.776,27
874,-1052.23,0,0.776,28
2377,-1070.73,0,0.347,193
875,-1052.79,0,0.775,34
2378,-1052.8,0,0.347,25
876,-1051.82,0,0.775,17
2379,-1053.83,0,0.347,23
877,-1052.41,0,0.775,31
2380,-1051.48,0,0.346,23
878,-1052.74,0,0.774,29
2381,-1052.42,0,0.346,27
879,-1050.96,0,0.774,11
880,-1050.49,0,0.774,4
2382,-1052.38,0,0.346,28
881,-1053.37,0,0.774,27
2383,-1053.97,0,0.345,47
882,-1055.21,0,0.774,46
883,1047.69,1,0.773,21
884,-1052.49,0,0.773,29
885,-1052.94,0,0.773,19
886,-1051.88,0,0.773,18
2384,-1060.65,0,0.344,105
887,-1053.72,0,0.772,37
2385,-1054.3,0,0.344,40
888,-1051.82,0,0.772,22
889,-1051.9,0,0.772,25
890,-1051.83,0,0.772,23
2386,-1053.77,0,0.343,57
891,-1049.78,0,0.771,3
892,-1054.49,0,0.771,39
2387,-1053.85,0,0.343,50
893,-1053.57,0,0.771,27
894,-1052.49,0,0.771,24
895,-1052.64,0,0.77,34
2388,-1056.78,0,0.342,63
2389,-1050.28,0,0.342,3
896,-1050.7,0,0.77,10
897,-1053.16,0,0.77,36
2390,-1055.16,0,0.341,66
2391,-1050.86,0,0.341,6
898,-1053.04,0,0.769,34
899,1049.4,1,0.769,5
900,-1050.7,0,0.769,10
2392,-1050.85,0,0.341,20
901,-1055.49,0,0.769,39
2393,-1057.7,0,0.34,55
902,-1053.85,0,0.768,40
2394,-1052.86,0,0.34,31
2395,-1050.78,0,0.34,8
903,-1053.82,0,0.768,32
904,-1050.96,0,0.768,11
2396,-1054.24,0,0.34,44
2397,-1050.67,0,0.339,12
906,-1052.15,0,0.767,25
907,-1051.54,0,0.767,14
2398,-1.79,0,0.339,29
908,-1054.06,0,0.767,41
2399,-1054.46,0,0.339,51
909,-1051.78,0,0.767,23
2400,-1051.52,0,0.338,17
910,-1052.91,0,0.766,26
911,-1050.27,0,0.766,12
2401,-1056.17,0,0.338,47
912,1047.99,1,0.766,21
913,-1051.58,0,0.766,18
914,-1051.52,0,0.766,17
915,-1050.42,0,0.766,7
2402,-1054.77,0,0.337,52
2403,1048.66,1,0.337,19
2404,-1050.33,0,0.337,8
916,-1056.56,0,0.765,46
2405,-1052.35,0,0.337,30
917,-1051.63,0,0.765,23
2406,-1050.93,0,0.337,13
918,-1052.65,0,0.765,25
2407,-1051.71,0,0.336,26
2408,-1051.12,0,0.336,27
919,-1056.81,0,0.764,56
2409,-1051.14,0,0.336,19
920,-1051.85,0,0.764,15
2410,-1051.57,0,0.336,22
921,-1054.64,0,0.763,39
2411,1048.12,1,0.335,28
2412,-1051.02,0,0.335,22
922,-1052.83,0,0.763,33
923,-1052.07,0,0.763,17
2413,-1056.79,0,0.335,34
924,-1051.71,0,0.763,16
925,-1054.32,0,0.762,32
926,-1050.94,0,0.762,14
927,-1051.46,0,0.762,21
928,-1052.2,0,0.762,20
2414,1040.08,1,0.334,97
2415,-1050.54,0,0.334,4
929,-1054.71,0,0.761,46
2416,-1052.21,0,0.333,26
2417,-1051.36,0,0.333,26
930,-1052.97,0,0.761,32
931,-1051.88,0,0.761,13
2418,-1052.5,0,0.333,25
932,-1051.61,0,0.761,21
2419,-1051.11,0,0.333,16
933,-1053.6,0,0.76,30
934,-1050.0,0,0.76,5
2420,1045.74,1,0.332,41
935,-1054.71,0,0.76,46
936,-1050.93,0,0.76,18
937,-1050.87,0,0.759,7
2421,-1056.05,0,0.332,65
938,-1052.02,0,0.759,17
939,-1053.19,0,0.759,29
2422,-1054.85,0,0.331,45
2423,-1051.63,0,0.331,23
940,-1053.79,0,0.759,34
941,-1051.36,0,0.758,11
2424,-1054.47,0,0.331,27
2425,1048.91,1,0.33,19
942,-1055.8,0,0.758,45
943,-1051.05,0,0.758,10
944,-1050.56,0,0.758,6
945,-1050.44,0,0.758,4
946,-1053.73,0,0.757,33
947,-1051.91,0,0.757,21
948,-1051.55,0,0.757,15
949,-1055.03,0,0.757,43
2426,-1070.81,0,0.329,171
2427,-1052.67,0,0.328,32
950,-1056.84,0,0.756,54
2428,-1052.34,0,0.328,14
951,-1052.35,0,0.756,25
952,-1052.26,0,0.756,21
953,-1052.76,0,0.755,31
2429,-1057.05,0,0.327,75
954,-1055.79,0,0.755,59
2430,-1053.55,0,0.327,45
955,-1052.71,0,0.754,26
956,-1054.76,0,0.754,46
957,-1050.59,0,0.754,4
2431,-1059.69,0,0.326,74
958,-1050.98,0,0.754,8
959,-1050.54,0,0.754,4
2432,-1050.53,0,0.326,8
960,-1053.05,0,0.753,30
961,-1051.62,0,0.753,17
2433,-1057.38,0,0.325,53
962,-1056.58,0,0.753,48
2434,-1054.18,0,0.325,48
963,-1053.18,0,0.752,28
2435,-1054.29,0,0.325,24
964,-1051.83,0,0.752,18
2436,-1050.71,0,0.325,11
965,-1051.18,0,0.752,18
2437,-1052.56,0,0.324,36
966,-1053.98,0,0.752,38
967,-1051.66,0,0.751,16
2438,-1057.36,0,0.324,61
968,-1053.2,0,0.751,35
969,-0.45,0,0.751,5
970,-1050.71,0,0.751,11
971,-1052.84,0,0.751,24
972,-1053.92,0,0.75,32
2439,-1058.85,0,0.323,90
2440,-1050.49,0,0.323,4
973,-1054.07,0,0.75,42
2441,-1051.54,0,0.322,19
974,-1051.03,0,0.75,13
975,-1050.71,0,0.75,6
976,-1052.79,0,0.749,29
977,-1051.46,0,0.749,21
2442,-1058.59,0,0.321,84
978,-1054.58,0,0.749,38
2443,1048.37,1,0.321,23
979,-1055.01,0,0.748,51
980,-1052.22,0,0.748,22
2444,-1055.52,0,0.321,67
981,-1053.16,0,0.748,26
982,-1051.57,0,0.748,17
2445,-1054.66,0,0.32,46
983,-1054.15,0,0.747,35
2446,-1055.9,0,0.32,35
2447,-1049.99,0,0.32,4
984,-1054.31,0,0.747,46
2448,-1052.34,0,0.319,39
985,1049.25,1,0.746,15
986,1048.16,1,0.746,19
987,-1052.73,0,0.746,28
988,-1050.3,0,0.746,10
989,-1051.44,0,0.746,19
2449,1035.34,1,0.318,86
990,-1051.61,0,0.746,16
2450,-1053.53,0,0.318,23
991,-1052.35,0,0.745,25
2451,-1051.64,0,0.318,24
2452,-1051.11,0,0.318,11
992,-1052.9,0,0.745,30
2453,-1051.95,0,0.317,30
993,-1055.16,0,0.745,36
994,-1051.45,0,0.744,15
995,-1053.08,0,0.744,28
2454,-1055.31,0,0.317,56
996,-1051.35,0,0.744,15
997,-1051.24,0,0.744,14
2455,-1054.28,0,0.316,38
998,-1053.12,0,0.743,37
2456,-1054.49,0,0.316,49
999,-1054.37,0,0.743,47
1000,-1051.51,0,0.743,16
1001,-1051.22,0,0.743,17
2457,-1057.6,0,0.315,65
2458,-1054.17,0,0.315,12
1002,-1052.11,0,0.742,26
1003,-1051.73,0,0.742,18
2459,-1051.57,0,0.315,27
1004,-1051.84,0,0.742,19
1005,-1050.94,0,0.742,9
1006,-1050.83,0,0.742,8
2460,-1052.45,0,0.314,35
1007,-1051.94,0,0.742,14
1008,-1050.7,0,0.742,5
1009,-1051.89,0,0.741,24
2461,-1057.16,0,0.314,41
1010,-1054.27,0,0.741,37
1011,-1052.17,0,0.741,27
1012,1047.07,1,0.74,28
1013,-1053.08,0,0.74,28
1014,-1051.34,0,0.74,14
1015,-1053.38,0,0.74,28
1016,-1052.35,0,0.739,20
1017,-1053.34,0,0.739,34
1018,-1053.8,0,0.739,35
1019,-1051.73,0,0.738,18
1020,-1051.68,0,0.738,18
1021,-1051.95,0,0.738,20
1022,-1051.27,0,0.738,22
1023,-1054.98,0,0.737,48
1024,-1054.73,0,0.737,43
1025,-1054.23,0,0.736,33
1026,-1053.51,0,0.736,36
2462,-1054.33,0,0.314,23
2463,-1051.45,0,0.313,30
2464,-1053.99,0,0.313,29
2465,-1053.51,0,0.313,41
2466,-1051.67,0,0.312,27
2467,-1056.3,0,0.312,65
2468,-1050.7,0,0.312,10
2469,-1064.55,0,0.31,125
2470,1044.18,1,0.309,72
2471,-1052.98,0,0.309,33
2472,1049.52,1,0.309,3
2473,1047.6,1,0.309,30
2474,1045.99,1,0.308,36
2475,-1051.93,0,0.308,28
1027,-1053.56,0,0.736,36
2476,1047.71,1,0.308,24
1028,-1052.79,0,0.735,29
2477,-1052.51,0,0.308,16
2478,-1050.43,0,0.308,8
1029,-1051.41,0,0.735,16
1030,-1050.67,0,0.735,7
1031,-1051.35,0,0.735,15
1032,-1052.85,0,0.735,30
2479,-1058.81,0,0.307,86
1033,-1054.99,0,0.734,49
1034,-1050.94,0,0.734,14
2480,-1052.46,0,0.306,36
1035,-1051.29,0,0.734,14
2481,-3.36,0,0.306,41
1036,-1053.38,0,0.733,38
1037,-1051.12,0,0.733,12
2482,-3.43,0,0.305,43
1038,-1055.0,0,0.733,45
1039,-1052.52,0,0.733,12
2483,1045.51,1,0.305,39
1040,-1052.03,0,0.733,23
2484,-1053.41,0,0.305,31
1041,-1054.58,0,0.732,48
2485,1047.87,1,0.304,28
1042,-1050.5,0,0.732,5
1043,-1055.05,0,0.732,40
1044,-1054.55,0,0.731,30
1045,-1051.81,0,0.731,21
2486,-1061.17,0,0.303,92
2487,-1050.4,0,0.303,10
1046,-1052.0,0,0.731,20
1047,-1.64,0,0.731,19
2488,-1052.36,0,0.303,41
1048,-1052.5,0,0.73,25
2489,-1050.95,0,0.303,15
1049,-1056.39,0,0.73,44
2490,-1053.58,0,0.302,43
1050,-1051.38,0,0.73,18
1051,-1050.97,0,0.73,12
2491,-1055.88,0,0.302,48
1052,-1052.79,0,0.729,29
1053,-1053.44,0,0.729,34
1054,-1053.07,0,0.729,32
2492,-1057.26,0,0.301,66
2493,1047.78,1,0.301,27
1055,-1053.97,0,0.728,42
1056,-1052.97,0,0.728,32
1057,-1051.57,0,0.728,12
1058,-1052.48,0,0.727,28
1059,1047.81,1,0.727,24
1060,-1052.58,0,0.727,13
1061,-2.21,0,0.727,26
2494,1030.73,1,0.299,172
1062,-1055.39,0,0.726,39
2495,-1050.86,0,0.299,16
1063,-1052.57,0,0.726,27
1064,-1052.66,0,0.726,26
2496,-1053.25,0,0.298,35
1065,-1051.1,0,0.726,10
2497,-1051.53,0,0.298,18
1066,-1051.61,0,0.725,16
2498,-1050.81,0,0.298,6
1067,-1051.99,0,0.725,14
2499,-1053.27,0,0.298,42
1068,-1053.68,0,0.725,38
1069,-1053.75,0,0.724,40
1070,-1050.99,0,0.724,9
1071,-1050.6,0,0.724,5
1072,-1053.7,0,0.724,40
1073,-1053.55,0,0.724,30
1074,-1050.74,0,0.723,14
1075,-1052.46,0,0.723,16
1076,-1051.38,0,0.723,13
2500,1031.03,1,0.296,187
2501,-1051.66,0,0.296,16
1077,-1055.48,0,0.723,48
1078,-1050.8,0,0.723,5
1079,-1051.38,0,0.722,13
2502,-1053.61,0,0.295,36
1080,-1051.89,0,0.722,29
2503,-1053.66,0,0.295,36
1081,-1053.38,0,0.722,28
1082,-1052.97,0,0.722,32
2504,-1054.48,0,0.294,43
1083,-1051.76,0,0.721,21
1084,-1053.1,0,0.721,30
1085,-1050.6,0,0.721,5
1086,-1051.3,0,0.721,20
1087,-1051.4,0,0.721,15
2505,1040.68,1,0.293,97
1088,-1052.15,0,0.72,20
1089,1048.74,1,0.72,16
2506,-1052.47,0,0.293,27
1090,-1052.24,0,0.72,19
1091,-1051.64,0,0.72,24
1092,-1052.31,0,0.72,16
2507,-1055.54,0,0.292,59
1093,-1052.23,0,0.719,28
1094,-1053.27,0,0.719,32
1095,-1050.86,0,0.719,6
2508,1044.58,1,0.292,67
1096,-1053.56,0,0.718,36
1097,-1050.89,0,0.718,9
1098,-1052.21,0,0.718,26
2509,-1057.38,0,0.291,53
1099,-1052.75,0,0.718,20
1100,-1052.69,0,0.718,29
1101,-1052.16,0,0.717,21
1102,-1051.39,0,0.717,19
2510,-1059.22,0,0.29,87
1103,1046.29,1,0.717,36
1104,-1053.71,0,0.716,36
1105,-1064.17,0,0.716,82
1106,-1050.21,0,0.715,6
2511,-16.1,0,0.289,145
2512,-1050.98,0,0.289,8
1107,-1051.59,0,0.715,24
2513,-1051.14,0,0.289,14
2514,-1053.08,0,0.288,28
1108,-1054.97,0,0.715,52
2515,-1053.32,0,0.288,32
1109,-1051.05,0,0.714,15
1110,-1050.18,0,0.714,3
1111,-1053.59,0,0.714,29
1112,-1052.38,0,0.714,28
2516,-1058.2,0,0.287,85
2517,1049.53,1,0.287,12
1113,-1057.21,0,0.713,36
1114,-1054.6,0,0.713,45
2518,-1055.2,0,0.286,60
1115,-1051.34,0,0.713,14
1116,-1050.92,0,0.713,12
2519,1049.04,1,0.286,31
1117,-0.94,0,0.712,24
1118,-1050.94,0,0.712,14
2520,-1053.13,0,0.286,23
1119,-1051.25,0,0.712,20
2521,-1053.07,0,0.285,17
1120,-1052.23,0,0.712,23
2522,-1052.07,0,0.285,32
1121,-1052.52,0,0.712,22
1122,-1051.66,0,0.711,21
2523,-1053.17,0,0.285,37
1123,-1052.69,0,0.711,24
2524,-1054.03,0,0.284,28
1124,-1051.51,0,0.711,21
2525,-1053.5,0,0.284,25
2526,-1051.05,0,0.284,15
1125,-5.9,0,0.71,45
2527,-1050.93,0,0.284,13
1126,1049.41,1,0.71,9
2528,1049.0,1,0.284,25
1127,-1054.72,0,0.71,52
1128,-1051.95,0,0.71,20
2529,-1060.86,0,0.283,61
1129,-1051.52,0,0.709,17
1130,-1052.4,0,0.709,20
2530,-1054.77,0,0.283,42
1131,-1053.4,0,0.709,35
2531,-1055.25,0,0.282,40
1132,-1054.63,0,0.708,38
1133,-1052.37,0,0.708,22
2532,-1058.64,0,0.282,39
1134,-1051.13,0,0.708,18
1135,-1051.22,0,0.708,17
1136,-1050.68,0,0.708,8
2533,-1056.0,0,0.281,60
1137,-1053.37,0,0.707,27
1138,1046.0,1,0.707,35
1139,-1052.24,0,0.707,19
2534,-1056.93,0,0.28,63
1140,-1051.16,0,0.707,11
2535,-1050.37,0,0.28,7
1141,-1051.25,0,0.707,15
1142,-1050.28,0,0.707,8
1143,-1052.13,0,0.706,23
1144,-1051.75,0,0.706,15
2536,1041.94,1,0.279,86
1145,-1053.61,0,0.706,36
1146,-1051.93,0,0.706,23
2537,-1054.39,0,0.279,39
1147,-1051.45,0,0.705,15
1148,-1052.78,0,0.705,23
1149,-1050.58,0,0.705,13
2538,-1055.52,0,0.279,47
1150,-1.42,0,0.705,17
1151,-1052.57,0,0.705,27
1152,-1050.67,0,0.704,12
1153,-1053.76,0,0.704,36
2539,-1058.64,0,0.277,99
1154,1047.32,1,0.704,33
2540,-1055.89,0,0.277,49
1155,1041.59,1,0.703,61
1156,-1052.39,0,0.703,24
2541,-1058.07,0,0.276,82
1157,-1053.13,0,0.702,28
2542,-1051.65,0,0.276,5
1158,-1056.48,0,0.702,43
1159,-1050.37,0,0.702,7
2543,-1055.15,0,0.276,50
1160,-1053.18,0,0.702,28
1161,-1053.59,0,0.701,34
1162,-1051.71,0,0.701,21
2544,-1057.99,0,0.275,84
1163,-1052.69,0,0.701,34
1164,-1051.72,0,0.701,17
2545,-1055.53,0,0.274,58
1165,-1051.53,0,0.7,13
1166,-1051.44,0,0.7,14
2546,1047.86,1,0.274,24
1167,-1052.15,0,0.7,25
2547,-3.56,0,0.273,41
1168,-1053.5,0,0.7,35
1169,-1050.52,0,0.7,7
1170,-1050.15,0,0.7,5
1171,-1054.86,0,0.699,56
1172,-1050.91,0,0.699,11
2548,1040.0,1,0.272,105
1173,-1050.94,0,0.699,9
2549,-1052.11,0,0.272,26
2550,-1051.23,0,0.272,23
2551,-1052.46,0,0.272,11
1174,-1057.25,0,0.698,60
1175,-1050.93,0,0.698,8
2552,-1051.09,0,0.271,19
2553,-1050.41,0,0.271,11
1176,-1051.37,0,0.698,17
2554,-1053.47,0,0.271,22
2555,-1050.7,0,0.271,5
1177,-1052.08,0,0.698,23
1178,1047.81,1,0.697,24
2556,1048.01,1,0.271,34
2557,1046.42,1,0.27,13
1179,-1054.69,0,0.697,44
2558,1041.86,1,0.27,34
1180,-1055.36,0,0.696,56
2559,-1054.27,0,0.269,62
2560,-1051.76,0,0.269,21
1181,-1058.4,0,0.696,60
2561,-1050.64,0,0.269,9
1182,-1051.29,0,0.695,14
2562,-1050.6,0,0.269,20
2563,-1052.61,0,0.269,31
1183,-1057.3,0,0.695,45
1184,-1051.46,0,0.695,16
2564,-1052.2,0,0.268,30
1185,-1051.84,0,0.695,29
1186,-1050.68,0,0.694,8
1187,-1051.35,0,0.694,20
1188,-1052.79,0,0.694,24
2565,-1058.83,0,0.268,73
1189,-1050.53,0,0.694,8
1190,-1051.6,0,0.694,20
2566,-1053.31,0,0.267,36
1191,-1052.48,0,0.693,23
1192,-1050.79,0,0.693,14
2567,-1053.03,0,0.267,38
1193,-1052.41,0,0.693,21
1194,-1051.79,0,0.693,19
1195,1048.94,1,0.693,16
2568,-1056.01,0,0.266,66
1196,-1052.12,0,0.692,22
2569,-1050.7,0,0.266,10
1197,-1051.75,0,0.692,20
1198,-1051.96,0,0.692,26
1199,-1050.3,0,0.692,5
2570,-1056.36,0,0.265,61
1200,-1062.82,0,0.691,102
1201,-1054.55,0,0.69,45
2571,-1063.19,0,0.264,129
1202,-1051.64,0,0.69,19
1203,-1053.12,0,0.69,32
2572,1044.33,1,0.263,57
1204,-1051.66,0,0.69,16
1205,-1053.24,0,0.689,29
2573,-1054.25,0,0.263,40
1206,-1051.47,0,0.689,22
1207,-1050.43,0,0.689,8
1208,-1052.41,0,0.689,21
1209,-1051.31,0,0.689,16
2574,-9.34,0,0.262,79
1210,-1052.86,0,0.688,36
2575,1048.41,1,0.262,29
1211,1046.7,1,0.688,30
2576,-1052.41,0,0.261,31
1212,-1.54,0,0.688,19
2577,-1052.47,0,0.261,27
1213,-1054.26,0,0.687,36
1214,-1053.73,0,0.687,28
1215,-1050.46,0,0.687,6
1216,-1052.92,0,0.687,27
1217,-1051.75,0,0.687,15
1218,-1052.94,0,0.686,29
1219,-1050.6,0,0.686,10
1220,-1055.72,0,0.686,52
1221,-1052.58,0,0.685,33
1222,-1051.61,0,0.685,11
1223,-1051.21,0,0.685,16
1224,-1051.72,0,0.685,17
1225,-1053.86,0,0.684,36
1226,-1057.05,0,0.684,60
2578,-1051.45,0,0.261,25
2579,1048.1,1,0.261,25
2580,-1055.5,0,0.26,55
2581,-1050.46,0,0.26,11
2582,-1050.64,0,0.26,14
2583,-1055.32,0,0.259,32
2584,-1050.83,0,0.259,13
2585,1049.66,1,0.259,14
2586,-4.05,0,0.259,45
2587,-1053.44,0,0.258,24
2588,-1050.82,0,0.258,12
2589,-1057.58,0,0.258,58
2590,-1055.17,0,0.257,52
2591,-1050.65,0,0.257,5
2592,-6.69,0,0.257,34
1227,-1055.9,0,0.683,60
2593,-1056.44,0,0.256,29
1228,-1052.55,0,0.683,30
1229,1048.48,1,0.683,12
1230,-1051.17,0,0.683,17
1231,-1052.96,0,0.682,21
1232,-1050.44,0,0.682,4
1233,-1052.0,0,0.682,20
2594,-1062.05,0,0.255,105
2595,-1050.61,0,0.255,6
1234,-1052.39,0,0.682,24
1235,-1051.08,0,0.682,13
2596,-1050.08,0,0.255,13
1236,-1051.81,0,0.681,21
2597,-1055.73,0,0.255,28
1237,-1051.31,0,0.681,11
1238,-1051.69,0,0.681,14
2598,-1052.42,0,0.255,17
2599,-1051.77,0,0.254,22
1239,-1052.97,0,0.681,32
2600,-1050.94,0,0.254,9
1240,-1051.19,0,0.681,14
2601,-1050.46,0,0.254,11
2602,-1050.6,0,0.254,5
1241,-1052.14,0,0.68,24
1242,-1053.33,0,0.68,38
2603,-1054.62,0,0.254,62
1243,-1052.09,0,0.68,19
1244,-1051.05,0,0.68,10
1245,-1051.84,0,0.68,19
1246,-1051.23,0,0.679,18
1247,-1050.87,0,0.679,12
2604,-1058.75,0,0.253,75
2605,-1050.65,0,0.253,5
1248,-1051.43,0,0.679,18
1249,-1051.76,0,0.679,21
2606,-1056.33,0,0.252,58
1250,-1054.2,0,0.678,40
1251,-1051.76,0,0.678,21
2607,-1057.6,0,0.252,30
1252,1049.0,1,0.678,15
1253,-1052.84,0,0.678,29
1254,-1052.53,0,0.677,28
1255,-1050.74,0,0.677,4
2608,-1059.39,0,0.251,79
1256,-1054.62,0,0.677,37
2609,-1053.69,0,0.251,24
1257,-1054.35,0,0.677,30
2610,-1053.89,0,0.25,34
2611,-1050.4,0,0.25,5
1258,-1052.51,0,0.676,26
2612,-1051.62,0,0.25,22
1259,-1052.19,0,0.676,24
1260,-1051.36,0,0.676,11
2613,-1052.16,0,0.25,46
1261,-1052.79,0,0.676,34
2614,-1052.81,0,0.249,16
1262,1048.77,1,0.675,23
1263,1047.17,1,0.675,33
2615,-1059.27,0,0.248,82
1264,-1052.97,0,0.675,32
2616,-1055.39,0,0.248,14
1265,-1052.59,0,0.674,24
2617,-2.62,0,0.248,32
1266,1046.11,1,0.674,34
2618,-1051.57,0,0.248,22
1267,-1050.86,0,0.674,11
2619,-1051.14,0,0.248,9
2620,-1050.97,0,0.248,7
1268,-1051.24,0,0.674,19
2621,-1052.96,0,0.247,21
1269,-1051.92,0,0.674,22
2622,-1053.45,0,0.247,20
2623,-1051.84,0,0.247,19
2624,-1058.09,0,0.246,59
1270,-1067.46,0,0.672,131
1271,-1052.35,0,0.672,30
1272,-1054.31,0,0.672,26
2625,-1061.8,0,0.245,100
1273,1047.16,1,0.671,24
2626,-1052.33,0,0.245,28
1274,-1052.95,0,0.671,25
2627,-1051.87,0,0.245,22
1275,-1051.71,0,0.671,21
2628,-1050.86,0,0.245,16
2629,-1051.54,0,0.244,14
1276,-3.71,0,0.67,36
1277,1048.5,1,0.67,20
1278,-1054.03,0,0.67,38
2630,-1060.59,0,0.243,99
1279,-1052.18,0,0.67,28
2631,1045.92,1,0.243,48
1280,-1059.09,0,0.669,84
1281,-1051.09,0,0.668,19
2632,-1055.88,0,0.242,58
1282,-1050.39,0,0.668,4
2633,-1050.75,0,0.242,5
1283,-1053.46,0,0.668,31
2634,-1052.12,0,0.242,27
2635,-1055.54,0,0.241,64
1284,1034.55,1,0.667,105
2636,1043.32,1,0.241,48
1285,-1051.68,0,0.667,18
1286,-1051.74,0,0.667,19
1287,-1051.64,0,0.666,14
2637,-1054.16,0,0.24,31
2638,-1051.87,0,0.24,32
1288,-1053.32,0,0.666,32
1289,-1051.1,0,0.666,10
2639,1049.21,1,0.24,19
2640,-1055.9,0,0.239,40
2641,1041.46,1,0.239,69
2642,-1050.7,0,0.239,5
1290,-28.38,0,0.664,153
2643,1046.06,1,0.238,49
1291,-1052.98,0,0.664,33
1292,-1054.6,0,0.664,40
2644,1047.91,1,0.238,44
2645,1047.35,1,0.237,30
1293,-1055.35,0,0.663,45
2646,-1052.24,0,0.237,24
1294,-1052.84,0,0.663,19
1295,-1050.66,0,0.663,11
2647,-1052.21,0,0.237,26
1296,-1052.22,0,0.663,27
1297,-1050.39,0,0.662,4
1298,-1061.34,0,0.662,69
1299,-1051.42,0,0.661,27
1300,-1051.94,0,0.661,29
2648,-1070.47,0,0.235,167
2649,-1050.71,0,0.235,21
1301,1043.91,1,0.661,54
2650,-1056.47,0,0.234,57
1302,-1053.01,0,0.66,26
2651,-1050.64,0,0.234,4
1303,-1051.12,0,0.66,22
1304,-1051.9,0,0.66,20
2652,-1059.64,0,0.233,79
1305,-1055.19,0,0.659,49
1306,1049.13,1,0.659,12
2653,-1054.43,0,0.233,48
2654,-1053.44,0,0.233,24
2655,1050.06,1,0.233,4
2656,1046.23,1,0.232,42
1308,-1058.53,0,0.658,73
1309,-1051.12,0,0.658,12
2657,-1052.93,0,0.232,33
1310,-1052.83,0,0.658,28
1311,-1052.4,0,0.658,25
2658,-1055.88,0,0.231,43
1312,1049.28,1,0.657,17
1313,-1050.63,0,0.657,13
1314,-1049.98,0,0.657,3
1315,-1052.27,0,0.657,17
2659,-1054.35,0,0.231,55
1316,-1053.34,0,0.657,29
1317,-1051.8,0,0.656,20
1318,-1051.53,0,0.656,13
1319,-1051.34,0,0.656,19
2660,-1058.56,0,0.23,81
1320,-1051.71,0,0.656,16
1321,1049.08,1,0.656,12
1322,-1054.13,0,0.655,38
1323,-1051.59,0,0.655,19
2661,-1059.31,0,0.229,81
2662,1046.73,1,0.229,32
1324,-1056.1,0,0.655,50
1325,-1050.85,0,0.655,15
1326,-1051.64,0,0.654,19
1327,1047.03,1,0.654,37
1328,-1050.96,0,0.654,16
2663,-1071.7,0,0.227,140
1329,-1051.87,0,0.654,27
1330,-1051.44,0,0.653,19
1331,-1053.57,0,0.653,37
1332,-1053.1,0,0.653,20
1333,-1052.01,0,0.653,21
2664,-1075.61,0,0.226,126
1334,-1051.31,0,0.652,16
2665,-1053.16,0,0.226,21
2666,-1055.16,0,0.226,16
1335,-1055.06,0,0.652,41
2667,-1050.42,0,0.225,12
1336,-1054.04,0,0.651,39
2668,-1053.72,0,0.225,42
2669,-1050.79,0,0.225,19
2670,-1052.31,0,0.224,26
2671,-1052.39,0,0.224,29
1337,1034.64,1,0.65,111
2672,-1056.76,0,0.224,51
2673,-1051.6,0,0.223,25
2674,-1054.61,0,0.223,51
1338,-1075.05,0,0.649,125
1339,-1052.97,0,0.649,27
1340,-1050.59,0,0.649,9
2675,-1063.38,0,0.222,103
1341,-1052.97,0,0.648,27
1342,-1050.78,0,0.648,8
1343,-1052.0,0,0.648,20
2676,-1057.05,0,0.221,55
1344,-1055.3,0,0.648,35
2677,-1055.34,0,0.221,44
1345,-1054.19,0,0.647,44
2678,-1054.67,0,0.22,42
1346,-1056.34,0,0.647,59
1347,-1052.53,0,0.646,23
1348,-1051.76,0,0.646,16
1349,-1053.16,0,0.646,31
1350,-1051.64,0,0.646,19
1351,-1051.9,0,0.646,15
2679,1035.13,1,0.219,137
2680,-1050.05,0,0.219,5
2681,-1050.53,0,0.219,13
1352,-1055.91,0,0.645,41
1353,1048.9,1,0.645,15
2682,-1053.36,0,0.218,36
1354,-1053.25,0,0.645,35
1355,-1051.29,0,0.644,19
1356,-1049.69,0,0.644,4
1357,-1051.94,0,0.644,19
1358,-1052.24,0,0.644,24
1359,-1053.36,0,0.644,31
1360,-1050.41,0,0.643,11
1361,-1053.05,0,0.643,35
1362,-1051.84,0,0.643,24
1363,-1054.68,0,0.642,48
2683,-1085.47,0,0.215,292
1364,-1052.85,0,0.642,30
2684,-1052.37,0,0.215,32
2685,-1054.08,0,0.215,18
1365,-1054.88,0,0.641,53
2686,1048.67,1,0.214,23
2687,-1051.0,0,0.214,15
1366,-1055.3,0,0.641,45
2688,-1051.16,0,0.214,16
1367,-1051.93,0,0.641,23
1368,-1050.84,0,0.641,14
1369,-1052.81,0,0.64,31
2689,-1059.65,0,0.213,75
1370,-1050.81,0,0.64,16
1371,-0.13,0,0.64,3
2690,-1053.35,0,0.213,40
1372,-1052.16,0,0.64,31
2691,-1056.34,0,0.212,34
1373,-1053.81,0,0.639,41
1374,1045.95,1,0.639,40
1375,-1051.07,0,0.639,12
2692,1038.41,1,0.212,64
1376,-1052.29,0,0.638,19
1377,-1051.42,0,0.638,27
1378,-1051.76,0,0.638,16
1379,-1051.06,0,0.638,16
1380,-1051.81,0,0.638,16
2693,-1065.47,0,0.211,117
1381,-1052.57,0,0.637,27
1382,-1050.54,0,0.637,4
1383,-1050.65,0,0.637,10
1384,-1051.77,0,0.637,17
2694,1047.98,1,0.21,42
1385,-1053.22,0,0.637,37
2695,-1054.08,0,0.21,43
1386,-1053.18,0,0.636,33
2696,-1054.24,0,0.209,29
2697,-1055.6,0,0.209,15
1387,-1051.98,0,0.636,23
1388,-1051.1,0,0.636,10
2698,-1059.48,0,0.209,53
1389,-4.3,0,0.635,45
1390,-1051.84,0,0.635,19
1391,-1051.98,0,0.635,23
1392,-1051.97,0,0.635,17
1393,-1050.47,0,0.635,7
1394,-1057.14,0,0.634,54
1395,1048.34,1,0.634,16
1396,-1052.6,0,0.634,25
1397,-1051.27,0,0.634,17
1398,-1050.73,0,0.634,8
1399,-1052.44,0,0.633,14
1400,-1051.42,0,0.633,17
1401,-1052.75,0,0.633,25
1402,-1055.4,0,0.633,40
1403,-1051.58,0,0.632,23
1404,-1051.15,0,0.632,20
1405,1045.08,1,0.632,47
1406,-1050.69,0,0.632,4
1407,-1054.08,0,0.631,48
1408,-1052.95,0,0.631,30
1409,-1050.89,0,0.631,14
2699,1046.13,1,0.208,37
2700,-1060.04,0,0.208,54
2701,1042.06,1,0.207,74
2702,-1054.72,0,0.206,42
2703,-1060.85,0,0.205,105
2704,-1050.6,0,0.205,5
2705,-1058.58,0,0.204,78
2706,-1051.17,0,0.204,12
2707,-1050.49,0,0.204,4
2708,-1064.38,0,0.203,83
1410,-1051.64,0,0.63,24
1411,-1050.43,0,0.63,3
1412,-1052.67,0,0.63,27
2709,-1066.78,0,0.202,123
1413,-1050.97,0,0.63,17
2710,-1050.41,0,0.202,11
1414,-1054.06,0,0.629,36
1415,-1054.01,0,0.629,41
1416,1048.88,1,0.629,17
2711,-1067.33,0,0.201,93
1417,-1050.89,0,0.629,19
1418,-1052.68,0,0.628,33
1419,-1050.09,0,0.628,4
1420,-1051.89,0,0.628,19
1421,-1057.42,0,0.627,57
1422,-1052.11,0,0.627,26
2712,-1068.63,0,0.199,158
1423,-1051.85,0,0.627,25
1424,-1052.68,0,0.627,28
1425,-1050.67,0,0.627,7
2713,-1060.52,0,0.198,102
1426,-1054.92,0,0.626,42
1427,-1055.38,0,0.626,33
2714,1043.1,1,0.198,65
1428,-1054.44,0,0.625,39
1429,-1051.88,0,0.625,18
1430,-1051.8,0,0.625,15
1431,-1050.87,0,0.625,12
2715,-1055.64,0,0.197,59
1432,-1051.11,0,0.625,11
1433,-1052.19,0,0.624,24
2716,-1054.13,0,0.197,33
2717,-1052.47,0,0.196,22
1434,1046.85,1,0.624,35
1435,-1053.06,0,0.624,36
1436,-1051.27,0,0.624,17
1437,-1052.81,0,0.623,36
1438,-1052.76,0,0.623,36
1439,-1051.52,0,0.623,22
2718,-1073.21,0,0.194,201
1440,-1053.64,0,0.622,39
1441,-1054.01,0,0.622,21
2719,-1059.87,0,0.193,87
2720,-1050.81,0,0.193,6
1442,1041.57,1,0.621,78
1443,-1052.28,0,0.621,23
2721,1044.69,1,0.193,41
1444,-1050.97,0,0.621,17
1445,-1050.63,0,0.621,8
1446,-1051.54,0,0.62,24
1447,-1054.73,0,0.62,38
2722,-1064.55,0,0.192,120
2723,-1052.7,0,0.191,40
2724,-1050.53,0,0.191,3
2725,-1049.84,0,0.191,4
2726,-1051.88,0,0.191,18
1448,-1065.76,0,0.619,136
1449,-1052.27,0,0.618,27
1450,-1050.86,0,0.618,6
1451,-1051.67,0,0.618,17
2727,1039.41,1,0.19,94
2728,1045.03,1,0.189,42
1452,1037.92,1,0.617,78
1453,-1052.3,0,0.617,30
2729,-1055.95,0,0.189,55
2730,-1050.65,0,0.189,5
1454,-1053.66,0,0.616,41
1455,-1053.77,0,0.616,32
1456,-1050.82,0,0.616,12
1457,-1051.3,0,0.616,15
2731,-1059.24,0,0.188,99
1458,-1052.69,0,0.615,34
1459,-1051.45,0,0.615,15
1460,1046.19,1,0.615,41
1461,-1054.49,0,0.614,44
1462,-1051.52,0,0.614,22
1463,-1053.21,0,0.614,26
2732,-1073.69,0,0.186,199
2733,-1055.67,0,0.185,37
1464,-1057.29,0,0.613,74
1465,-1050.38,0,0.613,8
1466,-1051.29,0,0.613,19
1467,-1050.45,0,0.613,5
1468,1047.87,1,0.612,28
1469,-1052.12,0,0.612,22
1470,-1055.57,0,0.612,42
1471,-1051.62,0,0.612,17
1472,-1055.18,0,0.611,48
1473,-1050.95,0,0.611,15
1474,-1052.96,0,0.611,26
1475,-1055.3,0,0.61,55
2734,997.05,1,0.182,315
2735,-1050.49,0,0.182,4
1476,-1061.61,0,0.609,76
2736,-1057.93,0,0.181,78
1477,-1057.45,0,0.609,45
2737,-1051.53,0,0.181,18
1478,-1050.83,0,0.609,18
2738,-1052.44,0,0.181,19
2739,-1055.72,0,0.18,27
1479,-1053.8,0,0.608,40
2740,-1053.18,0,0.18,13
1480,-1052.59,0,0.608,29
2741,-1054.54,0,0.18,44
1481,-1053.79,0,0.608,34
1482,-1055.22,0,0.607,37
1483,-1051.53,0,0.607,23
2742,-1065.17,0,0.178,132
1484,-1062.54,0,0.606,89
1485,-1053.77,0,0.606,37
1486,-1052.28,0,0.605,28
1487,-1052.79,0,0.605,24
1488,-1053.03,0,0.605,23
1489,-1052.05,0,0.605,25
1490,-1050.85,0,0.604,20
1491,-1051.77,0,0.604,22
1492,-1050.92,0,0.604,12
1493,-1051.21,0,0.604,21
1494,-1052.47,0,0.603,22
2743,-1084.39,0,0.176,269
1495,-1051.0,0,0.603,10
1496,-1051.81,0,0.603,21
1497,-1053.62,0,0.603,37
1498,-1051.59,0,0.603,24
1499,-1052.53,0,0.602,28
1500,-1051.87,0,0.602,22
1501,-1050.9,0,0.602,20
1502,1049.76,1,0.602,14
1503,-1051.08,0,0.601,13
1504,-1051.12,0,0.601,17
1505,-1052.82,0,0.601,27
1506,-1051.1,0,0.601,10
1507,-1053.84,0,0.6,44
2744,-1087.54,0,0.172,299
1508,-1050.8,0,0.6,5
2745,-1051.59,0,0.172,14
1509,-1052.22,0,0.6,22
1510,-1052.59,0,0.6,19
2746,-1054.97,0,0.172,37
1511,-1052.03,0,0.6,28
2747,-1058.94,0,0.171,64
1512,-1057.49,0,0.599,54
1513,-1050.98,0,0.599,13
1514,1048.5,1,0.599,20
1515,-1053.09,0,0.598,34
1516,-1057.65,0,0.598,45
2748,-1061.85,0,0.17,125
2749,1047.77,1,0.17,28
1517,-1054.88,0,0.597,53
1518,-1054.23,0,0.597,43
2750,1040.25,1,0.169,85
1519,1046.87,1,0.597,28
1520,-1053.2,0,0.596,25
1521,-1051.87,0,0.596,17
1522,-1050.38,0,0.596,3
1523,-1052.47,0,0.596,27
1524,1048.85,1,0.596,15
2751,-1064.09,0,0.168,99
1525,-1052.69,0,0.595,19
2752,-1051.3,0,0.167,20
1526,-1053.73,0,0.595,23
1527,1047.05,1,0.595,30
2753,-1054.31,0,0.167,56
1528,-1052.0,0,0.595,30
1529,-1051.58,0,0.594,18
2754,-1056.94,0,0.166,64
1530,-1052.9,0,0.594,30
1531,-1056.15,0,0.593,65
1532,-1051.36,0,0.593,6
2755,-11.12,0,0.165,102
1533,-1053.56,0,0.593,41
1534,-1050.45,0,0.593,15
2756,-1056.68,0,0.165,38
1535,-1051.83,0,0.593,23
1536,-1052.0,0,0.592,15
2757,-1057.65,0,0.164,55
1537,-1055.16,0,0.592,51
1538,-1051.66,0,0.592,16
1539,-1052.78,0,0.591,33
1540,-1052.08,0,0.591,28
1541,-1050.65,0,0.591,5
2758,-1065.89,0,0.163,119
1542,-1052.19,0,0.591,24
1543,-1051.51,0,0.59,26
1544,-1051.57,0,0.59,17
1545,-1051.68,0,0.59,23
2759,-1058.36,0,0.162,81
1546,-1050.91,0,0.59,11
2760,-1.6,0,0.162,25
1547,-1053.52,0,0.59,37
1548,-1051.01,0,0.589,11
2761,-1060.17,0,0.161,77
1549,-1055.22,0,0.589,47
2762,1045.22,1,0.16,43
1550,-1052.52,0,0.589,37
1551,-1056.15,0,0.588,55
1552,-1051.38,0,0.588,23
2763,-1059.66,0,0.159,96
2764,-1053.07,0,0.159,22
1553,-1053.88,0,0.587,38
1554,-1050.77,0,0.587,7
2765,-1054.54,0,0.159,29
1555,-1056.12,0,0.587,57
1556,-1055.18,0,0.586,58
1557,-1052.73,0,0.586,28
1558,-1051.92,0,0.586,17
1559,-1056.63,0,0.585,48
1560,-1052.25,0,0.585,30
2766,-1078.77,0,0.156,232
1561,-1056.12,0,0.584,47
2767,-1057.18,0,0.156,48
1562,-1055.41,0,0.584,51
1563,1048.79,1,0.583,16
1564,-1056.8,0,0.583,70
1565,-1054.81,0,0.582,51
1566,-1053.02,0,0.582,27
1567,-1052.19,0,0.582,29
1568,-1051.96,0,0.581,21
1569,-1050.48,0,0.581,3
1570,-1051.05,0,0.581,10
1571,-1054.08,0,0.581,38
1572,-1053.36,0,0.58,36
1573,-1050.72,0,0.58,7
1574,-1052.68,0,0.58,28
1575,-1052.61,0,0.58,26
1576,-1051.53,0,0.58,18
1577,-1050.64,0,0.58,14
1578,-1053.54,0,0.579,34
1579,-1053.37,0,0.579,27
1580,1042.77,1,0.578,68
2768,-1079.41,0,0.153,256
2769,1019.98,1,0.15,267
1581,-1054.32,0,0.578,42
1582,-1052.66,0,0.577,31
1583,-1051.13,0,0.577,13
2770,1029.06,1,0.148,194
1584,-1051.37,0,0.577,7
1585,-1053.64,0,0.577,39
1586,-1053.16,0,0.576,31
1587,-1052.26,0,0.576,21
1588,-1053.48,0,0.576,38
1589,-1052.66,0,0.575,26
1590,-1053.78,0,0.575,38
1591,-1053.89,0,0.575,29
2771,-1081.32,0,0.145,282
1592,-1055.3,0,0.574,60
2772,-1057.16,0,0.145,26
1593,-1052.37,0,0.574,27
2773,1047.56,1,0.145,34
1594,1040.1,1,0.573,45
1595,-1052.05,0,0.573,25
1596,-1051.64,0,0.573,14
1597,-1051.35,0,0.573,20
1598,-1050.35,0,0.573,5
1599,-1051.43,0,0.573,23
1600,-1053.4,0,0.572,35
1601,-1051.71,0,0.572,21
1602,-1051.79,0,0.572,24
1603,-1053.89,0,0.571,34
1604,1047.08,1,0.571,37
1605,1049.37,1,0.571,8
1606,1011.34,1,0.569,136
2774,-1100.64,0,0.14,424
1607,-1054.76,0,0.569,46
1608,1047.73,1,0.569,27
2775,-1059.31,0,0.14,56
1609,-1052.5,0,0.568,20
1610,-1050.54,0,0.568,4
1611,-1054.33,0,0.568,38
1612,-1051.0,0,0.568,10
1613,-1051.87,0,0.568,22
1614,-1053.5,0,0.567,25
1615,-1051.85,0,0.567,20
1616,-1053.94,0,0.567,39
1617,-1050.69,0,0.567,4
1618,-1051.55,0,0.567,15
1619,-1052.87,0,0.566,27
1620,-1051.54,0,0.566,24
1621,-1054.2,0,0.566,40
2776,1018.59,1,0.137,291
1622,-1052.9,0,0.565,30
1623,-1052.23,0,0.565,28
1624,-1051.94,0,0.565,19
1625,-1051.0,0,0.565,10
1626,-1053.46,0,0.564,46
1627,-1053.0,0,0.564,35
1628,-1052.03,0,0.564,28
1629,-1051.39,0,0.563,19
2777,1024.72,1,0.134,228
1630,-1051.78,0,0.563,18
2778,-1056.38,0,0.134,38
1631,-1053.86,0,0.563,41
2779,-1056.89,0,0.134,34
1632,-1054.61,0,0.562,46
1633,-1051.72,0,0.562,27
2780,1045.03,1,0.133,57
1634,-1050.83,0,0.562,8
2781,-1056.0,0,0.133,35
1635,-1052.88,0,0.561,38
2782,1049.29,1,0.132,16
1636,-1052.87,0,0.561,32
1637,-1050.51,0,0.561,6
1638,-1050.86,0,0.561,6
1639,-1051.33,0,0.561,23
2783,-1060.85,0,0.131,100
1640,-1053.87,0,0.56,37
1641,-1051.18,0,0.56,18
2784,-1052.94,0,0.131,29
1642,-1052.41,0,0.56,26
1643,-1051.72,0,0.56,22
1644,-1052.58,0,0.559,28
1645,-1052.54,0,0.559,19
2785,-1060.12,0,0.13,92
1646,-1051.6,0,0.559,15
1647,-1051.6,0,0.559,25
1648,-1058.98,0,0.558,63
1649,-1050.52,0,0.558,7
1650,-1051.53,0,0.558,18
1651,-1052.79,0,0.557,34
2786,-1065.76,0,0.128,161
1652,-1055.76,0,0.557,36
1653,-1052.37,0,0.557,27
1654,-1051.5,0,0.557,20
1655,-1050.86,0,0.556,11
1656,-1050.5,0,0.556,15
1657,-1055.07,0,0.556,22
1658,-1052.23,0,0.556,18
1659,-1053.66,0,0.556,26
1660,-1055.74,0,0.555,34
2787,-1075.84,0,0.126,224
1661,-1052.2,0,0.555,30
1662,-1051.04,0,0.555,14
1663,-1051.94,0,0.555,24
1664,-1052.08,0,0.554,23
1665,-1052.95,0,0.554,20
2788,-1062.39,0,0.125,119
1666,-1053.46,0,0.554,36
1667,-1050.92,0,0.554,7
2789,1047.28,1,0.124,32
2790,-1055.42,0,0.124,37
1668,-1057.72,0,0.553,47
1669,-1052.75,0,0.553,30
1670,-1051.5,0,0.553,15
1671,-1051.4,0,0.552,15
1672,-1050.82,0,0.552,7
1673,-1051.64,0,0.552,24
1674,-1052.81,0,0.552,26
1675,-1050.87,0,0.552,12
1676,-1054.1,0,0.551,45
1677,-1054.12,0,0.551,47
1678,1043.49,1,0.55,66
2791,-1085.75,0,0.121,315
1679,-1052.59,0,0.55,29
1680,-1054.51,0,0.549,46
1681,-1050.54,0,0.549,4
1682,-1053.36,0,0.549,41
1683,-1051.51,0,0.549,16
2792,-1069.33,0,0.119,168
1684,-1053.23,0,0.548,38
1685,-1053.17,0,0.548,32
2793,-1057.18,0,0.118,58
2794,-1050.81,0,0.118,6
1686,-1052.97,0,0.548,27
1687,-1054.02,0,0.547,42
1688,1039.75,1,0.547,60
2795,-1065.12,0,0.117,137
1689,-1060.35,0,0.546,60
2796,-1055.72,0,0.116,42
2797,1047.45,1,0.116,25
1690,-1052.74,0,0.545,39
1691,-1051.17,0,0.545,12
1692,-1052.31,0,0.545,26
1693,-1050.93,0,0.545,18
1694,-1052.99,0,0.545,24
1695,-1051.04,0,0.544,19
1696,-1051.07,0,0.544,17
1697,-1053.68,0,0.544,28
1698,-1056.78,0,0.543,63
1699,-1051.19,0,0.543,19
1700,-1052.69,0,0.543,29
1701,-1056.55,0,0.542,50
1702,1045.75,1,0.542,40
1703,-1053.39,0,0.542,29
1704,-1054.93,0,0.541,28
1705,-1057.98,0,0.541,43
1706,-1055.83,0,0.54,33
1707,-1051.73,0,0.54,18
1708,-1052.94,0,0.54,29
1709,-1053.81,0,0.54,31
2798,-1119.09,0,0.11,584
1710,-1050.81,0,0.539,11
1711,-1054.74,0,0.539,49
1712,-1055.55,0,0.539,40
1713,-1055.1,0,0.538,30
1714,-1050.79,0,0.538,14
1715,-1051.22,0,0.538,12
1716,-1051.52,0,0.538,22
2799,1025.6,1,0.108,220
2800,1048.25,1,0.107,25
1717,-1056.79,0,0.537,74
1718,-2.03,0,0.537,23
2801,-1055.0,0,0.107,55
1719,-1053.55,0,0.536,20
2802,-1054.99,0,0.106,34
1720,-1054.14,0,0.536,39
1721,-1051.56,0,0.536,21
1722,-1052.13,0,0.536,28
1723,-1058.67,0,0.535,47
1724,-1052.82,0,0.535,32
1725,-1054.51,0,0.534,41
1726,-1053.67,0,0.534,37
1727,-1055.39,0,0.533,39
1728,-1052.27,0,0.533,27
1729,-1051.72,0,0.533,22
1730,-1050.93,0,0.533,8
1731,-1053.48,0,0.533,38
1732,1046.08,1,0.532,37
1733,-1053.02,0,0.532,32
1734,1049.4,1,0.532,20
1735,-1062.58,0,0.531,83
1736,-1056.14,0,0.53,59
1737,-1050.64,0,0.53,4
1738,-1053.4,0,0.53,35
1739,-1054.04,0,0.529,34
1740,-1051.32,0,0.529,12
1741,-1055.23,0,0.529,48
1742,-1053.05,0,0.528,30
1743,-1053.35,0,0.528,25
1744,-1052.77,0,0.528,27
1745,-1066.5,0,0.527,80
1746,-1052.48,0,0.527,28
1747,-1051.56,0,0.526,26
1748,-1053.26,0,0.526,41
2803,-1110.48,0,0.101,518
2804,1049.57,1,0.101,18
2805,-1055.51,0,0.1,61
2806,-1077.7,0,0.098,245
2807,-1050.39,0,0.097,4
1749,-1162.94,0,0.52,544
1750,-1052.83,0,0.52,28
1751,1049.07,1,0.52,13
1752,-1051.59,0,0.519,29
1753,-1054.65,0,0.519,30
1754,-1052.68,0,0.519,33
1755,-1063.27,0,0.518,97
1756,-1051.36,0,0.518,16
1757,-1052.02,0,0.517,37
1758,-1050.9,0,0.517,10
1759,-1055.22,0,0.517,57
1760,-1051.96,0,0.516,21
1761,1049.58,1,0.516,12
1762,-1053.92,0,0.516,27
1763,-1050.9,0,0.516,15
1764,-1054.03,0,0.515,38
1765,-1053.08,0,0.515,18
1766,-1052.85,0,0.515,30
1767,-1053.82,0,0.514,32
1768,-1068.47,0,0.514,82
1769,-1055.4,0,0.513,60
1770,-1059.33,0,0.512,78
1771,-1052.42,0,0.512,12
1772,-1052.96,0,0.512,31
1773,-1052.62,0,0.511,27
1774,-1051.22,0,0.511,12
1775,-3.21,0,0.511,26
1776,-1052.37,0,0.511,27
1777,-1052.86,0,0.51,31
1778,-1058.75,0,0.51,85
1779,-1051.31,0,0.509,21
1780,-1052.6,0,0.509,35
1781,-1054.37,0,0.508,47
1782,-1054.7,0,0.508,50
1783,-1052.37,0,0.508,27
1784,-1054.88,0,0.507,23
1785,-1054.2,0,0.507,45
1786,-1063.04,0,0.506,84
1787,-1050.83,0,0.506,18
1788,-1051.78,0,0.506,18
1789,-1053.29,0,0.505,34
1790,1045.04,1,0.505,41
1791,-1053.08,0,0.504,33
1792,-1051.81,0,0.504,21
1793,-1052.17,0,0.504,22
1794,-1050.4,0,0.504,5
1795,-1052.04,0,0.504,29
1796,-1055.99,0,0.503,59
1797,1048.17,1,0.503,23
1798,-1051.28,0,0.503,13
1799,-1050.63,0,0.503,3
1800,-1054.62,0,0.502,27
1801,-1052.09,0,0.502,24
1802,-1050.54,0,0.502,4
1803,-1054.21,0,0.502,21
1804,-1051.05,0,0.502,15
1805,-1051.06,0,0.502,11
1806,-1050.7,0,0.501,5
1807,1047.07,1,0.501,28
1808,-1051.82,0,0.501,27
1809,1049.72,1,0.501,3
1810,-1053.07,0,0.501,22
1811,-1050.19,0,0.501,14
1812,-1055.49,0,0.5,39
1813,-1053.5,0,0.5,25
1814,-1059.27,0,0.499,67
1815,-1054.49,0,0.499,39
1816,-1053.58,0,0.499,18
1817,-1059.93,0,0.498,93
1818,-1056.03,0,0.497,58
1819,-1053.19,0,0.497,29
1820,1047.03,1,0.496,22
1821,-1054.16,0,0.496,31
1822,-1054.07,0,0.496,37
1823,-1056.51,0,0.495,66
1824,-1051.71,0,0.495,21
1825,-1052.92,0,0.494,27
1826,-1052.69,0,0.494,29
1827,-1054.74,0,0.494,49
1828,-1050.64,0,0.494,9
1829,-1057.51,0,0.493,66
1830,-1052.42,0,0.493,27
1831,-1053.68,0,0.492,38
1832,-1055.8,0,0.492,60
1833,-1074.45,0,0.49,155
1834,-1050.68,0,0.49,13
1835,-1052.42,0,0.489,27
1836,-1050.98,0,0.489,18
1837,-1051.59,0,0.489,14
1838,-1052.44,0,0.489,24
1839,-1055.56,0,0.489,21
1840,-1053.32,0,0.488,32
1841,-1054.31,0,0.488,36
1842,-1053.86,0,0.488,41
1843,-1055.87,0,0.487,32
1844,-1055.06,0,0.487,51
1845,-1056.37,0,0.486,47
1846,-1050.93,0,0.486,13
1847,-1052.74,0,0.486,34
1848,-1051.1,0,0.485,15
1849,-1052.11,0,0.485,21
1850,-1050.68,0,0.485,8
1851,-1051.96,0,0.485,16
1852,-1051.89,0,0.485,29
1853,-1052.13,0,0.484,23
1854,-1054.46,0,0.484,21
1855,-1053.61,0,0.484,16
1856,-1057.19,0,0.483,64
1857,-1055.92,0,0.483,52
1858,-1053.7,0,0.482,35
1859,1047.54,1,0.482,26
1860,-1051.5,0,0.482,25
1861,-1070.89,0,0.481,129
1862,-1053.54,0,0.48,24
1863,-1051.02,0,0.48,7
1864,-1050.91,0,0.48,16
1865,-1053.64,0,0.48,39
1866,-1051.54,0,0.479,19
1867,-1054.0,0,0.479,45
1868,-1057.35,0,0.478,65
1869,-1052.47,0,0.478,27
1870,-1051.4,0,0.478,15
1871,1044.68,1,0.478,27
1872,-1053.63,0,0.477,43
1873,-1053.23,0,0.477,33
1874,-1056.3,0,0.476,55
1875,-1053.1,0,0.476,30
1876,-1052.72,0,0.476,32
1877,-1051.0,0,0.475,10
1878,-1052.04,0,0.475,24
1879,1047.49,1,0.475,26
1880,-1053.39,0,0.475,29
1881,-1053.84,0,0.474,34
2808,-1682.93,0,0.05,4603
1882,-1061.16,0,0.473,96
1883,-1053.15,0,0.473,40
1884,-1053.3,0,0.473,25
1885,-1051.13,0,0.472,13
2809,-1068.18,0,0.05,158
2810,-1073.58,0,0.05,173
2811,-1059.26,0,0.05,51
2812,-1051.12,0,0.05,22
2813,-1065.44,0,0.05,134
2814,-1092.86,0,0.05,341
2815,-1076.22,0,0.05,217
1886,-1056.59,0,0.472,44
2816,-1068.98,0,0.05,143
1887,-1054.83,0,0.471,58
1888,-1050.43,0,0.471,3
1889,-1055.31,0,0.471,31
1890,-1057.67,0,0.47,82
1891,-1055.87,0,0.47,42
1892,-1054.27,0,0.469,47
1893,-1052.9,0,0.469,30
1894,-1051.24,0,0.469,19
1895,-1064.04,0,0.468,104
1896,-1054.82,0,0.467,47
1897,-1051.34,0,0.467,19
1898,-1051.0,0,0.467,15
1899,-1051.54,0,0.467,14
1900,-1053.53,0,0.466,43
1901,1040.69,1,0.465,86
2817,-1132.67,0,0.05,642
2818,-1054.16,0,0.05,16
1902,-1052.19,0,0.465,24
1903,-1050.6,0,0.465,5
1904,-1053.64,0,0.465,19
1905,-1076.41,0,0.463,136
1906,-1052.63,0,0.463,33
1907,-1050.59,0,0.463,9
2819,1022.81,1,0.05,224
1908,-1054.57,0,0.462,32
1909,-1055.02,0,0.462,52
1910,-1050.64,0,0.462,9
1911,-1053.84,0,0.461,39
2820,-1069.06,0,0.05,141
1912,-1054.38,0,0.461,48
1913,-1054.69,0,0.461,34
2821,-1077.02,0,0.05,212
1914,1016.11,1,0.459,184
2822,-1056.94,0,0.05,44
2823,-1056.36,0,0.05,21
1915,-1051.97,0,0.458,27
1916,-1051.74,0,0.458,19
1917,-1051.47,0,0.458,17
1918,-1054.18,0,0.458,13
1919,-1052.77,0,0.458,22
1920,-1050.73,0,0.457,8
1921,-1051.81,0,0.457,21
1922,-1086.73,0,0.456,163
1923,-1050.4,0,0.456,5
1924,1048.66,1,0.455,14
1925,-1052.41,0,0.455,26
2824,-1102.27,0,0.05,417
2825,-1052.87,0,0.05,22
1926,1029.48,1,0.454,122
1927,-1052.3,0,0.454,20
1928,-1055.04,0,0.453,34
2826,1032.47,1,0.05,153
1929,-1084.8,0,0.45,270
1930,-1059.88,0,0.449,93
1931,-1051.14,0,0.449,24
1932,-1052.21,0,0.449,26
1933,-1051.62,0,0.449,12
2827,-1110.47,0,0.05,442
1934,-1060.49,0,0.448,99
2828,-1060.62,0,0.05,87
1935,-1056.78,0,0.447,68
1936,-1051.81,0,0.447,11
1937,-1054.27,0,0.446,47
2829,-1082.47,0,0.05,262
1938,-1076.15,0,0.444,210
1939,-1052.19,0,0.444,24
1940,-1053.7,0,0.444,30
1941,-1052.06,0,0.443,26
1942,-1064.29,0,0.443,49
2830,-1080.23,0,0.05,228
1943,-1070.01,0,0.441,121
1944,-1052.01,0,0.441,16
2831,-1062.04,0,0.05,94
1945,-1055.4,0,0.441,55
1946,-1052.17,0,0.44,27
1947,-1050.87,0,0.44,7
1948,-1051.96,0,0.44,21
1949,-1050.25,0,0.44,5
2832,-1074.2,0,0.05,185
1950,-1067.1,0,0.439,120
1951,-1052.6,0,0.439,25
1952,-1051.13,0,0.438,23
1953,1031.65,1,0.437,155
1954,-1050.52,0,0.437,7
1955,-1055.32,0,0.436,52
1956,-1052.34,0,0.436,19
1957,-1050.41,0,0.436,6
1958,-1058.32,0,0.435,72
1959,-1050.58,0,0.435,8
2833,-1102.16,0,0.05,416
1960,-1051.89,0,0.435,19
1961,-1052.34,0,0.434,29
1962,-1052.5,0,0.434,20
1963,-1052.22,0,0.434,32
1964,-1052.13,0,0.434,18
1965,-1058.58,0,0.433,78
1966,-1052.45,0,0.433,15
1967,-1070.9,0,0.431,180
1968,-1053.2,0,0.431,25
1969,-1058.65,0,0.43,45
1970,-1052.11,0,0.43,31
1971,-1055.75,0,0.429,70
1972,-1050.79,0,0.429,19
1973,-1054.63,0,0.428,53
1974,-1053.3,0,0.428,30
1975,-1051.46,0,0.428,11
1976,-1052.12,0,0.428,27
1977,-9.61,0,0.427,81
2834,-1061.47,0,0.05,82
1978,-1054.33,0,0.426,53
1979,1046.82,1,0.426,33
1980,-1051.64,0,0.426,24
1981,-1083.91,0,0.424,111
1982,-1052.14,0,0.424,14
1983,-1051.19,0,0.424,14
1984,-1052.16,0,0.424,26
1985,-1051.1,0,0.424,15
1986,-1052.48,0,0.423,28
1987,-1051.1,0,0.423,15
1988,-1050.49,0,0.423,4
1989,-1053.08,0,0.423,33
1990,-1051.65,0,0.423,25
1991,-1054.53,0,0.422,43
1992,-1051.09,0,0.422,14
1993,-1052.31,0,0.422,11
1994,-1053.55,0,0.422,15
1995,-1052.1,0,0.421,20
1996,-1052.8,0,0.421,20
1997,-1053.46,0,0.421,41
1998,-1052.85,0,0.42,40
1999,-1053.22,0,0.42,37
2835,-1199.7,0,0.05,1185
2836,-1064.03,0,0.05,118
2000,-1055.1,0,0.419,60
2001,-1051.4,0,0.419,15
2002,-1052.25,0,0.419,30
2003,-1052.62,0,0.419,22
2004,-1054.97,0,0.418,42
2005,-1051.43,0,0.418,18
2006,-1055.27,0,0.418,27
2007,-1051.82,0,0.418,22
2008,-1053.19,0,0.417,19
2009,-1051.36,0,0.417,16
2010,-1051.69,0,0.417,14
2011,-1053.65,0,0.417,20
2012,-1051.92,0,0.417,22
2013,-1052.39,0,0.416,29
2014,-1050.59,0,0.416,9
2015,-1070.19,0,0.415,149
2016,-1055.24,0,0.414,29
2017,-1051.2,0,0.414,10
2837,-1164.72,0,0.05,922
2838,-1049.75,0,0.05,5
2018,-1067.02,0,0.413,117
2019,-1052.77,0,0.413,12
2020,-1050.52,0,0.413,17
2021,-1052.76,0,0.412,31
2839,-1061.2,0,0.05,95
2022,-1053.53,0,0.412,33
2023,-1053.12,0,0.412,27
2024,-1053.06,0,0.411,16
2025,-1054.4,0,0.411,15
2026,-1051.45,0,0.411,20
2027,-1050.91,0,0.411,6
2028,-1057.34,0,0.41,74
2029,-1054.61,0,0.41,46
2030,-1062.71,0,0.409,116
2840,-1099.72,0,0.05,407
2031,-1062.57,0,0.408,77
2032,-1051.88,0,0.407,28
2033,-1051.8,0,0.407,20
2034,-1052.83,0,0.407,23
2035,-1052.85,0,0.407,40
2036,1032.73,1,0.406,87
2037,-1051.31,0,0.406,11
2038,-1053.56,0,0.405,21
2039,-1052.2,0,0.405,30
2040,-1060.36,0,0.404,101
2041,-1050.75,0,0.404,5
2841,-1107.15,0,0.05,465
2042,-1056.39,0,0.403,54
2043,-1051.74,0,0.403,14
2044,-1055.45,0,0.403,40
2045,-1055.01,0,0.402,26
2046,-1053.16,0,0.402,26
2047,-1053.13,0,0.402,23
2048,-1055.2,0,0.402,35
2049,-1051.4,0,0.401,15
2050,-1050.19,0,0.401,4
2051,-1051.09,0,0.401,29
2052,-1053.19,0,0.401,34
2053,-1052.3,0,0.4,25
2054,-1051.61,0,0.4,16
2055,-5.9,0,0.4,30
2056,-1054.14,0,0.4,44
2057,-1050.92,0,0.399,12
2058,-1051.58,0,0.399,18
2059,-1051.48,0,0.399,18
2060,-1051.47,0,0.399,27
2061,-1054.18,0,0.398,48
2062,-1051.11,0,0.398,11
2063,-1064.14,0,0.397,79
2064,-1053.73,0,0.397,33
2065,-1056.43,0,0.396,43
2066,-1051.06,0,0.396,21
2067,-1051.15,0,0.396,15
2068,-1051.14,0,0.396,19
2069,-1051.93,0,0.396,28
2070,-1051.45,0,0.395,20
2071,-1052.44,0,0.395,29
2072,-1057.15,0,0.394,70
2842,-1169.76,0,0.05,966
2073,-1051.01,0,0.394,16
2074,-1052.19,0,0.394,19
2075,-1052.94,0,0.394,39
2843,-1058.14,0,0.05,79
2076,-1051.91,0,0.393,31
2077,-1051.94,0,0.393,29
2078,-1053.83,0,0.393,23
2079,-1055.53,0,0.392,48
2080,-1059.35,0,0.391,95
2081,-1052.25,0,0.391,20
2082,-1050.81,0,0.391,6
2083,-1052.5,0,0.391,25
2844,-1085.95,0,0.05,285
2845,-1057.6,0,0.05,80
2846,-1056.18,0,0.05,28
2084,-1087.97,0,0.388,212
2085,-1052.16,0,0.388,26
2847,-1069.9,0,0.05,155
2086,-1052.53,0,0.388,23
2848,-1050.8,0,0.05,5
2087,-1050.86,0,0.388,11
2088,-1052.79,0,0.388,19
2089,-1051.86,0,0.387,31
2090,-1051.55,0,0.387,15
2091,-1054.48,0,0.387,33
2092,-1053.4,0,0.386,25
2093,-1061.61,0,0.386,61
2094,1044.5,1,0.385,45
2095,-1051.79,0,0.385,24
2096,-1052.54,0,0.385,29
2097,-1053.46,0,0.384,46
2098,-1050.76,0,0.384,21
2099,-1051.24,0,0.384,14
2100,-1057.47,0,0.383,52
2101,1045.95,1,0.383,55
2102,-1052.51,0,0.382,31
2103,-1053.3,0,0.382,25
2104,-1054.17,0,0.382,47
2105,-1081.79,0,0.38,159
2106,-1052.78,0,0.38,13
2107,-1052.22,0,0.38,27
2849,-1082.11,0,0.05,231
2108,-1071.33,0,0.378,128
2109,1021.43,1,0.376,212
2110,-1053.08,0,0.376,13
2111,-1051.99,0,0.376,24
2112,-1054.04,0,0.375,24
2113,-1052.79,0,0.375,34
2114,-1051.72,0,0.375,17
2115,-1051.91,0,0.375,21
2116,-1054.13,0,0.374,53
2117,-1051.45,0,0.374,20
2118,-1056.73,0,0.373,48
2119,-1050.7,0,0.373,5
2120,-1050.96,0,0.373,21
2121,-1050.21,0,0.373,6
2122,-1051.14,0,0.373,9
2123,-1052.71,0,0.373,26
2124,-1053.28,0,0.372,13
2125,-1066.29,0,0.372,69
2126,-1052.38,0,0.372,23
2127,-1055.71,0,0.371,21
2128,-1060.6,0,0.37,100
2129,-1056.22,0,0.37,57
2130,-1051.4,0,0.369,15
2131,-1054.06,0,0.369,26
2132,-1053.59,0,0.369,24
2133,-1054.62,0,0.369,27
2134,-1051.49,0,0.368,19
2135,-1053.97,0,0.368,27
2850,-1288.91,0,0.05,1891
2851,-1076.03,0,0.05,213
2136,-1108.26,0,0.366,246
2137,-1053.02,0,0.365,32
2138,-1051.29,0,0.365,9
2139,-1054.43,0,0.365,28
2140,-1052.21,0,0.365,16
2141,-1056.38,0,0.364,73
2142,-1050.81,0,0.364,11
2143,-1051.98,0,0.364,18
2144,-1073.41,0,0.362,146
2852,1001.9,1,0.05,410
2145,-1053.6,0,0.362,35
2853,-1054.46,0,0.05,51
2854,-1056.79,0,0.05,69
2146,-1067.02,0,0.36,147
2147,-1053.69,0,0.36,44
2148,-1053.47,0,0.359,37
2149,-1052.91,0,0.359,31
2150,-1055.83,0,0.359,38
2151,-1055.43,0,0.358,38
2152,-1052.45,0,0.358,40
2153,-1053.31,0,0.358,21
2154,-1052.86,0,0.357,31
2155,-1051.28,0,0.357,23
2156,-1055.94,0,0.357,29
2157,-1059.45,0,0.356,90
2158,-1052.77,0,0.355,27
2159,-1050.94,0,0.355,14
2160,-1051.35,0,0.355,10
2161,-1053.1,0,0.355,40
2162,-1051.74,0,0.354,24
2163,-1052.18,0,0.354,23
2164,-1059.97,0,0.353,82
2165,-1054.15,0,0.353,50
2166,-1056.69,0,0.352,59
2167,-1054.09,0,0.352,29
2168,-1054.47,0,0.352,32
2169,-1052.25,0,0.351,25
2170,1047.7,1,0.351,25
2171,-1051.54,0,0.351,14
2855,-1178.46,0,0.05,1046
2172,-1054.08,0,0.351,28
2173,-1051.57,0,0.35,22
2174,-1054.26,0,0.35,31
2175,-1054.95,0,0.35,45
2176,-1053.93,0,0.349,48
2177,-1052.22,0,0.349,22
2178,-1053.45,0,0.349,15
2179,-1054.13,0,0.348,23
2180,-1054.37,0,0.348,47
2181,-1057.88,0,0.347,78
2182,-1056.94,0,0.346,59
2183,-1051.23,0,0.346,23
2184,-1054.52,0,0.346,42
2185,-1054.3,0,0.345,45
2186,-1051.27,0,0.345,17
2187,-1051.61,0,0.345,11
2188,-1050.76,0,0.345,11
2856,970.3,1,0.05,680
2189,-1058.19,0,0.344,84
2190,-1050.69,0,0.344,4
2191,-1051.81,0,0.344,16
2192,-1052.5,0,0.343,35
2193,-1053.63,0,0.343,38
2194,-1052.54,0,0.343,34
2195,-1050.4,0,0.343,10
2196,-1052.26,0,0.342,31
2197,1047.86,1,0.342,34
2198,-1052.19,0,0.342,24
2199,-1055.83,0,0.341,48
2200,-1052.85,0,0.341,15
2201,-1064.86,0,0.34,76
2202,-1058.14,0,0.339,89
2203,-1052.12,0,0.339,22
2204,-1077.48,0,0.337,173
2205,-1069.27,0,0.335,177
2206,-1054.78,0,0.335,48
2207,1048.39,1,0.335,16
2208,1035.42,1,0.334,68
2209,-1053.15,0,0.334,25
2210,-1052.95,0,0.333,35
2211,-1051.65,0,0.333,25
2212,-1061.2,0,0.332,95
2213,-1051.1,0,0.332,20
2214,-1.52,0,0.332,17
2215,-1050.57,0,0.331,12
2857,-1139.95,0,0.05,700
2216,-1080.72,0,0.33,177
2217,-1053.38,0,0.329,13
2218,-1055.3,0,0.329,40
2219,-1052.9,0,0.329,35
2220,-1062.43,0,0.328,93
2221,-1051.98,0,0.327,23
2222,-1052.77,0,0.327,32
2223,-1051.7,0,0.327,15
2224,-1050.84,0,0.327,14
2225,-1058.04,0,0.326,69
2226,-1051.01,0,0.326,6
2227,-1057.7,0,0.325,65
2228,-1050.66,0,0.325,11
2858,-1120.5,0,0.05,585
2859,-1051.27,0,0.05,17
2229,-1057.05,0,0.325,65
2230,-1056.27,0,0.324,57
2860,-1061.32,0,0.05,92
2231,-1056.02,0,0.323,57
2232,1046.03,1,0.323,37
2233,1048.91,1,0.323,19
2234,987.16,1,0.32,279
2235,-1052.01,0,0.32,26
2236,-1050.39,0,0.32,4
2237,-1055.0,0,0.319,65
2238,-1053.21,0,0.318,41
2239,-1057.96,0,0.318,76
2240,-1050.6,0,0.318,5
2241,-1055.22,0,0.317,27
2242,-1050.53,0,0.317,3
2243,-1051.56,0,0.317,26
2244,-1050.98,0,0.317,18
2245,-1053.04,0,0.317,14
2246,-1051.0,0,0.316,15
2247,-1053.05,0,0.316,30
2248,-1052.43,0,0.316,28
2249,-1053.79,0,0.316,24
2861,-1169.92,0,0.05,957
2250,-1059.74,0,0.315,74
2862,-1052.47,0,0.05,32
2251,-1051.88,0,0.315,18
2863,-1051.11,0,0.05,16
2252,-1052.32,0,0.314,22
2253,1046.65,1,0.314,35
2254,-1053.23,0,0.313,53
2255,-1051.68,0,0.313,18
2256,-1052.69,0,0.313,34
2864,-1173.27,0,0.05,1007
2865,-1051.22,0,0.05,17
2257,-1061.07,0,0.312,82
2258,-1052.12,0,0.312,22
2259,-1053.55,0,0.311,35
2866,-1065.85,0,0.05,135
2260,-1052.8,0,0.311,35
2261,-1050.97,0,0.311,17
2262,-1052.77,0,0.311,27
2867,-1056.64,0,0.05,64
2263,-1054.42,0,0.31,52
2264,-1053.42,0,0.31,42
2265,-1052.33,0,0.309,28
2266,-1055.2,0,0.309,35
2267,-1052.13,0,0.309,23
2268,-1052.06,0,0.308,26
2269,-1053.91,0,0.308,36
2270,-1065.27,0,0.307,112
2271,-1058.26,0,0.306,66
2868,-1108.43,0,0.05,463
2272,-1052.78,0,0.306,18
2273,-1056.64,0,0.305,69
2869,-1063.84,0,0.05,124
2274,-1057.33,0,0.305,68
2870,-1059.65,0,0.05,55
2275,-1052.44,0,0.304,29
2871,-1055.89,0,0.05,29
2276,-1057.1,0,0.304,40
2277,-1051.58,0,0.304,23
2278,-1053.44,0,0.303,34
2279,-1054.6,0,0.303,45
2280,-1053.33,0,0.302,38
2281,-1053.72,0,0.302,42
2282,-1050.73,0,0.302,13
2283,-1053.45,0,0.301,40
2284,1048.11,1,0.301,39
2285,-1050.54,0,0.301,4
2286,-1052.91,0,0.3,36
2287,-1053.48,0,0.3,43
2872,-1106.43,0,0.05,463
2873,-1061.6,0,0.05,80
2288,-1060.64,0,0.299,89
2874,-1052.2,0,0.05,20
2289,-1054.23,0,0.299,13
2875,-1051.41,0,0.05,21
2290,-1053.32,0,0.299,32
2291,1047.51,1,0.298,39
2292,-1051.1,0,0.298,10
2293,-1056.62,0,0.298,32
2294,-1060.34,0,0.297,69
2295,-1052.71,0,0.297,31
2296,-1056.36,0,0.296,61
2297,-1054.74,0,0.296,44
2298,-1053.58,0,0.295,23
2299,1047.56,1,0.295,34
2300,-1053.72,0,0.294,47
2301,-1051.91,0,0.294,26
2302,-1050.28,0,0.294,13
2303,-1051.49,0,0.294,19
2304,-1056.41,0,0.294,31
2305,-1052.21,0,0.293,26
2876,-1128.57,0,0.05,632
2877,-1053.37,0,0.05,27
2878,-1051.32,0,0.05,22
2879,-1051.03,0,0.05,13
2306,-1066.91,0,0.292,116
2307,-1050.88,0,0.292,18
2308,-1052.25,0,0.292,30
2309,-1051.37,0,0.291,17
2310,-1054.25,0,0.291,25
2311,-1053.36,0,0.291,21
2312,-1052.14,0,0.291,24
2313,-1051.33,0,0.29,13
2314,-1050.98,0,0.29,13
2315,-1051.53,0,0.29,23
2316,-1051.66,0,0.29,31
2317,-1051.02,0,0.29,22
2318,-1057.72,0,0.289,57
2319,-1051.7,0,0.289,25
2320,-1051.68,0,0.288,28
2321,-1052.2,0,0.288,20
2322,-1058.46,0,0.287,76
2323,-1055.19,0,0.287,54
2324,-1052.7,0,0.287,25
2325,-1051.32,0,0.286,27
2326,1048.27,1,0.286,18
2327,-1051.32,0,0.286,12
2328,-1051.61,0,0.286,21
2329,-1053.89,0,0.286,19
2330,1037.3,1,0.285,55
2331,-1052.29,0,0.285,19
2332,-1055.51,0,0.284,46
2333,-1082.97,0,0.282,232
2334,-1055.95,0,0.281,45
2335,-1050.9,0,0.281,5
2880,-1057.1,0,0.05,60
2336,-1052.59,0,0.281,29
2881,-1051.84,0,0.05,24
2882,-1054.07,0,0.05,12
2883,-1054.15,0,0.05,20
2337,-1056.45,0,0.28,65
2338,-1052.15,0,0.28,15
2339,-1051.02,0,0.28,17
2884,-1063.25,0,0.05,100
2340,-1056.5,0,0.279,60
2341,-1053.29,0,0.279,14
2342,-1050.51,0,0.279,11
2885,-1064.14,0,0.05,109
2343,1004.23,1,0.276,267
2886,-1079.39,0,0.05,254
2344,1033.93,1,0.275,112
2345,-1052.54,0,0.275,34
2346,-1050.56,0,0.274,16
2347,-1053.53,0,0.274,33
2348,-1094.92,0,0.27,352
2349,-1050.7,0,0.27,15
2350,-1052.27,0,0.27,22
2351,-1051.86,0,0.27,31
2887,-1145.7,0,0.05,755
2352,-1078.29,0,0.268,154
2353,-1053.83,0,0.268,13
2354,-1052.5,0,0.268,25
2355,-1053.49,0,0.267,39
2356,-1062.8,0,0.266,100
2357,-1051.12,0,0.266,7
2358,-1053.48,0,0.266,43
2888,-1094.24,0,0.05,364
2889,-1050.62,0,0.05,12
2890,-1051.61,0,0.05,21
2359,-1070.62,0,0.264,177
2360,-1050.61,0,0.264,21
2361,-1051.83,0,0.263,23
2362,-1054.74,0,0.263,34
2363,-1053.44,0,0.263,49
2364,-1052.92,0,0.262,37
2365,-1050.25,0,0.262,20
2366,-1053.01,0,0.261,41
2891,-1114.49,0,0.05,534
2367,-1067.27,0,0.26,142
2368,-1051.41,0,0.26,16
2369,-1055.64,0,0.259,59
2370,-1054.04,0,0.259,44
2371,-1052.1,0,0.258,20
2372,-1052.48,0,0.258,33
2373,-1054.51,0,0.258,36
2374,-1051.9,0,0.258,25
2375,-1051.1,0,0.257,10
2892,-1252.52,0,0.05,1592
2376,809.76,1,0.249,779
2377,-1057.22,0,0.249,57
2378,-1050.8,0,0.249,5
2379,-1051.18,0,0.248,18
2380,-1051.26,0,0.248,16
2381,-1051.02,0,0.248,17
2382,-1050.85,0,0.248,20
2383,-1052.59,0,0.248,14
2384,-1052.29,0,0.247,34
2385,-1050.99,0,0.247,19
2386,-1051.88,0,0.247,23
2387,-1050.64,0,0.247,4
2388,-1051.75,0,0.247,20
2389,-1051.42,0,0.246,22
2390,-1050.55,0,0.246,10
2391,-1060.94,0,0.245,94
2392,-1052.05,0,0.245,15
2393,-1051.97,0,0.245,32
2394,-1053.09,0,0.245,14
2395,-1050.63,0,0.244,18
2396,-1051.13,0,0.244,23
2397,-1052.02,0,0.244,27
2398,1041.81,1,0.243,69
2399,-1053.72,0,0.243,32
2400,-1052.89,0,0.242,34
2401,-1050.9,0,0.242,5
2402,1045.39,1,0.242,61
2403,-1057.59,0,0.241,99
2404,-1068.13,0,0.239,158
2405,-1054.28,0,0.239,38
2406,-1052.66,0,0.238,31
2407,-1051.88,0,0.238,23
2408,-1052.74,0,0.238,29
2409,1048.84,1,0.238,26
2410,-1061.46,0,0.237,91
2411,0.01,0,0.236,4
2412,-1053.05,0,0.236,40
2413,-1053.27,0,0.236,27
2414,-1051.75,0,0.236,25
2415,-1052.67,0,0.235,37
2416,-1053.24,0,0.235,14
2417,-1051.7,0,0.235,25
2418,-1051.96,0,0.235,21
2419,-1066.4,0,0.233,130
2420,-1052.85,0,0.233,35
2421,-1053.14,0,0.232,39
2422,-1051.49,0,0.232,19
2423,-1052.21,0,0.232,31
2424,-1050.93,0,0.232,18
2425,-1051.32,0,0.231,17
2426,-1051.34,0,0.231,34
2427,-1052.77,0,0.231,32
2428,-1050.59,0,0.231,4
2429,-1052.41,0,0.23,26
2430,-1053.9,0,0.23,45
2431,-1050.97,0,0.23,17
2432,-1051.72,0,0.229,27
2433,-1051.51,0,0.229,21
2434,-1058.17,0,0.229,72
2435,-1051.53,0,0.228,23
2436,-1064.61,0,0.227,126
2437,-1050.79,0,0.227,4
2893,787.11,1,0.05,2109
2438,-1059.51,0,0.226,101
2439,-1052.89,0,0.225,39
2894,-1070.09,0,0.05,184
2895,-1134.85,0,0.05,700
2896,-1078.07,0,0.05,242
2440,885.88,1,0.216,917
2441,-1051.1,0,0.216,15
2442,-1051.25,0,0.215,15
2443,-1050.7,0,0.215,5
2444,-1051.03,0,0.215,18
2445,-1055.53,0,0.215,48
2446,-1051.82,0,0.214,27
2447,-1050.94,0,0.214,19
2448,-1052.56,0,0.214,31
2449,-1050.8,0,0.214,15
2450,-1052.94,0,0.213,29
2897,-1224.37,0,0.05,1422
2451,-1230.09,0,0.204,919
2452,-1058.57,0,0.203,72
2453,-1050.26,0,0.203,6
2454,-1056.31,0,0.202,66
2455,-1053.42,0,0.202,37
2456,-1050.81,0,0.202,6
2457,1046.82,1,0.201,23
2458,1048.77,1,0.201,13
2459,-1055.71,0,0.201,51
2460,-1054.76,0,0.2,41
2461,-1052.47,0,0.2,32
2462,-1053.84,0,0.2,44
2463,-1053.12,0,0.199,22
2464,-1051.62,0,0.199,27
2465,-1052.67,0,0.199,27
2466,-1053.96,0,0.198,26
2467,-1050.85,0,0.198,20
2468,1041.26,1,0.198,64
2469,-1050.66,0,0.197,21
2470,-1053.95,0,0.197,30
2471,-1053.11,0,0.197,36
2472,-1053.65,0,0.196,40
2473,-1051.24,0,0.196,29
2474,-1054.8,0,0.195,55
2475,-1053.96,0,0.195,31
2476,-1052.26,0,0.195,26
2477,-1051.38,0,0.195,13
2478,1027.54,1,0.193,156
2479,-1052.71,0,0.193,26
2480,-1052.84,0,0.192,29
2481,997.88,1,0.188,372
2482,-1053.16,0,0.188,21
2483,-1052.77,0,0.188,32
2484,-1050.99,0,0.188,19
2485,-1051.49,0,0.188,19
2486,-1050.69,0,0.187,4
2487,1045.56,1,0.187,29
2488,-1051.41,0,0.187,21
2489,-1052.13,0,0.187,18
2490,-1051.62,0,0.187,22
2491,-1051.85,0,0.186,15
2492,-1051.55,0,0.186,20
2493,-1051.79,0,0.186,29
2494,-1050.88,0,0.186,18
2495,-1050.74,0,0.186,4
2496,-1050.49,0,0.185,14
2497,-1050.76,0,0.185,16
2498,-1051.14,0,0.185,14
2499,-1050.52,0,0.185,7
2500,-1050.54,0,0.185,14
2501,-1053.05,0,0.185,35
2502,1042.92,1,0.184,48
2503,-1052.09,0,0.184,19
2504,-1051.3,0,0.184,25
2505,-2.7,0,0.183,25
2506,-1049.89,0,0.183,4
2507,-1053.48,0,0.183,43
2508,-1054.69,0,0.183,19
2509,-1050.6,0,0.183,10
2898,-1342.1,0,0.05,2370
2510,-1051.06,0,0.182,6
2511,-1053.5,0,0.182,25
2512,-1051.28,0,0.182,18
2513,-1052.59,0,0.182,34
2514,-1054.08,0,0.181,23
2515,1033.33,1,0.18,137
2516,-1053.55,0,0.18,35
2517,-1050.88,0,0.179,13
2518,-1051.7,0,0.179,20
2519,-1053.57,0,0.179,27
2520,-1052.73,0,0.179,18
2521,-1050.87,0,0.179,17
2522,-1054.89,0,0.178,39
2523,-1053.78,0,0.178,38
2524,-1051.18,0,0.178,13
2525,-1052.17,0,0.177,27
2526,-1051.6,0,0.177,25
2899,-1134.22,0,0.05,652
2527,-1054.15,0,0.177,40
2528,-1052.43,0,0.176,33
2529,-1050.69,0,0.176,4
2530,-1051.56,0,0.176,26
2531,-1050.66,0,0.176,11
2532,-1051.19,0,0.176,14
2533,-1051.43,0,0.176,18
2534,-1051.29,0,0.175,19
2535,-1050.97,0,0.175,12
2536,-1051.23,0,0.175,23
2537,-1053.99,0,0.175,24
2538,-1051.43,0,0.174,23
2539,-1074.82,0,0.173,177
2540,-1051.41,0,0.172,16
2541,-1053.13,0,0.172,38
2542,-1051.11,0,0.172,16
2543,-1051.23,0,0.172,18
2544,-1053.42,0,0.171,37
2545,1038.08,1,0.17,87
2546,-1053.7,0,0.17,40
2547,-1052.8,0,0.17,25
2548,-1054.56,0,0.169,36
2549,-1060.63,0,0.168,88
2550,999.43,1,0.165,317
2551,-1051.55,0,0.165,25
2552,-1051.22,0,0.165,12
2553,-1050.81,0,0.165,11
2554,-1050.28,0,0.165,3
2900,-1228.97,0,0.05,1457
2901,-1050.68,0,0.05,8
2555,-1088.12,0,0.162,272
2556,-1050.86,0,0.162,6
2557,-1051.26,0,0.161,21
2558,-1053.06,0,0.161,21
2559,-1050.82,0,0.161,7
2560,-1060.84,0,0.16,64
2561,-1051.66,0,0.16,26
2902,-1105.02,0,0.05,457
2562,-1053.63,0,0.16,48
2563,-1051.08,0,0.159,28
2564,-1050.59,0,0.159,4
2565,-1052.11,0,0.159,31
2566,-1051.21,0,0.159,21
2567,-1052.23,0,0.158,28
2903,-1154.11,0,0.05,856
2904,-1056.35,0,0.05,60
2568,-1151.03,0,0.151,708
2569,-1050.82,0,0.151,17
2570,-1051.42,0,0.151,17
2571,-1052.02,0,0.15,27
2572,-1054.52,0,0.15,32
2573,-1051.3,0,0.15,20
2574,-1050.68,0,0.15,18
2575,-1051.19,0,0.149,14
2576,-1050.84,0,0.149,14
2577,-1051.36,0,0.149,26
2578,-1050.86,0,0.149,11
2579,-1050.55,0,0.149,10
2580,-1051.55,0,0.149,15
2581,-1052.13,0,0.148,23
2582,-1051.57,0,0.148,17
2583,-1050.69,0,0.148,4
2584,-1054.64,0,0.148,49
2905,-1136.97,0,0.05,677
2906,-1052.99,0,0.05,39
2585,1015.16,1,0.145,254
2586,1008.92,1,0.142,318
2587,-1050.54,0,0.142,4
2588,-1051.1,0,0.141,15
2589,-1056.23,0,0.141,53
2590,-1051.31,0,0.141,16
2591,-1051.08,0,0.14,18
2592,-1050.71,0,0.14,6
2593,-1052.03,0,0.14,18
2594,-1051.8,0,0.14,20
2595,-1050.33,0,0.14,13
2596,-1050.4,0,0.14,15
2597,-1060.17,0,0.139,82
2598,-1057.52,0,0.138,77
2599,-1051.74,0,0.138,19
2600,-1051.48,0,0.138,18
2601,-1051.35,0,0.137,20
2907,811.14,1,0.05,966
2602,-1071.95,0,0.135,185
2603,-1050.74,0,0.135,19
2604,-1051.68,0,0.135,23
2605,-1050.74,0,0.135,14
2606,-1055.54,0,0.134,64
2607,-1052.41,0,0.134,26
2608,-1051.11,0,0.134,11
2609,-1050.18,0,0.134,18
2908,-1097.0,0,0.05,385
2909,-1051.11,0,0.05,11
2610,-1050.87,0,0.133,17
2910,-1050.71,0,0.05,6
2611,-1050.46,0,0.133,11
2612,-1057.24,0,0.133,64
2613,-1050.81,0,0.132,21
2614,-1051.94,0,0.132,29
2615,-1051.83,0,0.132,23
2616,-1051.34,0,0.132,19
2617,-1053.13,0,0.131,18
2618,-1051.31,0,0.131,16
2619,-1051.21,0,0.131,16
2620,-1050.44,0,0.131,4
2621,-1052.99,0,0.131,34
2622,-1050.99,0,0.131,14
2623,-1051.16,0,0.13,26
2624,-1050.66,0,0.13,6
2625,-1051.36,0,0.13,21
2626,-1053.64,0,0.13,19
2627,-1051.41,0,0.13,16
2628,1045.91,1,0.129,44
2629,-1053.92,0,0.129,37
2630,-1067.94,0,0.128,124
2631,-1050.63,0,0.127,13
2632,-1051.25,0,0.127,25
2633,-1056.71,0,0.127,51
2634,-1052.57,0,0.126,37
2635,-1052.14,0,0.126,24
2636,-1051.09,0,0.126,24
2637,-1051.8,0,0.126,15
2638,-1051.27,0,0.125,17
2639,-1058.99,0,0.124,84
2640,-1051.14,0,0.124,19
2641,-1050.44,0,0.124,4
2642,-1051.82,0,0.124,22
2643,-1052.3,0,0.124,25
2644,-1050.63,0,0.123,23
2645,-1051.33,0,0.123,18
2646,-1050.6,0,0.123,5
2647,-1050.71,0,0.123,11
2648,-1050.97,0,0.123,12
2649,-1051.21,0,0.123,16
2650,-1050.81,0,0.123,16
2651,-1052.25,0,0.122,40
2652,-1051.43,0,0.122,23
2653,-1052.18,0,0.122,28
2654,-1052.85,0,0.121,30
2655,-1060.64,0,0.12,94
2656,-1055.8,0,0.12,45
2657,-1053.16,0,0.12,36
2658,-1052.69,0,0.119,14
2659,-1050.39,0,0.119,4
2660,-1050.98,0,0.119,18
2661,-1050.69,0,0.119,19
2662,-1052.4,0,0.119,30
2911,-1262.47,0,0.05,1742
2912,-0.39,0,0.05,14
2663,1025.95,1,0.117,150
2664,-1050.48,0,0.117,13
2665,1048.98,1,0.117,12
2666,-1050.96,0,0.117,11
2667,-1050.82,0,0.117,12
2668,-1051.05,0,0.116,15
2669,-1051.05,0,0.116,15
2670,-1050.58,0,0.116,8
2671,-1051.45,0,0.116,25
2672,-1052.19,0,0.116,24
2673,-1051.21,0,0.115,16
2674,-1050.95,0,0.115,25
2675,-1050.5,0,0.115,5
2676,-1051.53,0,0.115,18
2677,-1051.19,0,0.115,14
2678,-1050.22,0,0.115,12
2679,-1051.36,0,0.114,26
2680,-1050.2,0,0.114,10
2681,-1051.31,0,0.114,21
2682,-1058.51,0,0.113,81
2683,-1051.57,0,0.113,22
2684,-1054.88,0,0.112,48
2685,-1051.04,0,0.112,19
2686,-1056.74,0,0.112,59
2687,-1.05,0,0.111,25
2688,-1052.84,0,0.111,14
2689,-1051.12,0,0.111,17
2690,-1051.48,0,0.111,18
2691,1043.37,1,0.11,53
2692,-1050.6,0,0.11,10
2693,-1052.71,0,0.11,31
2694,-1050.83,0,0.11,18
2695,-1054.28,0,0.109,38
2696,-1051.22,0,0.109,17
2697,-1051.25,0,0.109,20
2698,-1051.23,0,0.109,13
2699,-1051.82,0,0.109,17
2700,-1051.98,0,0.108,18
2913,-1196.16,0,0.05,1196
2914,1006.33,1,0.05,362
2701,1004.61,1,0.105,329
2702,-1050.67,0,0.105,17
2703,-1052.59,0,0.104,34
2704,-1051.07,0,0.104,17
2705,-1051.32,0,0.104,17
2706,-1051.8,0,0.104,15
2707,-1050.97,0,0.104,12
2708,-1054.33,0,0.103,43
2915,-26.78,0,0.05,233
2709,-1050.5,0,0.103,15
2710,-1051.17,0,0.103,17
2711,-1052.04,0,0.103,29
2712,-1051.29,0,0.102,19
2713,-1053.3,0,0.102,30
2714,-1050.83,0,0.102,13
2715,-1051.32,0,0.102,22
2716,-1050.37,0,0.102,12
2717,-1051.13,0,0.101,13
2718,-1051.16,0,0.101,21
2719,-1051.08,0,0.101,23
2720,-1051.46,0,0.101,21
2721,-1051.29,0,0.101,24
2722,-1052.11,0,0.1,16
2723,-1051.34,0,0.1,24
2724,-1051.56,0,0.1,26
2725,-1052.07,0,0.1,22
2726,-1050.58,0,0.1,8
2727,-1050.91,0,0.099,11
2728,-1055.54,0,0.099,54
2729,-1053.75,0,0.098,45
2730,-1050.3,0,0.098,10
2731,-1050.63,0,0.098,13
2732,-1054.09,0,0.098,44
2733,-1080.61,0,0.095,256
2734,-1052.09,0,0.095,24
2735,-1051.35,0,0.095,20
2916,-1178.36,0,0.05,1036
2736,-1051.4,0,0.094,20
2917,-1050.89,0,0.05,14
2737,-1050.46,0,0.094,16
2738,-1051.76,0,0.094,21
2739,1049.02,1,0.094,23
2740,-1051.02,0,0.093,22
2741,-1051.0,0,0.093,20
2918,-1066.24,0,0.05,134
2919,1047.93,1,0.05,27
2742,-1057.65,0,0.092,70
2743,-1051.63,0,0.092,18
2744,-1051.77,0,0.092,17
2745,-1052.97,0,0.092,22
2920,-1069.09,0,0.05,159
2921,-1052.14,0,0.05,19
2922,-1062.11,0,0.05,81
2746,-1072.82,0,0.09,187
2747,-1053.32,0,0.09,17
2923,-1059.05,0,0.05,80
2924,-1058.1,0,0.05,80
2748,-1059.87,0,0.089,82
2749,-1051.31,0,0.089,16
2925,-1054.67,0,0.05,47
2750,-1053.73,0,0.088,33
2926,-1051.75,0,0.05,30
2751,-1054.99,0,0.088,34
2752,-1051.13,0,0.088,18
2753,-1053.12,0,0.087,32
2754,-1051.44,0,0.087,14
2755,-1051.6,0,0.087,20
2756,-1051.33,0,0.087,18
2927,1014.82,1,0.05,158
2757,-1053.76,0,0.087,21
2758,-1050.62,0,0.087,12
2759,-1051.41,0,0.086,21
2760,-1050.76,0,0.086,16
2761,-1050.44,0,0.086,14
2762,-1052.63,0,0.086,23
2763,1038.69,1,0.085,91
2764,-1054.94,0,0.084,34
2928,-1083.54,0,0.05,284
2765,-1050.63,0,0.084,18
2766,-1053.06,0,0.084,36
2929,-1058.43,0,0.05,83
2930,-1052.56,0,0.05,26
2931,-1051.31,0,0.05,16
2767,-1066.82,0,0.082,142
2768,-1051.29,0,0.082,19
2769,-1051.96,0,0.082,31
2770,-1051.52,0,0.082,27
2771,-1050.47,0,0.081,12
2772,-1051.4,0,0.081,20
2773,-1054.07,0,0.081,42
2774,-1051.09,0,0.081,19
2775,-1050.97,0,0.081,7
2776,-1051.73,0,0.08,18
2932,-1096.56,0,0.05,376
2933,-1050.98,0,0.05,8
2934,-1091.9,0,0.05,335
2935,-1053.78,0,0.05,38
2777,1004.56,1,0.077,359
2778,-1050.92,0,0.076,12
2936,-1053.21,0,0.05,31
2779,-1050.52,0,0.076,17
2937,-1052.77,0,0.05,27
2780,-1050.33,0,0.076,18
2781,-1051.85,0,0.076,20
2782,-1050.91,0,0.076,11
2783,-1052.21,0,0.076,21
2784,-1051.32,0,0.075,17
2785,-1051.23,0,0.075,18
2786,-1051.44,0,0.075,19
2787,-1050.91,0,0.075,16
2788,-1051.89,0,0.074,24
2938,-1083.85,0,0.05,285
2789,-1059.49,0,0.074,89
2939,-1052.66,0,0.05,21
2790,-1050.87,0,0.073,17
2791,-1050.59,0,0.073,4
2792,-1050.96,0,0.073,16
2793,-1051.5,0,0.073,20
2794,-1051.02,0,0.073,12
2795,1048.56,1,0.073,19
2796,-1051.93,0,0.072,18
2797,-1050.39,0,0.072,19
2798,-1051.95,0,0.072,30
2799,-1051.2,0,0.072,20
2940,-1075.9,0,0.05,220
2941,-1051.32,0,0.05,12
2800,-1050.71,0,0.072,11
2942,-1050.24,0,0.05,4
2801,-1053.94,0,0.071,19
2943,-1052.17,0,0.05,22
2802,-1051.33,0,0.071,18
2944,-1051.17,0,0.05,17
2945,-1051.11,0,0.05,11
2946,-1052.15,0,0.05,5
2803,-1051.4,0,0.071,20
2804,-1051.49,0,0.071,14
2805,-1052.19,0,0.071,24
2806,-1051.2,0,0.07,15
2947,-1061.05,0,0.05,95
2807,-1051.43,0,0.07,18
2808,-1052.15,0,0.07,20
2948,-1052.85,0,0.05,35
2949,-1052.36,0,0.05,6
2950,-1051.0,0,0.05,10
2809,-1051.46,0,0.07,21
2810,-1052.52,0,0.07,22
2811,-1051.6,0,0.069,20
2812,-1050.74,0,0.069,9
2951,-1059.09,0,0.05,84
2813,-1053.22,0,0.069,27
2814,-1051.67,0,0.069,22
2815,-1051.29,0,0.068,24
2816,-1052.9,0,0.068,25
2817,-1051.79,0,0.068,29
2952,-1067.84,0,0.05,149
2953,-1050.9,0,0.05,15
2818,-1051.27,0,0.068,17
2819,-1050.54,0,0.068,9
2820,-1051.44,0,0.068,14
2821,-1063.02,0,0.066,117
2822,-1051.55,0,0.066,25
2954,-1074.96,0,0.05,211
2955,-1050.38,0,0.05,3
2823,-1052.67,0,0.066,32
2824,-1050.15,0,0.066,5
2956,-1052.79,0,0.05,44
2825,-1051.22,0,0.065,22
2826,-1052.25,0,0.065,30
2957,-1056.27,0,0.05,52
2827,-1050.19,0,0.065,14
2828,-1051.15,0,0.065,15
2829,-1051.75,0,0.065,20
2830,-1052.04,0,0.064,29
2831,-1050.95,0,0.064,15
2958,-1065.44,0,0.05,134
2959,-1051.0,0,0.05,15
2832,-1055.64,0,0.064,44
2960,1043.15,1,0.05,65
2961,-1050.51,0,0.05,16
2833,-1060.6,0,0.063,80
2834,-1052.54,0,0.062,29
2835,-1051.79,0,0.062,24
2836,-1051.24,0,0.062,24
2837,1037.91,1,0.061,114
2838,-1052.26,0,0.06,36
2839,-1050.91,0,0.06,11
2840,-1052.49,0,0.06,19
2841,-1083.53,0,0.057,278
2842,-1051.52,0,0.057,22
2843,-1062.72,0,0.056,117
2844,-1050.93,0,0.056,13
2845,-1051.19,0,0.055,19
2846,-1051.44,0,0.055,19
2847,-1051.16,0,0.055,21
2848,-1059.58,0,0.054,88
2849,-1050.37,0,0.054,12
2850,-1051.93,0,0.053,38
2851,-1050.92,0,0.053,12
2852,-1050.74,0,0.053,9
2853,1042.67,1,0.052,68
2854,-1050.7,0,0.052,10
2855,-1051.85,0,0.052,25
2856,-1054.82,0,0.052,22
2857,-1051.5,0,0.052,20
2858,-1056.54,0,0.051,49
2859,-1051.51,0,0.051,16
2860,-1051.39,0,0.051,29
2962,-1136.21,0,0.05,681
2963,-1055.64,0,0.05,54
2964,-1055.4,0,0.05,30
2965,-1069.61,0,0.05,166
2966,-1057.04,0,0.05,69
2967,-1054.95,0,0.05,40
2968,-1062.43,0,0.05,118
2969,-1083.92,0,0.05,282
2970,1049.48,1,0.05,12
2861,-1058.7,0,0.05,80
2971,-1060.63,0,0.05,93
2862,-1053.81,0,0.05,16
2972,-1051.11,0,0.05,16
2863,-1051.9,0,0.05,20
2864,-1050.29,0,0.05,14
2865,-1052.38,0,0.05,28
2866,-1052.77,0,0.05,22
2973,-1062.65,0,0.05,110
2974,-1051.23,0,0.05,18
2975,-1050.64,0,0.05,19
2976,-1050.83,0,0.05,18
2977,-1050.21,0,0.05,16
2978,-1056.65,0,0.05,70
2867,-1072.93,0,0.05,178
2979,-1058.3,0,0.05,70
2980,-1052.47,0,0.05,22
2981,-1051.19,0,0.05,14
2982,-0.66,0,0.05,16
2983,-1052.01,0,0.05,26
2984,-1066.93,0,0.05,143
2985,-1051.16,0,0.05,21
2986,-1056.16,0,0.05,61
2987,-1051.73,0,0.05,23
2988,-1050.59,0,0.05,14
2989,-1052.2,0,0.05,25
2990,-1051.87,0,0.05,22
2868,-46.36,0,0.05,361
2991,-1057.8,0,0.05,70
2869,-1050.36,0,0.05,21
2870,-1051.48,0,0.05,18
2871,-1051.55,0,0.05,20
2992,1042.11,1,0.05,69
2872,-1061.13,0,0.05,103
2993,-1065.0,0,0.05,130
2873,-1052.51,0,0.05,36
2874,-1052.21,0,0.05,26
2875,-1051.03,0,0.05,18
2876,-1051.79,0,0.05,24
2877,-1050.54,0,0.05,19
2878,-1051.25,0,0.05,20
2879,-1051.65,0,0.05,20
2880,-1052.02,0,0.05,27
2881,-1052.69,0,0.05,34
2994,1017.95,1,0.05,255
2995,-1050.53,0,0.05,8
2882,-1051.39,0,0.05,14
2883,-1050.24,0,0.05,9
2996,-0.72,0,0.05,17
2884,-1059.38,0,0.05,83
2885,-1052.5,0,0.05,30
2886,-1053.84,0,0.05,39
2887,-1051.52,0,0.05,27
2888,-1063.44,0,0.05,94
2889,-1052.43,0,0.05,23
2890,-1051.08,0,0.05,23
2891,-1051.25,0,0.05,20
2892,-1050.49,0,0.05,4
2893,-1051.17,0,0.05,12
2894,-1051.08,0,0.05,18
2895,-1051.52,0,0.05,17
2896,-1051.5,0,0.05,20
2897,-1051.27,0,0.05,12
2898,-1051.56,0,0.05,26
2997,-1121.57,0,0.05,577
2899,-1051.38,0,0.05,23
2998,-1052.11,0,0.05,21
2900,-1050.97,0,0.05,17
2999,-1051.33,0,0.05,18
2901,-1050.94,0,0.05,19
2902,-1050.94,0,0.05,14
2903,-1050.73,0,0.05,13
2904,-1059.26,0,0.05,61
2905,-1050.75,0,0.05,20
2906,-1052.79,0,0.05,34
2907,-1051.08,0,0.05,18
2908,-1051.27,0,0.05,17
2909,1048.23,1,0.05,22
2910,1047.09,1,0.05,31
2911,-1051.13,0,0.05,13
3000,-1089.34,0,0.05,324
2912,-1053.25,0,0.05,25
3001,-1058.09,0,0.05,69
2913,-1052.48,0,0.05,38
2914,-1050.4,0,0.05,15
2915,-1051.19,0,0.05,14
3002,-1056.77,0,0.05,57
2916,-1050.61,0,0.05,11
3003,-1050.84,0,0.05,14
2917,-1051.07,0,0.05,22
3004,-1052.82,0,0.05,37
2918,-1051.41,0,0.05,16
3005,-1050.8,0,0.05,10
2919,-1058.72,0,0.05,67
2920,-1054.56,0,0.05,41
2921,-1054.93,0,0.05,38
2922,-1051.13,0,0.05,18
2923,-1050.44,0,0.05,19
3006,-1077.66,0,0.05,226
3007,-1050.97,0,0.05,7
3008,-1051.63,0,0.05,13
2924,-1050.99,0,0.05,19
2925,-1050.44,0,0.05,9
3009,-1051.46,0,0.05,16
2926,-1064.19,0,0.05,119
2927,-1052.44,0,0.05,19
3010,-1070.89,0,0.05,179
2928,-1052.21,0,0.05,21
3011,-1052.34,0,0.05,24
3012,-1050.54,0,0.05,4
2929,-1050.21,0,0.05,16
3013,1049.83,1,0.05,12
2930,-1050.67,0,0.05,12
3014,1043.0,1,0.05,70
2931,-1056.05,0,0.05,65
2932,-1050.19,0,0.05,19
2933,-1051.03,0,0.05,23
2934,-5.75,0,0.05,45
2935,1047.46,1,0.05,19
2936,-1053.12,0,0.05,32
2937,-1051.32,0,0.05,17
2938,-1052.99,0,0.05,29
3015,-1080.15,0,0.05,255
2939,-1051.89,0,0.05,24
3016,-1053.55,0,0.05,35
2940,-1052.52,0,0.05,22
2941,-1050.87,0,0.05,12
2942,-1051.2,0,0.05,15
3017,-1075.93,0,0.05,223
2943,-1071.53,0,0.05,183
2944,-1052.34,0,0.05,19
2945,-1050.71,0,0.05,26
2946,-1051.19,0,0.05,14
2947,-1051.06,0,0.05,16
2948,-1051.14,0,0.05,29
3018,-1075.45,0,0.05,210
2949,1043.95,1,0.05,60
2950,-1051.97,0,0.05,27
3019,-1064.79,0,0.05,124
2951,-1057.5,0,0.05,65
2952,-1051.81,0,0.05,26
2953,-1052.35,0,0.05,30
2954,-1062.02,0,0.05,87
2955,-1052.06,0,0.05,26
2956,-1050.33,0,0.05,8
2957,-1061.9,0,0.05,105
2958,-1.78,0,0.05,23
2959,1047.25,1,0.05,40
2960,-1052.32,0,0.05,22
2961,-1052.83,0,0.05,33
2962,-1050.41,0,0.05,11
2963,-1050.46,0,0.05,11
2964,-1050.47,0,0.05,12
2965,-1051.45,0,0.05,20
2966,-1062.63,0,0.05,118
2967,-2.88,0,0.05,33
2968,-1052.2,0,0.05,40
2969,-1051.85,0,0.05,20
2970,-1051.49,0,0.05,19
3020,991.8,1,0.05,460
3021,-1051.49,0,0.05,19
3022,-1050.08,0,0.05,13
2971,-1090.38,0,0.05,328
2972,1048.21,1,0.05,19
3023,-1059.9,0,0.05,85
3024,-1050.85,0,0.05,10
2973,-1057.16,0,0.05,66
2974,-1052.21,0,0.05,31
2975,-1050.9,0,0.05,15
2976,-1053.35,0,0.05,30
3025,-1062.75,0,0.05,115
3026,-1050.6,0,0.05,5
3027,-1050.3,0,0.05,10
2977,-8.21,0,0.05,76
3028,1040.53,1,0.05,87
3029,1047.78,1,0.05,27
2978,1041.52,1,0.05,73
2979,-1051.43,0,0.05,18
2980,-1050.34,0,0.05,19
2981,-1050.28,0,0.05,3
2982,-1050.72,0,0.05,22
3030,1037.4,1,0.05,110
3031,1049.62,1,0.05,13
2983,-1054.86,0,0.05,41
2984,-1051.6,0,0.05,20
2985,-1050.76,0,0.05,16
2986,-1051.38,0,0.05,23
3032,1038.87,1,0.05,108
2987,-1052.69,0,0.05,24
3033,1041.42,1,0.05,78
3034,-1051.17,0,0.05,17
3035,-1065.64,0,0.05,144
2988,-1086.1,0,0.05,295
2989,-1049.84,0,0.05,4
2990,-1050.64,0,0.05,14
2991,1045.78,1,0.05,47
3036,-1089.77,0,0.05,332
3037,-1070.31,0,0.05,176
3038,1010.27,1,0.05,343
3039,1049.51,1,0.05,14
3040,-1054.48,0,0.05,48
3041,-1051.58,0,0.05,18
3042,-1057.54,0,0.05,74
3043,-1060.48,0,0.05,93
2992,-1054.21,0,0.05,41
2993,-1050.4,0,0.05,15
2994,-1051.93,0,0.05,23
3044,-1056.97,0,0.05,72
2995,-1051.75,0,0.05,20
2996,-1051.27,0,0.05,12
2997,-2.48,0,0.05,33
2998,-1050.54,0,0.05,4
2999,-1051.09,0,0.05,14
3000,-1051.57,0,0.05,22
3001,1048.32,1,0.05,23
3002,-1051.99,0,0.05,24
3003,-1052.21,0,0.05,21
3004,-1052.32,0,0.05,27
3005,1049.05,1,0.05,15
3006,1048.03,1,0.05,17
3007,-1054.29,0,0.05,54
3008,-1052.42,0,0.05,22
3009,-1052.48,0,0.05,23
3010,-1051.36,0,0.05,21
3011,-1049.8,0,0.05,5
3012,1046.46,1,0.05,24
3013,-3.06,0,0.05,26
3014,1047.46,1,0.05,24
3015,-1051.27,0,0.05,17
3016,-1052.34,0,0.05,19
3017,-1051.0,0,0.05,20
3018,-1053.73,0,0.05,38
3019,-3.18,0,0.05,28
3020,-2.62,0,0.05,32
3021,-1051.49,0,0.05,24
3022,-1052.26,0,0.05,21
3023,-1051.33,0,0.05,28
3024,-1050.81,0,0.05,11
3025,-1053.32,0,0.05,47
3026,1048.12,1,0.05,23
3027,-1.17,0,0.05,12
3028,-1052.77,0,0.05,27
3029,1049.34,1,0.05,16
3030,1042.48,1,0.05,37
3031,-1051.47,0,0.05,27
3032,-1052.08,0,0.05,28
3033,-1050.43,0,0.05,13
3034,-1050.68,0,0.05,13
3035,-1051.74,0,0.05,24
3036,-1052.2,0,0.05,20
3037,1047.99,1,0.05,31
3038,-1052.05,0,0.05,25
3039,-1050.86,0,0.05,26
3040,-1050.57,0,0.05,17
3041,-1060.85,0,0.05,100
3042,-1052.89,0,0.05,29
3043,-1050.23,0,0.05,13
3044,-1050.43,0,0.05,18
3045,-1050.84,0,0.05,14
3046,-1051.07,0,0.05,22
3047,-1051.11,0,0.05,16
3048,-1050.64,0,0.05,4
3049,1048.1,1,0.05,15
3050,-1051.55,0,0.05,20
3051,-1051.73,0,0.05,18
3052,1047.67,1,0.05,23
3053,-1051.03,0,0.05,18
3054,-1051.33,0,0.05,18
3055,-1052.79,0,0.05,34
3056,-1052.6,0,0.05,30
3057,1047.31,1,0.05,29
3058,-1051.21,0,0.05,16
3059,-1051.97,0,0.05,27
3060,-1054.1,0,0.05,40
3061,-1050.6,0,0.05,10
3062,-1.0,0,0.05,15
3045,-1306.33,0,0.05,2073
3063,-1060.74,0,0.05,84
3064,-1050.92,0,0.05,12
3065,1038.68,1,0.05,97
3066,-1053.76,0,0.05,36
3067,-1066.64,0,0.05,134
3068,-1.95,0,0.05,25
3069,-1053.74,0,0.05,14
3070,-1052.31,0,0.05,31
3071,-1050.03,0,0.05,13
3072,-1052.59,0,0.05,29
3073,-1062.83,0,0.05,103
3074,-1050.97,0,0.05,17
3075,-1051.3,0,0.05,25
3076,-1051.63,0,0.05,23
3077,-1053.95,0,0.05,50
3078,-2.7,0,0.05,25
3079,-1050.76,0,0.05,16
3080,-1052.55,0,0.05,30
3081,-1050.22,0,0.05,12
3082,-1053.18,0,0.05,18
3083,-1053.01,0,0.05,26
3084,-1064.69,0,0.05,124
3085,-1051.96,0,0.05,26
3086,-1053.91,0,0.05,31
3087,-1050.71,0,0.05,16
3088,-1053.46,0,0.05,31
3089,-1051.06,0,0.05,21
3090,-1051.51,0,0.05,26
3091,-1049.76,0,0.05,6
3092,-1052.43,0,0.05,28
3093,-1051.03,0,0.05,18
3046,-1121.2,0,0.05,585
3094,-1050.89,0,0.05,14
3095,-1052.55,0,0.05,30
3047,-1056.46,0,0.05,61
3048,-1051.12,0,0.05,17
3096,-1051.65,0,0.05,35
3097,-1060.52,0,0.05,97
3098,-1051.12,0,0.05,17
3099,-1050.64,0,0.05,9
3100,-1051.17,0,0.05,22
3101,-1051.7,0,0.05,20
3102,-1052.74,0,0.05,29
3103,-1051.91,0,0.05,26
3049,-1087.69,0,0.05,309
3104,1044.89,1,0.05,46
3105,-1055.24,0,0.05,54
3050,-1062.4,0,0.05,115
3106,-1052.77,0,0.05,27
3107,-1050.5,0,0.05,15
3108,-1061.09,0,0.05,99
3109,-1051.09,0,0.05,19
3110,-1054.37,0,0.05,42
3111,-1053.06,0,0.05,26
3112,-1050.89,0,0.05,9
3113,-1051.1,0,0.05,15
3114,-1050.79,0,0.05,9
3051,-1101.1,0,0.05,430
3115,-1076.79,0,0.05,219
3116,-2.12,0,0.05,22
3117,-1051.5,0,0.05,20
3118,-1051.63,0,0.05,23
3052,1020.06,1,0.05,254
3119,-1050.41,0,0.05,16
3120,-0.88,0,0.05,23
3121,-1051.9,0,0.05,15
3122,-1053.04,0,0.05,34
3123,-1050.29,0,0.05,9
3124,-1060.48,0,0.05,98
3125,-1050.81,0,0.05,6
3126,-1051.42,0,0.05,22
3127,1048.59,1,0.05,16
3128,-1052.99,0,0.05,24
3129,-1050.5,0,0.05,10
3130,-1051.42,0,0.05,22
3131,-1054.72,0,0.05,37
3132,-1053.05,0,0.05,25
3133,-1051.46,0,0.05,21
3134,-1051.23,0,0.05,13
3053,-1141.54,0,0.05,749
3135,-1078.58,0,0.05,238
3136,-0.78,0,0.05,28
3137,1048.4,1,0.05,15
3138,-1052.24,0,0.05,29
3139,-1050.62,0,0.05,12
3140,-1054.55,0,0.05,35
3141,1047.7,1,0.05,20
3142,1048.47,1,0.05,18
3143,-1050.54,0,0.05,9
3144,1048.12,1,0.05,28
3145,-1052.47,0,0.05,22
3146,-1050.2,0,0.05,10
3147,-1050.65,0,0.05,5
3148,-1050.85,0,0.05,10
3149,-1050.76,0,0.05,21
3150,-1051.57,0,0.05,22
3151,-1050.7,0,0.05,10
3054,-1102.4,0,0.05,430
3055,-1051.42,0,0.05,22
3152,-1067.6,0,0.05,165
3153,-1053.15,0,0.05,30
3154,-1050.41,0,0.05,11
3155,-1051.23,0,0.05,23
3156,-1050.87,0,0.05,12
3157,-1053.36,0,0.05,21
3158,-8.89,0,0.05,69
3056,-1092.32,0,0.05,347
3057,-1050.85,0,0.05,15
3058,-1080.18,0,0.05,258
3059,-1050.66,0,0.05,6
3060,-1082.76,0,0.05,261
3159,-1051.27,0,0.05,17
3160,-1050.72,0,0.05,17
3161,-1051.73,0,0.05,18
3162,-1052.46,0,0.05,31
3061,-1093.45,0,0.05,360
3163,-1.19,0,0.05,14
3164,-1051.7,0,0.05,15
3165,-1050.61,0,0.05,11
3166,-1050.67,0,0.05,17
3167,-0.47,0,0.05,22
3168,1040.37,1,0.05,93
3169,-1074.94,0,0.05,189
3170,-1050.67,0,0.05,12
3171,-1050.64,0,0.05,9
3172,-1054.58,0,0.05,38
3173,-1050.81,0,0.05,11
3174,-1050.39,0,0.05,9
3175,-1050.64,0,0.05,4
3176,-1051.17,0,0.05,17
3062,-1122.05,0,0.05,595
3177,-1051.22,0,0.05,17
3178,-1051.85,0,0.05,25
3179,-1057.32,0,0.05,62
3180,-1051.19,0,0.05,24
3181,-1063.49,0,0.05,109
3182,-1050.72,0,0.05,17
3183,-1058.53,0,0.05,83
3184,-1051.74,0,0.05,19
3185,-1086.88,0,0.05,298
3186,-1050.35,0,0.05,15
3187,-1051.56,0,0.05,21
3188,-1049.94,0,0.05,4
3189,-1052.24,0,0.05,19
3190,-1114.36,0,0.05,516
3191,1042.06,1,0.05,64
3192,-1052.93,0,0.05,23
3193,1038.56,1,0.05,99
3194,1042.55,1,0.05,55
3195,-1079.82,0,0.05,237
3196,-1050.51,0,0.05,16
3197,-1077.81,0,0.05,211
